id_contacto,id_admin,id_master,contacto,telefono,correo_electronico,fecha_actualizacion
CNT_JAJISA_04081949M_082023,ADM_JAJISA_04081949M_082023,JAJISA_04081949M_082023,1,603324757,javier.jimenez.001978@hospitalmail.com,2024-04-20
CNT_DADIDI_04111967M_052020,ADM_DADIDI_04111967M_052020,DADIDI_04111967M_052020,1,681095806,daniel.diaz.002074@gmail.com,2025-05-07
CNT_MAROFE_24071987M_022023,ADM_MAROFE_24071987M_022023,MAROFE_24071987M_022023,1,623487904,manuel.rodriguez.001518@gmail.com,2023-07-28
CNT_NUPEDI_09031942F_012022,ADM_NUPEDI_09031942F_012022,NUPEDI_09031942F_012022,1,609351076,nuria.perez.001844@gmail.com,2025-12-28
CNT_ELGOMA_15092013F_122021,ADM_ELGOMA_15092013F_122021,ELGOMA_15092013F_122021,1,603335049,elena.gomez.001050@hospitalmail.com,2025-01-13
CNT_PAJIFE_13051985M_032020,ADM_PAJIFE_13051985M_032020,PAJIFE_13051985M_032020,1,657001390,pablo.jimenez.002098@gmail.com,2025-02-21
CNT_ALRORO_22011941M_092020,ADM_ALRORO_22011941M_092020,ALRORO_22011941M_092020,1,615561676,alejandro.rodriguez.001036@mail.com,2024-05-28
CNT_MALOSA_07022005F_092020,ADM_MALOSA_07022005F_092020,MALOSA_07022005F_092020,1,649299918,maria.lopez.001290@gmail.com,2025-09-01
CNT_ALGOPE_09031963M_102020,ADM_ALGOPE_09031963M_102020,ALGOPE_09031963M_102020,1,67614343,alejandro.gomez.000844@mail.com,2025-06-21
CNT_ELPEJI_17111937F_062022,ADM_ELPEJI_17111937F_062022,ELPEJI_17111937F_062022,1,630648603,elena.perez.000401@hospitalmail.com,2023-11-02
CNT_IRROGA_28081969F_092020,ADM_IRROGA_28081969F_092020,IRROGA_28081969F_092020,1,699843608,irene.rodriguez.001985@mail.com,2024-12-22
CNT_MAPEFE_12121974F_032023,ADM_MAPEFE_12121974F_032023,MAPEFE_12121974F_032023,1,676086247,maria.perez.001808@hospitalmail.com,2025-07-11
CNT_ISMAGA_24101987F_122023,ADM_ISMAGA_24101987F_122023,ISMAGA_24101987F_122023,1,621450021,isabel.martin.000151@hospitalmail.com,2023-09-11
CNT_PAMADI_09122013F_062023,ADM_PAMADI_09122013F_062023,PAMADI_09122013F_062023,1,635511655,paula.martinez.001888@outlook.com,2024-04-17
CNT_LUSAJI_10011984F_052020,ADM_LUSAJI_10011984F_052020,LUSAJI_10011984F_052020,1,650228965,lucia.sanchez.001542@gmail.com,2025-03-05
CNT_LAJIPE_12071943F_062023,ADM_LAJIPE_12071943F_062023,LAJIPE_12071943F_062023,1,688667152,laura.jimenez.000767@hospitalmail.com,2024-05-13
CNT_PAFEMA_10061973F_112020,ADM_PAFEMA_10061973F_112020,PAFEMA_10061973F_112020,1,628968244,paula.fernandez.002236@outlook.com,2023-12-05
CNT_ANGAJI_28051981M_012023,ADM_ANGAJI_28051981M_012023,ANGAJI_28051981M_012023,1,641108546,antonio.garcia.000391@hospitalmail.com,2025-10-04
CNT_SERORU_21041993M_032020,ADM_SERORU_21041993M_032020,SERORU_21041993M_032020,1,646507458,sergio.rodriguez.001881@outlook.com,2024-08-09
CNT_CAHEJI_09111966F_012020,ADM_CAHEJI_09111966F_012020,CAHEJI_09111966F_012020,1,623719598,carmen.hernandez.000119@gmail.com,2025-12-09
CNT_JAROGO_09071936M_052023,ADM_JAROGO_09071936M_052023,JAROGO_09071936M_052023,1,34675332421,javier.rodriguez.001859@mail.com,2023-10-24
CNT_PAHEMA_07092007F_022020,ADM_PAHEMA_07092007F_022020,PAHEMA_07092007F_022020,1,607632548,paula.hernandez.000572@outlook.com,2025-11-11
CNT_NURUJI_17071995F_042023,ADM_NURUJI_17071995F_042023,NURUJI_17071995F_042023,1,656420395,nuria.ruiz.001579@hospitalmail.com,2023-04-04
CNT_PAMAMA_22081998F_062021,ADM_PAMAMA_22081998F_062021,PAMAMA_22081998F_062021,1,34636246211,paula.martin.000801@gmail.com,2023-12-08
CNT_ISGAGA_10062006F_072020,ADM_ISGAGA_10062006F_072020,ISGAGA_10062006F_072020,1,34648739481,isabel.garcia.002222@outlook.com,2025-07-12
CNT_LUGORO_22011997F_022022,ADM_LUGORO_22011997F_022022,LUGORO_22011997F_022022,1,665707083,lucia.gomez.001248@outlook.com,2023-07-04
CNT_CARODI_03071949M_052020,ADM_CARODI_03071949M_052020,CARODI_03071949M_052020,1,605090056,carlos.rodriguez.002162@mail.com,2025-04-08
CNT_SESASA_26122024M_012023,ADM_SESASA_26122024M_012023,SESASA_26122024M_012023,1,34657474252,sergio.sanchez.000507@mail.com,2024-01-21
CNT_ELGADI_03011987F_032023,ADM_ELGADI_03011987F_032023,ELGADI_03011987F_032023,1,678873130,elena.garcia.000992@mail.com,2025-10-18
CNT_ANGAHE_28021971M_042023,ADM_ANGAHE_28021971M_042023,ANGAHE_28021971M_042023,1,643564879,antonio.garcia.000204@gmail.com,2025-09-04
CNT_LAGARU_20111989F_112020,ADM_LAGARU_20111989F_112020,LAGARU_20111989F_112020,1,34612375263,laura.garcia.001435@hospitalmail.com,2024-09-14
CNT_CLJIMA_17011972F_012023,ADM_CLJIMA_17011972F_012023,CLJIMA_17011972F_012023,1,649471193,claudia.jimenez.002131@hospitalmail.com,2024-06-13
CNT_CASAMA_27022014F_102021,ADM_CASAMA_27022014F_102021,CASAMA_27022014F_102021,1,659385373,carmen.sanchez.000103@mail.com,2023-07-13
CNT_ANSARO_10011989M_022023,ADM_ANSARO_10011989M_022023,ANSARO_10011989M_022023,1,606299831,antonio.sanchez.000605@outlook.com,2024-07-18
CNT_NUMAGO_27042003F_072020,ADM_NUMAGO_27042003F_072020,NUMAGO_27042003F_072020,1,628134080,nuria.martinez.000738@mail.com,2025-05-12
CNT_SEGOMA_07101995M_052023,ADM_SEGOMA_07101995M_052023,SEGOMA_07101995M_052023,1,605422865,sergio.gomez.000967@hospitalmail.com,2025-10-15
CNT_RAMAGO_13101978M_012023,ADM_RAMAGO_13101978M_012023,RAMAGO_13101978M_012023,1,654656730,rafael.martin.001449@hospitalmail.com,2025-06-04
CNT_PARULO_23051983M_072021,ADM_PARULO_23051983M_072021,PARULO_23051983M_072021,1,666384739,pablo.ruiz.001894@gmail.com,2025-10-23
CNT_IRRUJI_22031970F_092023,ADM_IRRUJI_22031970F_092023,IRRUJI_22031970F_092023,1,34613017860,irene.ruiz.000429@gmail.com,2023-09-04
CNT_CAMARO_09031981M_032023,ADM_CAMARO_09031981M_032023,CAMARO_09031981M_032023,1,34618185245,carlos.martinez.000459@outlook.com,2025-08-24
CNT_LARUMA_10042019F_072023,ADM_LARUMA_10042019F_072023,LARUMA_10042019F_072023,1,34667205022,laura.ruiz.002138@outlook.com,2025-12-20
CNT_SAMASA_05031943F_102020,ADM_SAMASA_05031943F_102020,SAMASA_05031943F_102020,1,34691181564,sara.martinez.000487@gmail.com,2024-03-28
CNT_DAPERU_28022003M_022021,ADM_DAPERU_28022003M_022021,DAPERU_28022003M_022021,1,34693616445,david.perez.002055@outlook.com,2025-11-28
CNT_MIMASA_28061968M_042023,ADM_MIMASA_28061968M_042023,MIMASA_28061968M_042023,1,34647841145,miguel.martin.001652@mail.com,2025-05-29
CNT_JAPEDI_26041958M_092021,ADM_JAPEDI_26041958M_092021,JAPEDI_26041958M_092021,1,615655740,javier.perez.001570@hospitalmail.com,2025-12-17
CNT_MAGAMA_19121978F_072020,ADM_MAGAMA_19121978F_072020,MAGAMA_19121978F_072020,1,695486017,marta.garcia.000420@hospitalmail.com,2024-10-22
CNT_IRROMA_06041989F_012023,ADM_IRROMA_06041989F_012023,IRROMA_06041989F_012023,0,,,
CNT_MIFEMA_06111972M_112023,ADM_MIFEMA_06111972M_112023,MIFEMA_06111972M_112023,1,695539697,miguel.fernandez.002199@hospitalmail.com,2023-11-03
CNT_RADIRO_13082014M_102022,ADM_RADIRO_13082014M_102022,RADIRO_13082014M_102022,1,,rafael.diaz.001465@hospitalmail.com,2023-02-04
CNT_ALJIFE_02052012M_012021,ADM_ALJIFE_02052012M_012021,ALJIFE_02052012M_012021,1,669302574,alvaro.jimenez.001544@gmail.com,2025-08-22
CNT_CAMARO_28101966F_092023,ADM_CAMARO_28101966F_092023,CAMARO_28101966F_092023,1,661845132,carmen.martinez.000733@mail.com,2023-10-16
CNT_ISGOGA_05091991F_072023,ADM_ISGOGA_05091991F_072023,ISGOGA_05091991F_072023,1,671422478,isabel.gomez.000213@gmail.com,2023-12-31
CNT_SEGADI_02022006M_112021,ADM_SEGADI_02022006M_112021,SEGADI_02022006M_112021,1,645718188,sergio.garcia.000766@gmail.com,2025-07-30
CNT_DARUPE_04071957M_092022,ADM_DARUPE_04071957M_092022,DARUPE_04071957M_092022,1,648149002,david.ruiz.000443@outlook.com,2024-12-18
CNT_LUGAGO_11091986F_052022,ADM_LUGAGO_11091986F_052022,LUGAGO_11091986F_052022,1,664214936,lucia.garcia.001493@gmail.com,2025-06-04
CNT_ELLOHE_16091962F_102022,ADM_ELLOHE_16091962F_102022,ELLOHE_16091962F_102022,1,634242241,elena.lopez.000288@outlook.com,2023-10-19
CNT_DAPEFE_10031943M_042023,ADM_DAPEFE_10031943M_042023,DAPEFE_10031943M_042023,1,648861272,daniel.perez.001967@gmail.com,2024-12-11
CNT_PAHEJI_26062000M_022023,ADM_PAHEJI_26062000M_022023,PAHEJI_26062000M_022023,1,630063206,pablo.hernandez.000841@mail.com,2023-12-14
CNT_LARUHE_26012022F_092023,ADM_LARUHE_26012022F_092023,LARUHE_26012022F_092023,1,687699402,laura.ruiz.000637@gmail.com,2023-08-28
CNT_MALOHE_02021982M_032023,ADM_MALOHE_02021982M_032023,MALOHE_02021982M_032023,1,679679513,,2023-08-14
CNT_SALORU_02081969F_022022,ADM_SALORU_02081969F_022022,SALORU_02081969F_022022,1,667710923,sara.lopez.001813@gmail.com,2025-12-29
CNT_LUPEGA_22101975F_082021,ADM_LUPEGA_22101975F_082021,LUPEGA_22101975F_082021,1,649262774,lucia.perez.001855@outlook.com,2023-07-15
CNT_CLSAGO_03041947F_022021,ADM_CLSAGO_03041947F_022021,CLSAGO_03041947F_022021,1,684802591,claudia.sanchez.001317@mail.com,2025-02-04
CNT_ELSAPE_28071981F_032023,ADM_ELSAPE_28071981F_032023,ELSAPE_28071981F_032023,1,34650580474,elena.sanchez.000834@mail.com,2023-12-06
CNT_CLPEGO_22062000F_052023,ADM_CLPEGO_22062000F_052023,CLPEGO_22062000F_052023,1,658905469,claudia.perez.000890@outlook.com,2025-01-19
CNT_MIMASA_27011967M_032021,ADM_MIMASA_27011967M_032021,MIMASA_27011967M_032021,1,34629953292,miguel.martinez.000601@outlook.com,2023-08-22
CNT_MALOHE_17071995F_082021,ADM_MALOHE_17071995F_082021,MALOHE_17071995F_082021,1,681002562,maria.lopez.001389@hospitalmail.com,2025-11-07
CNT_PADIRO_30061994F_112021,ADM_PADIRO_30061994F_112021,PADIRO_30061994F_112021,1,34670186156,paula.diaz.001588@mail.com,2025-02-11
CNT_CADIMA_07021965M_122020,ADM_CADIMA_07021965M_122020,CADIMA_07021965M_122020,1,34669544582,carlos.diaz.001467@mail.com,2025-05-20
CNT_IRLOMA_18041989F_072021,ADM_IRLOMA_18041989F_072021,IRLOMA_18041989F_072021,1,645536016,irene.lopez.000100@mail.com,2025-08-05
CNT_ANMAHE_11081987M_062021,ADM_ANMAHE_11081987M_062021,ANMAHE_11081987M_062021,1,678321971,antonio.martin.001211@gmail.com,2024-04-06
CNT_JAJIXX_11102003M_092023,ADM_JAJIXX_11102003M_092023,JAJIXX_11102003M_092023,1,636594240,,2023-09-04
CNT_IRMARO_23101989F_102023,ADM_IRMARO_23101989F_102023,IRMARO_23101989F_102023,1,681029644,,2023-10-21
CNT_MAMAHE_03061957F_082020,ADM_MAMAHE_03061957F_082020,MAMAHE_03061957F_082020,1,631156954,marta.martin.000433@hospitalmail.com,2024-07-31
CNT_ALMAHE_13021940M_122020,ADM_ALMAHE_13021940M_122020,ALMAHE_13021940M_122020,1,699771699,alvaro.martinez.001904@mail.com,2023-07-25
CNT_SAPERO_27121946F_102023,ADM_SAPERO_27121946F_102023,SAPERO_27121946F_102023,1,644182072,sara.perez.001189@gmail.com,2025-06-28
CNT_CAFEPE_26011966F_072023,ADM_CAFEPE_26011966F_072023,CAFEPE_26011966F_072023,1,618706820,carmen.fernandez.001434@gmail.com,2025-12-15
CNT_ALRODI_07121992M_042023,ADM_ALRODI_07121992M_042023,ALRODI_07121992M_042023,1,654624344,alvaro.rodriguez.001194@outlook.com,2025-07-11
CNT_DAPEDI_29061968M_032021,ADM_DAPEDI_29061968M_032021,DAPEDI_29061968M_032021,1,640173062,david.perez.000258@outlook.com,2025-03-03
CNT_CARUMA_11111994M_012022,ADM_CARUMA_11111994M_012022,CARUMA_11111994M_012022,1,34693778070,carlos.ruiz.000787@hospitalmail.com,2023-11-04
CNT_ALFERO_16082000M_092021,ADM_ALFERO_16082000M_092021,ALFERO_16082000M_092021,1,685151773,alvaro.fernandez.001274@hospitalmail.com,2023-09-25
CNT_ISFEHE_17091964F_102021,ADM_ISFEHE_17091964F_102021,ISFEHE_17091964F_102021,1,636765218,isabel.fernandez.001226@gmail.com,2023-04-08
CNT_MAGAFE_10101941F_062023,ADM_MAGAFE_10101941F_062023,MAGAFE_10101941F_062023,1,624895296,marta.garcia.001498@gmail.com,2024-03-04
CNT_MAMAPE_26081981M_092022,ADM_MAMAPE_26081981M_092022,MAMAPE_26081981M_092022,1,657927153,manuel.martin.000857@outlook.com,2025-10-12
CNT_DAHEMA_12012002M_122022,ADM_DAHEMA_12012002M_122022,DAHEMA_12012002M_122022,1,632232603,david.hernandez.001442@hospitalmail.com,2025-07-23
CNT_IRSARU_04112015F_022023,ADM_IRSARU_04112015F_022023,IRSARU_04112015F_022023,1,34629947794,irene.sanchez.001181@outlook.com,2025-11-01
CNT_LUFELO_02082008F_062022,ADM_LUFELO_02082008F_062022,LUFELO_02082008F_062022,1,608018274,lucia.fernandez.000556@hospitalmail.com,2025-11-14
CNT_RAJIHE_20101960M_102022,ADM_RAJIHE_20101960M_102022,RAJIHE_20101960M_102022,1,690564266,rafael.jimenez.000795@outlook.com,2024-05-20
CNT_CASADI_10121990M_082023,ADM_CASADI_10121990M_082023,CASADI_10121990M_082023,1,689122492,carlos.sanchez.001716@hospitalmail.com,2025-07-17
CNT_NUMAJI_01101996F_112021,ADM_NUMAJI_01101996F_112021,NUMAJI_01101996F_112021,1,622992589,nuria.martin.000942@mail.com,2024-05-13
CNT_DALORU_07011948M_112020,ADM_DALORU_07011948M_112020,DALORU_07011948M_112020,1,650581,david.lopez.001634@gmail.com,2025-03-19
CNT_DARUHE_31121934M_092023,ADM_DARUHE_31121934M_092023,DARUHE_31121934M_092023,1,34621491344,daniel.ruiz.001064@mail.com,2023-09-15
CNT_MALOLO_09091938F_032020,ADM_MALOLO_09091938F_032020,MALOLO_09091938F_032020,1,691078499,marta.lopez.001566@outlook.com,2025-09-25
CNT_MAHEMA_01011993F_122021,ADM_MAHEMA_01011993F_122021,MAHEMA_01011993F_122021,1,654638346,maria.hernandez.000330@hospitalmail.com,2024-10-16
CNT_ALHEPE_23061997M_052023,ADM_ALHEPE_23061997M_052023,ALHEPE_23061997M_052023,1,623528674,alejandro.hernandez.001821@hospitalmail.com,2025-02-20
CNT_JASARU_09061971M_112023,ADM_JASARU_09061971M_112023,JASARU_09061971M_112023,1,696991516,javier.sanchez.000905@gmail.com,2025-05-10
CNT_ALRURU_30121977M_072022,ADM_ALRURU_30121977M_072022,ALRURU_30121977M_072022,1,612985264,alejandro.ruiz.001042@gmail.com,2023-07-07
CNT_MAROHE_24101994F_012020,ADM_MAROHE_24101994F_012020,MAROHE_24101994F_012020,1,34609291692,marta.rodriguez.001736@gmail.com,2024-09-02
CNT_SEMAGO_25032006M_042022,ADM_SEMAGO_25032006M_042022,SEMAGO_25032006M_042022,1,658758488,sergio.martinez.000811@outlook.com,2025-07-29
CNT_MALOJI_08071961M_112022,ADM_MALOJI_08071961M_112022,MALOJI_08071961M_112022,1,625891142,manuel.lopez.000666@gmail.com,2025-03-03
CNT_MAMAPE_05121983M_122021,ADM_MAMAPE_05121983M_122021,MAMAPE_05121983M_122021,1,624630766,manuel.martinez.000061@gmail.com,2024-09-08
CNT_DAMAGA_19092001M_122020,ADM_DAMAGA_19092001M_122020,DAMAGA_19092001M_122020,1,627446362,david.martin.000560@outlook.com,2025-03-31
CNT_LADIGO_21091978F_032023,ADM_LADIGO_21091978F_032023,LADIGO_21091978F_032023,1,630888446,,2023-12-22
CNT_MAPEMA_17021957M_082020,ADM_MAPEMA_17021957M_082020,MAPEMA_17021957M_082020,1,34693646074,manuel.perez.000287@mail.com,2024-01-27
CNT_LUFEDI_09042012F_012023,ADM_LUFEDI_09042012F_012023,LUFEDI_09042012F_012023,1,628488,lucia.fernandez.001075@hospitalmail.com,2023-12-03
CNT_LALOGA_13112004F_092023,ADM_LALOGA_13112004F_092023,LALOGA_13112004F_092023,1,34690875677,laura.lopez.000337@mail.com,2024-05-27
CNT_PAGAMA_22071975F_062023,ADM_PAGAMA_22071975F_062023,PAGAMA_22071975F_062023,1,693018652,paula.garcia.000066@hospitalmail.com,2023-10-13
CNT_LUSADI_17031952F_012022,ADM_LUSADI_17031952F_012022,LUSADI_17031952F_012022,1,647972222,lucia.sanchez.000969@mail.com,2025-03-10
CNT_ALPERO_04051966M_012023,ADM_ALPERO_04051966M_012023,ALPERO_04051966M_012023,1,679630263,alvaro.perez.000796@outlook.com,2024-06-28
CNT_PAROGO_19041948M_082020,ADM_PAROGO_19041948M_082020,PAROGO_19041948M_082020,1,34696850073,pablo.rodriguez.000679@outlook.com,2025-08-04
CNT_DALOMA_18031969M_042023,ADM_DALOMA_18031969M_042023,DALOMA_18031969M_042023,1,660318588,david.lopez.000918@mail.com,2025-04-28
CNT_LAJIDI_10071975F_072023,ADM_LAJIDI_10071975F_072023,LAJIDI_10071975F_072023,1,619220825,laura.jimenez.000810@hospitalmail.com,2023-07-26
CNT_ALMAMA_09112024M_062023,ADM_ALMAMA_09112024M_062023,ALMAMA_09112024M_062023,1,683608857,alejandro.martinez.001312@mail.com,2023-11-29
CNT_ANDIJI_26071974M_072023,ADM_ANDIJI_26071974M_072023,ANDIJI_26071974M_072023,1,6931440,antonio.diaz.000731@gmail.com,2025-05-29
CNT_SESAMA_06062002M_102022,ADM_SESAMA_06062002M_102022,SESAMA_06062002M_102022,1,622060310,sergio.sanchez.000622@mail.com,2024-06-18
CNT_CLRURO_08032023F_032022,ADM_CLRURO_08032023F_032022,CLRURO_08032023F_032022,1,659387313,claudia.ruiz.000726@mail.com,2024-10-31
CNT_LURORO_28041967F_022022,ADM_LURORO_28041967F_022022,LURORO_28041967F_022022,1,644747794,lucia.rodriguez.000761@hospitalmail.com,2024-02-17
CNT_PAMAGO_14052021F_012021,ADM_PAMAGO_14052021F_012021,PAMAGO_14052021F_012021,1,34678052373,paula.martinez.000313@mail.com,2025-02-15
CNT_MAHEMA_31031975M_032020,ADM_MAHEMA_31031975M_032020,MAHEMA_31031975M_032020,1,697000186,manuel.hernandez.002169@outlook.com,2023-07-27
CNT_JAROFE_04101963M_052022,ADM_JAROFE_04101963M_052022,JAROFE_04101963M_052022,1,605445331,javier.rodriguez.002235@gmail.com,2025-12-19
CNT_ALHEXX_02021988M_011900,ADM_ALHEXX_02021988M_011900,ALHEXX_02021988M_011900,1,699503425,alvaro.hernandez.000957@outlook.com,2023-12-02
CNT_RAPERO_30031961M_072020,ADM_RAPERO_30031961M_072020,RAPERO_30031961M_072020,1,654184203,rafael.perez.000050@mail.com,2024-06-17
CNT_PAPEMA_06011975M_012023,ADM_PAPEMA_06011975M_012023,PAPEMA_06011975M_012023,1,625833755,pablo.perez.000952@mail.com,2025-11-29
CNT_PAPEGO_02072022M_092022,ADM_PAPEGO_02072022M_092022,PAPEGO_02072022M_092022,1,677426899,pablo.perez.000962@gmail.com,2025-03-02
CNT_DAPEPE_25031978M_042020,ADM_DAPEPE_25031978M_042020,DAPEPE_25031978M_042020,1,644414855,daniel.perez.000612@outlook.com,2025-09-20
CNT_ELDIHE_22091944F_092023,ADM_ELDIHE_22091944F_092023,ELDIHE_22091944F_092023,1,689173914,elena.diaz.002119@gmail.com,2025-07-04
CNT_PAJIXX_08082005M_032021,ADM_PAJIXX_08082005M_032021,PAJIXX_08082005M_032021,1,6956700,pablo.jimenez.001352@gmail.com,2023-02-15
CNT_NUJIMA_28081945F_022021,ADM_NUJIMA_28081945F_022021,NUJIMA_28081945F_022021,1,647705118,nuria.jimenez.001812@hospitalmail.com,2023-05-14
CNT_SAMAPE_06021989F_062021,ADM_SAMAPE_06021989F_062021,SAMAPE_06021989F_062021,1,,sara.martin.001769@gmail.com,2023-02-19
CNT_ISDIDI_11021977F_122021,ADM_ISDIDI_11021977F_122021,ISDIDI_11021977F_122021,1,650991057,isabel.diaz.000246@mail.com,2024-09-26
CNT_NUHEGO_00000000F_072022,ADM_NUHEGO_00000000F_072022,NUHEGO_00000000F_072022,1,34625398326,nuria.hernandez.002163@mail.com,2025-02-05
CNT_ALGODI_12041983M_042023,ADM_ALGODI_12041983M_042023,ALGODI_12041983M_042023,1,630778,alejandro.gomez.000955@mail.com,2025-10-30
CNT_ELGARU_22021966F_112020,ADM_ELGARU_22021966F_112020,ELGARU_22021966F_112020,1,681261224,elena.garcia.001108@gmail.com,2023-06-09
CNT_LUJIJI_05081950F_022020,ADM_LUJIJI_05081950F_022020,LUJIJI_05081950F_022020,1,686633814,lucia.jimenez.000256@mail.com,2024-12-23
CNT_CAGAPE_22071999F_082022,ADM_CAGAPE_22071999F_082022,CAGAPE_22071999F_082022,1,665208250,carmen.garcia.000492@hospitalmail.com,2023-09-13
CNT_PAGOGA_11061984F_042023,ADM_PAGOGA_11061984F_042023,PAGOGA_11061984F_042023,1,34650563580,paula.gomez.000004@hospitalmail.com,2025-09-20
CNT_CARUJI_27012003F_022020,ADM_CARUJI_27012003F_022020,CARUJI_27012003F_022020,1,34649478700,carmen.ruiz.001926@gmail.com,2025-09-15
CNT_MAMAJI_26041976M_112023,ADM_MAMAJI_26041976M_112023,MAMAJI_26041976M_112023,1,656694309,manuel.martinez.001742@outlook.com,2025-04-16
CNT_CARORO_03041974F_022020,ADM_CARORO_03041974F_022020,CARORO_03041974F_022020,1,34665514588,carmen.rodriguez.000961@outlook.com,2025-06-08
CNT_MIDIRO_15101984M_122023,ADM_MIDIRO_15101984M_122023,MIDIRO_15101984M_122023,1,662029782,miguel.diaz.002106@gmail.com,2024-07-19
CNT_MARODI_24011984F_052021,ADM_MARODI_24011984F_052021,MARODI_24011984F_052021,1,645083638,maria.rodriguez.001759@outlook.com,2025-05-27
CNT_IRRUGO_23111977F_102023,ADM_IRRUGO_23111977F_102023,IRRUGO_23111977F_102023,1,678304359,irene.ruiz.001560@outlook.com,2024-06-07
CNT_PAMAJI_26021941F_022022,ADM_PAMAJI_26021941F_022022,PAMAJI_26021941F_022022,1,672224790,paula.martinez.000546@gmail.com,2023-12-11
CNT_LAMAGO_22072004F_052021,ADM_LAMAGO_22072004F_052021,LAMAGO_22072004F_052021,1,681207203,laura.martin.002211@outlook.com,2024-07-16
CNT_ALSASA_05121976M_012021,ADM_ALSASA_05121976M_012021,ALSASA_05121976M_012021,1,685441370,alvaro.sanchez.001272@outlook.com,2025-10-22
CNT_ALGOSA_01081941M_102021,ADM_ALGOSA_01081941M_102021,ALGOSA_01081941M_102021,1,672316105,alejandro.gomez.002225@hospitalmail.com,2024-07-07
CNT_SAMAMA_06052017F_092021,ADM_SAMAMA_06052017F_092021,SAMAMA_06052017F_092021,1,610070549,sara.martin.002105@hospitalmail.com,2024-10-24
CNT_MAMAJI_30091957M_082020,ADM_MAMAJI_30091957M_082020,MAMAJI_30091957M_082020,1,34690985221,manuel.martin.000262@mail.com,2025-09-10
CNT_CAGOSA_02021987F_082020,ADM_CAGOSA_02021987F_082020,CAGOSA_02021987F_082020,1,34698147795,carmen.gomez.000848@outlook.com,2023-11-21
CNT_IRDISA_02102015F_082022,ADM_IRDISA_02102015F_082022,IRDISA_02102015F_082022,1,691580127,irene.diaz.000863@gmail.com,2025-05-28
CNT_MAHERO_09041984F_082023,ADM_MAHERO_09041984F_082023,MAHERO_09041984F_082023,1,34624474101,marta.hernandez.000540@outlook.com,2025-09-12
CNT_CAHELO_21081990F_052023,ADM_CAHELO_21081990F_052023,CAHELO_21081990F_052023,1,668253592,carmen.hernandez.000938@mail.com,2024-10-01
CNT_RAGADI_05071966M_032023,ADM_RAGADI_05071966M_032023,RAGADI_05071966M_032023,1,34640633127,rafael.garcia.002069@outlook.com,2025-10-19
CNT_CAMAMA_06051995M_062020,ADM_CAMAMA_06051995M_062020,CAMAMA_06051995M_062020,1,34625862378,carlos.martin.001338@hospitalmail.com,2024-10-21
CNT_IRPERU_20101980F_122021,ADM_IRPERU_20101980F_122021,IRPERU_20101980F_122021,1,34699995117,irene.perez.001298@mail.com,2025-12-24
CNT_SALOJI_12072016F_062021,ADM_SALOJI_12072016F_062021,SALOJI_12072016F_062021,1,690356420,sara.lopez.001221@mail.com,2025-12-31
CNT_LAGOGA_04101968F_012023,ADM_LAGOGA_04101968F_012023,LAGOGA_04101968F_012023,1,675919760,laura.gomez.000044@gmail.com,2025-09-27
CNT_MARODI_21051962F_072023,ADM_MARODI_21051962F_072023,MARODI_21051962F_072023,1,657763853,maria.rodriguez.001763@hospitalmail.com,2023-07-24
CNT_SAFEJI_18041975F_012023,ADM_SAFEJI_18041975F_012023,SAFEJI_18041975F_012023,1,652803681,sara.fernandez.001903@hospitalmail.com,2023-01-14
CNT_MAFEFE_26011995F_022020,ADM_MAFEFE_26011995F_022020,MAFEFE_26011995F_022020,1,34633243594,marta.fernandez.000725@outlook.com,2025-06-13
CNT_PARUMA_10052008F_052023,ADM_PARUMA_10052008F_052023,PARUMA_10052008F_052023,1,639432743,paula.ruiz.001247@gmail.com,2025-08-18
CNT_JASADI_12081992M_052020,ADM_JASADI_12081992M_052020,JASADI_12081992M_052020,1,681731393,javier.sanchez.001737@outlook.com,2025-08-19
CNT_LAMAPE_27081979F_072023,ADM_LAMAPE_27081979F_072023,LAMAPE_27081979F_072023,1,34626861958,laura.martinez.001877@mail.com,2023-11-13
CNT_MARURU_14061967F_082023,ADM_MARURU_14061967F_082023,MARURU_14061967F_082023,1,34605295447,marta.ruiz.001724@gmail.com,2024-10-11
CNT_LAHEDI_25031963F_112022,ADM_LAHEDI_25031963F_112022,LAHEDI_25031963F_112022,1,658123301,laura.hernandez.000296@hospitalmail.com,2023-08-18
CNT_PAHERO_07101996M_072021,ADM_PAHERO_07101996M_072021,PAHERO_07101996M_072021,1,648152952,pablo.hernandez.001416@hospitalmail.com,2023-03-07
CNT_SESAMA_15121968M_011900,ADM_SESAMA_15121968M_011900,SESAMA_15121968M_011900,1,612955385,sergio.sanchez.001954@hospitalmail.com,2023-02-03
CNT_ALPEDI_16081977M_022020,ADM_ALPEDI_16081977M_022020,ALPEDI_16081977M_022020,1,34642649102,alejandro.perez.001915@mail.com,2025-06-03
CNT_MASAMA_23051999F_112021,ADM_MASAMA_23051999F_112021,MASAMA_23051999F_112021,1,623494296,marta.sanchez.000624@mail.com,2024-02-12
CNT_CLRUMA_11061995F_032021,ADM_CLRUMA_11061995F_032021,CLRUMA_11061995F_032021,1,677750685,claudia.ruiz.001921@outlook.com,2025-08-08
CNT_SERUGA_28082015M_082020,ADM_SERUGA_28082015M_082020,SERUGA_28082015M_082020,1,646179620,sergio.ruiz.000467@gmail.com,2025-04-02
CNT_MAFEDI_28021963M_052023,ADM_MAFEDI_28021963M_052023,MAFEDI_28021963M_052023,1,635854697,manuel.fernandez.000321@outlook.com,2023-05-09
CNT_ANDISA_06041950M_042023,ADM_ANDISA_06041950M_042023,ANDISA_06041950M_042023,1,657922566,antonio.diaz.000377@gmail.com,2025-10-25
CNT_ALMASA_16011981M_062021,ADM_ALMASA_16011981M_062021,ALMASA_16011981M_062021,1,621122410,alvaro.martin.001977@gmail.com,2025-03-02
CNT_NULORU_11051972F_092020,ADM_NULORU_11051972F_092020,NULORU_11051972F_092020,1,34666332292,nuria.lopez.000768@outlook.com,2023-10-08
CNT_ALGOMA_25031939M_022022,ADM_ALGOMA_25031939M_022022,ALGOMA_25031939M_022022,1,617991241,alejandro.gomez.001402@outlook.com,2025-06-05
CNT_MAGARO_02071936M_122022,ADM_MAGARO_02071936M_122022,MAGARO_02071936M_122022,1,680065,manuel.garcia.000824@gmail.com,2025-04-26
CNT_LUMARO_21081936F_012020,ADM_LUMARO_21081936F_012020,LUMARO_21081936F_012020,1,34621761989,lucia.martin.001549@mail.com,2025-08-26
CNT_DAHEDI_23062017M_112023,ADM_DAHEDI_23062017M_112023,DAHEDI_23062017M_112023,1,677137809,daniel.hernandez.001988@gmail.com,2025-02-11
CNT_DASAXX_12042014M_072023,ADM_DASAXX_12042014M_072023,DASAXX_12042014M_072023,1,681479988,david.sanchez.001564@mail.com,2023-07-05
CNT_JADIDI_19031964M_092021,ADM_JADIDI_19031964M_092021,JADIDI_19031964M_092021,1,601330784,javier.diaz.000821@outlook.com,2025-09-23
CNT_DAJIHE_29102015M_052023,ADM_DAJIHE_29102015M_052023,DAJIHE_29102015M_052023,1,34652681219,david.jimenez.002057@gmail.com,2025-07-03
CNT_NUMAHE_18031985F_112020,ADM_NUMAHE_18031985F_112020,NUMAHE_18031985F_112020,1,600041570,nuria.martin.002178@outlook.com,2023-10-17
CNT_LURUDI_01091989F_072023,ADM_LURUDI_01091989F_072023,LURUDI_01091989F_072023,1,622421980,lucia.ruiz.001470@gmail.com,2025-10-17
CNT_DAMADI_23051998M_102023,ADM_DAMADI_23051998M_102023,DAMADI_23051998M_102023,1,34634144260,david.martin.000495@gmail.com,2024-09-01
CNT_ALMARO_06031972M_022020,ADM_ALMARO_06031972M_022020,ALMARO_06031972M_022020,1,34695935599,alejandro.martin.000083@mail.com,2024-11-12
CNT_ISDIRU_22021980F_072022,ADM_ISDIRU_22021980F_072022,ISDIRU_22021980F_072022,1,606578546,isabel.diaz.001184@outlook.com,2025-10-21
CNT_PAMARU_10122019M_082021,ADM_PAMARU_10122019M_082021,PAMARU_10122019M_082021,1,677640393,pablo.martinez.001326@outlook.com,2023-04-30
CNT_NUMAFE_29072001F_022023,ADM_NUMAFE_29072001F_022023,NUMAFE_29072001F_022023,1,34652109366,nuria.martin.000007@gmail.com,2023-02-07
CNT_MAFEFE_25052005F_122023,ADM_MAFEFE_25052005F_122023,MAFEFE_25052005F_122023,1,34622330934,,2023-12-22
CNT_PAGORO_25111976M_012022,ADM_PAGORO_25111976M_012022,PAGORO_25111976M_012022,1,34678158963,pablo.gomez.000687@mail.com,2023-11-08
CNT_CAGOGA_21012017M_122022,ADM_CAGOGA_21012017M_122022,CAGOGA_21012017M_122022,1,608049273,carlos.gomez.000407@gmail.com,2025-07-04
CNT_NUJIMA_19051987F_092020,ADM_NUJIMA_19051987F_092020,NUJIMA_19051987F_092020,1,618115672,nuria.jimenez.001333@hospitalmail.com,2025-11-26
CNT_PAJIHE_22051946M_092022,ADM_PAJIHE_22051946M_092022,PAJIHE_22051946M_092022,1,677469796,pablo.jimenez.001344@outlook.com,2024-07-05
CNT_MARUGA_28061982M_112022,ADM_MARUGA_28061982M_112022,MARUGA_28061982M_112022,1,678818514,manuel.ruiz.001267@mail.com,2025-08-03
CNT_MARULO_14021972F_102020,ADM_MARULO_14021972F_102020,MARULO_14021972F_102020,1,693195563,marta.ruiz.001473@hospitalmail.com,2025-07-25
CNT_CLLOGA_26112005F_022020,ADM_CLLOGA_26112005F_022020,CLLOGA_26112005F_022020,1,34630278738,claudia.lopez.002046@mail.com,2025-12-13
CNT_NUMALO_22091959F_102023,ADM_NUMALO_22091959F_102023,NUMALO_22091959F_102023,1,603450722,nuria.martinez.000597@mail.com,2025-01-20
CNT_MIMAPE_27032009M_062020,ADM_MIMAPE_27032009M_062020,MIMAPE_27032009M_062020,1,646856824,miguel.martin.000973@gmail.com,2025-06-15
CNT_MAROHE_25061995F_112022,ADM_MAROHE_25061995F_112022,MAROHE_25061995F_112022,1,668425903,maria.rodriguez.000640@outlook.com,2025-02-16
CNT_SEROHE_09051984M_062023,ADM_SEROHE_09051984M_062023,SEROHE_09051984M_062023,1,34608884396,sergio.rodriguez.000900@gmail.com,2023-07-20
CNT_NUGAGO_22071962F_112020,ADM_NUGAGO_22071962F_112020,NUGAGO_22071962F_112020,1,688882275,nuria.garcia.000355@hospitalmail.com,2025-07-12
CNT_MIFELO_16121985M_011900,ADM_MIFELO_16121985M_011900,MIFELO_16121985M_011900,1,603192559,miguel.fernandez.000832@mail.com,2023-05-31
CNT_PAFEDI_12041974F_052022,ADM_PAFEDI_12041974F_052022,PAFEDI_12041974F_052022,1,648991553,paula.fernandez.000364@gmail.com,2023-09-20
CNT_IRGAGO_26041997F_012020,ADM_IRGAGO_26041997F_012020,IRGAGO_26041997F_012020,1,607608405,irene.garcia.001375@mail.com,2023-02-27
CNT_DAJIDI_06021961M_122020,ADM_DAJIDI_06021961M_122020,DAJIDI_06021961M_122020,1,675711404,david.jimenez.000056@hospitalmail.com,2024-09-06
CNT_CLPEGO_03122003F_011900,ADM_CLPEGO_03122003F_011900,CLPEGO_03122003F_011900,1,608193591,claudia.perez.000043@gmail.com,2023-10-04
CNT_IRDIPE_09061963F_062020,ADM_IRDIPE_09061963F_062020,IRDIPE_09061963F_062020,1,34620356773,irene.diaz.000416@hospitalmail.com,2023-10-24
CNT_MIGOLO_26031936M_052022,ADM_MIGOLO_26031936M_052022,MIGOLO_26031936M_052022,1,6705366,miguel.gomez.000221@hospitalmail.com,2024-10-25
CNT_MAGORO_03101938F_052021,ADM_MAGORO_03101938F_052021,MAGORO_03101938F_052021,1,659264099,maria.gomez.000544@hospitalmail.com,2024-03-27
CNT_ISDISA_09101976F_122022,ADM_ISDISA_09101976F_122022,ISDISA_09101976F_122022,1,34651171313,isabel.diaz.002242@gmail.com,2025-05-04
CNT_SEGAGA_10072004M_092020,ADM_SEGAGA_10072004M_092020,SEGAGA_10072004M_092020,1,646267760,sergio.garcia.000574@mail.com,2023-03-06
CNT_CAGAHE_28061957M_112021,ADM_CAGAHE_28061957M_112021,CAGAHE_28061957M_112021,1,674233129,carlos.garcia.002088@hospitalmail.com,2024-06-30
CNT_LUDIFE_19061987F_092023,ADM_LUDIFE_19061987F_092023,LUDIFE_19061987F_092023,1,603997866,lucia.diaz.001558@mail.com,2023-12-17
CNT_ALGOGA_22061989M_072022,ADM_ALGOGA_22061989M_072022,ALGOGA_22061989M_072022,1,656394903,alejandro.gomez.001433@gmail.com,2023-09-25
CNT_MAHERO_16111951F_022023,ADM_MAHERO_16111951F_022023,MAHERO_16111951F_022023,1,627481458,maria.hernandez.000048@mail.com,2025-01-24
CNT_RAHEGO_29011984M_022022,ADM_RAHEGO_29011984M_022022,RAHEGO_29011984M_022022,1,603764048,rafael.hernandez.001415@mail.com,2023-12-11
CNT_IRJIMA_05051972F_122022,ADM_IRJIMA_05051972F_122022,IRJIMA_05051972F_122022,1,631831951,irene.jimenez.002241@outlook.com,2024-12-22
CNT_MARORU_20011990F_022022,ADM_MARORU_20011990F_022022,MARORU_20011990F_022022,1,664419719,maria.rodriguez.000360@hospitalmail.com,2025-07-02
CNT_ALLOLO_16121983M_072020,ADM_ALLOLO_16121983M_072020,ALLOLO_16121983M_072020,1,34606956012,alejandro.lopez.000475@outlook.com,2025-07-26
CNT_SAMAMA_12071974F_112023,ADM_SAMAMA_12071974F_112023,SAMAMA_12071974F_112023,1,622522539,sara.martin.000348@gmail.com,2023-11-02
CNT_CAGAJI_10091981F_032020,ADM_CAGAJI_10091981F_032020,CAGAJI_10091981F_032020,1,34603449670,carmen.garcia.001314@hospitalmail.com,2025-02-18
CNT_LUFEJI_20101965F_052020,ADM_LUFEJI_20101965F_052020,LUFEJI_20101965F_052020,1,621315106,lucia.fernandez.000642@hospitalmail.com,2025-07-28
CNT_ALPESA_18081999M_052020,ADM_ALPESA_18081999M_052020,ALPESA_18081999M_052020,1,34600167296,alvaro.perez.000948@outlook.com,2024-04-19
CNT_PASARU_06061965M_012021,ADM_PASARU_06061965M_012021,PASARU_06061965M_012021,1,619427316,pablo.sanchez.000932@mail.com,2024-04-09
CNT_IRPEGA_01081983F_022023,ADM_IRPEGA_01081983F_022023,IRPEGA_01081983F_022023,1,698559530,irene.perez.001882@hospitalmail.com,2025-10-07
CNT_NUSAGA_07121983F_032020,ADM_NUSAGA_07121983F_032020,NUSAGA_07121983F_032020,1,34600307077,nuria.sanchez.001569@outlook.com,2025-04-11
CNT_LUFERU_04111994F_012020,ADM_LUFERU_04111994F_012020,LUFERU_04111994F_012020,1,670708363,,2023-12-07
CNT_PARORO_11081986M_042023,ADM_PARORO_11081986M_042023,PARORO_11081986M_042023,1,623821515,pablo.rodriguez.001414@outlook.com,2024-04-24
CNT_CAHEJI_28121976M_102023,ADM_CAHEJI_28121976M_102023,CAHEJI_28121976M_102023,1,613622445,carlos.hernandez.000108@mail.com,2025-10-20
CNT_ALFEMA_16031996M_012020,ADM_ALFEMA_16031996M_012020,ALFEMA_16031996M_012020,1,619859952,alvaro.fernandez.000789@hospitalmail.com,2023-03-24
CNT_ELFERU_15111961F_022023,ADM_ELFERU_15111961F_022023,ELFERU_15111961F_022023,1,34698583728,elena.fernandez.001723@gmail.com,2024-03-14
CNT_ANJIGA_20072000M_062022,ADM_ANJIGA_20072000M_062022,ANJIGA_20072000M_062022,1,602020354,antonio.jimenez.000854@outlook.com,2025-08-17
CNT_SAROLO_03081994F_112023,ADM_SAROLO_03081994F_112023,SAROLO_03081994F_112023,1,662520111,sara.rodriguez.001923@outlook.com,2025-09-11
CNT_CLGOHE_14081957F_022020,ADM_CLGOHE_14081957F_022020,CLGOHE_14081957F_022020,1,689338668,claudia.gomez.000589@hospitalmail.com,2024-08-03
CNT_CAMAGO_08061993M_082021,ADM_CAMAGO_08061993M_082021,CAMAGO_08061993M_082021,1,693709499,carlos.martin.000437@hospitalmail.com,2025-05-20
CNT_ELRORU_28092015F_072023,ADM_ELRORU_28092015F_072023,ELRORU_28092015F_072023,1,671532,elena.rodriguez.000620@outlook.com,2025-01-24
CNT_ISROFE_23121991F_012023,ADM_ISROFE_23121991F_012023,ISROFE_23121991F_012023,1,34611686620,isabel.rodriguez.001151@hospitalmail.com,2023-01-19
CNT_CXHESA_06101976F_012022,ADM_CXHESA_06101976F_012022,CXHESA_06101976F_012022,1,695332460,,2025-08-19
CNT_PAPERO_26051978M_032021,ADM_PAPERO_26051978M_032021,PAPERO_26051978M_032021,1,34654862935,pablo.perez.000145@hospitalmail.com,2025-11-24
CNT_DAFEMA_20071994M_022023,ADM_DAFEMA_20071994M_022023,DAFEMA_20071994M_022023,1,679390602,david.fernandez.001150@hospitalmail.com,2025-05-15
CNT_ISDIMA_09091964F_042021,ADM_ISDIMA_09091964F_042021,ISDIMA_09091964F_042021,1,612607326,isabel.diaz.000588@outlook.com,2025-03-24
CNT_DAPEMA_05091936M_082021,ADM_DAPEMA_05091936M_082021,DAPEMA_05091936M_082021,1,626542559,daniel.perez.001174@hospitalmail.com,2024-08-02
CNT_ALPEXX_14101956M_022020,ADM_ALPEXX_14101956M_022020,ALPEXX_14101956M_022020,1,623708988,alvaro.perez.001381@gmail.com,2023-11-05
CNT_CAGAFE_21101954M_022022,ADM_CAGAFE_21101954M_022022,CAGAFE_21101954M_022022,1,630100767,carlos.garcia.000501@mail.com,2023-11-21
CNT_IXPEFE_17061986F_072021,ADM_IXPEFE_17061986F_072021,IXPEFE_17061986F_072021,1,623055854,irene.perez.000402@mail.com,2023-08-15
CNT_MAROSA_05071991F_112023,ADM_MAROSA_05071991F_112023,MAROSA_05071991F_112023,1,651300352,maria.rodriguez.000338@hospitalmail.com,2025-04-16
CNT_PAPEXX_08061999F_032021,ADM_PAPEXX_08061999F_032021,PAPEXX_08061999F_032021,1,610985913,paula.perez.001678@gmail.com,2024-08-20
CNT_LUSAGO_23072001F_102022,ADM_LUSAGO_23072001F_102022,LUSAGO_23072001F_102022,1,688731579,lucia.sanchez.000876@mail.com,2023-07-19
CNT_MXDIRO_28022005M_092020,ADM_MXDIRO_28022005M_092020,MXDIRO_28022005M_092020,1,616728770,miguel.diaz.000995@gmail.com,2025-07-25
CNT_RARUMA_15081996M_032023,ADM_RARUMA_15081996M_032023,RARUMA_15081996M_032023,1,611242827,rafael.ruiz.000158@outlook.com,2025-07-13
CNT_ANJIPE_06041957M_012021,ADM_ANJIPE_06041957M_012021,ANJIPE_06041957M_012021,1,680355747,antonio.jimenez.002065@outlook.com,2023-07-06
CNT_PAGORO_31122003M_082022,ADM_PAGORO_31122003M_082022,PAGORO_31122003M_082022,1,680790594,pablo.gomez.000368@mail.com,2025-08-02
CNT_RXMARO_08071988M_072023,ADM_RXMARO_08071988M_072023,RXMARO_08071988M_072023,1,6680777,rafael.martinez.001446@outlook.com,2023-07-05
CNT_JADIRU_27081945M_032023,ADM_JADIRU_27081945M_032023,JADIRU_27081945M_032023,1,34639934448,javier.diaz.001168@gmail.com,2025-10-19
CNT_MAPEFE_15071991F_032021,ADM_MAPEFE_15071991F_032021,MAPEFE_15071991F_032021,1,6264005,marta.perez.001266@gmail.com,2025-02-17
CNT_MALOJI_05111966F_062020,ADM_MALOJI_05111966F_062020,MALOJI_05111966F_062020,1,676759237,marta.lopez.000041@gmail.com,2025-06-16
CNT_SAHERU_26091986F_032022,ADM_SAHERU_26091986F_032022,SAHERU_26091986F_032022,1,660584787,sara.hernandez.001207@hospitalmail.com,2025-11-27
CNT_MAROSA_05091969F_122020,ADM_MAROSA_05091969F_122020,MAROSA_05091969F_122020,1,34615663998,maria.rodriguez.002111@outlook.com,2023-07-20
CNT_DAMARU_03051992M_062020,ADM_DAMARU_03051992M_062020,DAMARU_03051992M_062020,1,651144464,daniel.martinez.001801@mail.com,2025-09-01
CNT_MIGOGO_22041998M_032022,ADM_MIGOGO_22041998M_032022,MIGOGO_22041998M_032022,1,660523495,miguel.gomez.002128@gmail.com,2025-06-21
CNT_ISGARU_24081994F_082023,ADM_ISGARU_24081994F_082023,ISGARU_24081994F_082023,1,34686277097,isabel.garcia.001067@mail.com,2024-09-28
CNT_LAMASA_12111967F_032023,ADM_LAMASA_12111967F_032023,LAMASA_12111967F_032023,1,632744751,laura.martinez.000719@outlook.com,2025-09-24
CNT_LAGASA_29071940F_052023,ADM_LAGASA_29071940F_052023,LAGASA_29071940F_052023,1,34687463157,laura.garcia.000634@mail.com,2024-06-25
CNT_ELFEMA_20072006F_122022,ADM_ELFEMA_20072006F_122022,ELFEMA_20072006F_122022,1,6599244,,2023-09-04
CNT_SAMAJI_23081949F_112021,ADM_SAMAJI_23081949F_112021,SAMAJI_23081949F_112021,1,611629021,sara.martinez.002228@mail.com,2024-05-16
CNT_LUGOMA_13031968F_092023,ADM_LUGOMA_13031968F_092023,LUGOMA_13031968F_092023,1,616614583,lucia.gomez.001059@hospitalmail.com,2023-09-30
CNT_MIROGA_30011969M_042023,ADM_MIROGA_30011969M_042023,MIROGA_30011969M_042023,1,674106438,miguel.rodriguez.001468@outlook.com,2024-02-25
CNT_SEMALO_04061981M_122023,ADM_SEMALO_04061981M_122023,SEMALO_04061981M_122023,1,34696458015,sergio.martin.000885@gmail.com,2023-12-11
CNT_RALORO_28051957M_022020,ADM_RALORO_28051957M_022020,RALORO_28051957M_022020,1,674443380,rafael.lopez.001185@outlook.com,2025-12-12
CNT_ALROLO_18012024M_082023,ADM_ALROLO_18012024M_082023,ALROLO_18012024M_082023,1,635420665,alejandro.rodriguez.000092@gmail.com,2023-08-21
CNT_ALLOSA_10071956M_102022,ADM_ALLOSA_10071956M_102022,ALLOSA_10071956M_102022,1,665605859,,2023-07-27
CNT_DAHESA_11121989M_092020,ADM_DAHESA_11121989M_092020,DAHESA_11121989M_092020,1,694390232,david.hernandez.000290@mail.com,2025-08-05
CNT_DAPEGA_02031949M_032023,ADM_DAPEGA_02031949M_032023,DAPEGA_02031949M_032023,1,34676142620,daniel.perez.000426@mail.com,2025-11-28
CNT_MASAGA_19041977F_072020,ADM_MASAGA_19041977F_072020,MASAGA_19041977F_072020,1,636712701,,2023-06-23
CNT_MAMAXX_20021972F_122020,ADM_MAMAXX_20021972F_122020,MAMAXX_20021972F_122020,1,658556044,maria.martin.000690@gmail.com,2023-03-05
CNT_RAJISA_21031964M_072020,ADM_RAJISA_21031964M_072020,RAJISA_21031964M_072020,1,655449023,rafael.jimenez.000780@mail.com,2024-08-06
CNT_MILORO_17121948M_012023,ADM_MILORO_17121948M_012023,MILORO_17121948M_012023,1,648466892,miguel.lopez.001351@outlook.com,2025-09-30
CNT_LUJIGA_09052007F_032023,ADM_LUJIGA_09052007F_032023,LUJIGA_09052007F_032023,1,686962781,lucia.jimenez.000232@mail.com,2025-12-14
CNT_DASAPE_05071962M_052022,ADM_DASAPE_05071962M_052022,DASAPE_05071962M_052022,1,636949226,daniel.sanchez.001939@hospitalmail.com,2024-04-06
CNT_LXGOHE_20081937F_122020,ADM_LXGOHE_20081937F_122020,LXGOHE_20081937F_122020,1,34650257316,laura.gomez.001262@hospitalmail.com,2023-02-27
CNT_MAROFE_07101982F_072023,ADM_MAROFE_07101982F_072023,MAROFE_07101982F_072023,1,647954101,marta.rodriguez.000072@gmail.com,2025-01-26
CNT_CAMAHE_26072006F_012023,ADM_CAMAHE_26072006F_012023,CAMAHE_26072006F_012023,1,640976584,carmen.martin.001037@gmail.com,2025-03-18
CNT_MAMALO_13092024F_082022,ADM_MAMALO_13092024F_082022,MAMALO_13092024F_082022,1,605629074,maria.martinez.000930@gmail.com,2025-11-24
CNT_PARUFE_03081986M_012023,ADM_PARUFE_03081986M_012023,PARUFE_03081986M_012023,1,600179614,pablo.ruiz.001357@hospitalmail.com,2025-10-02
CNT_ALRURU_22011989M_072021,ADM_ALRURU_22011989M_072021,ALRURU_22011989M_072021,1,656948126,alejandro.ruiz.001382@mail.com,2025-02-07
CNT_ISGAMA_07101997F_102023,ADM_ISGAMA_07101997F_102023,ISGAMA_07101997F_102023,1,615854324,isabel.garcia.001346@mail.com,2025-04-22
CNT_RAFEGO_23011987M_062020,ADM_RAFEGO_23011987M_062020,RAFEGO_23011987M_062020,1,614908050,rafael.fernandez.000063@mail.com,2025-01-08
CNT_MAGADI_26121995F_062020,ADM_MAGADI_26121995F_062020,MAGADI_26121995F_062020,1,635952307,marta.garcia.000295@outlook.com,2025-03-23
CNT_MIMAGO_10031970M_052023,ADM_MIMAGO_10031970M_052023,MIMAGO_10031970M_052023,1,648198039,miguel.martin.001110@mail.com,2025-07-30
CNT_CAPEXX_04041967F_012023,ADM_CAPEXX_04041967F_012023,CAPEXX_04041967F_012023,1,683155276,carmen.perez.002081@outlook.com,2023-01-06
CNT_ELGOPE_17041980F_052020,ADM_ELGOPE_17041980F_052020,ELGOPE_17041980F_052020,1,607061507,elena.gomez.000022@hospitalmail.com,2025-08-22
CNT_SEDIRO_28041995M_062020,ADM_SEDIRO_28041995M_062020,SEDIRO_28041995M_062020,1,34671081391,sergio.diaz.000309@gmail.com,2025-10-05
CNT_ALHEDI_14081957M_052020,ADM_ALHEDI_14081957M_052020,ALHEDI_14081957M_052020,1,34651060669,alejandro.hernandez.000573@gmail.com,2025-09-05
CNT_RALORU_26012020M_042023,ADM_RALORU_26012020M_042023,RALORU_26012020M_042023,1,674951400,rafael.lopez.001694@outlook.com,2025-10-02
CNT_DAHEDI_09041972M_082023,ADM_DAHEDI_09041972M_082023,DAHEDI_09041972M_082023,1,610630746,daniel.hernandez.000471@hospitalmail.com,2024-05-06
CNT_DAGOSA_03051999M_032022,ADM_DAGOSA_03051999M_032022,DAGOSA_03051999M_032022,1,661982922,david.gomez.000409@hospitalmail.com,2025-04-10
CNT_CXRUGO_17081937M_022022,ADM_CXRUGO_17081937M_022022,CXRUGO_17081937M_022022,1,612922841,carlos.ruiz.001423@outlook.com,2023-08-05
CNT_MIMAPE_21081994M_102022,ADM_MIMAPE_21081994M_102022,MIMAPE_21081994M_102022,1,608276965,miguel.martinez.001287@hospitalmail.com,2023-09-19
CNT_SASALO_02091961F_042020,ADM_SASALO_02091961F_042020,SASALO_02091961F_042020,1,609687126,sara.sanchez.001886@outlook.com,2025-03-02
CNT_CLROSA_25121974F_022021,ADM_CLROSA_25121974F_022021,CLROSA_25121974F_022021,1,672990551,claudia.rodriguez.001409@mail.com,2024-12-20
CNT_SARULO_19111978F_032020,ADM_SARULO_19111978F_032020,SARULO_19111978F_032020,1,670449743,sara.ruiz.002118@mail.com,2025-07-09
CNT_LAPEMA_27121980F_012023,ADM_LAPEMA_27121980F_012023,LAPEMA_27121980F_012023,1,652548779,laura.perez.001846@hospitalmail.com,2025-05-26
CNT_ELFEGO_25081955F_072023,ADM_ELFEGO_25081955F_072023,ELFEGO_25081955F_072023,1,663113695,elena.fernandez.001013@outlook.com,2025-03-23
CNT_ANDIGA_13111993M_082021,ADM_ANDIGA_13111993M_082021,ANDIGA_13111993M_082021,1,62244341,antonio.diaz.001578@gmail.com,2025-01-28
CNT_MAGODI_16101971F_022020,ADM_MAGODI_16101971F_022020,MAGODI_16101971F_022020,1,646094503,maria.gomez.000600@hospitalmail.com,2024-07-11
CNT_CLPEPE_13032001F_082023,ADM_CLPEPE_13032001F_082023,CLPEPE_13032001F_082023,1,661457990,claudia.perez.001450@outlook.com,2023-08-01
CNT_RAPEFE_14071977M_052021,ADM_RAPEFE_14071977M_052021,RAPEFE_14071977M_052021,1,34690063999,rafael.perez.001603@outlook.com,2023-05-21
CNT_NUMAPE_13081944F_032020,ADM_NUMAPE_13081944F_032020,NUMAPE_13081944F_032020,1,642755642,nuria.martin.000916@mail.com,2023-10-03
CNT_NURORO_21091979F_122020,ADM_NURORO_21091979F_122020,NURORO_21091979F_122020,1,657770116,nuria.rodriguez.001397@mail.com,2025-11-23
CNT_ALGASA_04011996M_072020,ADM_ALGASA_04011996M_072020,ALGASA_04011996M_072020,1,642587987,alejandro.garcia.000502@gmail.com,2025-08-21
CNT_LADIMA_26021982F_112020,ADM_LADIMA_26021982F_112020,LADIMA_26021982F_112020,1,664010116,laura.diaz.000865@outlook.com,2025-04-22
CNT_LASAMA_13021954F_082020,ADM_LASAMA_13021954F_082020,LASAMA_13021954F_082020,1,626734648,laura.sanchez.001605@hospitalmail.com,2023-12-07
CNT_CAGOMA_18091991M_052021,ADM_CAGOMA_18091991M_052021,CAGOMA_18091991M_052021,1,608703258,carlos.gomez.000792@hospitalmail.com,2025-11-10
CNT_ALMALO_09031984M_082020,ADM_ALMALO_09031984M_082020,ALMALO_09031984M_082020,1,689085484,alvaro.martinez.000344@mail.com,2025-06-15
CNT_SAGARU_08011993F_052023,ADM_SAGARU_08011993F_052023,SAGARU_08011993F_052023,1,648105955,sara.garcia.002218@gmail.com,2023-08-06
CNT_SAGOHE_22031997F_082022,ADM_SAGOHE_22031997F_082022,SAGOHE_22031997F_082022,1,603653717,sara.gomez.000013@hospitalmail.com,2024-12-24
CNT_ISMASA_23031954F_052023,ADM_ISMASA_23031954F_052023,ISMASA_23031954F_052023,1,666626899,isabel.martinez.001015@outlook.com,2023-05-28
CNT_ISRULO_07112017F_012022,ADM_ISRULO_07112017F_012022,ISRULO_07112017F_012022,1,626146273,isabel.ruiz.000460@gmail.com,2025-09-05
CNT_LUFEGA_25111976F_082021,ADM_LUFEGA_25111976F_082021,LUFEGA_25111976F_082021,1,670108151,lucia.fernandez.002034@gmail.com,2025-12-25
CNT_DAMAPE_30071975M_082023,ADM_DAMAPE_30071975M_082023,DAMAPE_30071975M_082023,1,34623460770,daniel.martin.001590@gmail.com,2025-05-23
CNT_ANPEFE_13071996M_022023,ADM_ANPEFE_13071996M_022023,ANPEFE_13071996M_022023,1,696401460,antonio.perez.000578@mail.com,2025-08-11
CNT_CLJIRU_14122007F_052023,ADM_CLJIRU_14122007F_052023,CLJIRU_14122007F_052023,1,689543141,claudia.jimenez.000650@gmail.com,2023-07-29
CNT_DALORO_19071988M_072020,ADM_DALORO_19071988M_072020,DALORO_19071988M_072020,1,668798144,daniel.lopez.001919@hospitalmail.com,2023-11-27
CNT_ELSARU_08051963F_122023,ADM_ELSARU_08051963F_122023,ELSARU_08051963F_122023,1,658208607,elena.sanchez.001419@outlook.com,2024-01-23
CNT_ALRUGO_20112004M_022020,ADM_ALRUGO_20112004M_022020,ALRUGO_20112004M_022020,1,698688446,alvaro.ruiz.000993@outlook.com,2024-05-11
CNT_CAGOGO_10082015F_012021,ADM_CAGOGO_10082015F_012021,CAGOGO_10082015F_012021,1,631762985,carmen.gomez.001687@outlook.com,2025-04-26
CNT_IRDISA_08081989F_072023,ADM_IRDISA_08081989F_072023,IRDISA_08081989F_072023,1,614014493,irene.diaz.001098@hospitalmail.com,2025-01-24
CNT_DADIFE_06091992M_042023,ADM_DADIFE_06091992M_042023,DADIFE_06091992M_042023,1,34666640533,daniel.diaz.000545@mail.com,2023-07-02
CNT_ELMARU_10031991F_062023,ADM_ELMARU_10031991F_062023,ELMARU_10031991F_062023,1,34642105085,elena.martinez.001494@hospitalmail.com,2025-09-18
CNT_MIGADI_06121960M_052022,ADM_MIGADI_06121960M_052022,MIGADI_06121960M_052022,1,34609079598,miguel.garcia.002185@gmail.com,2023-08-21
CNT_SAMAHE_03081970F_012021,ADM_SAMAHE_03081970F_012021,SAMAHE_03081970F_012021,1,610265926,sara.martin.001060@gmail.com,2025-11-30
CNT_MAGOMA_08091991F_012021,ADM_MAGOMA_08091991F_012021,MAGOMA_08091991F_012021,1,646889836,marta.gomez.001188@outlook.com,2025-03-21
CNT_IRGOMA_15061977F_042021,ADM_IRGOMA_15061977F_042021,IRGOMA_15061977F_042021,1,662405264,irene.gomez.001775@gmail.com,2025-10-22
CNT_ALRURO_08111943M_102021,ADM_ALRURO_08111943M_102021,ALRURO_08111943M_102021,1,34694366138,alvaro.ruiz.001628@gmail.com,2023-03-02
CNT_MADIPE_05101940M_102023,ADM_MADIPE_05101940M_102023,MADIPE_05101940M_102023,1,654215328,manuel.diaz.000691@hospitalmail.com,2023-10-29
CNT_CASAJI_28041977M_052020,ADM_CASAJI_28041977M_052020,CASAJI_28041977M_052020,1,681584153,carlos.sanchez.000990@hospitalmail.com,2025-01-25
CNT_MIFEDI_14071990M_092023,ADM_MIFEDI_14071990M_092023,MIFEDI_14071990M_092023,1,693795713,miguel.fernandez.002001@mail.com,2025-04-27
CNT_RADILO_22061992M_082021,ADM_RADILO_22061992M_082021,RADILO_22061992M_082021,1,651942679,rafael.diaz.001901@outlook.com,2025-10-18
CNT_MASAFE_23021946F_042021,ADM_MASAFE_23021946F_042021,MASAFE_23021946F_042021,1,624463,maria.sanchez.001324@gmail.com,2025-08-11
CNT_CAMAGO_21071979M_072022,ADM_CAMAGO_21071979M_072022,CAMAGO_21071979M_072022,1,679247219,carlos.martinez.000813@hospitalmail.com,2025-08-07
CNT_MAHEHE_27042000F_042022,ADM_MAHEHE_27042000F_042022,MAHEHE_27042000F_042022,1,34623291920,marta.hernandez.000389@mail.com,2024-07-08
CNT_MALOFE_31052007F_062023,ADM_MALOFE_31052007F_062023,MALOFE_31052007F_062023,1,696782640,maria.lopez.001604@gmail.com,2025-04-18
CNT_CALOLO_27011981M_042022,ADM_CALOLO_27011981M_042022,CALOLO_27011981M_042022,1,690438644,carlos.lopez.001180@mail.com,2025-03-30
CNT_DARURU_04121992M_092020,ADM_DARURU_04121992M_092020,DARURU_04121992M_092020,1,6589980,david.ruiz.001117@mail.com,2025-11-22
CNT_LAMARU_22021949F_082023,ADM_LAMARU_22021949F_082023,LAMARU_22021949F_082023,1,653016345,laura.martin.000192@mail.com,2025-07-18
CNT_MAHEHE_06071973F_012020,ADM_MAHEHE_06071973F_012020,MAHEHE_06071973F_012020,1,34640315669,marta.hernandez.001764@outlook.com,2024-05-30
CNT_MAMAFE_07121963F_052020,ADM_MAMAFE_07121963F_052020,MAMAFE_07121963F_052020,1,34608942556,marta.martin.002233@outlook.com,2024-06-09
CNT_JAFEGO_30051977M_102022,ADM_JAFEGO_30051977M_102022,JAFEGO_30051977M_102022,1,34674734504,javier.fernandez.002033@outlook.com,2025-08-20
CNT_MIGAGO_20052001M_062021,ADM_MIGAGO_20052001M_062021,MIGAGO_20052001M_062021,1,681108575,miguel.garcia.001730@hospitalmail.com,2024-12-31
CNT_PAJIRU_18031956F_092021,ADM_PAJIRU_18031956F_092021,PAJIRU_18031956F_092021,1,614637873,paula.jimenez.002195@hospitalmail.com,2023-12-24
CNT_SAGOFE_26011940F_122021,ADM_SAGOFE_26011940F_122021,SAGOFE_26011940F_122021,1,601436644,sara.gomez.000294@outlook.com,2024-12-14
CNT_RARURU_20051991M_022023,ADM_RARURU_20051991M_022023,RARURU_20051991M_022023,1,34637213475,rafael.ruiz.002151@hospitalmail.com,2025-01-11
CNT_CAMADI_04111955M_032021,ADM_CAMADI_04111955M_032021,CAMADI_04111955M_032021,1,631256183,carlos.martin.000137@outlook.com,2025-02-11
CNT_ISGARO_04102002F_112023,ADM_ISGARO_04102002F_112023,ISGARO_04102002F_112023,1,635002405,isabel.garcia.001224@hospitalmail.com,2023-11-15
CNT_ALGAGO_24041988M_022021,ADM_ALGAGO_24041988M_022021,ALGAGO_24041988M_022021,1,34668031774,alejandro.garcia.000927@gmail.com,2025-10-24
CNT_SAJIDI_21091986F_012021,ADM_SAJIDI_21091986F_012021,SAJIDI_21091986F_012021,1,34668329385,sara.jimenez.000783@gmail.com,2024-08-05
CNT_MAFEHE_01061938F_082021,ADM_MAFEHE_01061938F_082021,MAFEHE_01061938F_082021,1,687230492,marta.fernandez.000136@outlook.com,2025-06-24
CNT_JARULO_12092013M_052022,ADM_JARULO_12092013M_052022,JARULO_12092013M_052022,1,626534437,javier.ruiz.001340@outlook.com,2025-11-10
CNT_SASADI_08081959F_102021,ADM_SASADI_08081959F_102021,SASADI_08081959F_102021,1,682875099,sara.sanchez.000383@outlook.com,2025-08-14
CNT_ALRUGO_22011953M_072022,ADM_ALRUGO_22011953M_072022,ALRUGO_22011953M_072022,1,659005960,alejandro.ruiz.001675@gmail.com,2025-05-11
CNT_PAGOMA_18031952M_122021,ADM_PAGOMA_18031952M_122021,PAGOMA_18031952M_122021,1,645244831,pablo.gomez.000113@outlook.com,2024-10-29
CNT_ALHEPE_20102002M_022020,ADM_ALHEPE_20102002M_022020,ALHEPE_20102002M_022020,1,679538194,alejandro.hernandez.002137@hospitalmail.com,2023-08-15
CNT_SEPEMA_09031974M_042023,ADM_SEPEMA_09031974M_042023,SEPEMA_09031974M_042023,1,,sergio.perez.000135@mail.com,2023-04-26
CNT_CLGASA_16011966F_082021,ADM_CLGASA_16011966F_082021,CLGASA_16011966F_082021,1,34635977595,claudia.garcia.001186@outlook.com,2025-03-12
CNT_DAGODI_17032016M_052023,ADM_DAGODI_17032016M_052023,DAGODI_17032016M_052023,1,616048040,david.gomez.000694@gmail.com,2023-12-20
CNT_MIDIJI_20081994M_052021,ADM_MIDIJI_20081994M_052021,MIDIJI_20081994M_052021,1,695173483,miguel.diaz.001034@outlook.com,2024-03-07
CNT_MAMAJI_03022021M_122021,ADM_MAMAJI_03022021M_122021,MAMAJI_03022021M_122021,1,34619792849,manuel.martin.000715@hospitalmail.com,2025-06-10
CNT_LUHEFE_11012016F_082022,ADM_LUHEFE_11012016F_082022,LUHEFE_11012016F_082022,1,662452377,lucia.hernandez.001385@hospitalmail.com,2025-07-20
CNT_MAGOSA_15011979F_092020,ADM_MAGOSA_15011979F_092020,MAGOSA_15011979F_092020,1,34696548632,maria.gomez.001969@hospitalmail.com,2024-04-07
CNT_ANROHE_11051983M_122023,ADM_ANROHE_11051983M_122023,ANROHE_11051983M_122023,1,638515294,antonio.rodriguez.000924@gmail.com,2024-01-07
CNT_DAHEPE_28052010M_112020,ADM_DAHEPE_28052010M_112020,DAHEPE_28052010M_112020,1,689249987,daniel.hernandez.001733@outlook.com,2024-05-09
CNT_CLRUHE_00000000F_032023,ADM_CLRUHE_00000000F_032023,CLRUHE_00000000F_032023,1,646559029,claudia.ruiz.001865@gmail.com,2024-05-10
CNT_ISPELO_30031997F_032021,ADM_ISPELO_30031997F_032021,ISPELO_30031997F_032021,1,34644570204,isabel.perez.001637@hospitalmail.com,2025-11-14
CNT_JADIGO_21042002M_052023,ADM_JADIGO_21042002M_052023,JADIGO_21042002M_052023,1,6411943,javier.diaz.000077@mail.com,2025-11-30
CNT_PAFEPE_04062023F_052020,ADM_PAFEPE_04062023F_052020,PAFEPE_04062023F_052020,1,34658904600,paula.fernandez.001128@hospitalmail.com,2025-03-06
CNT_MIGOSA_20031986M_012022,ADM_MIGOSA_20031986M_012022,MIGOSA_20031986M_012022,1,6607323,miguel.gomez.000776@gmail.com,2025-11-18
CNT_MAHERU_21121961M_122023,ADM_MAHERU_21121961M_122023,MAHERU_21121961M_122023,1,697024947,manuel.hernandez.000322@mail.com,2023-12-24
CNT_ISJIDI_09031999F_102023,ADM_ISJIDI_09031999F_102023,ISJIDI_09031999F_102023,1,640762822,isabel.jimenez.000684@mail.com,2023-12-05
CNT_MAFELO_20051991M_102021,ADM_MAFELO_20051991M_102021,MAFELO_20051991M_102021,1,688780229,manuel.fernandez.001455@gmail.com,2025-03-11
CNT_ISHERU_13111948F_122020,ADM_ISHERU_13111948F_122020,ISHERU_13111948F_122020,1,666537406,isabel.hernandez.001806@gmail.com,2024-11-27
CNT_MILOLO_14091947M_112023,ADM_MILOLO_14091947M_112023,MILOLO_14091947M_112023,1,609849459,miguel.lopez.001514@outlook.com,2024-04-16
CNT_SERUMA_24011966M_122020,ADM_SERUMA_24011966M_122020,SERUMA_24011966M_122020,1,34686721689,sergio.ruiz.001571@gmail.com,2025-03-18
CNT_MIGOGO_10072017M_052020,ADM_MIGOGO_10072017M_052020,MIGOGO_10072017M_052020,1,622324643,miguel.gomez.001648@mail.com,2023-07-18
CNT_PAFEMA_28061938M_062023,ADM_PAFEMA_28061938M_062023,PAFEMA_28061938M_062023,1,632025105,pablo.fernandez.000983@mail.com,2023-11-18
CNT_DAGOGO_13092003M_022023,ADM_DAGOGO_13092003M_022023,DAGOGO_13092003M_022023,1,647530502,daniel.gomez.002232@outlook.com,2023-02-18
CNT_MASAGA_12081982F_092021,ADM_MASAGA_12081982F_092021,MASAGA_12081982F_092021,1,34686319478,marta.sanchez.001556@outlook.com,2025-05-08
CNT_MADIFE_12062002F_032023,ADM_MADIFE_12062002F_032023,MADIFE_12062002F_032023,1,674231876,maria.diaz.001690@outlook.com,2023-08-05
CNT_SEJIGO_11011967M_082022,ADM_SEJIGO_11011967M_082022,SEJIGO_11011967M_082022,1,634455708,sergio.jimenez.000039@hospitalmail.com,2024-10-18
CNT_CLDIFE_26081975F_042023,ADM_CLDIFE_26081975F_042023,CLDIFE_26081975F_042023,1,682423322,claudia.diaz.000125@gmail.com,2023-01-23
CNT_SALOFE_25031947F_122021,ADM_SALOFE_25031947F_122021,SALOFE_25031947F_122021,1,689257849,sara.lopez.001175@mail.com,2025-07-27
CNT_SEPEMA_27041970M_072023,ADM_SEPEMA_27041970M_072023,SEPEMA_27041970M_072023,1,666142031,sergio.perez.001497@outlook.com,2024-03-15
CNT_MALOMA_20042004M_072023,ADM_MALOMA_20042004M_072023,MALOMA_20042004M_072023,1,34628162667,manuel.lopez.001295@outlook.com,2025-12-29
CNT_CAROSA_15121936M_062021,ADM_CAROSA_15121936M_062021,CAROSA_15121936M_062021,1,695029156,carlos.rodriguez.000106@hospitalmail.com,2025-06-13
CNT_CAJIRO_28041979M_012023,ADM_CAJIRO_28041979M_012023,CAJIRO_28041979M_012023,1,699221789,carlos.jimenez.002024@outlook.com,2024-02-03
CNT_ALDIJI_28061966M_102020,ADM_ALDIJI_28061966M_102020,ALDIJI_28061966M_102020,1,657226541,alejandro.diaz.001152@gmail.com,2023-08-07
CNT_MIGODI_18111972M_022022,ADM_MIGODI_18111972M_022022,MIGODI_18111972M_022022,1,67649098,miguel.gomez.000314@mail.com,2023-10-08
CNT_MIFEFE_17011976M_022023,ADM_MIFEFE_17011976M_022023,MIFEFE_17011976M_022023,1,699873832,miguel.fernandez.000989@outlook.com,2025-11-13
CNT_ALGOHE_14091990M_062020,ADM_ALGOHE_14091990M_062020,ALGOHE_14091990M_062020,1,628266603,alvaro.gomez.001177@hospitalmail.com,2025-10-30
CNT_CAMAPE_15091960F_122020,ADM_CAMAPE_15091960F_122020,CAMAPE_15091960F_122020,1,689838176,carmen.martinez.000086@outlook.com,2025-10-02
CNT_PAHEFE_25102003M_072023,ADM_PAHEFE_25102003M_072023,PAHEFE_25102003M_072023,1,630546260,pablo.hernandez.001818@gmail.com,2025-01-05
CNT_DAMARO_21011961M_032023,ADM_DAMARO_21011961M_032023,DAMARO_21011961M_032023,1,648066437,daniel.martin.000478@hospitalmail.com,2025-01-05
CNT_CLGOHE_22021983F_052023,ADM_CLGOHE_22021983F_052023,CLGOHE_22021983F_052023,1,659135520,claudia.gomez.000427@mail.com,2025-01-13
CNT_PAJIGA_30051975F_042022,ADM_PAJIGA_30051975F_042022,PAJIGA_30051975F_042022,1,34699779340,paula.jimenez.000214@mail.com,2024-06-02
CNT_CAJIHE_27051993M_062022,ADM_CAJIHE_27051993M_062022,CAJIHE_27051993M_062022,1,34683717793,carlos.jimenez.000323@outlook.com,2025-05-13
CNT_JAFERO_26011991M_082022,ADM_JAFERO_26011991M_082022,JAFERO_26011991M_082022,1,672206778,javier.fernandez.001636@gmail.com,2025-06-16
CNT_ANPERU_05061958M_042023,ADM_ANPERU_05061958M_042023,ANPERU_05061958M_042023,1,667426361,antonio.perez.000481@outlook.com,2025-10-07
CNT_ELLOMA_15031991F_102023,ADM_ELLOMA_15031991F_102023,ELLOMA_15031991F_102023,1,669083244,elena.lopez.002152@gmail.com,2023-10-02
CNT_LUHESA_10011981F_012020,ADM_LUHESA_10011981F_012020,LUHESA_10011981F_012020,1,34666055005,lucia.hernandez.000011@hospitalmail.com,2023-05-28
CNT_PASAJI_03112002M_052022,ADM_PASAJI_03112002M_052022,PASAJI_03112002M_052022,1,683690018,pablo.sanchez.000958@gmail.com,2025-12-29
CNT_MALOLO_29031949M_012020,ADM_MALOLO_29031949M_012020,MALOLO_29031949M_012020,1,630193934,manuel.lopez.001718@gmail.com,2025-01-27
CNT_DADISA_17012025M_102023,ADM_DADISA_17012025M_102023,DADISA_17012025M_102023,1,670403125,david.diaz.002042@outlook.com,2025-06-03
CNT_CAHEDI_06021991M_092022,ADM_CAHEDI_06021991M_092022,CAHEDI_06021991M_092022,1,641835630,carlos.hernandez.001480@hospitalmail.com,2024-09-17
CNT_CALORU_01091984F_122023,ADM_CALORU_01091984F_122023,CALORU_01091984F_122023,1,635458388,carmen.lopez.000724@gmail.com,2025-01-02
CNT_JAHERO_19071947M_022022,ADM_JAHERO_19071947M_022022,JAHERO_19071947M_022022,1,34635501127,javier.hernandez.001673@mail.com,2025-06-27
CNT_DAFEFE_31051995M_042021,ADM_DAFEFE_31051995M_042021,DAFEFE_31051995M_042021,1,651353963,daniel.fernandez.001063@gmail.com,2024-08-03
CNT_LUJIGO_25112000F_072021,ADM_LUJIGO_25112000F_072021,LUJIGO_25112000F_072021,1,674405613,lucia.jimenez.001963@outlook.com,2025-07-01
CNT_SXPEGA_30121960F_102022,ADM_SXPEGA_30121960F_102022,SXPEGA_30121960F_102022,1,606407,sara.perez.002197@outlook.com,2024-05-15
CNT_ANDIMA_11121978M_032022,ADM_ANDIMA_11121978M_032022,ANDIMA_11121978M_032022,1,640782752,antonio.diaz.001391@hospitalmail.com,2025-02-07
CNT_MIDIGA_08051987M_062023,ADM_MIDIGA_08051987M_062023,MIDIGA_08051987M_062023,1,633349593,miguel.diaz.000577@hospitalmail.com,2025-02-25
CNT_PAJIFE_14081966F_032020,ADM_PAJIFE_14081966F_032020,PAJIFE_14081966F_032020,1,34658284971,paula.jimenez.001451@gmail.com,2025-09-19
CNT_SERUFE_11061965M_062021,ADM_SERUFE_11061965M_062021,SERUFE_11061965M_062021,1,657833697,sergio.ruiz.002136@hospitalmail.com,2025-07-03
CNT_MXMARU_21012001M_032020,ADM_MXMARU_21012001M_032020,MXMARU_21012001M_032020,1,666112010,miguel.martin.002109@gmail.com,2023-04-01
CNT_ISSAHE_22041936F_042022,ADM_ISSAHE_22041936F_042022,ISSAHE_22041936F_042022,1,602108331,isabel.sanchez.002086@hospitalmail.com,2024-04-09
CNT_ALDIGO_16111960M_011900,ADM_ALDIGO_16111960M_011900,ALDIGO_16111960M_011900,1,668346900,,2023-02-24
CNT_MADIMA_15041945F_032023,ADM_MADIMA_15041945F_032023,MADIMA_15041945F_032023,1,629045,marta.diaz.001669@gmail.com,2023-03-19
CNT_JAGOHE_17041998M_082023,ADM_JAGOHE_17041998M_082023,JAGOHE_17041998M_082023,1,664207400,javier.gomez.000320@gmail.com,2025-02-13
CNT_DAMAMA_20121982M_092020,ADM_DAMAMA_20121982M_092020,DAMAMA_20121982M_092020,1,684950128,david.martinez.001454@mail.com,2024-06-29
CNT_SEROJI_27011963M_082021,ADM_SEROJI_27011963M_082021,SEROJI_27011963M_082021,1,652861127,sergio.rodriguez.001505@mail.com,2023-10-31
CNT_MIGORO_07122011M_052023,ADM_MIGORO_07122011M_052023,MIGORO_07122011M_052023,1,691099614,,2023-05-11
CNT_LASARO_31051974F_032021,ADM_LASARO_31051974F_032021,LASARO_31051974F_032021,1,619828563,laura.sanchez.000463@hospitalmail.com,2024-01-02
CNT_ISSAJI_10071992F_052022,ADM_ISSAJI_10071992F_052022,ISSAJI_10071992F_052022,1,667116971,isabel.sanchez.001916@mail.com,2024-06-24
CNT_ALGOGA_16051997M_042021,ADM_ALGOGA_16051997M_042021,ALGOGA_16051997M_042021,1,34613761113,alvaro.gomez.000231@gmail.com,2025-09-10
CNT_CLGOJI_18062022F_082022,ADM_CLGOJI_18062022F_082022,CLGOJI_18062022F_082022,1,63881261,claudia.gomez.000607@hospitalmail.com,2023-09-11
CNT_PAJIRU_31052020M_012021,ADM_PAJIRU_31052020M_012021,PAJIRU_31052020M_012021,1,604360714,,2024-07-30
CNT_CALOFE_26071977M_052023,ADM_CALOFE_26071977M_052023,CALOFE_26071977M_052023,1,648455683,carlos.lopez.001124@hospitalmail.com,2025-07-21
CNT_SAJIJI_24072016F_072022,ADM_SAJIJI_24072016F_072022,SAJIJI_24072016F_072022,1,674547484,sara.jimenez.000299@outlook.com,2024-08-04
CNT_RALOGA_09042010M_062023,ADM_RALOGA_09042010M_062023,RALOGA_09042010M_062023,1,606965525,,2023-06-24
CNT_SAROLO_08111964F_012021,ADM_SAROLO_08111964F_012021,SAROLO_08111964F_012021,1,34619248851,sara.rodriguez.000253@mail.com,2024-09-20
CNT_DAHEJI_12062020M_112023,ADM_DAHEJI_12062020M_112023,DAHEJI_12062020M_112023,1,612710310,daniel.hernandez.000003@outlook.com,2024-09-26
CNT_MILOJI_28121993M_062022,ADM_MILOJI_28121993M_062022,MILOJI_28121993M_062022,1,34692669214,miguel.lopez.000233@mail.com,2025-05-24
CNT_ISSAJI_20032004F_042023,ADM_ISSAJI_20032004F_042023,ISSAJI_20032004F_042023,1,34616526831,isabel.sanchez.001191@hospitalmail.com,2025-12-16
CNT_CLGOGO_07011977F_062022,ADM_CLGOGO_07011977F_062022,CLGOGO_07011977F_062022,1,6132689,claudia.gomez.000570@hospitalmail.com,2025-08-30
CNT_MIFEFE_31082018M_062022,ADM_MIFEFE_31082018M_062022,MIFEFE_31082018M_062022,1,603257472,miguel.fernandez.001104@hospitalmail.com,2023-02-06
CNT_PAHERU_09031967M_062021,ADM_PAHERU_09031967M_062021,PAHERU_09031967M_062021,1,666140394,pablo.hernandez.002196@hospitalmail.com,2023-11-24
CNT_ISRUMA_28041977F_122020,ADM_ISRUMA_28041977F_122020,ISRUMA_28041977F_122020,1,68282328,isabel.ruiz.000971@mail.com,2025-08-17
CNT_NUMAHE_09121963F_022023,ADM_NUMAHE_09121963F_022023,NUMAHE_09121963F_022023,1,640445902,nuria.martin.000133@mail.com,2025-09-02
CNT_LADIRU_02031977F_022022,ADM_LADIRU_02031977F_022022,LADIRU_02031977F_022022,1,659549708,laura.diaz.000465@mail.com,2024-02-14
CNT_LADIPE_16081939F_092020,ADM_LADIPE_16081939F_092020,LADIPE_16081939F_092020,1,34696396928,laura.diaz.000518@hospitalmail.com,2025-07-13
CNT_MIHEJI_25101985M_022023,ADM_MIHEJI_25101985M_022023,MIHEJI_25101985M_022023,1,608983122,miguel.hernandez.000977@mail.com,2024-09-26
CNT_MAGAPE_17022002F_012020,ADM_MAGAPE_17022002F_012020,MAGAPE_17022002F_012020,1,642448185,maria.garcia.000914@mail.com,2025-06-04
CNT_JADIJI_11121994M_102021,ADM_JADIJI_11121994M_102021,JADIJI_11121994M_102021,1,34676504238,javier.diaz.001664@mail.com,2024-01-11
CNT_ALPEHE_24042025M_032023,ADM_ALPEHE_24042025M_032023,ALPEHE_24042025M_032023,1,622694449,alejandro.perez.001439@hospitalmail.com,2023-03-07
CNT_ALHEDI_10051995M_122020,ADM_ALHEDI_10051995M_122020,ALHEDI_10051995M_122020,1,688406242,alejandro.hernandez.002210@outlook.com,2025-06-27
CNT_PALOGA_25012000M_022023,ADM_PALOGA_25012000M_022023,PALOGA_25012000M_022023,1,689973740,pablo.lopez.000470@hospitalmail.com,2025-08-24
CNT_DADIRO_14071978M_072022,ADM_DADIRO_14071978M_072022,DADIRO_14071978M_072022,1,34656283534,david.diaz.002168@gmail.com,2025-11-24
CNT_SADIFE_10051945F_102022,ADM_SADIFE_10051945F_102022,SADIFE_10051945F_102022,1,664793372,sara.diaz.001997@mail.com,2024-03-02
CNT_CLPERU_02021995F_112021,ADM_CLPERU_02021995F_112021,CLPERU_02021995F_112021,1,34687882288,claudia.perez.000849@gmail.com,2024-08-30
CNT_MAGAPE_03012016F_112022,ADM_MAGAPE_03012016F_112022,MAGAPE_03012016F_112022,1,636315332,maria.garcia.001702@mail.com,2024-07-20
CNT_MIMARU_07011954M_082023,ADM_MIMARU_07011954M_082023,MIMARU_07011954M_082023,1,686597247,miguel.martin.000121@gmail.com,2025-06-18
CNT_RAFERO_19091982M_062023,ADM_RAFERO_19091982M_062023,RAFERO_19091982M_062023,1,695594208,rafael.fernandez.000456@mail.com,2025-02-10
CNT_ANLOGO_26061980M_112023,ADM_ANLOGO_26061980M_112023,ANLOGO_26061980M_112023,1,686065442,antonio.lopez.001580@gmail.com,2024-08-20
CNT_ALJIRU_30082021M_072023,ADM_ALJIRU_30082021M_072023,ALJIRU_30082021M_072023,1,680857398,alvaro.jimenez.001118@mail.com,2023-07-01
CNT_SEGAGO_18051998M_122022,ADM_SEGAGO_18051998M_122022,SEGAGO_18051998M_122022,1,614237474,sergio.garcia.001767@gmail.com,2025-07-24
CNT_JADILO_29011986M_032023,ADM_JADILO_29011986M_032023,JADILO_29011986M_032023,1,614618614,javier.diaz.001947@gmail.com,2023-03-25
CNT_MAMAHE_20121993M_042021,ADM_MAMAHE_20121993M_042021,MAMAHE_20121993M_042021,1,688258004,manuel.martin.001425@outlook.com,2025-05-15
CNT_ISGOJI_30121968F_052020,ADM_ISGOJI_30121968F_052020,ISGOJI_30121968F_052020,1,676823048,isabel.gomez.000111@outlook.com,2023-07-22
CNT_LUGAMA_16082003F_072023,ADM_LUGAMA_16082003F_072023,LUGAMA_16082003F_072023,1,608156655,lucia.garcia.000786@hospitalmail.com,2023-07-12
CNT_RAMAFE_13081989M_052023,ADM_RAMAFE_13081989M_052023,RAMAFE_13081989M_052023,1,633204145,rafael.martin.001693@outlook.com,2025-03-28
CNT_MASARU_24062016M_052023,ADM_MASARU_24062016M_052023,MASARU_24062016M_052023,1,693454850,manuel.sanchez.001827@outlook.com,2023-05-22
CNT_LAHEPE_14071950F_012023,ADM_LAHEPE_14071950F_012023,LAHEPE_14071950F_012023,1,66377247,laura.hernandez.000713@mail.com,2023-01-11
CNT_PAFESA_13082012F_072023,ADM_PAFESA_13082012F_072023,PAFESA_13082012F_072023,1,629651736,paula.fernandez.001993@mail.com,2025-12-11
CNT_PASAHE_10021962M_052023,ADM_PASAHE_10021962M_052023,PASAHE_10021962M_052023,1,647409865,pablo.sanchez.002013@gmail.com,2023-10-05
CNT_AXDIMA_08021987M_082021,ADM_AXDIMA_08021987M_082021,AXDIMA_08021987M_082021,1,654317336,alvaro.diaz.000301@outlook.com,2023-09-10
CNT_IXDIMA_21011971F_072022,ADM_IXDIMA_21011971F_072022,IXDIMA_21011971F_072022,1,662390425,irene.diaz.001548@hospitalmail.com,2025-08-12
CNT_MAPERU_10071995F_052023,ADM_MAPERU_10071995F_052023,MAPERU_10071995F_052023,1,34610327488,marta.perez.002220@mail.com,2025-11-17
CNT_NUJIHE_11121961F_042023,ADM_NUJIHE_11121961F_042023,NUJIHE_11121961F_042023,1,697393702,nuria.jimenez.000455@outlook.com,2023-04-16
CNT_JAMAJI_29061970M_072023,ADM_JAMAJI_29061970M_072023,JAMAJI_29061970M_072023,1,655383206,javier.martin.001895@outlook.com,2024-08-14
CNT_RASAFE_15091966M_012022,ADM_RASAFE_15091966M_012022,RASAFE_15091966M_012022,1,648069305,rafael.sanchez.002002@outlook.com,2024-05-04
CNT_CAMAFE_27062002M_082020,ADM_CAMAFE_27062002M_082020,CAMAFE_27062002M_082020,1,641337449,carlos.martin.001145@hospitalmail.com,2025-04-04
CNT_MAGOMA_20051993F_092023,ADM_MAGOMA_20051993F_092023,MAGOMA_20051993F_092023,1,600067996,marta.gomez.001646@gmail.com,2025-02-10
CNT_ALSAGA_14091936M_062023,ADM_ALSAGA_14091936M_062023,ALSAGA_14091936M_062023,1,671873178,alejandro.sanchez.000417@hospitalmail.com,2023-06-26
CNT_RAPEMA_05091981M_012022,ADM_RAPEMA_05091981M_012022,RAPEMA_05091981M_012022,1,634414399,rafael.perez.001843@gmail.com,2024-09-23
CNT_JARUHE_04092021M_102023,ADM_JARUHE_04092021M_102023,JARUHE_04092021M_102023,1,680273180,javier.ruiz.000779@mail.com,2025-01-17
CNT_MAROPE_17041971M_012021,ADM_MAROPE_17041971M_012021,MAROPE_17041971M_012021,1,675188014,manuel.rodriguez.001619@mail.com,2025-07-05
CNT_JAHERO_05061955M_072021,ADM_JAHERO_05061955M_072021,JAHERO_05061955M_072021,1,34687662167,javier.hernandez.001616@hospitalmail.com,2025-10-31
CNT_SAHEXX_31011997F_122022,ADM_SAHEXX_31011997F_122022,SAHEXX_31011997F_122022,1,34635598347,sara.hernandez.000365@outlook.com,2023-02-16
CNT_MAGAPE_19042009F_062022,ADM_MAGAPE_19042009F_062022,MAGAPE_19042009F_062022,1,615339991,maria.garcia.002124@outlook.com,2024-05-18
CNT_IRMAPE_10101943F_092022,ADM_IRMAPE_10101943F_092022,IRMAPE_10101943F_092022,1,673101577,irene.martin.002062@mail.com,2025-06-03
CNT_LUHEGO_04091977F_012020,ADM_LUHEGO_04091977F_012020,LUHEGO_04091977F_012020,1,648237277,lucia.hernandez.000215@outlook.com,2023-10-10
CNT_CAGAFE_05021970F_022020,ADM_CAGAFE_05021970F_022020,CAGAFE_05021970F_022020,1,620222607,carmen.garcia.000418@hospitalmail.com,2025-03-14
CNT_MISARU_17061962M_062020,ADM_MISARU_17061962M_062020,MISARU_17061962M_062020,1,637971670,miguel.sanchez.000131@hospitalmail.com,2025-04-26
CNT_ALHERU_20081993M_032020,ADM_ALHERU_20081993M_032020,ALHERU_20081993M_032020,1,6579789,alejandro.hernandez.000939@hospitalmail.com,2023-08-28
CNT_ELPEMA_28071977F_092020,ADM_ELPEMA_28071977F_092020,ELPEMA_28071977F_092020,1,647681198,elena.perez.001373@mail.com,2025-10-26
CNT_ALHEDI_24071998M_032020,ADM_ALHEDI_24071998M_032020,ALHEDI_24071998M_032020,1,67851056,alejandro.hernandez.001523@mail.com,2024-03-04
CNT_LASARO_29101992F_102023,ADM_LASARO_29101992F_102023,LASARO_29101992F_102023,1,683067732,laura.sanchez.001519@hospitalmail.com,2023-10-08
CNT_MAMAFE_07071984F_082022,ADM_MAMAFE_07071984F_082022,MAMAFE_07071984F_082022,1,636743950,maria.martin.000062@gmail.com,2025-01-18
CNT_PAGAPE_27121970M_022023,ADM_PAGAPE_27121970M_022023,PAGAPE_27121970M_022023,1,672379534,pablo.garcia.001139@gmail.com,2025-11-02
CNT_DADILO_16011986M_092023,ADM_DADILO_16011986M_092023,DADILO_16011986M_092023,1,606335435,daniel.diaz.001170@outlook.com,2025-07-23
CNT_ANMAGO_21031987M_082022,ADM_ANMAGO_21031987M_082022,ANMAGO_21031987M_082022,1,34619659775,antonio.martin.000920@hospitalmail.com,2025-02-08
CNT_ALPEMA_25101977M_062020,ADM_ALPEMA_25101977M_062020,ALPEMA_25101977M_062020,1,645885307,alejandro.perez.000394@hospitalmail.com,2025-01-31
CNT_CLMAHE_11011972F_062021,ADM_CLMAHE_11011972F_062021,CLMAHE_11011972F_062021,1,639723752,claudia.martin.001148@hospitalmail.com,2024-05-03
CNT_ELHEMA_25081961F_082020,ADM_ELHEMA_25081961F_082020,ELHEMA_25081961F_082020,1,649562411,elena.hernandez.000764@outlook.com,2025-09-30
CNT_PARULO_13051970M_032023,ADM_PARULO_13051970M_032023,PARULO_13051970M_032023,1,603355471,pablo.ruiz.000306@gmail.com,2024-08-13
CNT_PAFELO_29102000F_112022,ADM_PAFELO_29102000F_112022,PAFELO_29102000F_112022,1,653980,paula.fernandez.001762@outlook.com,2023-03-06
CNT_MARURO_25081958F_022021,ADM_MARURO_25081958F_022021,MARURO_25081958F_022021,1,34696319721,marta.ruiz.000515@outlook.com,2025-06-16
CNT_MAJISA_03091986F_032023,ADM_MAJISA_03091986F_032023,MAJISA_03091986F_032023,1,640906549,marta.jimenez.001345@mail.com,2025-06-20
CNT_LAGOGA_12041982F_122023,ADM_LAGOGA_12041982F_122023,LAGOGA_12041982F_122023,1,648247199,laura.gomez.000431@mail.com,2023-10-22
CNT_NUMARU_08082006F_122022,ADM_NUMARU_08082006F_122022,NUMARU_08082006F_122022,1,649795026,nuria.martin.001149@mail.com,2023-02-11
CNT_MARUDI_21011991F_052022,ADM_MARUDI_21011991F_052022,MARUDI_21011991F_052022,1,34652674392,maria.ruiz.001143@outlook.com,2024-01-11
CNT_MAJIGO_05082003F_082023,ADM_MAJIGO_05082003F_082023,MAJIGO_05082003F_082023,1,616258649,maria.jimenez.000728@mail.com,2023-11-08
CNT_MAGOSA_13101948F_012023,ADM_MAGOSA_13101948F_012023,MAGOSA_13101948F_012023,1,647422964,maria.gomez.001546@hospitalmail.com,2024-12-30
CNT_PAFERU_04092004F_112021,ADM_PAFERU_04092004F_112021,PAFERU_04092004F_112021,1,637528744,paula.fernandez.001561@gmail.com,2024-11-07
CNT_LXMAMA_18051984F_012023,ADM_LXMAMA_18051984F_012023,LXMAMA_18051984F_012023,1,607580954,lucia.martinez.000908@outlook.com,2023-01-23
CNT_RAROGO_15031981M_122020,ADM_RAROGO_15031981M_122020,RAROGO_15031981M_122020,1,633018217,rafael.rodriguez.000845@outlook.com,2025-01-02
CNT_PALORU_12022012F_062023,ADM_PALORU_12022012F_062023,PALORU_12022012F_062023,1,654352634,paula.lopez.000616@hospitalmail.com,2025-07-02
CNT_CAROMA_20091975F_012023,ADM_CAROMA_20091975F_012023,CAROMA_20091975F_012023,1,644976311,carmen.rodriguez.001160@outlook.com,2025-08-30
CNT_PARUHE_02122001F_062020,ADM_PARUHE_02122001F_062020,PARUHE_02122001F_062020,1,674448899,paula.ruiz.001282@hospitalmail.com,2024-06-12
CNT_JAGOXX_23021998M_102023,ADM_JAGOXX_23021998M_102023,JAGOXX_23021998M_102023,1,34620801670,,2023-10-27
CNT_JALOGO_29032004M_072020,ADM_JALOGO_29032004M_072020,JALOGO_29032004M_072020,1,642662928,javier.lopez.000683@hospitalmail.com,2025-08-09
CNT_MXJIMA_30112004M_122021,ADM_MXJIMA_30112004M_122021,MXJIMA_30112004M_122021,1,635833527,miguel.jimenez.000822@outlook.com,2023-05-07
CNT_DAMAHE_24071975M_072021,ADM_DAMAHE_24071975M_072021,DAMAHE_24071975M_072021,1,649223377,david.martinez.001535@mail.com,2024-05-12
CNT_NXJIHE_21032021F_092023,ADM_NXJIHE_21032021F_092023,NXJIHE_21032021F_092023,1,628529,nuria.jimenez.001727@gmail.com,2023-09-04
CNT_PXLOHE_04101949F_012022,ADM_PXLOHE_04101949F_012022,PXLOHE_04101949F_012022,1,34625472172,paula.lopez.000060@mail.com,2023-08-10
CNT_DARUHE_08101987M_112023,ADM_DARUHE_08101987M_112023,DARUHE_08101987M_112023,1,655850259,daniel.ruiz.001883@outlook.com,2025-05-29
CNT_IRSAMA_31082012F_012023,ADM_IRSAMA_31082012F_012023,IRSAMA_31082012F_012023,1,633181250,irene.sanchez.002202@outlook.com,2025-03-31
CNT_MAJIHE_30091998F_052022,ADM_MAJIHE_30091998F_052022,MAJIHE_30091998F_052022,1,63612888,marta.jimenez.000504@hospitalmail.com,2025-07-03
CNT_CLRUJI_21101990F_042023,ADM_CLRUJI_21101990F_042023,CLRUJI_21101990F_042023,1,617310592,claudia.ruiz.000563@mail.com,2023-08-31
CNT_PASAMA_08091996F_082022,ADM_PASAMA_08091996F_082022,PASAMA_08091996F_082022,1,34606399709,paula.sanchez.000674@outlook.com,2024-01-28
CNT_IRDIJI_05051990F_042023,ADM_IRDIJI_05051990F_042023,IRDIJI_05051990F_042023,1,34648048710,irene.diaz.002250@hospitalmail.com,2024-09-06
CNT_MIRUFE_19082019M_082022,ADM_MIRUFE_19082019M_082022,MIRUFE_19082019M_082022,1,610971828,miguel.ruiz.001594@outlook.com,2025-07-07
CNT_JASAFE_07081974M_072022,ADM_JASAFE_07081974M_072022,JASAFE_07081974M_072022,1,675174420,javier.sanchez.000631@mail.com,2025-07-13
CNT_NUDIRO_27041991F_032022,ADM_NUDIRO_27041991F_032022,NUDIRO_27041991F_032022,1,34645896238,nuria.diaz.000757@outlook.com,2025-11-19
CNT_DALORO_29091965M_062023,ADM_DALORO_29091965M_062023,DALORO_29091965M_062023,1,608084510,david.lopez.000195@outlook.com,2023-11-29
CNT_IRMAFE_16102001F_032020,ADM_IRMAFE_16102001F_032020,IRMAFE_16102001F_032020,1,604910192,irene.martin.000564@mail.com,2023-12-17
CNT_CAFEFE_05021993F_112022,ADM_CAFEFE_05021993F_112022,CAFEFE_05021993F_112022,1,626050347,carmen.fernandez.001910@outlook.com,2025-08-08
CNT_JADIHE_23121961M_092020,ADM_JADIHE_23121961M_092020,JADIHE_23121961M_092020,1,636643488,javier.diaz.000506@hospitalmail.com,2025-01-22
CNT_MARUJI_16082006F_122023,ADM_MARUJI_16082006F_122023,MARUJI_16082006F_122023,1,653738286,marta.ruiz.001607@hospitalmail.com,2025-09-07
CNT_NUGAMA_30061964F_072022,ADM_NUGAMA_30061964F_072022,NUGAMA_30061964F_072022,1,666087735,nuria.garcia.000852@gmail.com,2025-11-24
CNT_CAROHE_16121935F_032023,ADM_CAROHE_16121935F_032023,CAROHE_16121935F_032023,1,34637646035,carmen.rodriguez.000105@hospitalmail.com,2023-03-02
CNT_DAGOLO_09112009M_052022,ADM_DAGOLO_09112009M_052022,DAGOLO_09112009M_052022,1,34672302572,daniel.gomez.001403@gmail.com,2025-06-04
CNT_CASADI_10072001M_042020,ADM_CASADI_10072001M_042020,CASADI_10072001M_042020,1,34684646437,carlos.sanchez.000211@mail.com,2025-10-08
CNT_JAGODI_06042011M_082020,ADM_JAGODI_06042011M_082020,JAGODI_06042011M_082020,1,644478477,javier.gomez.000033@gmail.com,2025-09-21
CNT_PXLOLO_22011980F_052023,ADM_PXLOLO_22011980F_052023,PXLOLO_22011980F_052023,1,654623943,paula.lopez.000269@outlook.com,2025-02-28
CNT_ALMARO_04111990M_112021,ADM_ALMARO_04111990M_112021,ALMARO_04111990M_112021,1,34662373192,alejandro.martinez.000950@mail.com,2025-01-29
CNT_MXDIRO_21022007F_112023,ADM_MXDIRO_21022007F_112023,MXDIRO_21022007F_112023,1,667024295,maria.diaz.001783@hospitalmail.com,2023-11-03
CNT_CAJIPE_26082008F_112023,ADM_CAJIPE_26082008F_112023,CAJIPE_26082008F_112023,1,698628205,carmen.jimenez.001410@outlook.com,2025-03-25
CNT_CLMAMA_22022017F_072023,ADM_CLMAMA_22022017F_072023,CLMAMA_22022017F_072023,1,67290030,claudia.martin.001195@hospitalmail.com,2025-01-01
CNT_CADIRU_29121981F_022020,ADM_CADIRU_29121981F_022020,CADIRU_29121981F_022020,1,626339566,,2023-08-24
CNT_ALLOMA_17121984M_112020,ADM_ALLOMA_17121984M_112020,ALLOMA_17121984M_112020,1,34644865389,alvaro.lopez.001045@hospitalmail.com,2024-07-14
CNT_ALRODI_13072001M_122022,ADM_ALRODI_13072001M_122022,ALRODI_13072001M_122022,1,648117584,alejandro.rodriguez.001417@outlook.com,2024-08-12
CNT_LUROJI_18091954F_042023,ADM_LUROJI_18091954F_042023,LUROJI_18091954F_042023,1,34606017526,lucia.rodriguez.000283@outlook.com,2024-09-28
CNT_PAJIRU_20011985F_122020,ADM_PAJIRU_20011985F_122020,PAJIRU_20011985F_122020,1,34682819393,paula.jimenez.001641@gmail.com,2024-01-09
CNT_NUDIRO_22061996F_062021,ADM_NUDIRO_22061996F_062021,NUDIRO_22061996F_062021,1,634680958,nuria.diaz.002050@mail.com,2025-11-08
CNT_LXLOFE_16101990F_042023,ADM_LXLOFE_16101990F_042023,LXLOFE_16101990F_042023,1,629855995,laura.lopez.000915@hospitalmail.com,2023-04-22
CNT_ANGAGO_25082000M_092021,ADM_ANGAGO_25082000M_092021,ANGAGO_25082000M_092021,1,609384675,antonio.garcia.001431@gmail.com,2025-11-09
CNT_SEJISA_27011946M_012021,ADM_SEJISA_27011946M_012021,SEJISA_27011946M_012021,1,648675718,sergio.jimenez.002107@gmail.com,2024-05-29
CNT_IRGOHE_13122016F_082022,ADM_IRGOHE_13122016F_082022,IRGOHE_13122016F_082022,1,681266938,irene.gomez.001155@hospitalmail.com,2025-04-29
CNT_DAROJI_08081999M_012023,ADM_DAROJI_08081999M_012023,DAROJI_08081999M_012023,1,659632201,david.rodriguez.001058@mail.com,2025-05-25
CNT_DAPERU_14041947M_022022,ADM_DAPERU_14041947M_022022,DAPERU_14041947M_022022,1,688078228,david.perez.001485@mail.com,2025-02-20
CNT_MAJIMA_05121964F_032021,ADM_MAJIMA_05121964F_032021,MAJIMA_05121964F_032021,1,34609291064,marta.jimenez.001918@hospitalmail.com,2025-06-16
CNT_MAJISA_06032000F_062023,ADM_MAJISA_06032000F_062023,MAJISA_06032000F_062023,1,657518237,marta.jimenez.000856@gmail.com,2023-10-22
CNT_JAFELO_28052018M_122023,ADM_JAFELO_28052018M_122023,JAFELO_28052018M_122023,1,600452715,javier.fernandez.001545@outlook.com,2023-12-07
CNT_CLMADI_14091945F_122020,ADM_CLMADI_14091945F_122020,CLMADI_14091945F_122020,1,34606184296,claudia.martin.002213@outlook.com,2024-09-28
CNT_ALHEHE_01092001M_042022,ADM_ALHEHE_01092001M_042022,ALHEHE_01092001M_042022,1,641755586,alvaro.hernandez.000240@gmail.com,2025-01-05
CNT_MASARU_12021983F_022023,ADM_MASARU_12021983F_022023,MASARU_12021983F_022023,1,699142252,maria.sanchez.000281@gmail.com,2024-07-09
CNT_SAHERU_29101982F_122023,ADM_SAHERU_29101982F_122023,SAHERU_29101982F_122023,1,669728020,sara.hernandez.000594@hospitalmail.com,2023-12-26
CNT_ALGODI_02111958M_072023,ADM_ALGODI_02111958M_072023,ALGODI_02111958M_072023,1,611333936,alejandro.gomez.001097@hospitalmail.com,2024-12-21
CNT_ELMARU_30071951F_022023,ADM_ELMARU_30071951F_022023,ELMARU_30071951F_022023,1,614494871,elena.martin.001339@hospitalmail.com,2025-09-06
CNT_CAPESA_30051958M_022021,ADM_CAPESA_30051958M_022021,CAPESA_30051958M_022021,1,627348599,carlos.perez.001572@outlook.com,2025-12-28
CNT_LUSAHE_03071979F_082022,ADM_LUSAHE_03071979F_082022,LUSAHE_03071979F_082022,1,34630136155,lucia.sanchez.000302@mail.com,2025-06-23
CNT_LUHEPE_01031971F_102023,ADM_LUHEPE_01031971F_102023,LUHEPE_01031971F_102023,1,34624075911,lucia.hernandez.000058@hospitalmail.com,2024-12-11
CNT_PAHEFE_20041985M_042022,ADM_PAHEFE_20041985M_042022,PAHEFE_20041985M_042022,1,34699874985,pablo.hernandez.000561@gmail.com,2025-03-22
CNT_CAPEPE_27041985F_072021,ADM_CAPEPE_27041985F_072021,CAPEPE_27041985F_072021,1,34640867417,carmen.perez.001631@mail.com,2023-08-17
CNT_ISDIGA_29111989F_082023,ADM_ISDIGA_29111989F_082023,ISDIGA_29111989F_082023,1,645970701,isabel.diaz.000956@outlook.com,2023-08-20
CNT_IRRORO_20021942F_062022,ADM_IRRORO_20021942F_062022,IRRORO_20021942F_062022,1,34624801308,irene.rodriguez.001420@mail.com,2025-08-27
CNT_ISFEJI_08042002F_012023,ADM_ISFEJI_08042002F_012023,ISFEJI_08042002F_012023,1,685819248,isabel.fernandez.001761@gmail.com,2023-01-04
CNT_DARUGA_05041965M_082023,ADM_DARUGA_05041965M_082023,DARUGA_05041965M_082023,1,671298535,david.ruiz.002028@mail.com,2023-08-03
CNT_PXMARO_09011978M_052023,ADM_PXMARO_09011978M_052023,PXMARO_09011978M_052023,1,644194090,pablo.martinez.001310@outlook.com,2025-04-09
CNT_RASAGA_16071994M_012022,ADM_RASAGA_16071994M_012022,RASAGA_16071994M_012022,1,661304765,rafael.sanchez.000625@hospitalmail.com,2024-07-24
CNT_SAMAFE_19122008F_012023,ADM_SAMAFE_19122008F_012023,SAMAFE_19122008F_012023,1,653101668,sara.martin.000026@hospitalmail.com,2025-06-04
CNT_CLMAPE_09111940F_022023,ADM_CLMAPE_09111940F_022023,CLMAPE_09111940F_022023,1,696295337,claudia.martinez.001460@mail.com,2024-10-23
CNT_MALORO_14021972F_022023,ADM_MALORO_14021972F_022023,MALORO_14021972F_022023,1,34669530441,maria.lopez.000807@mail.com,2024-06-11
CNT_PAGOMA_16072011M_102020,ADM_PAGOMA_16072011M_102020,PAGOMA_16072011M_102020,1,616393907,pablo.gomez.000513@mail.com,2023-09-19
CNT_DADIDI_12051966M_122022,ADM_DADIDI_12051966M_122022,DADIDI_12051966M_122022,1,629839706,daniel.diaz.000959@gmail.com,2025-12-10
CNT_DASAXX_23021945M_082020,ADM_DASAXX_23021945M_082020,DASAXX_23021945M_082020,1,656099915,,2023-01-28
CNT_RARUGO_09032004M_032022,ADM_RARUGO_09032004M_032022,RARUGO_09032004M_032022,1,661985451,rafael.ruiz.000144@hospitalmail.com,2025-06-14
CNT_ISPEGO_16071966F_042022,ADM_ISPEGO_16071966F_042022,ISPEGO_16071966F_042022,1,34681162844,isabel.perez.001286@gmail.com,2025-12-24
CNT_LURUFE_09031988F_092021,ADM_LURUFE_09031988F_092021,LURUFE_09031988F_092021,1,34695244032,lucia.ruiz.000608@outlook.com,2024-11-22
CNT_ANSADI_22061992M_072021,ADM_ANSADI_22061992M_072021,ANSADI_22061992M_072021,1,616794544,antonio.sanchez.001479@outlook.com,2025-01-02
CNT_MAFEMA_21121969M_032023,ADM_MAFEMA_21121969M_032023,MAFEMA_21121969M_032023,1,601362716,manuel.fernandez.001308@hospitalmail.com,2024-10-31
CNT_CAMAMA_02011967F_032021,ADM_CAMAMA_02011967F_032021,CAMAMA_02011967F_032021,1,642843238,carmen.martin.000398@gmail.com,2025-12-10
CNT_SEGAPE_29041975M_062020,ADM_SEGAPE_29041975M_062020,SEGAPE_29041975M_062020,1,617899352,sergio.garcia.000087@hospitalmail.com,2025-12-13
CNT_DAPEMA_11121953M_052020,ADM_DAPEMA_11121953M_052020,DAPEMA_11121953M_052020,1,611128324,daniel.perez.000286@hospitalmail.com,2025-04-29
CNT_CLRUHE_04081998F_032021,ADM_CLRUHE_04081998F_032021,CLRUHE_04081998F_032021,1,621746549,claudia.ruiz.000228@gmail.com,2025-08-03
CNT_LUFEGO_10081974F_022020,ADM_LUFEGO_10081974F_022020,LUFEGO_10081974F_022020,1,635272910,lucia.fernandez.000729@mail.com,2025-02-14
CNT_ANDIGA_01072012M_012023,ADM_ANDIGA_01072012M_012023,ANDIGA_01072012M_012023,1,629906525,antonio.diaz.001991@hospitalmail.com,2024-06-26
CNT_SERUGA_13012003M_122023,ADM_SERUGA_13012003M_122023,SERUGA_13012003M_122023,1,624644584,sergio.ruiz.000975@mail.com,2023-08-19
CNT_PAHEJI_14022010M_102021,ADM_PAHEJI_14022010M_102021,PAHEJI_14022010M_102021,1,34626792678,pablo.hernandez.000291@mail.com,2025-10-13
CNT_MIGODI_20072021M_052021,ADM_MIGODI_20072021M_052021,MIGODI_20072021M_052021,1,634030873,miguel.gomez.000902@hospitalmail.com,2024-12-09
CNT_CAMAJI_27082006F_072022,ADM_CAMAJI_27082006F_072022,CAMAJI_27082006F_072022,1,621180199,carmen.martin.001093@gmail.com,2024-08-17
CNT_ISJIRU_10021986F_012023,ADM_ISJIRU_10021986F_012023,ISJIRU_10021986F_012023,1,645203178,isabel.jimenez.002043@hospitalmail.com,2025-04-21
CNT_ISMAGO_19072011F_032023,ADM_ISMAGO_19072011F_032023,ISMAGO_19072011F_032023,1,605569340,isabel.martinez.000609@outlook.com,2025-03-08
CNT_DADIRO_12031971M_092023,ADM_DADIRO_12031971M_092023,DADIRO_12031971M_092023,1,651741779,david.diaz.000327@mail.com,2025-03-07
CNT_ANPEGA_29011946M_032023,ADM_ANPEGA_29011946M_032023,ANPEGA_29011946M_032023,1,688620817,antonio.perez.001757@hospitalmail.com,2023-06-30
CNT_MIRULO_07111973M_082023,ADM_MIRULO_07111973M_082023,MIRULO_07111973M_082023,1,633333640,miguel.ruiz.000424@mail.com,2023-08-08
CNT_CARUJI_13021962M_102020,ADM_CARUJI_13021962M_102020,CARUJI_13021962M_102020,1,698726061,carlos.ruiz.001484@outlook.com,2025-06-07
CNT_CXPERO_26071945F_032021,ADM_CXPERO_26071945F_032021,CXPERO_26071945F_032021,1,640627892,carmen.perez.001489@gmail.com,2023-12-19
CNT_MARUPE_08052015F_092023,ADM_MARUPE_08052015F_092023,MARUPE_08052015F_092023,1,658189344,marta.ruiz.001892@hospitalmail.com,2025-05-17
CNT_MAFESA_07031978F_092023,ADM_MAFESA_07031978F_092023,MAFESA_07031978F_092023,1,658569070,maria.fernandez.001378@hospitalmail.com,2024-03-12
CNT_PAMAMA_10071950F_112020,ADM_PAMAMA_10071950F_112020,PAMAMA_10071950F_112020,1,642383350,paula.martin.001008@hospitalmail.com,2024-09-19
CNT_MIPEGO_01031971M_052020,ADM_MIPEGO_01031971M_052020,MIPEGO_01031971M_052020,1,6155401,miguel.perez.001084@gmail.com,2024-08-28
CNT_DAJIGO_15022022M_072022,ADM_DAJIGO_15022022M_072022,DAJIGO_15022022M_072022,1,679324317,daniel.jimenez.000881@gmail.com,2023-08-21
CNT_SAGOGO_21121985F_122022,ADM_SAGOGO_21121985F_122022,SAGOGO_21121985F_122022,1,606098883,sara.gomez.000699@outlook.com,2025-05-21
CNT_CAPEPE_17011982F_082023,ADM_CAPEPE_17011982F_082023,CAPEPE_17011982F_082023,1,694287483,carmen.perez.000159@mail.com,2024-08-03
CNT_ALGARU_12072004M_012023,ADM_ALGARU_12072004M_012023,ALGARU_12072004M_012023,1,623640632,alvaro.garcia.002018@mail.com,2025-01-04
CNT_ELDIHE_10021997F_022023,ADM_ELDIHE_10021997F_022023,ELDIHE_10021997F_022023,1,34613960955,elena.diaz.000946@outlook.com,2023-02-06
CNT_ALRUGO_21121989M_102021,ADM_ALRUGO_21121989M_102021,ALRUGO_21121989M_102021,1,695195688,alvaro.ruiz.001501@mail.com,2024-04-17
CNT_ISJIRO_15081983F_052023,ADM_ISJIRO_15081983F_052023,ISJIRO_15081983F_052023,1,69200869,isabel.jimenez.001728@hospitalmail.com,2024-09-28
CNT_EXLOGA_16051971F_062023,ADM_EXLOGA_16051971F_062023,EXLOGA_16051971F_062023,1,603662448,elena.lopez.001001@gmail.com,2023-06-24
CNT_ALSADI_29041979M_072020,ADM_ALSADI_29041979M_072020,ALSADI_29041979M_072020,1,626420106,alvaro.sanchez.001078@gmail.com,2025-05-26
CNT_ELDIMA_09091986F_092023,ADM_ELDIMA_09091986F_092023,ELDIMA_09091986F_092023,1,633639450,elena.diaz.000067@gmail.com,2024-07-13
CNT_MAJIGO_25071970F_092021,ADM_MAJIGO_25071970F_092021,MAJIGO_25071970F_092021,1,640043855,marta.jimenez.000645@hospitalmail.com,2025-11-17
CNT_CLPEJI_08071981F_062022,ADM_CLPEJI_08071981F_062022,CLPEJI_08071981F_062022,1,34625384928,claudia.perez.000843@hospitalmail.com,2025-02-06
CNT_DAMAFE_03011949M_032023,ADM_DAMAFE_03011949M_032023,DAMAFE_03011949M_032023,1,34679942630,daniel.martinez.000293@mail.com,2023-03-26
CNT_ISMAFE_06121948F_092022,ADM_ISMAFE_06121948F_092022,ISMAFE_06121948F_092022,1,656284142,isabel.martin.001301@outlook.com,2025-12-05
CNT_PAJILO_14081974F_052023,ADM_PAJILO_14081974F_052023,PAJILO_14081974F_052023,1,60805527,paula.jimenez.001922@gmail.com,2023-05-14
CNT_IRGOGA_20031970F_042021,ADM_IRGOGA_20031970F_042021,IRGOGA_20031970F_042021,1,600756128,irene.gomez.000068@gmail.com,2024-01-09
CNT_ALPEPE_03102002M_032023,ADM_ALPEPE_03102002M_032023,ALPEPE_03102002M_032023,1,34697892185,alvaro.perez.000282@mail.com,2024-03-10
CNT_MAGARU_06091952F_092022,ADM_MAGARU_06091952F_092022,MAGARU_06091952F_092022,1,646503750,maria.garcia.000551@mail.com,2023-12-11
CNT_PAGAGA_08071952F_042023,ADM_PAGAGA_08071952F_042023,PAGAGA_08071952F_042023,1,616002404,paula.garcia.001372@gmail.com,2023-08-17
CNT_CAGODI_06102004F_052021,ADM_CAGODI_06102004F_052021,CAGODI_06102004F_052021,1,677277095,carmen.gomez.001692@mail.com,2023-02-08
CNT_CAGOSA_31081991M_012022,ADM_CAGOSA_31081991M_012022,CAGOSA_31081991M_012022,1,663566483,carlos.gomez.001144@mail.com,2023-11-18
CNT_PAROPE_22051952F_122022,ADM_PAROPE_22051952F_122022,PAROPE_22051952F_122022,1,646773820,paula.rodriguez.002100@hospitalmail.com,2023-12-12
CNT_DALORO_16062006M_092020,ADM_DALORO_16062006M_092020,DALORO_16062006M_092020,1,630744058,daniel.lopez.001612@hospitalmail.com,2023-09-01
CNT_ALSADI_03081990M_062021,ADM_ALSADI_03081990M_062021,ALSADI_03081990M_062021,1,640297858,alvaro.sanchez.001051@hospitalmail.com,2023-12-31
CNT_MAHEGO_03101937F_062021,ADM_MAHEGO_03101937F_062021,MAHEGO_03101937F_062021,1,653071439,maria.hernandez.000423@gmail.com,2024-02-29
CNT_CARUPE_11071961F_052020,ADM_CARUPE_11071961F_052020,CARUPE_11071961F_052020,1,610528521,carmen.ruiz.000771@mail.com,2023-12-23
CNT_PARUGA_05041996M_072023,ADM_PARUGA_05041996M_072023,PARUGA_05041996M_072023,1,34638245195,pablo.ruiz.001232@gmail.com,2024-12-28
CNT_LUSAHE_27111967F_022022,ADM_LUSAHE_27111967F_022022,LUSAHE_27111967F_022022,1,684133242,lucia.sanchez.002149@hospitalmail.com,2024-02-20
CNT_NULOGA_02101987F_102022,ADM_NULOGA_02101987F_102022,NULOGA_02101987F_102022,1,636869643,nuria.lopez.002143@mail.com,2024-03-24
CNT_SAHEMA_22121965F_022023,ADM_SAHEMA_22121965F_022023,SAHEMA_22121965F_022023,1,659405359,sara.hernandez.001929@mail.com,2023-02-11
CNT_LUFEJI_24061945F_082023,ADM_LUFEJI_24061945F_082023,LUFEJI_24061945F_082023,1,624407437,lucia.fernandez.002056@gmail.com,2025-11-20
CNT_CAGOGO_24101973F_072020,ADM_CAGOGO_24101973F_072020,CAGOGO_24101973F_072020,1,609910305,carmen.gomez.002000@mail.com,2024-10-23
CNT_ISMARU_11031973F_012020,ADM_ISMARU_11031973F_012020,ISMARU_11031973F_012020,1,630290312,isabel.martin.001260@mail.com,2025-10-23
CNT_CLMARO_01031997F_082022,ADM_CLMARO_01031997F_082022,CLMARO_01031997F_082022,1,34690610904,claudia.martin.000591@outlook.com,2023-12-15
CNT_CLROFE_05032018F_122021,ADM_CLROFE_05032018F_122021,CLROFE_05032018F_122021,1,690337883,claudia.rodriguez.001182@gmail.com,2024-12-29
CNT_ALMAFE_03121999M_092020,ADM_ALMAFE_03121999M_092020,ALMAFE_03121999M_092020,1,34626797700,alejandro.martin.001242@hospitalmail.com,2025-06-21
CNT_ANPEMA_16081966M_042022,ADM_ANPEMA_16081966M_042022,ANPEMA_16081966M_042022,1,694056481,antonio.perez.002078@hospitalmail.com,2025-06-30
CNT_ELROHE_26021972F_052021,ADM_ELROHE_26021972F_052021,ELROHE_26021972F_052021,1,34675521701,elena.rodriguez.000388@hospitalmail.com,2025-05-22
CNT_SARUFE_28011988F_012020,ADM_SARUFE_28011988F_012020,SARUFE_28011988F_012020,1,602373909,sara.ruiz.001983@mail.com,2025-03-31
CNT_ISPEPE_28091976F_012021,ADM_ISPEPE_28091976F_012021,ISPEPE_28091976F_012021,1,687419993,isabel.perez.001371@outlook.com,2023-03-04
CNT_IRPEFE_03052000F_082023,ADM_IRPEFE_03052000F_082023,IRPEFE_03052000F_082023,1,671525279,irene.perez.001931@hospitalmail.com,2025-01-24
CNT_ANMAFE_13052008M_122022,ADM_ANMAFE_13052008M_122022,ANMAFE_13052008M_122022,1,648687470,antonio.martinez.000285@outlook.com,2024-09-10
CNT_MALOGO_30071994F_102021,ADM_MALOGO_30071994F_102021,MALOGO_30071994F_102021,1,636921450,marta.lopez.002140@gmail.com,2025-09-22
CNT_NULOXX_11051972F_112023,ADM_NULOXX_11051972F_112023,NULOXX_11051972F_112023,1,666332292,,2023-11-29
CNT_JASARO_19122024M_052023,ADM_JASARO_19122024M_052023,JASARO_19122024M_052023,1,650874910,javier.sanchez.002009@gmail.com,2024-02-16
CNT_IRPERU_06091986F_092020,ADM_IRPERU_06091986F_092020,IRPERU_06091986F_092020,1,651711992,irene.perez.001777@outlook.com,2025-11-22
CNT_PARODI_12091991F_042023,ADM_PARODI_12091991F_042023,PARODI_12091991F_042023,1,651680246,paula.rodriguez.001024@gmail.com,2023-04-21
CNT_ANGAGO_25012002M_072022,ADM_ANGAGO_25012002M_072022,ANGAGO_25012002M_072022,1,612421062,antonio.garcia.000820@gmail.com,2024-03-18
CNT_RADIMA_22121976M_062022,ADM_RADIMA_22121976M_062022,RADIMA_22121976M_062022,1,68347351,rafael.diaz.001043@outlook.com,2025-07-15
CNT_MAPEDI_22041993M_032023,ADM_MAPEDI_22041993M_032023,MAPEDI_22041993M_032023,1,655081092,manuel.perez.000532@gmail.com,2024-06-25
CNT_MAGAFE_14081999F_102020,ADM_MAGAFE_14081999F_102020,MAGAFE_14081999F_102020,1,34604382765,maria.garcia.000700@mail.com,2025-01-26
CNT_ALROGA_14041961M_072021,ADM_ALROGA_14041961M_072021,ALROGA_14041961M_072021,1,650920988,alvaro.rodriguez.001032@outlook.com,2025-07-17
CNT_LUMADI_31011990F_082022,ADM_LUMADI_31011990F_082022,LUMADI_31011990F_082022,1,648753778,lucia.martin.001350@mail.com,2025-02-22
CNT_LULOGA_01031975F_072020,ADM_LULOGA_01031975F_072020,LULOGA_01031975F_072020,1,653504405,lucia.lopez.000580@outlook.com,2024-12-13
CNT_ANMAHE_25041994M_082022,ADM_ANMAHE_25041994M_082022,ANMAHE_25041994M_082022,1,625455449,antonio.martin.002094@gmail.com,2024-04-21
CNT_LAMAGA_24041966F_122020,ADM_LAMAGA_24041966F_122020,LAMAGA_24041966F_122020,1,66768325,laura.martin.001334@gmail.com,2023-10-28
CNT_MAFEGA_15051981F_092020,ADM_MAFEGA_15051981F_092020,MAFEGA_15051981F_092020,1,646121155,maria.fernandez.001491@gmail.com,2025-09-25
CNT_JAPELO_27051944M_032022,ADM_JAPELO_27051944M_032022,JAPELO_27051944M_032022,1,614022579,javier.perez.000373@hospitalmail.com,2023-01-07
CNT_PAHEMA_23111974M_022022,ADM_PAHEMA_23111974M_022022,PAHEMA_23111974M_022022,1,601729611,pablo.hernandez.002123@outlook.com,2024-09-18
CNT_ELGOGA_22051997F_112023,ADM_ELGOGA_22051997F_112023,ELGOGA_22051997F_112023,1,677838,elena.gomez.001109@gmail.com,2024-08-28
CNT_JAROMA_03101951M_092020,ADM_JAROMA_03101951M_092020,JAROMA_03101951M_092020,1,667566055,javier.rodriguez.000441@outlook.com,2025-10-03
CNT_CASAJI_29112002F_092021,ADM_CASAJI_29112002F_092021,CASAJI_29112002F_092021,1,655733807,carmen.sanchez.001487@gmail.com,2023-11-05
CNT_MAPEPE_07051983F_022021,ADM_MAPEPE_07051983F_022021,MAPEPE_07051983F_022021,1,649446235,maria.perez.001611@gmail.com,2023-08-23
CNT_DAGODI_18121963M_052020,ADM_DAGODI_18121963M_052020,DAGODI_18121963M_052020,1,618122705,,2025-02-19
CNT_CLLOFE_13071993F_011900,ADM_CLLOFE_13071993F_011900,CLLOFE_13071993F_011900,1,689829033,claudia.lopez.001370@mail.com,2023-06-24
CNT_MAHEJI_06081992F_092023,ADM_MAHEJI_06081992F_092023,MAHEJI_06081992F_092023,1,656085219,marta.hernandez.000500@outlook.com,2023-09-20
CNT_CAMADI_23061999F_062023,ADM_CAMADI_23061999F_062023,CAMADI_23061999F_062023,1,694180117,carmen.martinez.001700@hospitalmail.com,2023-06-09
CNT_ELMADI_29051962F_042023,ADM_ELMADI_29051962F_042023,ELMADI_29051962F_042023,1,649339563,elena.martin.000747@gmail.com,2025-06-15
CNT_PADIMA_31121990F_012023,ADM_PADIMA_31121990F_012023,PADIMA_31121990F_012023,1,647437890,paula.diaz.000586@mail.com,2023-01-02
CNT_CLFEDI_18081970F_112022,ADM_CLFEDI_18081970F_112022,CLFEDI_18081970F_112022,1,650813514,claudia.fernandez.000743@hospitalmail.com,2025-08-22
CNT_CAGAGA_16021972F_032023,ADM_CAGAGA_16021972F_032023,CAGAGA_16021972F_032023,1,639926536,carmen.garcia.000227@outlook.com,2025-06-16
CNT_SADIRU_31011996F_052021,ADM_SADIRU_31011996F_052021,SADIRU_31011996F_052021,1,658326308,sara.diaz.000756@gmail.com,2025-08-04
CNT_MALOLO_14031949F_032021,ADM_MALOLO_14031949F_032021,MALOLO_14031949F_032021,1,607258266,maria.lopez.000653@hospitalmail.com,2024-07-13
CNT_RAJIGA_12021956M_012022,ADM_RAJIGA_12021956M_012022,RAJIGA_12021956M_012022,1,670703146,rafael.jimenez.001387@mail.com,2024-01-27
CNT_ISRODI_09021990F_062020,ADM_ISRODI_09021990F_062020,ISRODI_09021990F_062020,1,633523176,isabel.rodriguez.000356@gmail.com,2025-04-01
CNT_ALFEMA_15071946M_042022,ADM_ALFEMA_15071946M_042022,ALFEMA_15071946M_042022,1,671984386,alvaro.fernandez.000207@outlook.com,2025-11-05
CNT_ELHEMA_10041988F_022020,ADM_ELHEMA_10041988F_022020,ELHEMA_10041988F_022020,1,683215797,elena.hernandez.000755@hospitalmail.com,2025-05-08
CNT_LXPEMA_02091963F_092022,ADM_LXPEMA_02091963F_092022,LXPEMA_02091963F_092022,1,635163840,,2023-07-18
CNT_MIGOGA_24051957M_042023,ADM_MIGOGA_24051957M_042023,MIGOGA_24051957M_042023,1,686851,miguel.gomez.001744@outlook.com,2024-11-17
CNT_CAGORO_20062012F_062021,ADM_CAGORO_20062012F_062021,CAGORO_20062012F_062021,1,615201572,carmen.gomez.000581@outlook.com,2025-08-18
CNT_PAFEGA_14042005F_012023,ADM_PAFEGA_14042005F_012023,PAFEGA_14042005F_012023,0,,,
CNT_CAHEGO_24052022M_072023,ADM_CAHEGO_24052022M_072023,CAHEGO_24052022M_072023,1,34602793044,carlos.hernandez.001711@outlook.com,2025-12-19
CNT_MALORU_20041944F_072023,ADM_MALORU_20041944F_072023,MALORU_20041944F_072023,1,604767546,maria.lopez.000167@outlook.com,2023-07-24
CNT_MASAHE_16051957F_092023,ADM_MASAHE_16051957F_092023,MASAHE_16051957F_092023,1,636419104,maria.sanchez.001384@mail.com,2024-12-13
CNT_MILOMA_27122001M_042022,ADM_MILOMA_27122001M_042022,MILOMA_27122001M_042022,1,673007150,miguel.lopez.001525@gmail.com,2024-10-28
CNT_CLLOLO_25091984F_052021,ADM_CLLOLO_25091984F_052021,CLLOLO_25091984F_052021,1,664140289,claudia.lopez.002110@gmail.com,2025-10-03
CNT_JAFERU_27071950M_082020,ADM_JAFERU_27071950M_082020,JAFERU_27071950M_082020,1,34625484548,javier.fernandez.000899@hospitalmail.com,2024-08-18
CNT_MARODI_23061998F_082022,ADM_MARODI_23061998F_082022,MARODI_23061998F_082022,1,604567352,maria.rodriguez.000648@outlook.com,2025-08-29
CNT_ISLORU_07041941F_032023,ADM_ISLORU_07041941F_032023,ISLORU_07041941F_032023,1,,isabel.lopez.001623@gmail.com,2023-03-14
CNT_SALOHE_25041975F_012023,ADM_SALOHE_25041975F_012023,SALOHE_25041975F_012023,1,606219984,sara.lopez.001250@hospitalmail.com,2025-06-18
CNT_IRDIHE_13081973F_022023,ADM_IRDIHE_13081973F_022023,IRDIHE_13081973F_022023,1,623596273,irene.diaz.000273@hospitalmail.com,2025-08-26
CNT_PAMASA_13042013M_072023,ADM_PAMASA_13042013M_072023,PAMASA_13042013M_072023,1,679965983,pablo.martin.001500@mail.com,2024-03-26
CNT_ELGOSA_27072001F_062021,ADM_ELGOSA_27072001F_062021,ELGOSA_27072001F_062021,1,34676158373,elena.gomez.001660@hospitalmail.com,2025-12-28
CNT_RALOSA_22022003M_022022,ADM_RALOSA_22022003M_022022,RALOSA_22022003M_022022,1,34637839049,rafael.lopez.000799@mail.com,2024-12-06
CNT_IRMAFE_27041944F_072022,ADM_IRMAFE_27041944F_072022,IRMAFE_27041944F_072022,1,34651625589,irene.martin.002153@mail.com,2025-12-09
CNT_PAMAPE_24101978M_102022,ADM_PAMAPE_24101978M_102022,PAMAPE_24101978M_102022,1,670253061,pablo.martinez.000869@outlook.com,2023-11-12
CNT_MAHEDI_16101973F_042023,ADM_MAHEDI_16101973F_042023,MAHEDI_16101973F_042023,1,608148775,marta.hernandez.000858@gmail.com,2024-07-23
CNT_MADIHE_08101940F_082022,ADM_MADIHE_08101940F_082022,MADIHE_08101940F_082022,1,611859131,,2023-08-15
CNT_MAJIRU_01041998M_062020,ADM_MAJIRU_01041998M_062020,MAJIRU_01041998M_062020,1,34648654585,manuel.jimenez.000906@gmail.com,2025-03-22
CNT_LUGARO_16081995F_032020,ADM_LUGARO_16081995F_032020,LUGARO_16081995F_032020,1,647071937,lucia.garcia.001531@outlook.com,2024-08-17
CNT_MIPEGA_27101990M_032021,ADM_MIPEGA_27101990M_032021,MIPEGA_27101990M_032021,1,633922395,miguel.perez.001504@outlook.com,2025-08-08
CNT_CAGOSA_06031992F_092022,ADM_CAGOSA_06031992F_092022,CAGOSA_06031992F_092022,1,34663597860,carmen.gomez.001047@gmail.com,2023-08-03
CNT_ELHERO_06031966F_052022,ADM_ELHERO_06031966F_052022,ELHERO_06031966F_052022,1,628965993,elena.hernandez.001842@gmail.com,2025-02-12
CNT_SEJISA_18072007M_092021,ADM_SEJISA_18072007M_092021,SEJISA_18072007M_092021,1,644227144,sergio.jimenez.002184@outlook.com,2023-02-13
CNT_CLLOGA_24071988F_032023,ADM_CLLOGA_24071988F_032023,CLLOGA_24071988F_032023,1,684279449,claudia.lopez.001709@outlook.com,2025-04-25
CNT_PAMADI_11091988M_072023,ADM_PAMADI_11091988M_072023,PAMADI_11091988M_072023,1,34684441020,pablo.martin.001974@mail.com,2024-07-06
CNT_CAMAJI_20061965F_022022,ADM_CAMAJI_20061965F_022022,CAMAJI_20061965F_022022,1,663655513,carmen.martinez.001773@hospitalmail.com,2025-08-26
CNT_IXMARO_03101984F_062022,ADM_IXMARO_03101984F_062022,IXMARO_03101984F_062022,1,34608909712,isabel.martinez.000509@outlook.com,2023-11-30
CNT_CAPEMA_13061943M_042023,ADM_CAPEMA_13061943M_042023,CAPEMA_13061943M_042023,1,604822205,carlos.perez.001935@outlook.com,2025-02-07
CNT_IRMAFE_03021962F_092022,ADM_IRMAFE_03021962F_092022,IRMAFE_03021962F_092022,1,687067340,irene.martinez.001547@outlook.com,2023-10-17
CNT_LUJIFE_07111972F_012022,ADM_LUJIFE_07111972F_012022,LUJIFE_07111972F_012022,1,651975318,lucia.jimenez.001288@outlook.com,2024-09-25
CNT_MAROPE_05101977F_092021,ADM_MAROPE_05101977F_092021,MAROPE_05101977F_092021,1,689645608,maria.rodriguez.002141@hospitalmail.com,2025-07-19
CNT_ISSALO_12061962F_072020,ADM_ISSALO_12061962F_072020,ISSALO_12061962F_072020,1,634140037,isabel.sanchez.000005@mail.com,2023-04-14
CNT_NUGOGO_01052019F_032023,ADM_NUGOGO_01052019F_032023,NUGOGO_01052019F_032023,1,34630683600,nuria.gomez.000413@gmail.com,2025-10-27
CNT_DASAMA_03101965M_032023,ADM_DASAMA_03101965M_032023,DASAMA_03101965M_032023,1,34656515170,david.sanchez.000831@hospitalmail.com,2025-02-14
CNT_LUPEJI_20021974F_072022,ADM_LUPEJI_20021974F_072022,LUPEJI_20021974F_072022,1,34604907858,lucia.perez.000182@outlook.com,2024-01-05
CNT_DAGAFE_29031977M_052023,ADM_DAGAFE_29031977M_052023,DAGAFE_29031977M_052023,1,695496121,david.garcia.000891@gmail.com,2024-05-21
CNT_LURUDI_04092008F_112022,ADM_LURUDI_04092008F_112022,LURUDI_04092008F_112022,1,604980175,lucia.ruiz.001933@mail.com,2024-09-11
CNT_RALOMA_27081974M_052023,ADM_RALOMA_27081974M_052023,RALOMA_27081974M_052023,1,618697542,rafael.lopez.000116@outlook.com,2024-02-19
CNT_ELDIRU_30061966F_042022,ADM_ELDIRU_30061966F_042022,ELDIRU_30061966F_042022,1,647986202,elena.diaz.000244@outlook.com,2024-11-27
CNT_LADIDI_17051941F_092023,ADM_LADIDI_17051941F_092023,LADIDI_17051941F_092023,1,34651054929,laura.diaz.001873@hospitalmail.com,2024-10-09
CNT_ELLOMA_17081963F_032020,ADM_ELLOMA_17081963F_032020,ELLOMA_17081963F_032020,1,611515271,elena.lopez.001864@gmail.com,2024-03-05
CNT_ALSAMA_31031978M_032020,ADM_ALSAMA_31031978M_032020,ALSAMA_31031978M_032020,1,699213709,alejandro.sanchez.000312@gmail.com,2024-06-15
CNT_MARORU_23061995F_082022,ADM_MARORU_23061995F_082022,MARORU_23061995F_082022,1,672887927,maria.rodriguez.000562@gmail.com,2025-11-25
CNT_LAGOJI_19091947F_082023,ADM_LAGOJI_19091947F_082023,LAGOJI_19091947F_082023,1,685553104,laura.gomez.001278@gmail.com,2025-02-28
CNT_LUSAMA_30121940F_022022,ADM_LUSAMA_30121940F_022022,LUSAMA_30121940F_022022,1,684478588,lucia.sanchez.000972@gmail.com,2025-11-26
CNT_SEHEDI_30051996M_042021,ADM_SEHEDI_30051996M_042021,SEHEDI_30051996M_042021,1,34647520777,sergio.hernandez.000489@mail.com,2023-09-04
CNT_MAJISA_04052011M_052023,ADM_MAJISA_04052011M_052023,MAJISA_04052011M_052023,1,689404976,manuel.jimenez.001795@mail.com,2023-09-20
CNT_NUSASA_21011947F_052020,ADM_NUSASA_21011947F_052020,NUSASA_21011947F_052020,1,600681550,nuria.sanchez.001413@mail.com,2025-02-08
CNT_IRGADI_31071957F_112022,ADM_IRGADI_31071957F_112022,IRGADI_31071957F_112022,1,632636356,,2024-08-22
CNT_CALOSA_15011984M_062023,ADM_CALOSA_15011984M_062023,CALOSA_15011984M_062023,1,666963994,,2024-10-18
CNT_LUROJI_26091965F_102023,ADM_LUROJI_26091965F_102023,LUROJI_26091965F_102023,1,684004751,lucia.rodriguez.001829@mail.com,2024-08-24
CNT_MASARU_31071946F_022021,ADM_MASARU_31071946F_022021,MASARU_31071946F_022021,1,665890555,marta.sanchez.000809@hospitalmail.com,2025-09-10
CNT_SAPEJI_19071944F_082022,ADM_SAPEJI_19071944F_082022,SAPEJI_19071944F_082022,1,686142990,sara.perez.000503@gmail.com,2023-05-10
CNT_CLPEMA_22052007F_042021,ADM_CLPEMA_22052007F_042021,CLPEMA_22052007F_042021,1,637011955,claudia.perez.000610@mail.com,2025-08-08
CNT_PAPEJI_10072019F_072023,ADM_PAPEJI_10072019F_072023,PAPEJI_10072019F_072023,1,34655634410,paula.perez.000533@mail.com,2024-08-08
CNT_PAJIRU_17092023F_082022,ADM_PAJIRU_17092023F_082022,PAJIRU_17092023F_082022,1,607692933,paula.jimenez.000304@outlook.com,2023-02-13
CNT_NUSAFE_29091987F_042020,ADM_NUSAFE_29091987F_042020,NUSAFE_29091987F_042020,1,623039650,nuria.sanchez.001306@gmail.com,2025-09-23
CNT_LAGOFE_10082010F_052022,ADM_LAGOFE_10082010F_052022,LAGOFE_10082010F_052022,1,601941008,,2023-10-12
CNT_JAGOGO_23021998M_102023,ADM_JAGOGO_23021998M_102023,JAGOGO_23021998M_102023,1,620801670,javier.gomez.002121@hospitalmail.com,2025-12-05
CNT_PAFEMA_18031968F_122022,ADM_PAFEMA_18031968F_122022,PAFEMA_18031968F_122022,1,689196904,paula.fernandez.000538@outlook.com,2025-06-02
CNT_DAFEJI_16111997M_082020,ADM_DAFEJI_16111997M_082020,DAFEJI_16111997M_082020,1,684882799,david.fernandez.000943@mail.com,2025-01-26
CNT_DAPEJI_14081965M_092021,ADM_DAPEJI_14081965M_092021,DAPEJI_14081965M_092021,1,644495929,daniel.perez.000382@mail.com,2025-12-21
CNT_ANSARO_19071983M_052020,ADM_ANSARO_19071983M_052020,ANSARO_19071983M_052020,1,678301868,antonio.sanchez.002047@mail.com,2024-07-11
CNT_PAJIMA_29031963M_032023,ADM_PAJIMA_29031963M_032023,PAJIMA_29031963M_032023,1,34651487074,pablo.jimenez.000325@outlook.com,2024-06-09
CNT_CAPEMA_23101952M_062020,ADM_CAPEMA_23101952M_062020,CAPEMA_23101952M_062020,1,34620479066,carlos.perez.000522@hospitalmail.com,2023-06-26
CNT_NUGAFE_11031974F_122021,ADM_NUGAFE_11031974F_122021,NUGAFE_11031974F_122021,1,616547932,nuria.garcia.002003@hospitalmail.com,2024-11-15
CNT_SAJIJI_03092021F_122023,ADM_SAJIJI_03092021F_122023,SAJIJI_03092021F_122023,1,638390100,sara.jimenez.000675@hospitalmail.com,2025-01-07
CNT_JAPERU_20071973M_022023,ADM_JAPERU_20071973M_022023,JAPERU_20071973M_022023,1,652761064,javier.perez.000711@hospitalmail.com,2024-04-13
CNT_DAGARO_08061995M_122021,ADM_DAGARO_08061995M_122021,DAGARO_08061995M_122021,1,686475068,daniel.garcia.001837@gmail.com,2025-11-03
CNT_JAMAHE_08061983M_122023,ADM_JAMAHE_08061983M_122023,JAMAHE_08061983M_122023,1,655446422,javier.martin.000354@outlook.com,2023-12-02
CNT_ANPEGA_06021967M_012023,ADM_ANPEGA_06021967M_012023,ANPEGA_06021967M_012023,1,697697774,antonio.perez.000855@hospitalmail.com,2024-04-27
CNT_IRSALO_13061966F_042022,ADM_IRSALO_13061966F_042022,IRSALO_13061966F_042022,1,642717295,irene.sanchez.001599@mail.com,2025-08-23
CNT_ISSAFE_20061975F_012020,ADM_ISSAFE_20061975F_012020,ISSAFE_20061975F_012020,1,695482527,isabel.sanchez.001166@hospitalmail.com,2025-10-29
CNT_NUSADI_20111973F_022021,ADM_NUSADI_20111973F_022021,NUSADI_20111973F_022021,1,34659658783,nuria.sanchez.000701@outlook.com,2025-04-06
CNT_CAJIRU_13031997F_082020,ADM_CAJIRU_13031997F_082020,CAJIRU_13031997F_082020,1,656444570,carmen.jimenez.000966@outlook.com,2023-05-24
CNT_CAMAMA_20091978M_062023,ADM_CAMAMA_20091978M_062023,CAMAMA_20091978M_062023,1,692464964,carlos.martin.002075@hospitalmail.com,2025-07-14
CNT_SEHEDI_13102024M_082022,ADM_SEHEDI_13102024M_082022,SEHEDI_13102024M_082022,1,34684285251,sergio.hernandez.001707@gmail.com,2025-12-08
CNT_DASASA_05041972M_112021,ADM_DASASA_05041972M_112021,DASASA_05041972M_112021,1,632282466,david.sanchez.001469@gmail.com,2024-05-15
CNT_IRGOGO_22032003F_102021,ADM_IRGOGO_22032003F_102021,IRGOGO_22032003F_102021,1,655734759,irene.gomez.001618@mail.com,2025-01-28
CNT_MARUGA_06101953M_102021,ADM_MARUGA_06101953M_102021,MARUGA_06101953M_102021,1,605721927,manuel.ruiz.002147@hospitalmail.com,2024-03-07
CNT_LUROPE_18022010F_022023,ADM_LUROPE_18022010F_022023,LUROPE_18022010F_022023,1,656853265,lucia.rodriguez.000257@mail.com,2025-07-09
CNT_DAMARO_30092010M_022023,ADM_DAMARO_30092010M_022023,DAMARO_30092010M_022023,1,680606120,daniel.martinez.000457@hospitalmail.com,2025-10-11
CNT_CLSAPE_10071983F_042020,ADM_CLSAPE_10071983F_042020,CLSAPE_10071983F_042020,1,699229518,claudia.sanchez.001073@mail.com,2024-07-15
CNT_JAGOLO_17121966M_062021,ADM_JAGOLO_17121966M_062021,JAGOLO_17121966M_062021,1,631855512,javier.gomez.001760@gmail.com,2025-05-27
CNT_LARUJI_26091969F_092020,ADM_LARUJI_26091969F_092020,LARUJI_26091969F_092020,1,617936697,laura.ruiz.000643@mail.com,2024-08-17
CNT_SELORU_09061939M_092023,ADM_SELORU_09061939M_092023,SELORU_09061939M_092023,1,34688894595,sergio.lopez.001492@outlook.com,2024-10-27
CNT_NULORU_18091979F_082023,ADM_NULORU_18091979F_082023,NULORU_18091979F_082023,1,683529222,nuria.lopez.000732@gmail.com,2025-01-20
CNT_CLRUMA_26071981F_112021,ADM_CLRUMA_26071981F_112021,CLRUMA_26071981F_112021,1,613502610,claudia.ruiz.002090@mail.com,2025-07-08
CNT_MAFEMA_28041993F_012022,ADM_MAFEMA_28041993F_012022,MAFEMA_28041993F_012022,1,661199670,marta.fernandez.001644@mail.com,2025-01-13
CNT_MAFERO_17122002M_032022,ADM_MAFERO_17122002M_032022,MAFERO_17122002M_032022,1,607062789,manuel.fernandez.000945@mail.com,2024-04-24
CNT_MIGAGA_23091965M_032021,ADM_MIGAGA_23091965M_032021,MIGAGA_23091965M_032021,1,34659735086,miguel.garcia.000571@outlook.com,2024-11-18
CNT_PAMADI_13082008F_062023,ADM_PAMADI_13082008F_062023,PAMADI_13082008F_062023,1,668534808,paula.martin.001830@outlook.com,2025-06-07
CNT_MAPEGA_08081981F_082023,ADM_MAPEGA_08081981F_082023,MAPEGA_08081981F_082023,1,604572853,maria.perez.000458@hospitalmail.com,2023-12-17
CNT_DAMASA_01041985M_082021,ADM_DAMASA_01041985M_082021,DAMASA_01041985M_082021,1,61509448,david.martinez.000722@hospitalmail.com,2025-09-14
CNT_MAMAHE_04091945M_082020,ADM_MAMAHE_04091945M_082020,MAMAHE_04091945M_082020,1,644394611,manuel.martin.000122@outlook.com,2025-08-02
CNT_ALPELO_10082001M_102023,ADM_ALPELO_10082001M_102023,ALPELO_10082001M_102023,1,34611288883,alvaro.perez.001200@outlook.com,2025-03-21
CNT_MIROPE_16042003M_032021,ADM_MIROPE_16042003M_032021,MIROPE_16042003M_032021,1,697109414,miguel.rodriguez.001948@outlook.com,2024-12-05
CNT_CAROJI_16071935M_092020,ADM_CAROJI_16071935M_092020,CAROJI_16071935M_092020,1,,carlos.rodriguez.002246@hospitalmail.com,2023-01-01
CNT_PARUFE_18081968F_032023,ADM_PARUFE_18081968F_032023,PARUFE_18081968F_032023,1,656320521,paula.ruiz.000535@gmail.com,2025-04-03
CNT_DAGAGO_03091978M_052023,ADM_DAGAGO_03091978M_052023,DAGAGO_03091978M_052023,1,602929243,daniel.garcia.000951@mail.com,2025-12-15
CNT_DAROFE_12071992M_082023,ADM_DAROFE_12071992M_082023,DAROFE_12071992M_082023,1,676620445,david.rodriguez.000619@hospitalmail.com,2024-05-01
CNT_ANGASA_28031996M_102023,ADM_ANGASA_28031996M_102023,ANGASA_28031996M_102023,1,693800905,antonio.garcia.000886@hospitalmail.com,2024-12-24
CNT_CLFESA_16091976F_102023,ADM_CLFESA_16091976F_102023,CLFESA_16091976F_102023,1,34633469736,,2024-12-15
CNT_ELFEJI_16021998F_102023,ADM_ELFEJI_16021998F_102023,ELFEJI_16021998F_102023,1,34680567586,elena.fernandez.002115@mail.com,2025-09-02
CNT_NUHEGA_31051970F_122021,ADM_NUHEGA_31051970F_122021,NUHEGA_31051970F_122021,1,680047194,nuria.hernandez.002187@mail.com,2025-11-29
CNT_MASAMA_11121969F_072020,ADM_MASAMA_11121969F_072020,MASAMA_11121969F_072020,1,34667216794,maria.sanchez.000872@mail.com,2025-04-17
CNT_MIGOPE_14121979M_102020,ADM_MIGOPE_14121979M_102020,MIGOPE_14121979M_102020,1,668344823,miguel.gomez.000435@mail.com,2025-12-28
CNT_CAFEGO_14032007M_102020,ADM_CAFEGO_14032007M_102020,CAFEGO_14032007M_102020,1,661880641,carlos.fernandez.002063@mail.com,2024-02-26
CNT_SEMAMA_27121964M_032022,ADM_SEMAMA_27121964M_032022,SEMAMA_27121964M_032022,1,627341885,sergio.martin.002215@gmail.com,2024-08-02
CNT_MARUFE_09041970F_052023,ADM_MARUFE_09041970F_052023,MARUFE_09041970F_052023,1,685888813,maria.ruiz.000547@outlook.com,2025-05-25
CNT_LUFEGA_04062015F_122021,ADM_LUFEGA_04062015F_122021,LUFEGA_04062015F_122021,1,34657322082,lucia.fernandez.001981@outlook.com,2025-12-30
CNT_ELHEGO_28081976F_112021,ADM_ELHEGO_28081976F_112021,ELHEGO_28081976F_112021,1,34618032283,elena.hernandez.000765@gmail.com,2023-10-15
CNT_SEPESA_22121973M_032023,ADM_SEPESA_22121973M_032023,SEPESA_22121973M_032023,1,34671044935,sergio.perez.002096@hospitalmail.com,2025-06-03
CNT_ANMAMA_20041965M_102020,ADM_ANMAMA_20041965M_102020,ANMAMA_20041965M_102020,1,681041537,antonio.martin.001020@outlook.com,2025-09-13
CNT_SEMARU_26081989M_112023,ADM_SEMARU_26081989M_112023,SEMARU_26081989M_112023,1,675502513,sergio.martin.001490@gmail.com,2024-01-08
CNT_PARULO_15051994M_012023,ADM_PARULO_15051994M_012023,PARULO_15051994M_012023,1,34687768772,,2023-01-09
CNT_MIROMA_08011969M_062023,ADM_MIROMA_08011969M_062023,MIROMA_08011969M_062023,1,631040830,miguel.rodriguez.001122@outlook.com,2024-09-09
CNT_LUSAMA_02091984F_052020,ADM_LUSAMA_02091984F_052020,LUSAMA_02091984F_052020,1,641953587,lucia.sanchez.000904@outlook.com,2024-03-26
CNT_LUPEDI_05051957F_122021,ADM_LUPEDI_05051957F_122021,LUPEDI_05051957F_122021,1,635496637,lucia.perez.001466@hospitalmail.com,2024-06-21
CNT_RADIRO_23091999M_052021,ADM_RADIRO_23091999M_052021,RADIRO_23091999M_052021,1,34628409566,rafael.diaz.001774@mail.com,2025-07-24
CNT_LAGOLO_24021966F_112021,ADM_LAGOLO_24021966F_112021,LAGOLO_24021966F_112021,1,685630169,laura.gomez.000590@hospitalmail.com,2024-07-25
CNT_MARUGO_13071985F_022023,ADM_MARUGO_13071985F_022023,MARUGO_13071985F_022023,1,646724339,marta.ruiz.001126@gmail.com,2025-03-21
CNT_ANGAMA_02041995M_072023,ADM_ANGAMA_02041995M_072023,ANGAMA_02041995M_072023,1,654997200,antonio.garcia.001862@hospitalmail.com,2023-11-12
CNT_ALLOMA_28121986M_042022,ADM_ALLOMA_28121986M_042022,ALLOMA_28121986M_042022,1,639921782,alejandro.lopez.000758@gmail.com,2024-10-31
CNT_CXGASA_22041992F_052023,ADM_CXGASA_22041992F_052023,CXGASA_22041992F_052023,1,606872013,carmen.garcia.000923@mail.com,2023-05-10
CNT_LURURU_26021945F_032023,ADM_LURURU_26021945F_032023,LURURU_26021945F_032023,1,646934315,lucia.ruiz.000703@mail.com,2024-03-11
CNT_MADIMA_12031981M_082021,ADM_MADIMA_12031981M_082021,MADIMA_12031981M_082021,1,617421176,manuel.diaz.001871@outlook.com,2025-04-19
CNT_CASADI_31031946M_032020,ADM_CASADI_31031946M_032020,CASADI_31031946M_032020,1,34600127565,carlos.sanchez.001831@mail.com,2024-02-14
CNT_ISLOFE_05011983F_042023,ADM_ISLOFE_05011983F_042023,ISLOFE_05011983F_042023,1,686551803,isabel.lopez.001667@outlook.com,2025-11-14
CNT_SEFEGO_30032006M_052022,ADM_SEFEGO_30032006M_052022,SEFEGO_30032006M_052022,1,666657253,sergio.fernandez.001868@hospitalmail.com,2025-08-18
CNT_MALORO_18071981M_122023,ADM_MALORO_18071981M_122023,MALORO_18071981M_122023,1,663954055,manuel.lopez.001713@outlook.com,2024-05-02
CNT_MAGOMA_31011951F_032021,ADM_MAGOMA_31011951F_032021,MAGOMA_31011951F_032021,1,650854077,maria.gomez.002206@hospitalmail.com,2025-11-07
CNT_ALDIGA_10051965M_032023,ADM_ALDIGA_10051965M_032023,ALDIGA_10051965M_032023,1,677996353,alejandro.diaz.000311@outlook.com,2025-01-23
CNT_MIDIRU_20101993M_022021,ADM_MIDIRU_20101993M_022021,MIDIRU_20101993M_022021,1,34643026709,miguel.diaz.001265@mail.com,2024-12-14
CNT_IRLOMA_17021990F_082023,ADM_IRLOMA_17021990F_082023,IRLOMA_17021990F_082023,1,678837344,irene.lopez.000647@mail.com,2025-06-30
CNT_CAROSA_24102005F_012023,ADM_CAROSA_24102005F_012023,CAROSA_24102005F_012023,1,613115808,carmen.rodriguez.001796@mail.com,2023-01-02
CNT_LAJIPE_10011964F_122021,ADM_LAJIPE_10011964F_122021,LAJIPE_10011964F_122021,1,640430836,laura.jimenez.001488@gmail.com,2025-10-11
CNT_PAHERU_22011969F_032023,ADM_PAHERU_22011969F_032023,PAHERU_22011969F_032023,1,602833951,paula.hernandez.000829@gmail.com,2025-11-06
CNT_MIMALO_16112003M_012023,ADM_MIMALO_16112003M_012023,MIMALO_16112003M_012023,1,604574154,miguel.martinez.001786@gmail.com,2025-05-17
CNT_IRRULO_18081962F_052022,ADM_IRRULO_18081962F_052022,IRRULO_18081962F_052022,1,683772160,irene.ruiz.001949@mail.com,2025-08-11
CNT_CLHEMA_28032016F_122023,ADM_CLHEMA_28032016F_122023,CLHEMA_28032016F_122023,1,616790137,claudia.hernandez.000469@gmail.com,2024-08-09
CNT_CASAPE_25091973M_112021,ADM_CASAPE_25091973M_112021,CASAPE_25091973M_112021,1,660252635,carlos.sanchez.000911@mail.com,2024-01-31
CNT_MXDIRU_29062007M_082023,ADM_MXDIRU_29062007M_082023,MXDIRU_29062007M_082023,1,690166907,miguel.diaz.000101@outlook.com,2023-08-02
CNT_LARORU_29011991F_092022,ADM_LARORU_29011991F_092022,LARORU_29011991F_092022,1,34660793584,laura.rodriguez.001323@mail.com,2025-07-05
CNT_MIPESA_22061992M_062023,ADM_MIPESA_22061992M_062023,MIPESA_22061992M_062023,1,692114540,miguel.perez.000098@outlook.com,2024-12-04
CNT_ANPERU_05102006M_052021,ADM_ANPERU_05102006M_052021,ANPERU_05102006M_052021,1,661177947,antonio.perez.000537@gmail.com,2025-05-18
CNT_JAPEJI_09121985M_022020,ADM_JAPEJI_09121985M_022020,JAPEJI_09121985M_022020,1,622990351,javier.perez.002015@mail.com,2025-01-11
CNT_CAGASA_24011979F_112020,ADM_CAGASA_24011979F_112020,CAGASA_24011979F_112020,1,34630589510,carmen.garcia.001582@outlook.com,2025-11-09
CNT_ISGOSA_25081996F_062023,ADM_ISGOSA_25081996F_062023,ISGOSA_25081996F_062023,1,618063478,isabel.gomez.000496@mail.com,2025-11-04
CNT_DXMADI_06021945M_092023,ADM_DXMADI_06021945M_092023,DXMADI_06021945M_092023,1,621788979,david.martinez.000080@hospitalmail.com,2023-09-25
CNT_RAGOGA_17062025M_042021,ADM_RAGOGA_17062025M_042021,RAGOGA_17062025M_042021,1,694943473,rafael.gomez.001255@mail.com,2025-01-19
CNT_ALMAFE_06021991M_022021,ADM_ALMAFE_06021991M_022021,ALMAFE_06021991M_022021,1,673038497,alvaro.martinez.001650@mail.com,2025-08-10
CNT_CARUGO_16082011F_022023,ADM_CARUGO_16082011F_022023,CARUGO_16082011F_022023,1,657865405,carmen.ruiz.002180@hospitalmail.com,2025-04-03
CNT_MIROJI_09011971M_042023,ADM_MIROJI_09011971M_042023,MIROJI_09011971M_042023,1,611803862,miguel.rodriguez.000960@outlook.com,2024-12-21
CNT_CAGODI_02102012F_032023,ADM_CAGODI_02102012F_032023,CAGODI_02102012F_032023,1,34638972476,carmen.gomez.002099@mail.com,2025-09-12
CNT_ANPEHE_03071952M_042021,ADM_ANPEHE_03071952M_042021,ANPEHE_03071952M_042021,1,651463284,antonio.perez.000655@mail.com,2025-10-04
CNT_MARULO_14061988F_032023,ADM_MARULO_14061988F_032023,MARULO_14061988F_032023,1,676723495,marta.ruiz.000554@outlook.com,2023-07-30
CNT_MILOXX_23041984M_072023,ADM_MILOXX_23041984M_072023,MILOXX_23041984M_072023,1,627724397,miguel.lopez.002092@mail.com,2023-07-12
CNT_LAGOHE_23091994F_052021,ADM_LAGOHE_23091994F_052021,LAGOHE_23091994F_052021,1,34696700477,laura.gomez.002171@outlook.com,2025-10-14
CNT_ANLOGA_28081956M_122023,ADM_ANLOGA_28081956M_122023,ANLOGA_28081956M_122023,1,651890119,antonio.lopez.001018@gmail.com,2023-12-03
CNT_MIPEGO_23041988M_082023,ADM_MIPEGO_23041988M_082023,MIPEGO_23041988M_082023,1,617557500,miguel.perez.001688@gmail.com,2025-07-07
CNT_MIGAGA_24082006M_062022,ADM_MIGAGA_24082006M_062022,MIGAGA_24082006M_062022,1,680148416,miguel.garcia.000202@mail.com,2025-12-08
CNT_CAGOSA_28032015F_112022,ADM_CAGOSA_28032015F_112022,CAGOSA_28032015F_112022,1,34637143286,carmen.gomez.001240@mail.com,2025-12-20
CNT_CXMAGO_13091998M_112020,ADM_CXMAGO_13091998M_112020,CXMAGO_13091998M_112020,1,608634277,carlos.martinez.001527@mail.com,2025-05-26
CNT_LALOGA_26051985F_112020,ADM_LALOGA_26051985F_112020,LALOGA_26051985F_112020,1,34627848562,laura.lopez.000415@mail.com,2025-04-05
CNT_LASAGA_07051962F_052020,ADM_LASAGA_07051962F_052020,LASAGA_07051962F_052020,1,34697133723,laura.sanchez.000450@gmail.com,2025-08-20
CNT_ISROGA_31081998F_052025,ADM_ISROGA_31081998F_052025,ISROGA_31081998F_052025,1,646587214,isabel.rodriguez.001359@gmail.com,2025-05-02
CNT_MADIMA_02102015F_042023,ADM_MADIMA_02102015F_042023,MADIMA_02102015F_042023,1,644702961,maria.diaz.002190@gmail.com,2023-06-28
CNT_MAHEPE_03112010F_102022,ADM_MAHEPE_03112010F_102022,MAHEPE_03112010F_102022,1,667033923,maria.hernandez.001681@outlook.com,2024-04-29
CNT_IRFERU_11081977F_082020,ADM_IRFERU_11081977F_082020,IRFERU_11081977F_082020,1,699800333,irene.fernandez.000191@hospitalmail.com,2024-04-18
CNT_LURUMA_26041969F_022022,ADM_LURUMA_26041969F_022022,LURUMA_26041969F_022022,1,666520,lucia.ruiz.001927@mail.com,2025-04-05
CNT_IRLOLO_07081951F_082023,ADM_IRLOLO_07081951F_082023,IRLOLO_07081951F_082023,1,34624744280,irene.lopez.000462@gmail.com,2025-09-13
CNT_RAMARU_11111992M_052021,ADM_RAMARU_11111992M_052021,RAMARU_11111992M_052021,1,690820166,rafael.martin.000917@mail.com,2025-07-04
CNT_MAMAXX_19071982M_092023,ADM_MAMAXX_19071982M_092023,MAMAXX_19071982M_092023,1,34662451418,manuel.martin.000488@gmail.com,2023-09-09
CNT_IRJIJI_26041989F_082021,ADM_IRJIJI_26041989F_082021,IRJIJI_26041989F_082021,1,641588964,irene.jimenez.001303@hospitalmail.com,2025-10-05
CNT_ANRORO_14071989M_082022,ADM_ANRORO_14071989M_082022,ANRORO_14071989M_082022,1,688327560,antonio.rodriguez.001568@gmail.com,2025-10-16
CNT_MAGAMA_11011958F_112021,ADM_MAGAMA_11011958F_112021,MAGAMA_11011958F_112021,1,615092,marta.garcia.000209@mail.com,2023-08-09
CNT_ANRULO_01011992M_032022,ADM_ANRULO_01011992M_032022,ANRULO_01011992M_032022,1,660638248,antonio.ruiz.001766@hospitalmail.com,2025-06-28
CNT_DASADI_26101995M_022023,ADM_DASADI_26101995M_022023,DASADI_26101995M_022023,1,697461832,david.sanchez.000963@outlook.com,2024-11-13
CNT_MAROFE_16042001M_092021,ADM_MAROFE_16042001M_092021,MAROFE_16042001M_092021,1,617160745,manuel.rodriguez.000157@mail.com,2024-12-09
CNT_ELHERO_21091963F_102023,ADM_ELHERO_21091963F_102023,ELHERO_21091963F_102023,1,624136112,elena.hernandez.001245@hospitalmail.com,2024-12-29
CNT_ISHEGO_17051980F_122022,ADM_ISHEGO_17051980F_122022,ISHEGO_17051980F_122022,1,682417695,isabel.hernandez.000310@mail.com,2023-01-22
CNT_NUHESA_08071986F_062020,ADM_NUHESA_08071986F_062020,NUHESA_08071986F_062020,1,647601217,nuria.hernandez.000840@hospitalmail.com,2025-03-16
CNT_DAROHE_02021996M_092020,ADM_DAROHE_02021996M_092020,DAROHE_02021996M_092020,1,646307,daniel.rodriguez.000978@mail.com,2024-07-20
CNT_DAFELO_06041962M_102020,ADM_DAFELO_06041962M_102020,DAFELO_06041962M_102020,1,681710893,david.fernandez.000082@mail.com,2024-03-20
CNT_ANRURU_30061996M_112020,ADM_ANRURU_30061996M_112020,ANRURU_30061996M_112020,1,690298607,antonio.ruiz.000088@outlook.com,2024-10-15
CNT_MAJIRU_03111956F_022023,ADM_MAJIRU_03111956F_022023,MAJIRU_03111956F_022023,1,603191657,maria.jimenez.002188@gmail.com,2023-07-30
CNT_DAMAPE_13091975M_062022,ADM_DAMAPE_13091975M_062022,DAMAPE_13091975M_062022,1,623312095,david.martin.001614@hospitalmail.com,2024-02-01
CNT_ANSAGO_23041979M_052023,ADM_ANSAGO_23041979M_052023,ANSAGO_23041979M_052023,1,643614437,antonio.sanchez.002201@mail.com,2024-01-24
CNT_SAMAGA_15011985F_122022,ADM_SAMAGA_15011985F_122022,SAMAGA_15011985F_122022,1,601967603,sara.martinez.001816@outlook.com,2023-06-19
CNT_PAGAHE_14081934M_042022,ADM_PAGAHE_14081934M_042022,PAGAHE_14081934M_042022,1,34629793332,pablo.garcia.001328@hospitalmail.com,2024-10-05
CNT_ALGOGA_02051997M_012020,ADM_ALGOGA_02051997M_012020,ALGOGA_02051997M_012020,1,623673353,alvaro.gomez.001074@hospitalmail.com,2024-10-11
CNT_RAFEGA_16121993M_052020,ADM_RAFEGA_16121993M_052020,RAFEGA_16121993M_052020,1,34682341065,rafael.fernandez.001794@mail.com,2025-04-04
CNT_CAPEHE_25081987M_052023,ADM_CAPEHE_25081987M_052023,CAPEHE_25081987M_052023,1,679480991,carlos.perez.001869@hospitalmail.com,2023-05-12
CNT_MAMAPE_15071993M_022021,ADM_MAMAPE_15071993M_022021,MAMAPE_15071993M_022021,1,623083343,,2025-09-18
CNT_MIGOHE_04091940M_042022,ADM_MIGOHE_04091940M_042022,MIGOHE_04091940M_042022,1,34641573030,miguel.gomez.001296@mail.com,2025-02-11
CNT_NUPESA_23062003F_052022,ADM_NUPESA_23062003F_052022,NUPESA_23062003F_052022,1,623306597,nuria.perez.000028@hospitalmail.com,2025-09-23
CNT_DASAGO_27101988M_112023,ADM_DASAGO_27101988M_112023,DASAGO_27101988M_112023,1,698643914,daniel.sanchez.000632@outlook.com,2025-03-17
CNT_DASAMA_23021945M_102023,ADM_DASAMA_23021945M_102023,DASAMA_23021945M_102023,1,65609991,david.sanchez.000753@outlook.com,2023-10-07
CNT_MASAMA_29121943M_082021,ADM_MASAMA_29121943M_082021,MASAMA_29121943M_082021,1,61561020,manuel.sanchez.001173@outlook.com,2025-05-26
CNT_MAGARU_24121964M_012023,ADM_MAGARU_24121964M_012023,MAGARU_24121964M_012023,1,666155663,manuel.garcia.001705@mail.com,2025-08-09
CNT_ALGOXX_16071995M_042021,ADM_ALGOXX_16071995M_042021,ALGOXX_16071995M_042021,1,687734473,alejandro.gomez.000178@outlook.com,2023-03-12
CNT_LUMAGO_23101954F_042023,ADM_LUMAGO_23101954F_042023,LUMAGO_23101954F_042023,1,651936,lucia.martinez.001495@outlook.com,2025-06-14
CNT_CXMAPE_15071951M_072021,ADM_CXMAPE_15071951M_072021,CXMAPE_15071951M_072021,1,628199456,carlos.martinez.001253@gmail.com,2023-05-21
CNT_PAGAMA_24101962M_062023,ADM_PAGAMA_24101962M_062023,PAGAMA_24101962M_062023,1,604517573,pablo.garcia.000750@gmail.com,2023-03-06
CNT_NUMAMA_21021958F_092022,ADM_NUMAMA_21021958F_092022,NUMAMA_21021958F_092022,1,636533279,nuria.martin.000075@gmail.com,2024-03-14
CNT_CASAHE_07012024M_062022,ADM_CASAHE_07012024M_062022,CASAHE_07012024M_062022,1,608168288,carlos.sanchez.000804@outlook.com,2024-01-09
CNT_SAJIGA_09081995F_032020,ADM_SAJIGA_09081995F_032020,SAJIGA_09081995F_032020,1,616293309,sara.jimenez.000318@hospitalmail.com,2024-06-11
CNT_PAGOGA_26082014F_062022,ADM_PAGOGA_26082014F_062022,PAGOGA_26082014F_062022,1,666246791,paula.gomez.000639@hospitalmail.com,2025-02-07
CNT_RAGOMA_11041944M_012021,ADM_RAGOMA_11041944M_012021,RAGOMA_11041944M_012021,1,651348416,rafael.gomez.000671@hospitalmail.com,2023-12-05
CNT_IRGOPE_04121969F_032023,ADM_IRGOPE_04121969F_032023,IRGOPE_04121969F_032023,1,639981196,irene.gomez.001130@hospitalmail.com,2025-07-16
CNT_ALDIPE_29102014M_012023,ADM_ALDIPE_29102014M_012023,ALDIPE_29102014M_012023,1,680663698,alejandro.diaz.001793@mail.com,2025-04-14
CNT_ISGAMA_28091964F_062023,ADM_ISGAMA_28091964F_062023,ISGAMA_28091964F_062023,1,693899735,isabel.garcia.000480@gmail.com,2024-06-10
CNT_CALOFE_16042016F_052022,ADM_CALOFE_16042016F_052022,CALOFE_16042016F_052022,1,689004483,carmen.lopez.000115@mail.com,2023-02-19
CNT_ANRUJI_17081934M_092023,ADM_ANRUJI_17081934M_092023,ANRUJI_17081934M_092023,1,641605781,,2023-09-01
CNT_DARUMA_17051975M_072021,ADM_DARUMA_17051975M_072021,DARUMA_17051975M_072021,1,671038542,david.ruiz.002025@hospitalmail.com,2025-04-10
CNT_ELGOGA_25061999F_032021,ADM_ELGOGA_25061999F_032021,ELGOGA_25061999F_032021,1,610292144,elena.gomez.000190@outlook.com,2025-08-18
CNT_CAPEHE_31122011F_032021,ADM_CAPEHE_31122011F_032021,CAPEHE_31122011F_032021,1,610899620,carmen.perez.001735@outlook.com,2024-08-04
CNT_PAHEFE_24102006M_012021,ADM_PAHEFE_24102006M_012021,PAHEFE_24102006M_012021,1,684920783,pablo.hernandez.002058@mail.com,2023-12-02
CNT_MAMAGO_25011983F_032021,ADM_MAMAGO_25011983F_032021,MAMAGO_25011983F_032021,1,635598767,maria.martinez.000720@gmail.com,2023-11-22
CNT_IRPELO_02011944F_082020,ADM_IRPELO_02011944F_082020,IRPELO_02011944F_082020,1,645608301,irene.perez.000887@gmail.com,2025-11-10
CNT_PAGOGA_24041978M_032020,ADM_PAGOGA_24041978M_032020,PAGOGA_24041978M_032020,1,606330562,pablo.gomez.000451@gmail.com,2025-05-03
CNT_ALROGO_28041999M_062021,ADM_ALROGO_28041999M_062021,ALROGO_28041999M_062021,1,660929576,alvaro.rodriguez.000663@outlook.com,2023-07-16
CNT_MAJIGA_28021978F_072021,ADM_MAJIGA_28021978F_072021,MAJIGA_28021978F_072021,1,677099090,maria.jimenez.001520@outlook.com,2024-02-10
CNT_CLRUGO_08031962F_012020,ADM_CLRUGO_08031962F_012020,CLRUGO_08031962F_012020,1,610701931,claudia.ruiz.000497@gmail.com,2025-12-11
CNT_DAFEGO_23041990M_102020,ADM_DAFEGO_23041990M_102020,DAFEGO_23041990M_102020,1,662014145,daniel.fernandez.000117@outlook.com,2024-08-30
CNT_JAFEGO_04061984M_102023,ADM_JAFEGO_04061984M_102023,JAFEGO_04061984M_102023,1,651854829,javier.fernandez.001005@mail.com,2023-11-30
CNT_MIHEPE_20051981M_092020,ADM_MIHEPE_20051981M_092020,MIHEPE_20051981M_092020,1,653817289,miguel.hernandez.001756@outlook.com,2024-07-09
CNT_CAPEHE_27081952F_092021,ADM_CAPEHE_27081952F_092021,CAPEHE_27081952F_092021,1,614966320,carmen.perez.000278@gmail.com,2025-06-14
CNT_AXGAFE_29081964M_122022,ADM_AXGAFE_29081964M_122022,AXGAFE_29081964M_122022,1,34619262128,alvaro.garcia.001902@hospitalmail.com,2023-05-01
CNT_ALRUGO_31101970M_032021,ADM_ALRUGO_31101970M_032021,ALRUGO_31101970M_032021,1,687708755,alejandro.ruiz.001367@hospitalmail.com,2024-07-07
CNT_IXSAHE_19091956F_042023,ADM_IXSAHE_19091956F_042023,IXSAHE_19091956F_042023,1,618799840,isabel.sanchez.001197@gmail.com,2023-04-01
CNT_SALOFE_29011966F_042023,ADM_SALOFE_29011966F_042023,SALOFE_29011966F_042023,1,34624599633,sara.lopez.000702@outlook.com,2025-11-30
CNT_NUSAHE_15061975F_072020,ADM_NUSAHE_15061975F_072020,NUSAHE_15061975F_072020,1,631949843,nuria.sanchez.001453@gmail.com,2024-08-12
CNT_SAROSA_02051989F_032022,ADM_SAROSA_02051989F_032022,SAROSA_02051989F_032022,1,681532745,sara.rodriguez.000596@outlook.com,2025-11-04
CNT_NUROHE_26031977F_122020,ADM_NUROHE_26031977F_122020,NUROHE_26031977F_122020,1,631116975,nuria.rodriguez.000212@gmail.com,2025-08-23
CNT_IRGAMA_01061994F_032021,ADM_IRGAMA_01061994F_032021,IRGAMA_01061994F_032021,1,34607729210,irene.garcia.001481@gmail.com,2025-06-04
CNT_DAFEFE_04121996M_012023,ADM_DAFEFE_04121996M_012023,DAFEFE_04121996M_012023,1,654662034,david.fernandez.000788@gmail.com,2025-06-07
CNT_RADIDI_27121965M_062022,ADM_RADIDI_27121965M_062022,RADIDI_27121965M_062022,1,690144878,rafael.diaz.000164@gmail.com,2023-12-07
CNT_ISLOSA_23121981F_082023,ADM_ISLOSA_23121981F_082023,ISLOSA_23121981F_082023,1,34685041702,isabel.lopez.000883@outlook.com,2024-06-22
CNT_CLGAMA_07071940F_062023,ADM_CLGAMA_07071940F_062023,CLGAMA_07071940F_062023,1,638699098,claudia.garcia.000884@outlook.com,2023-06-03
CNT_MXSALO_04041974M_012023,ADM_MXSALO_04041974M_012023,MXSALO_04041974M_012023,1,676082762,miguel.sanchez.001642@mail.com,2023-01-05
CNT_CLLOPE_30011979F_082023,ADM_CLLOPE_30011979F_082023,CLLOPE_30011979F_082023,1,34645426511,claudia.lopez.000024@outlook.com,2023-08-04
CNT_ALSAFE_15052024M_042022,ADM_ALSAFE_15052024M_042022,ALSAFE_15052024M_042022,1,690321918,alvaro.sanchez.000999@gmail.com,2025-08-11
CNT_MXLOSA_07011973M_012023,ADM_MXLOSA_07011973M_012023,MXLOSA_07011973M_012023,1,34691189892,manuel.lopez.001134@gmail.com,2023-01-04
CNT_MAGOMA_11101952F_062022,ADM_MAGOMA_11101952F_062022,MAGOMA_11101952F_062022,1,625646972,maria.gomez.001319@hospitalmail.com,2025-09-24
CNT_ANFELO_24101971M_072023,ADM_ANFELO_24101971M_072023,ANFELO_24101971M_072023,1,604980385,antonio.fernandez.001427@hospitalmail.com,2025-05-15
CNT_RAPELO_23102001M_032021,ADM_RAPELO_23102001M_032021,RAPELO_23102001M_032021,1,601400,rafael.perez.001299@hospitalmail.com,2024-08-14
CNT_CADIRO_05012018M_032023,ADM_CADIRO_05012018M_032023,CADIRO_05012018M_032023,1,34699004191,carlos.diaz.001033@outlook.com,2025-03-28
CNT_ALJIJI_16021961M_082022,ADM_ALJIJI_16021961M_082022,ALJIJI_16021961M_082022,1,650175226,alvaro.jimenez.000769@gmail.com,2024-10-31
CNT_MALOFE_15021973F_042023,ADM_MALOFE_15021973F_042023,MALOFE_15021973F_042023,1,656962583,marta.lopez.001411@mail.com,2025-10-18
CNT_CLMAGO_27071985F_032021,ADM_CLMAGO_27071985F_032021,CLMAGO_27071985F_032021,1,626762322,claudia.martin.001647@gmail.com,2025-07-21
CNT_CAPEJI_27041997F_062020,ADM_CAPEJI_27041997F_062020,CAPEJI_27041997F_062020,1,680928671,carmen.perez.001258@mail.com,2025-05-11
CNT_LUROSA_12022009F_052023,ADM_LUROSA_12022009F_052023,LUROSA_12022009F_052023,1,645697253,lucia.rodriguez.001651@hospitalmail.com,2025-08-06
CNT_LUGORU_03041977F_042023,ADM_LUGORU_03041977F_042023,LUGORU_03041977F_042023,1,648119994,lucia.gomez.001463@mail.com,2025-01-24
CNT_CLGASA_29121937F_072023,ADM_CLGASA_29121937F_072023,CLGASA_29121937F_072023,1,685722412,claudia.garcia.001235@hospitalmail.com,2023-05-01
CNT_JAFELO_26071945M_052023,ADM_JAFELO_26071945M_052023,JAFELO_26071945M_052023,1,696640268,javier.fernandez.002122@outlook.com,2024-04-08
CNT_NUMAPE_19011986F_062023,ADM_NUMAPE_19011986F_062023,NUMAPE_19011986F_062023,1,34650837444,nuria.martinez.000219@outlook.com,2024-02-01
CNT_SEFEPE_21052003M_052023,ADM_SEFEPE_21052003M_052023,SEFEPE_21052003M_052023,1,612907741,sergio.fernandez.000871@gmail.com,2024-06-13
CNT_IRPEJI_09022025F_032021,ADM_IRPEJI_09022025F_032021,IRPEJI_09022025F_032021,1,681477614,irene.perez.001551@hospitalmail.com,2023-04-11
CNT_ALLORO_21111972M_112021,ADM_ALLORO_21111972M_112021,ALLORO_21111972M_112021,1,647157996,alvaro.lopez.000559@gmail.com,2025-11-11
CNT_PADIJI_06061972F_012020,ADM_PADIJI_06061972F_012020,PADIJI_06061972F_012020,1,34615938620,paula.diaz.001768@hospitalmail.com,2025-09-06
CNT_ALGAMA_22101982M_052021,ADM_ALGAMA_22101982M_052021,ALGAMA_22101982M_052021,1,34697254074,alvaro.garcia.000673@hospitalmail.com,2024-11-15
CNT_LUPELO_11081940F_052023,ADM_LUPELO_11081940F_052023,LUPELO_11081940F_052023,1,640252713,,2023-05-17
CNT_IRRUGO_27032008F_032023,ADM_IRRUGO_27032008F_032023,IRRUGO_27032008F_032023,1,618471486,irene.ruiz.000512@gmail.com,2023-02-11
CNT_PAGAHE_25081986M_112021,ADM_PAGAHE_25081986M_112021,PAGAHE_25081986M_112021,1,628350806,pablo.garcia.002068@outlook.com,2025-12-03
CNT_MIFERO_24011986M_082023,ADM_MIFERO_24011986M_082023,MIFERO_24011986M_082023,1,605590786,miguel.fernandez.000425@outlook.com,2025-01-07
CNT_PAJILO_14062002M_092023,ADM_PAJILO_14062002M_092023,PAJILO_14062002M_092023,1,610447739,pablo.jimenez.000593@outlook.com,2025-09-21
CNT_ALDILO_08021980M_062023,ADM_ALDILO_08021980M_062023,ALDILO_08021980M_062023,1,613658656,alejandro.diaz.001635@mail.com,2024-08-02
CNT_DAMADI_11102018M_072021,ADM_DAMADI_11102018M_072021,DAMADI_11102018M_072021,1,34690070577,daniel.martinez.000549@hospitalmail.com,2024-03-18
CNT_MAMAJI_31081954F_062023,ADM_MAMAJI_31081954F_062023,MAMAJI_31081954F_062023,1,639827815,marta.martin.001726@mail.com,2024-09-22
CNT_ISFEJI_03041935F_012023,ADM_ISFEJI_03041935F_012023,ISFEJI_03041935F_012023,1,671606210,isabel.fernandez.001444@mail.com,2023-10-20
CNT_ALROMA_19061995M_112020,ADM_ALROMA_19061995M_112020,ALROMA_19061995M_112020,1,622844046,alejandro.rodriguez.002108@mail.com,2025-01-16
CNT_ALDIDI_26081972M_122023,ADM_ALDIDI_26081972M_122023,ALDIDI_26081972M_122023,1,34646509693,alvaro.diaz.001754@hospitalmail.com,2025-03-09
CNT_ELHELO_28051938F_012023,ADM_ELHELO_28051938F_012023,ELHELO_28051938F_012023,1,653553713,elena.hernandez.001765@mail.com,2025-11-08
CNT_PAJIRU_09111948F_042021,ADM_PAJIRU_09111948F_042021,PAJIRU_09111948F_042021,1,34668992954,paula.jimenez.000366@hospitalmail.com,2025-09-03
CNT_IRRUSA_04071961F_102022,ADM_IRRUSA_04071961F_102022,IRRUSA_04071961F_102022,1,34604133140,irene.ruiz.001751@hospitalmail.com,2025-08-01
CNT_LUHEHE_18092000F_082020,ADM_LUHEHE_18092000F_082020,LUHEHE_18092000F_082020,1,699149303,lucia.hernandez.000898@mail.com,2025-03-13
CNT_CAJIRO_21091970F_102020,ADM_CAJIRO_21091970F_102020,CAJIRO_21091970F_102020,1,667140541,carmen.jimenez.002022@gmail.com,2025-07-13
CNT_ALSAMA_27041956M_042022,ADM_ALSAMA_27041956M_042022,ALSAMA_27041956M_042022,1,684778178,alvaro.sanchez.000037@gmail.com,2025-02-01
CNT_RAJILO_01121969M_052020,ADM_RAJILO_01121969M_052020,RAJILO_01121969M_052020,1,643301796,rafael.jimenez.002060@hospitalmail.com,2025-05-19
CNT_JAHESA_29051993M_082021,ADM_JAHESA_29051993M_082021,JAHESA_29051993M_082021,1,698594217,javier.hernandez.000189@gmail.com,2023-04-25
CNT_SASAPE_30101968F_112022,ADM_SASAPE_30101968F_112022,SASAPE_30101968F_112022,1,619729700,sara.sanchez.002231@mail.com,2025-06-18
CNT_ISMASA_07071969F_082023,ADM_ISMASA_07071969F_082023,ISMASA_07071969F_082023,1,682101162,isabel.martin.000933@mail.com,2025-07-01
CNT_IRHEJI_20092000F_022023,ADM_IRHEJI_20092000F_022023,IRHEJI_20092000F_022023,1,651910789,irene.hernandez.000363@gmail.com,2024-04-19
CNT_LUMADI_06082003F_012021,ADM_LUMADI_06082003F_012021,LUMADI_06082003F_012021,1,681808657,lucia.martin.001899@hospitalmail.com,2025-11-22
CNT_LAGOMA_07061981F_032022,ADM_LAGOMA_07061981F_032022,LAGOMA_07061981F_032022,1,631614104,laura.gomez.001779@mail.com,2025-01-27
CNT_LAPESA_28081935F_012020,ADM_LAPESA_28081935F_012020,LAPESA_28081935F_012020,1,616468298,laura.perez.001307@outlook.com,2023-12-05
CNT_MIMAPE_11121971M_082023,ADM_MIMAPE_11121971M_082023,MIMAPE_11121971M_082023,1,628809489,miguel.martin.001440@hospitalmail.com,2023-08-29
CNT_MAFEGA_23061936F_052023,ADM_MAFEGA_23061936F_052023,MAFEGA_23061936F_052023,1,34642888434,marta.fernandez.000016@mail.com,2025-02-07
CNT_LUGOPE_14111952F_072023,ADM_LUGOPE_14111952F_072023,LUGOPE_14111952F_072023,1,654213131,lucia.gomez.000714@gmail.com,2025-10-31
CNT_ISJIMA_23071977F_112020,ADM_ISJIMA_23071977F_112020,ISJIMA_23071977F_112020,1,651268690,isabel.jimenez.001198@mail.com,2025-05-22
CNT_DAFELO_16022006M_122022,ADM_DAFELO_16022006M_122022,DAFELO_16022006M_122022,1,661763528,david.fernandez.001934@mail.com,2024-08-15
CNT_SELOGO_06081990M_022023,ADM_SELOGO_06081990M_022023,SELOGO_06081990M_022023,1,34628289298,sergio.lopez.000727@mail.com,2025-01-27
CNT_RAJIMA_17061959M_092020,ADM_RAJIMA_17061959M_092020,RAJIMA_17061959M_092020,1,34699488217,rafael.jimenez.000717@mail.com,2025-10-20
CNT_PAMAGO_21021977M_092021,ADM_PAMAGO_21021977M_092021,PAMAGO_21021977M_092021,1,634632643,pablo.martinez.000909@gmail.com,2023-10-20
CNT_RASADI_18011985M_092023,ADM_RASADI_18011985M_092023,RASADI_18011985M_092023,1,665037152,rafael.sanchez.000735@gmail.com,2025-08-07
CNT_CLHEHE_29051966F_032021,ADM_CLHEHE_29051966F_032021,CLHEHE_29051966F_032021,1,34669015296,claudia.hernandez.001725@hospitalmail.com,2025-01-11
CNT_MAGOHE_05042018M_122023,ADM_MAGOHE_05042018M_122023,MAGOHE_05042018M_122023,1,650506568,manuel.gomez.000006@hospitalmail.com,2023-12-15
CNT_ISPEJI_27062004F_052020,ADM_ISPEJI_27062004F_052020,ISPEJI_27062004F_052020,1,6052249,isabel.perez.000001@outlook.com,2025-04-18
CNT_CLGALO_05021989F_062021,ADM_CLGALO_05021989F_062021,CLGALO_05021989F_062021,1,655292742,claudia.garcia.000170@hospitalmail.com,2025-07-23
CNT_MASALO_23022000M_062023,ADM_MASALO_23022000M_062023,MASALO_23022000M_062023,1,691873410,manuel.sanchez.000483@gmail.com,2025-10-09
CNT_MAMAFE_10051988F_042022,ADM_MAMAFE_10051988F_042022,MAMAFE_10051988F_042022,1,34682079361,maria.martin.001657@outlook.com,2025-11-17
CNT_DASAGO_18082024M_042020,ADM_DASAGO_18082024M_042020,DASAGO_18082024M_042020,1,633889989,daniel.sanchez.001996@outlook.com,2025-11-19
CNT_NUROHE_28121990F_042020,ADM_NUROHE_28121990F_042020,NUROHE_28121990F_042020,1,666389930,nuria.rodriguez.001256@hospitalmail.com,2025-08-07
CNT_MADIRO_03031974M_092020,ADM_MADIRO_03031974M_092020,MADIRO_03031974M_092020,1,634168207,manuel.diaz.001019@gmail.com,2025-09-28
CNT_CALOSA_23021959F_112023,ADM_CALOSA_23021959F_112023,CALOSA_23021959F_112023,1,674076440,carmen.lopez.002166@hospitalmail.com,2024-07-05
CNT_MAJISA_27052001F_032023,ADM_MAJISA_27052001F_032023,MAJISA_27052001F_032023,1,613040103,maria.jimenez.001584@mail.com,2023-03-30
CNT_ALMALO_07061960M_012023,ADM_ALMALO_07061960M_012023,ALMALO_07061960M_012023,1,667304870,alejandro.martinez.000934@hospitalmail.com,2023-08-24
CNT_JAPEHE_21032009M_092022,ADM_JAPEHE_21032009M_092022,JAPEHE_21032009M_092022,1,613119626,javier.perez.000730@gmail.com,2024-12-11
CNT_PAPEMA_28011963M_112022,ADM_PAPEMA_28011963M_112022,PAPEMA_28011963M_112022,1,34624814902,pablo.perez.000089@outlook.com,2025-09-20
CNT_PASAXX_26021981M_032022,ADM_PASAXX_26021981M_032022,PASAXX_26021981M_032022,1,680897437,pablo.sanchez.000833@gmail.com,2023-02-15
CNT_CAGAMA_25122020M_012023,ADM_CAGAMA_25122020M_012023,CAGAMA_25122020M_012023,1,693727576,carlos.garcia.001940@hospitalmail.com,2025-02-22
CNT_PAGOLO_11082003F_122021,ADM_PAGOLO_11082003F_122021,PAGOLO_11082003F_122021,1,34643473888,paula.gomez.000045@hospitalmail.com,2023-07-01
CNT_MAMAFE_25092005F_012022,ADM_MAMAFE_25092005F_012022,MAMAFE_25092005F_012022,1,654187362,marta.martinez.002181@hospitalmail.com,2023-08-03
CNT_ALJIHE_30051983M_052021,ADM_ALJIHE_30051983M_052021,ALJIHE_30051983M_052021,1,34692074021,alejandro.jimenez.000372@mail.com,2023-06-15
CNT_ANGOSA_19051937M_122022,ADM_ANGOSA_19051937M_122022,ANGOSA_19051937M_122022,1,612030731,antonio.gomez.001125@gmail.com,2025-09-27
CNT_SAMARO_30111999F_102023,ADM_SAMARO_30111999F_102023,SAMARO_30111999F_102023,1,635502275,sara.martinez.000762@mail.com,2025-07-07
CNT_LUROMA_04011999F_052022,ADM_LUROMA_04011999F_052022,LUROMA_04011999F_052022,1,680213144,lucia.rodriguez.001553@mail.com,2024-08-01
CNT_PASAFE_09011968F_082022,ADM_PASAFE_09011968F_082022,PASAFE_09011968F_082022,1,619193417,paula.sanchez.001022@hospitalmail.com,2025-01-06
CNT_ELROFE_11051968F_052023,ADM_ELROFE_11051968F_052023,ELROFE_11051968F_052023,1,34681980098,elena.rodriguez.001065@hospitalmail.com,2023-05-14
CNT_DALOGA_26011988M_092023,ADM_DALOGA_26011988M_092023,DALOGA_26011988M_092023,1,628415381,daniel.lopez.001046@hospitalmail.com,2025-07-29
CNT_ELDIMA_07122011F_082020,ADM_ELDIMA_07122011F_082020,ELDIMA_07122011F_082020,1,683661175,elena.diaz.000250@gmail.com,2025-10-05
CNT_ELPEGA_10051974F_062022,ADM_ELPEGA_10051974F_062022,ELPEGA_10051974F_062022,1,655595713,elena.perez.000149@gmail.com,2024-07-15
CNT_PAMADI_30081989M_042020,ADM_PAMADI_30081989M_042020,PAMADI_30081989M_042020,1,629266290,pablo.martinez.000814@hospitalmail.com,2024-06-30
CNT_PAPEGA_13121959M_062022,ADM_PAPEGA_13121959M_062022,PAPEGA_13121959M_062022,1,34640484095,pablo.perez.001398@gmail.com,2025-03-02
CNT_PAHESA_05031968M_012023,ADM_PAHESA_05031968M_012023,PAHESA_05031968M_012023,1,34605865268,pablo.hernandez.001017@hospitalmail.com,2025-12-11
CNT_JAROFE_12011986M_072021,ADM_JAROFE_12011986M_072021,JAROFE_12011986M_072021,1,689657,javier.rodriguez.000297@outlook.com,2024-07-01
CNT_MIROJI_28011944M_092020,ADM_MIROJI_28011944M_092020,MIROJI_28011944M_092020,1,646297135,miguel.rodriguez.002035@mail.com,2025-01-13
CNT_LAPEGA_05051977F_032021,ADM_LAPEGA_05051977F_032021,LAPEGA_05051977F_032021,1,626469995,laura.perez.001395@mail.com,2025-05-12
CNT_CAFEHE_23091968F_052021,ADM_CAFEHE_23091968F_052021,CAFEHE_23091968F_052021,1,34646327559,carmen.fernandez.002219@mail.com,2023-01-05
CNT_LUGOFE_17052005F_072020,ADM_LUGOFE_17052005F_072020,LUGOFE_17052005F_072020,1,622067934,lucia.gomez.001543@gmail.com,2023-11-17
CNT_SAGOSA_29111976F_102022,ADM_SAGOSA_29111976F_102022,SAGOSA_29111976F_102022,1,654303154,sara.gomez.000521@outlook.com,2023-11-28
CNT_RXSARU_22041986M_072022,ADM_RXSARU_22041986M_072022,RXSARU_22041986M_072022,1,34690470010,,2023-06-11
CNT_RAMAHE_29011989M_092022,ADM_RAMAHE_29011989M_092022,RAMAHE_29011989M_092022,1,617686305,rafael.martinez.000888@gmail.com,2025-10-09
CNT_CAMADI_20082011F_042020,ADM_CAMADI_20082011F_042020,CAMADI_20082011F_042020,1,699511040,carmen.martin.000964@gmail.com,2025-05-28
CNT_MAHEPE_13041982M_042020,ADM_MAHEPE_13041982M_042020,MAHEPE_13041982M_042020,1,662398360,manuel.hernandez.001809@mail.com,2025-12-25
CNT_CAHESA_28121994M_102020,ADM_CAHESA_28121994M_102020,CAHESA_28121994M_102020,1,684304049,carlos.hernandez.000686@mail.com,2023-10-16
CNT_ALMASA_15122015M_052022,ADM_ALMASA_15122015M_052022,ALMASA_15122015M_052022,1,625679299,alejandro.martin.001432@outlook.com,2025-11-25
CNT_LAHEDI_12021938F_042023,ADM_LAHEDI_12021938F_042023,LAHEDI_12021938F_042023,1,606291030,laura.hernandez.001363@outlook.com,2024-04-19
CNT_LXLOSA_01061980F_052022,ADM_LXLOSA_01061980F_052022,LXLOSA_01061980F_052022,1,645814090,lucia.lopez.000315@mail.com,2025-12-13
CNT_CARUMA_08011959M_052022,ADM_CARUMA_08011959M_052022,CARUMA_08011959M_052022,1,667164410,carlos.ruiz.001632@gmail.com,2023-10-21
CNT_ANGOJI_14071994M_032021,ADM_ANGOJI_14071994M_032021,ANGOJI_14071994M_032021,1,620409340,antonio.gomez.001722@hospitalmail.com,2023-03-29
CNT_CAHEGO_07071998F_122022,ADM_CAHEGO_07071998F_122022,CAHEGO_07071998F_122022,1,34628621411,carmen.hernandez.001732@mail.com,2024-07-07
CNT_MIFEXX_27032004M_042021,ADM_MIFEXX_27032004M_042021,MIFEXX_27032004M_042021,1,34669535014,miguel.fernandez.001369@mail.com,2023-01-04
CNT_CADILO_18101975M_042023,ADM_CADILO_18101975M_042023,CADILO_18101975M_042023,1,694264325,carlos.diaz.000652@hospitalmail.com,2025-03-26
CNT_MAGOJI_21121961M_042022,ADM_MAGOJI_21121961M_042022,MAGOJI_21121961M_042022,1,600489119,manuel.gomez.001231@mail.com,2025-09-14
CNT_CAGALO_28091997F_052023,ADM_CAGALO_28091997F_052023,CAGALO_28091997F_052023,1,602284979,carmen.garcia.000827@gmail.com,2024-04-02
CNT_CARUGO_04122002F_102021,ADM_CARUGO_04122002F_102021,CARUGO_04122002F_102021,1,34613387800,carmen.ruiz.000199@outlook.com,2024-11-20
CNT_MAMAPE_31051986F_052022,ADM_MAMAPE_31051986F_052022,MAMAPE_31051986F_052022,1,603765639,maria.martin.000049@hospitalmail.com,2024-05-25
CNT_ALRUSA_23041990M_072023,ADM_ALRUSA_23041990M_072023,ALRUSA_23041990M_072023,1,34607072923,alvaro.ruiz.001337@mail.com,2025-04-04
CNT_PAMAJI_24081981M_092021,ADM_PAMAJI_24081981M_092021,PAMAJI_24081981M_092021,1,615877478,pablo.martinez.000688@hospitalmail.com,2024-10-28
CNT_ELMASA_11031983F_122021,ADM_ELMASA_11031983F_122021,ELMASA_11031983F_122021,1,635008788,elena.martin.001430@outlook.com,2024-07-31
CNT_ALHELO_03041994M_022020,ADM_ALHELO_03041994M_022020,ALHELO_03041994M_022020,1,692887049,alvaro.hernandez.001474@outlook.com,2025-09-26
CNT_ALLODI_18111976M_042022,ADM_ALLODI_18111976M_042022,ALLODI_18111976M_042022,1,34688615103,alvaro.lopez.000251@gmail.com,2025-09-22
CNT_MIDIRO_27071964M_092020,ADM_MIDIRO_27071964M_092020,MIDIRO_27071964M_092020,1,6104345,miguel.diaz.000752@outlook.com,2024-11-26
CNT_SAPEFE_20112015F_072021,ADM_SAPEFE_20112015F_072021,SAPEFE_20112015F_072021,1,686907165,sara.perez.001975@mail.com,2025-09-20
CNT_IRDILO_25091987F_012023,ADM_IRDILO_25091987F_012023,IRDILO_25091987F_012023,1,632036757,,2023-01-23
CNT_MARURO_03101981F_072022,ADM_MARURO_03101981F_072022,MARURO_03101981F_072022,1,686324793,marta.ruiz.001587@mail.com,2024-01-25
CNT_MAPEDI_10022012M_102023,ADM_MAPEDI_10022012M_102023,MAPEDI_10022012M_102023,1,34683683271,manuel.perez.000893@hospitalmail.com,2024-09-17
CNT_DAFEMA_05101974M_042023,ADM_DAFEMA_05101974M_042023,DAFEMA_05101974M_042023,1,600088996,daniel.fernandez.001780@gmail.com,2024-02-03
CNT_JAHEFE_07081985M_112022,ADM_JAHEFE_07081985M_112022,JAHEFE_07081985M_112022,1,618690825,javier.hernandez.001383@gmail.com,2024-12-12
CNT_PASAGO_10111994F_092021,ADM_PASAGO_10111994F_092021,PASAGO_10111994F_092021,1,683040880,paula.sanchez.001629@mail.com,2023-12-30
CNT_CAHEDI_25021985M_022021,ADM_CAHEDI_25021985M_022021,CAHEDI_25021985M_022021,1,622153953,carlos.hernandez.001746@mail.com,2025-11-27
CNT_MARULO_18072001F_012023,ADM_MARULO_18072001F_012023,MARULO_18072001F_012023,1,675729737,maria.ruiz.001852@outlook.com,2023-03-09
CNT_RAROMA_23011978M_022022,ADM_RAROMA_23011978M_022022,RAROMA_23011978M_022022,1,6490813,rafael.rodriguez.001550@mail.com,2025-03-21
CNT_ALMAMA_14091986M_112022,ADM_ALMAMA_14091986M_112022,ALMAMA_14091986M_112022,1,34640025101,alejandro.martin.002174@mail.com,2025-04-28
CNT_IRJIFE_03051987F_011900,ADM_IRJIFE_03051987F_011900,IRJIFE_03051987F_011900,1,647952801,irene.jimenez.002026@gmail.com,2023-06-13
CNT_CAGOGO_15121958M_012023,ADM_CAGOGO_15121958M_012023,CAGOGO_15121958M_012023,1,680455693,carlos.gomez.001529@outlook.com,2025-09-16
CNT_MARODI_02031985F_052023,ADM_MARODI_02031985F_052023,MARODI_02031985F_052023,1,6875044,marta.rodriguez.000079@hospitalmail.com,2023-05-14
CNT_MAGORO_03042023F_082023,ADM_MAGORO_03042023F_082023,MAGORO_03042023F_082023,1,676864155,maria.gomez.002020@mail.com,2024-04-27
CNT_JAGALO_17102005M_012022,ADM_JAGALO_17102005M_012022,JAGALO_17102005M_012022,1,669120472,javier.garcia.001874@mail.com,2025-03-13
CNT_CAGASA_19091982F_022021,ADM_CAGASA_19091982F_022021,CAGASA_19091982F_022021,1,669956277,carmen.garcia.001686@mail.com,2025-09-17
CNT_MAHEJI_24061999F_072022,ADM_MAHEJI_24061999F_072022,MAHEJI_24061999F_072022,1,34683604092,maria.hernandez.000790@gmail.com,2025-07-20
CNT_SALOHE_04122003F_082023,ADM_SALOHE_04122003F_082023,SALOHE_04122003F_082023,1,636329207,sara.lopez.000168@gmail.com,2025-04-11
CNT_CARUGO_19081960M_052023,ADM_CARUGO_19081960M_052023,CARUGO_19081960M_052023,1,34676640172,carlos.ruiz.002032@hospitalmail.com,2024-11-29
CNT_LUPEFE_24071993F_102023,ADM_LUPEFE_24071993F_102023,LUPEFE_24071993F_102023,1,6251129,,2024-06-29
CNT_ISHEJI_13022006F_092023,ADM_ISHEJI_13022006F_092023,ISHEJI_13022006F_092023,1,604158106,isabel.hernandez.000439@gmail.com,2023-09-14
CNT_LUFEMA_13071977F_062021,ADM_LUFEMA_13071977F_062021,LUFEMA_13071977F_062021,1,640578703,lucia.fernandez.001090@mail.com,2025-07-12
CNT_MAFEMA_27051983M_042023,ADM_MAFEMA_27051983M_042023,MAFEMA_27051983M_042023,0,,,
CNT_SAJIPE_23111985F_052023,ADM_SAJIPE_23111985F_052023,SAJIPE_23111985F_052023,1,605071599,sara.jimenez.000054@outlook.com,2024-06-28
CNT_NUHEPE_21121959F_012022,ADM_NUHEPE_21121959F_012022,NUHEPE_21121959F_012022,1,34604481248,nuria.hernandez.001237@gmail.com,2025-10-19
CNT_DADIPE_05091989M_052022,ADM_DADIPE_05091989M_052022,DADIPE_05091989M_052022,1,639340230,daniel.diaz.000922@gmail.com,2024-12-05
CNT_PAHEPE_06061974F_082023,ADM_PAHEPE_06061974F_082023,PAHEPE_06061974F_082023,1,652485021,paula.hernandez.001845@gmail.com,2024-02-11
CNT_CLROMA_10032013F_032023,ADM_CLROMA_10032013F_032023,CLROMA_10032013F_032023,1,606881000,claudia.rodriguez.000649@hospitalmail.com,2024-08-06
CNT_PAMAJI_19021992M_011900,ADM_PAMAJI_19021992M_011900,PAMAJI_19021992M_011900,1,697980140,,2023-01-15
CNT_IRRUXX_10011943F_092020,ADM_IRRUXX_10011943F_092020,IRRUXX_10011943F_092020,1,615359390,irene.ruiz.001116@mail.com,2024-12-29
CNT_PARUGA_02051966F_112022,ADM_PARUGA_02051966F_112022,PARUGA_02051966F_112022,1,694170207,paula.ruiz.001132@hospitalmail.com,2025-09-02
CNT_MADIMA_02021951M_062023,ADM_MADIMA_02021951M_062023,MADIMA_02021951M_062023,1,685808678,manuel.diaz.000846@gmail.com,2024-04-12
CNT_MARUFE_11111967M_032021,ADM_MARUFE_11111967M_032021,MARUFE_11111967M_032021,1,679529349,manuel.ruiz.001924@mail.com,2023-02-27
CNT_CLGOXX_01081984F_092020,ADM_CLGOXX_01081984F_092020,CLGOXX_01081984F_092020,1,680288373,claudia.gomez.000644@outlook.com,2023-04-07
CNT_CLDIJI_03081946F_112022,ADM_CLDIJI_03081946F_112022,CLDIJI_03081946F_112022,1,686333204,claudia.diaz.001797@outlook.com,2024-10-05
CNT_ELDIFE_26111968F_082023,ADM_ELDIFE_26111968F_082023,ELDIFE_26111968F_082023,1,622967731,elena.diaz.001086@mail.com,2025-01-28
CNT_ELGAGA_28041967F_122023,ADM_ELGAGA_28041967F_122023,ELGAGA_28041967F_122023,1,654900435,elena.garcia.001246@gmail.com,2023-10-20
CNT_DAPEDI_08091993M_012021,ADM_DAPEDI_08091993M_012021,DAPEDI_08091993M_012021,1,627305863,david.perez.000734@hospitalmail.com,2025-09-28
CNT_ALGORU_09121998M_112020,ADM_ALGORU_09121998M_112020,ALGORU_09121998M_112020,1,624865674,alvaro.gomez.000793@mail.com,2023-03-04
CNT_DALOMA_01041976M_022020,ADM_DALOMA_01041976M_022020,DALOMA_01041976M_022020,1,643342674,daniel.lopez.000678@mail.com,2025-06-10
CNT_DAGAPE_23061966M_022022,ADM_DAGAPE_23061966M_022022,DAGAPE_23061966M_022022,1,634671825,david.garcia.002039@outlook.com,2025-12-06
CNT_ELMASA_03011995F_022023,ADM_ELMASA_03011995F_022023,ELMASA_03011995F_022023,1,639135892,elena.martinez.001689@hospitalmail.com,2025-12-05
CNT_DAPEMA_02041949M_072023,ADM_DAPEMA_02041949M_072023,DAPEMA_02041949M_072023,1,616922531,daniel.perez.001810@outlook.com,2023-12-06
CNT_SAROMA_02081970F_032020,ADM_SAROMA_02081970F_032020,SAROMA_02081970F_032020,1,34634766105,sara.rodriguez.000404@mail.com,2025-01-09
CNT_ELRORU_12031979F_032021,ADM_ELRORU_12031979F_032021,ELRORU_12031979F_032021,1,633994349,elena.rodriguez.000142@hospitalmail.com,2025-11-30
CNT_CLSAGO_12111998F_102023,ADM_CLSAGO_12111998F_102023,CLSAGO_12111998F_102023,1,34672221062,claudia.sanchez.001280@mail.com,2023-10-01
CNT_CASAFE_22011996M_122022,ADM_CASAFE_22011996M_122022,CASAFE_22011996M_122022,1,662429264,carlos.sanchez.001917@mail.com,2023-01-10
CNT_ANRODI_16021964M_032023,ADM_ANRODI_16021964M_032023,ANRODI_16021964M_032023,1,62590048,antonio.rodriguez.002064@gmail.com,2025-08-17
CNT_SEHEJI_15022014M_052023,ADM_SEHEJI_15022014M_052023,SEHEJI_15022014M_052023,1,647722776,,2023-05-13
CNT_MAJIRO_29112023F_012021,ADM_MAJIRO_29112023F_012021,MAJIRO_29112023F_012021,1,600031350,marta.jimenez.001524@hospitalmail.com,2024-11-10
CNT_ISLOPE_13082015F_082021,ADM_ISLOPE_13082015F_082021,ISLOPE_13082015F_082021,1,678012108,isabel.lopez.000277@mail.com,2025-07-31
CNT_CLDISA_11071947F_012022,ADM_CLDISA_11071947F_012022,CLDISA_11071947F_012022,1,658780652,claudia.diaz.001606@mail.com,2024-12-27
CNT_MAROMA_04031974M_072022,ADM_MAROMA_04031974M_072022,MAROMA_04031974M_072022,1,34695201710,manuel.rodriguez.002167@outlook.com,2024-11-17
CNT_DAFEXX_23031952M_092023,ADM_DAFEXX_23031952M_092023,DAFEXX_23031952M_092023,1,34621153388,,2023-09-02
CNT_SARUMA_28061974F_062020,ADM_SARUMA_28061974F_062020,SARUMA_28061974F_062020,1,640034060,sara.ruiz.001353@outlook.com,2024-12-10
CNT_ISFERO_06011996F_102023,ADM_ISFERO_06011996F_102023,ISFERO_06011996F_102023,1,694529169,isabel.fernandez.002070@hospitalmail.com,2023-12-26
CNT_MIPEFE_14122002M_092023,ADM_MIPEFE_14122002M_092023,MIPEFE_14122002M_092023,1,656756378,miguel.perez.001928@gmail.com,2025-01-04
CNT_ISLOMA_09071943F_092020,ADM_ISLOMA_09071943F_092020,ISLOMA_09071943F_092020,1,676178225,isabel.lopez.001428@mail.com,2025-10-13
CNT_PAHESA_17021961F_112020,ADM_PAHESA_17021961F_112020,PAHESA_17021961F_112020,1,662985962,paula.hernandez.001329@gmail.com,2025-01-08
CNT_DAPEJI_01101986M_102023,ADM_DAPEJI_01101986M_102023,DAPEJI_01101986M_102023,1,687213966,daniel.perez.000894@outlook.com,2023-12-01
CNT_LUJIDI_12061972F_042020,ADM_LUJIDI_12061972F_042020,LUJIDI_12061972F_042020,1,691517310,lucia.jimenez.000629@hospitalmail.com,2025-07-21
CNT_NUFEMA_04011973F_012020,ADM_NUFEMA_04011973F_012020,NUFEMA_04011973F_012020,1,665908962,nuria.fernandez.000208@hospitalmail.com,2024-11-18
CNT_RAGODI_19041987M_122023,ADM_RAGODI_19041987M_122023,RAGODI_19041987M_122023,1,657221231,rafael.gomez.000641@gmail.com,2024-01-06
CNT_PAJIGA_03071992F_052022,ADM_PAJIGA_03071992F_052022,PAJIGA_03071992F_052022,1,613803635,paula.jimenez.002179@mail.com,2025-12-21
CNT_DAPEGA_29111987M_052023,ADM_DAPEGA_29111987M_052023,DAPEGA_29111987M_052023,1,662268523,daniel.perez.000772@mail.com,2025-04-19
CNT_LUJIGA_19041984F_092022,ADM_LUJIGA_19041984F_092022,LUJIGA_19041984F_092022,1,669602102,,2025-01-02
CNT_MARUGA_02021970M_102021,ADM_MARUGA_02021970M_102021,MARUGA_02021970M_102021,1,34699205596,manuel.ruiz.001297@hospitalmail.com,2024-06-19
CNT_MIDIRU_23071967M_032023,ADM_MIDIRU_23071967M_032023,MIDIRU_23071967M_032023,1,34685456018,miguel.diaz.000621@outlook.com,2024-09-22
CNT_DAJIJI_20042019M_012022,ADM_DAJIJI_20042019M_012022,DAJIJI_20042019M_012022,1,623554083,david.jimenez.000705@outlook.com,2025-12-19
CNT_PAGAMA_16031986M_062022,ADM_PAGAMA_16031986M_062022,PAGAMA_16031986M_062022,1,627496222,pablo.garcia.001222@mail.com,2025-08-25
CNT_ANLORO_05012008M_042020,ADM_ANLORO_05012008M_042020,ANLORO_05012008M_042020,1,633579948,antonio.lopez.001815@mail.com,2025-09-13
CNT_IRDIMA_07031951F_112023,ADM_IRDIMA_07031951F_112023,IRDIMA_07031951F_112023,1,686680620,irene.diaz.000913@mail.com,2023-11-08
CNT_ANSAPE_08101995M_062021,ADM_ANSAPE_08101995M_062021,ANSAPE_08101995M_062021,1,685113533,antonio.sanchez.000107@outlook.com,2025-10-14
CNT_RAFEFE_22111982M_032020,ADM_RAFEFE_22111982M_032020,RAFEFE_22111982M_032020,1,34617929682,rafael.fernandez.001824@gmail.com,2025-03-04
CNT_ALMAFE_31121984M_022021,ADM_ALMAFE_31121984M_022021,ALMAFE_31121984M_022021,1,630226790,alejandro.martin.001982@outlook.com,2023-05-22
CNT_PAGAGA_10031992F_122020,ADM_PAGAGA_10031992F_122020,PAGAGA_10031992F_122020,1,652645949,paula.garcia.001828@hospitalmail.com,2024-10-19
CNT_CASAXX_21081965F_102020,ADM_CASAXX_21081965F_102020,CASAXX_21081965F_102020,1,638979577,carmen.sanchez.001179@mail.com,2024-01-10
CNT_CLHERO_18081934F_102022,ADM_CLHERO_18081934F_102022,CLHERO_18081934F_102022,1,34630608202,claudia.hernandez.000860@hospitalmail.com,2025-07-14
CNT_CLGAGO_11021992F_092023,ADM_CLGAGO_11021992F_092023,CLGAGO_11021992F_092023,1,657077516,claudia.garcia.000362@mail.com,2023-09-29
CNT_MILOXX_28111958M_012021,ADM_MILOXX_28111958M_012021,MILOXX_28111958M_012021,1,34696715769,,2023-09-08
CNT_JALOLO_23061968M_072020,ADM_JALOLO_23061968M_072020,JALOLO_23061968M_072020,1,6655592,javier.lopez.001176@hospitalmail.com,2024-04-19
CNT_ANGAMA_07061962M_032022,ADM_ANGAMA_07061962M_032022,ANGAMA_07061962M_032022,1,613812591,antonio.garcia.000387@outlook.com,2024-10-29
CNT_SAMAGO_24082005F_032022,ADM_SAMAGO_24082005F_032022,SAMAGO_24082005F_032022,1,34666991789,sara.martin.002249@outlook.com,2025-04-05
CNT_CAMAMA_01081978F_112020,ADM_CAMAMA_01081978F_112020,CAMAMA_01081978F_112020,1,650482511,carmen.martinez.000030@mail.com,2023-04-20
CNT_NUJILO_04092005F_012020,ADM_NUJILO_04092005F_012020,NUJILO_04092005F_012020,1,696263139,nuria.jimenez.001199@mail.com,2024-09-25
CNT_LAGOJI_22031940F_042023,ADM_LAGOJI_22031940F_042023,LAGOJI_22031940F_042023,1,694954513,laura.gomez.000985@gmail.com,2025-12-22
CNT_PAHEGO_09022008M_012023,ADM_PAHEGO_09022008M_012023,PAHEGO_09022008M_012023,1,686957944,pablo.hernandez.001354@gmail.com,2023-01-10
CNT_LADIPE_04031992F_122022,ADM_LADIPE_04031992F_122022,LADIPE_04031992F_122022,1,34637817948,laura.diaz.001092@mail.com,2024-07-30
CNT_CADIPE_07071963M_102020,ADM_CADIPE_07071963M_102020,CADIPE_07071963M_102020,1,614580213,carlos.diaz.000150@outlook.com,2025-07-08
CNT_MARULO_30081973M_032022,ADM_MARULO_30081973M_032022,MARULO_30081973M_032022,1,611432586,manuel.ruiz.000689@mail.com,2025-10-01
CNT_NUPEXX_08011992F_072021,ADM_NUPEXX_08011992F_072021,NUPEXX_08011992F_072021,1,34616010230,nuria.perez.001204@outlook.com,2023-11-04
CNT_LAPERU_15072006F_042022,ADM_LAPERU_15072006F_042022,LAPERU_15072006F_042022,1,34634938190,laura.perez.000677@mail.com,2025-09-07
CNT_RAMAFE_27061991M_112020,ADM_RAMAFE_27061991M_112020,RAMAFE_27061991M_112020,1,665344371,rafael.martinez.000224@outlook.com,2025-10-06
CNT_ALMAHE_22041983M_012020,ADM_ALMAHE_22041983M_012020,ALMAHE_22041983M_012020,1,652421247,alvaro.martinez.000461@gmail.com,2023-09-16
CNT_RARUGO_01081971M_062022,ADM_RARUGO_01081971M_062022,RARUGO_01081971M_062022,1,662919634,rafael.ruiz.001799@hospitalmail.com,2023-07-08
CNT_ANGASA_23061967M_032023,ADM_ANGASA_23061967M_032023,ANGASA_23061967M_032023,1,614478270,antonio.garcia.001289@hospitalmail.com,2024-11-26
CNT_NUMASA_01011976F_092022,ADM_NUMASA_01011976F_092022,NUMASA_01011976F_092022,1,692523571,nuria.martin.000081@mail.com,2025-02-17
CNT_LARORU_18091993F_012023,ADM_LARORU_18091993F_012023,LARORU_18091993F_012023,1,619800434,laura.rodriguez.001320@outlook.com,2025-06-10
CNT_MAGOGO_23011952M_062022,ADM_MAGOGO_23011952M_062022,MAGOGO_23011952M_062022,1,693935,,2023-03-08
CNT_LUGARU_25091989F_042023,ADM_LUGARU_25091989F_042023,LUGARU_25091989F_042023,1,613984013,lucia.garcia.001362@hospitalmail.com,2023-04-05
CNT_RAJIPE_30071986M_022021,ADM_RAJIPE_30071986M_022021,RAJIPE_30071986M_022021,1,697080355,rafael.jimenez.001192@mail.com,2025-12-10
CNT_PAMAXX_26081941F_052023,ADM_PAMAXX_26081941F_052023,PAMAXX_26081941F_052023,1,34638125903,paula.martinez.001898@hospitalmail.com,2023-05-21
CNT_CAHEDI_09031979M_112023,ADM_CAHEDI_09031979M_112023,CAHEDI_09031979M_112023,1,608969647,carlos.hernandez.001885@outlook.com,2024-02-22
CNT_CLRURO_12032002F_082020,ADM_CLRURO_12032002F_082020,CLRURO_12032002F_082020,1,688546791,claudia.ruiz.000357@gmail.com,2025-01-28
CNT_MAPEDI_09102005F_112023,ADM_MAPEDI_09102005F_112023,MAPEDI_09102005F_112023,1,696509727,maria.perez.000680@hospitalmail.com,2025-07-30
CNT_MASAMA_25052005F_042020,ADM_MASAMA_25052005F_042020,MASAMA_25052005F_042020,1,656229652,marta.sanchez.001937@outlook.com,2025-09-24
CNT_MADIMA_17061984F_112023,ADM_MADIMA_17061984F_112023,MADIMA_17061984F_112023,1,668249465,maria.diaz.000353@outlook.com,2025-06-21
CNT_DARORU_23081947M_052021,ADM_DARORU_23081947M_052021,DARORU_23081947M_052021,1,699146488,david.rodriguez.001422@hospitalmail.com,2025-06-24
CNT_RAJIRU_18011965M_072021,ADM_RAJIRU_18011965M_072021,RAJIRU_18011965M_072021,1,609720819,rafael.jimenez.001655@hospitalmail.com,2023-10-22
CNT_CAHEPE_20021940F_082022,ADM_CAHEPE_20021940F_082022,CAHEPE_20021940F_082022,1,684776,carmen.hernandez.000238@gmail.com,2024-12-07
CNT_ELGAMA_19101986F_072022,ADM_ELGAMA_19101986F_072022,ELGAMA_19101986F_072022,1,658186176,elena.garcia.000798@mail.com,2025-12-08
CNT_CAGOHE_15101985F_082021,ADM_CAGOHE_15101985F_082021,CAGOHE_15101985F_082021,1,34691269388,carmen.gomez.000276@hospitalmail.com,2025-08-01
CNT_ELRUMA_29022008F_072020,ADM_ELRUMA_29022008F_072020,ELRUMA_29022008F_072020,1,640536712,elena.ruiz.000430@gmail.com,2025-05-02
CNT_MARUXX_14021970F_012023,ADM_MARUXX_14021970F_012023,MARUXX_14021970F_012023,1,34616984882,,2023-01-06
CNT_SASAMA_22092011F_102023,ADM_SASAMA_22092011F_102023,SASAMA_22092011F_102023,1,65004221,sara.sanchez.001608@gmail.com,2025-09-24
CNT_MIDIDI_18101949M_042023,ADM_MIDIDI_18101949M_042023,MIDIDI_18101949M_042023,1,646834496,miguel.diaz.000440@hospitalmail.com,2023-10-17
CNT_MAROJI_11021962M_112021,ADM_MAROJI_11021962M_112021,MAROJI_11021962M_112021,1,6417214,manuel.rodriguez.000449@gmail.com,2025-08-17
CNT_CAROGO_23101976F_012023,ADM_CAROGO_23101976F_012023,CAROGO_23101976F_012023,1,642948419,carmen.rodriguez.001503@gmail.com,2023-01-05
CNT_ANGODI_27061985M_112023,ADM_ANGODI_27061985M_112023,ANGODI_27061985M_112023,1,650457248,antonio.gomez.001279@mail.com,2025-05-17
CNT_SAGALO_25051952F_032022,ADM_SAGALO_25051952F_032022,SAGALO_25051952F_032022,1,616952758,sara.garcia.001849@outlook.com,2023-10-31
CNT_PAMASA_29071968M_062023,ADM_PAMASA_29071968M_062023,PAMASA_29071968M_062023,1,614520462,pablo.martinez.001112@gmail.com,2025-10-29
CNT_MIMAHE_11031969M_092022,ADM_MIMAHE_11031969M_092022,MIMAHE_11031969M_092022,1,34634164340,miguel.martin.000676@outlook.com,2025-12-27
CNT_ALGAMA_09081993M_022022,ADM_ALGAMA_09081993M_022022,ALGAMA_09081993M_022022,1,656790801,alejandro.garcia.001101@outlook.com,2024-01-13
CNT_MARUSA_29011989F_082020,ADM_MARUSA_29011989F_082020,MARUSA_29011989F_082020,1,628930966,maria.ruiz.001217@gmail.com,2025-10-20
CNT_ANMAFE_20032023M_032020,ADM_ANMAFE_20032023M_032020,ANMAFE_20032023M_032020,1,630736915,antonio.martin.001944@hospitalmail.com,2025-04-30
CNT_NUHEJI_12111994F_082020,ADM_NUHEJI_12111994F_082020,NUHEJI_12111994F_082020,1,643260895,nuria.hernandez.002238@hospitalmail.com,2024-10-09
CNT_MAHEMA_15061999M_032020,ADM_MAHEMA_15061999M_032020,MAHEMA_15061999M_032020,1,631619648,manuel.hernandez.000109@mail.com,2025-11-12
CNT_MIJIRU_11101999M_052023,ADM_MIJIRU_11101999M_052023,MIJIRU_11101999M_052023,1,690001771,miguel.jimenez.000825@gmail.com,2025-08-03
CNT_LUSASA_24121942F_092023,ADM_LUSASA_24121942F_092023,LUSASA_24121942F_092023,1,626144450,lucia.sanchez.000267@gmail.com,2023-09-26
CNT_PADIPE_03021971F_012023,ADM_PADIPE_03021971F_012023,PADIPE_03021971F_012023,1,34689541959,,2023-12-18
CNT_CAFEFE_07091955M_082023,ADM_CAFEFE_07091955M_082023,CAFEFE_07091955M_082023,1,34652784438,carlos.fernandez.000442@gmail.com,2025-08-29
CNT_MAFESA_09101999M_052022,ADM_MAFESA_09101999M_052022,MAFESA_09101999M_052022,1,694259493,manuel.fernandez.000931@hospitalmail.com,2025-04-08
CNT_ELJIGO_27101939F_012023,ADM_ELJIGO_27101939F_012023,ELJIGO_27101939F_012023,1,651583532,elena.jimenez.001835@outlook.com,2023-01-29
CNT_IRFEGO_11031986F_072022,ADM_IRFEGO_11031986F_072022,IRFEGO_11031986F_072022,1,677391606,irene.fernandez.000595@outlook.com,2024-12-12
CNT_MAPEGA_06031961F_102023,ADM_MAPEGA_06031961F_102023,MAPEGA_06031961F_102023,1,643810931,marta.perez.002194@outlook.com,2025-09-18
CNT_MAMALO_09111963F_012022,ADM_MAMALO_09111963F_012022,MAMALO_09111963F_012022,1,34663815463,maria.martin.001275@gmail.com,2025-11-02
CNT_JAJIPE_28081993M_122022,ADM_JAJIPE_28081993M_122022,JAJIPE_28081993M_122022,1,619790703,javier.jimenez.000741@outlook.com,2024-11-23
CNT_JAMAGO_26021992M_022020,ADM_JAMAGO_26021992M_022020,JAMAGO_26021992M_022020,1,658643517,javier.martin.000370@hospitalmail.com,2023-05-25
CNT_CALOFE_28071951M_072021,ADM_CALOFE_28071951M_072021,CALOFE_28071951M_072021,1,34624696789,carlos.lopez.000126@outlook.com,2025-01-29
CNT_MAMAFE_24081972F_102023,ADM_MAMAFE_24081972F_102023,MAMAFE_24081972F_102023,1,684055991,marta.martinez.002084@hospitalmail.com,2024-11-15
CNT_SEROPE_09111936M_102023,ADM_SEROPE_09111936M_102023,SEROPE_09111936M_102023,1,34612222246,sergio.rodriguez.000980@gmail.com,2025-06-26
CNT_MIMAPE_22121973M_022021,ADM_MIMAPE_22121973M_022021,MIMAPE_22121973M_022021,1,606119289,miguel.martin.001563@mail.com,2023-08-30
CNT_PAMAGO_14091968M_072021,ADM_PAMAGO_14091968M_072021,PAMAGO_14091968M_072021,1,675420449,pablo.martinez.001953@mail.com,2025-05-16
CNT_LUMAMA_01092002F_112022,ADM_LUMAMA_01092002F_112022,LUMAMA_01092002F_112022,1,608561440,lucia.martinez.000603@outlook.com,2024-05-15
CNT_MIGAJI_02072002M_112020,ADM_MIGAJI_02072002M_112020,MIGAJI_02072002M_112020,1,600867769,miguel.garcia.001077@gmail.com,2025-07-16
CNT_SEFERU_08031955M_022020,ADM_SEFERU_08031955M_022020,SEFERU_08031955M_022020,1,34615143392,sergio.fernandez.001327@hospitalmail.com,2025-03-13
CNT_JALOJI_27031972M_082021,ADM_JALOJI_27031972M_082021,JALOJI_27031972M_082021,1,686597955,javier.lopez.000138@mail.com,2024-09-11
CNT_CAMAJI_24012024F_112022,ADM_CAMAJI_24012024F_112022,CAMAJI_24012024F_112022,1,34642870080,carmen.martin.001264@gmail.com,2025-11-05
CNT_ISGAGA_25051961F_042020,ADM_ISGAGA_25051961F_042020,ISGAGA_25051961F_042020,1,34660139902,isabel.garcia.000656@mail.com,2024-07-19
CNT_MASAGO_14081988M_012020,ADM_MASAGO_14081988M_012020,MASAGO_14081988M_012020,1,68645814,manuel.sanchez.001891@hospitalmail.com,2025-07-06
CNT_CAPEPE_17011986M_082020,ADM_CAPEPE_17011986M_082020,CAPEPE_17011986M_082020,1,654126704,carlos.perez.001951@mail.com,2025-10-22
CNT_IRSAHE_19042023F_042023,ADM_IRSAHE_19042023F_042023,IRSAHE_19042023F_042023,1,620397705,irene.sanchez.001534@hospitalmail.com,2025-12-25
CNT_CLLOGO_16062023F_012023,ADM_CLLOGO_16062023F_012023,CLLOGO_16062023F_012023,1,648911,claudia.lopez.001068@outlook.com,2025-02-05
CNT_MILORO_22072011M_092023,ADM_MILORO_22072011M_092023,MILORO_22072011M_092023,1,614524875,,2023-09-05
CNT_DAMAMA_27111961M_042022,ADM_DAMAMA_27111961M_042022,DAMAMA_27111961M_042022,1,645786314,daniel.martinez.000646@hospitalmail.com,2025-10-21
CNT_LUHEMA_12102005F_102023,ADM_LUHEMA_12102005F_102023,LUHEMA_12102005F_102023,1,676805690,lucia.hernandez.001016@hospitalmail.com,2023-11-19
CNT_NULOJI_14031989F_062022,ADM_NULOJI_14031989F_062022,NULOJI_14031989F_062022,1,34686054966,nuria.lopez.001825@hospitalmail.com,2023-04-23
CNT_MIRUDI_03032006M_011900,ADM_MIRUDI_03032006M_011900,MIRUDI_03032006M_011900,1,604419629,,2023-10-09
CNT_SAPEGO_05041976F_042021,ADM_SAPEGO_05041976F_042021,SAPEGO_05041976F_042021,1,6837945,sara.perez.000326@gmail.com,2023-04-12
CNT_ALGOPE_15081951M_072021,ADM_ALGOPE_15081951M_072021,ALGOPE_15081951M_072021,1,34639025144,alvaro.gomez.000225@outlook.com,2024-05-07
CNT_CARURO_12102006F_052020,ADM_CARURO_12102006F_052020,CARURO_12102006F_052020,1,612384282,carmen.ruiz.000009@gmail.com,2025-11-06
CNT_PAMAMA_08031965F_112022,ADM_PAMAMA_08031965F_112022,PAMAMA_08031965F_112022,1,611105041,paula.martin.001291@mail.com,2024-01-07
CNT_ANJIMA_11121962M_112023,ADM_ANJIMA_11121962M_112023,ANJIMA_11121962M_112023,1,621071776,antonio.jimenez.001426@gmail.com,2025-06-05
CNT_ISHEHE_20081980F_082021,ADM_ISHEHE_20081980F_082021,ISHEHE_20081980F_082021,1,671295391,isabel.hernandez.000866@outlook.com,2023-10-05
CNT_DASAHE_03101990M_032021,ADM_DASAHE_03101990M_032021,DASAHE_03101990M_032021,1,634531138,daniel.sanchez.001911@mail.com,2025-09-24
CNT_RARURO_29071989M_032023,ADM_RARURO_29071989M_032023,RARURO_29071989M_032023,1,34604507248,rafael.ruiz.000129@outlook.com,2024-01-02
CNT_ELJIJI_12091980F_092023,ADM_ELJIJI_12091980F_092023,ELJIJI_12091980F_092023,1,607217037,elena.jimenez.000392@outlook.com,2023-09-03
CNT_SEMAJI_04101972M_012022,ADM_SEMAJI_04101972M_012022,SEMAJI_04101972M_012022,1,697645599,sergio.martin.001085@outlook.com,2024-04-14
CNT_SEHEHE_08022007M_022023,ADM_SEHEHE_08022007M_022023,SEHEHE_08022007M_022023,1,675333843,sergio.hernandez.001424@mail.com,2025-05-02
CNT_NUGOGA_06101997F_102023,ADM_NUGOGA_06101997F_102023,NUGOGA_06101997F_102023,1,664458020,nuria.gomez.000120@gmail.com,2023-10-18
CNT_RAGOGO_12081944M_112023,ADM_RAGOGO_12081944M_112023,RAGOGO_12081944M_112023,1,6860597,rafael.gomez.001665@gmail.com,2025-08-04
CNT_ISMAGO_20101967F_092023,ADM_ISMAGO_20101967F_092023,ISMAGO_20101967F_092023,1,601072659,isabel.martin.002221@mail.com,2024-07-02
CNT_PAGOHE_28011971M_032023,ADM_PAGOHE_28011971M_032023,PAGOHE_28011971M_032023,1,67193493,pablo.gomez.001734@hospitalmail.com,2024-09-29
CNT_ANFEDI_01091963M_042020,ADM_ANFEDI_01091963M_042020,ANFEDI_01091963M_042020,1,641525026,antonio.fernandez.001541@mail.com,2025-10-27
CNT_PXDIGA_12051981F_102023,ADM_PXDIGA_12051981F_102023,PXDIGA_12051981F_102023,1,640419877,,2023-10-15
CNT_CASASA_19011990F_072021,ADM_CASASA_19011990F_072021,CASASA_19011990F_072021,1,34646461554,carmen.sanchez.000369@hospitalmail.com,2024-12-26
CNT_PASAMA_30041989F_092023,ADM_PASAMA_30041989F_092023,PASAMA_30041989F_092023,1,625840965,paula.sanchez.000870@outlook.com,2024-01-17
CNT_NURUPE_22062000F_052023,ADM_NURUPE_22062000F_052023,NURUPE_22062000F_052023,1,662692047,nuria.ruiz.001908@outlook.com,2025-06-24
CNT_ALGOGO_02081975M_082023,ADM_ALGOGO_02081975M_082023,ALGOGO_02081975M_082023,1,607030734,alvaro.gomez.001787@outlook.com,2024-04-20
CNT_MAMAPE_05071989F_062023,ADM_MAMAPE_05071989F_062023,MAMAPE_05071989F_062023,1,34652977523,marta.martinez.001404@mail.com,2024-06-27
CNT_MAMAGO_09021983F_042023,ADM_MAMAGO_09021983F_042023,MAMAGO_09021983F_042023,1,631267012,maria.martinez.001938@outlook.com,2025-08-07
CNT_ALRUMA_20072018M_112020,ADM_ALRUMA_20072018M_112020,ALRUMA_20072018M_112020,1,617019126,alvaro.ruiz.001848@gmail.com,2024-01-03
CNT_PASAGA_12101964M_012020,ADM_PASAGA_12101964M_012020,PASAGA_12101964M_012020,1,690107801,pablo.sanchez.001972@hospitalmail.com,2024-11-23
CNT_MAMAMA_18101987F_032023,ADM_MAMAMA_18101987F_032023,MAMAMA_18101987F_032023,1,636803982,marta.martinez.000517@gmail.com,2024-11-06
CNT_JAMAHE_12111960M_092021,ADM_JAMAHE_12111960M_092021,JAMAHE_12111960M_092021,1,682748745,javier.martin.000234@outlook.com,2025-11-18
CNT_LAMARU_01061945F_062020,ADM_LAMARU_01061945F_062020,LAMARU_01061945F_062020,1,685420941,laura.martinez.001790@mail.com,2023-12-29
CNT_LUROPE_00000000F_042021,ADM_LUROPE_00000000F_042021,LUROPE_00000000F_042021,1,642962195,lucia.rodriguez.002135@outlook.com,2025-07-31
CNT_IRGAMA_14031943F_032023,ADM_IRGAMA_14031943F_032023,IRGAMA_14031943F_032023,1,670761,irene.garcia.001950@hospitalmail.com,2025-02-14
CNT_RAHESA_22101972M_082021,ADM_RAHESA_22101972M_082021,RAHESA_22101972M_082021,1,603921572,rafael.hernandez.000185@outlook.com,2024-03-01
CNT_ANDIMA_27101976M_092023,ADM_ANDIMA_27101976M_092023,ANDIMA_27101976M_092023,1,692447990,antonio.diaz.001649@outlook.com,2025-03-14
CNT_DALOGO_14071976M_012023,ADM_DALOGO_14071976M_012023,DALOGO_14071976M_012023,1,633027328,david.lopez.002083@outlook.com,2023-01-07
CNT_IRSAPE_17102003F_112023,ADM_IRSAPE_17102003F_112023,IRSAPE_17102003F_112023,1,646137538,irene.sanchez.001061@outlook.com,2024-01-16
CNT_LUFEGO_03092016F_022020,ADM_LUFEGO_03092016F_022020,LUFEGO_03092016F_022020,1,634429033,lucia.fernandez.002133@mail.com,2023-06-08
CNT_CLRULO_23032004F_042023,ADM_CLRULO_23032004F_042023,CLRULO_23032004F_042023,1,34624964873,claudia.ruiz.001750@outlook.com,2024-10-10
CNT_MALORU_07122017F_072023,ADM_MALORU_07122017F_072023,MALORU_07122017F_072023,1,667821566,marta.lopez.001577@hospitalmail.com,2025-07-18
CNT_DAFEFE_24072014M_012023,ADM_DAFEFE_24072014M_012023,DAFEFE_24072014M_012023,1,690768076,david.fernandez.001593@gmail.com,2024-11-03
CNT_ANROGO_20061992M_092023,ADM_ANROGO_20061992M_092023,ANROGO_20061992M_092023,1,658699,antonio.rodriguez.001123@outlook.com,2025-05-21
CNT_CADIFE_06042002M_052021,ADM_CADIFE_06042002M_052021,CADIFE_06042002M_052021,1,649333270,carlos.diaz.001640@gmail.com,2025-11-22
CNT_ANJILO_04081998M_042021,ADM_ANJILO_04081998M_042021,ANJILO_04081998M_042021,1,65494662,antonio.jimenez.001219@mail.com,2025-07-17
CNT_ALHEGO_25091980M_072023,ADM_ALHEGO_25091980M_072023,ALHEGO_25091980M_072023,1,687247380,alvaro.hernandez.001601@gmail.com,2024-04-30
CNT_ALMARU_19051988M_082021,ADM_ALMARU_19051988M_082021,ALMARU_19051988M_082021,1,34663625947,alvaro.martin.000877@mail.com,2024-02-14
CNT_MIRUJI_06072009M_012020,ADM_MIRUJI_06072009M_012020,MIRUJI_06072009M_012020,1,641591687,miguel.ruiz.000130@mail.com,2024-09-07
CNT_MAGAMA_30062001F_082020,ADM_MAGAMA_30062001F_082020,MAGAMA_30062001F_082020,1,691206125,marta.garcia.000428@hospitalmail.com,2025-03-16
CNT_PAPEFE_21121951F_112020,ADM_PAPEFE_21121951F_112020,PAPEFE_21121951F_112020,1,644410094,paula.perez.002170@mail.com,2025-08-30
CNT_ALSASA_25021968M_062024,ADM_ALSASA_25021968M_062024,ALSASA_25021968M_062024,1,34634437930,alejandro.sanchez.000008@hospitalmail.com,2024-06-18
CNT_PARUHE_18021972F_122023,ADM_PARUHE_18021972F_122023,PARUHE_18021972F_122023,1,621377844,paula.ruiz.001654@hospitalmail.com,2025-06-30
CNT_LUPEGA_11111936F_122020,ADM_LUPEGA_11111936F_122020,LUPEGA_11111936F_122020,1,648105528,lucia.perez.000847@outlook.com,2025-10-29
CNT_CAMAFE_29102002F_012022,ADM_CAMAFE_29102002F_012022,CAMAFE_29102002F_012022,1,691548627,carmen.martin.000166@gmail.com,2025-11-01
CNT_ANLOGA_25061954M_082023,ADM_ANLOGA_25061954M_082023,ANLOGA_25061954M_082023,1,636988762,antonio.lopez.001358@gmail.com,2024-09-20
CNT_LUMAMA_18091966F_062024,ADM_LUMAMA_18091966F_062024,LUMAMA_18091966F_062024,1,68026309,lucia.martinez.001041@hospitalmail.com,2024-09-10
CNT_PASAMA_14111977F_052020,ADM_PASAMA_14111977F_052020,PASAMA_14111977F_052020,1,34649193559,paula.sanchez.000468@outlook.com,2025-09-12
CNT_ISFESA_09011962F_072022,ADM_ISFESA_09011962F_072022,ISFESA_09011962F_072022,1,654123660,isabel.fernandez.001165@outlook.com,2024-01-31
CNT_LADIGA_23081961F_042020,ADM_LADIGA_23081961F_042020,LADIGA_23081961F_042020,1,618064,laura.diaz.000842@outlook.com,2025-07-31
CNT_ALPEXX_09031954M_042023,ADM_ALPEXX_09031954M_042023,ALPEXX_09031954M_042023,1,638886129,alvaro.perez.002129@hospitalmail.com,2024-09-30
CNT_DAFEPE_02091995M_062022,ADM_DAFEPE_02091995M_062022,DAFEPE_02091995M_062022,1,652670517,david.fernandez.000954@hospitalmail.com,2025-04-11
CNT_DAFEGO_06102004M_112022,ADM_DAFEGO_06102004M_112022,DAFEGO_06102004M_112022,1,631835064,david.fernandez.000163@outlook.com,2025-06-13
CNT_SERULO_04122004M_032024,ADM_SERULO_04122004M_032024,SERULO_04122004M_032024,1,628540240,sergio.ruiz.001870@hospitalmail.com,2024-03-02
CNT_MIMAMA_06011992M_022024,ADM_MIMAMA_06011992M_022024,MIMAMA_06011992M_022024,1,,miguel.martin.001666@gmail.com,2024-02-01
CNT_ANROLO_28111983M_112020,ADM_ANROLO_28111983M_112020,ANROLO_28111983M_112020,1,641199,antonio.rodriguez.002239@mail.com,2025-08-30
CNT_SEMAFE_05052001M_102021,ADM_SEMAFE_05052001M_102021,SEMAFE_05052001M_102021,1,638417015,sergio.martin.001613@mail.com,2025-07-24
CNT_RALOGO_12081944M_032024,ADM_RALOGO_12081944M_032024,RALOGO_12081944M_032024,1,600257744,rafael.lopez.001406@hospitalmail.com,2025-11-15
CNT_SASAPE_01032010F_072024,ADM_SASAPE_01032010F_072024,SASAPE_01032010F_072024,1,617378621,sara.sanchez.002164@hospitalmail.com,2024-07-22
CNT_CAGAJI_03031985M_122024,ADM_CAGAJI_03031985M_122024,CAGAJI_03031985M_122024,1,6630572,carlos.garcia.000882@mail.com,2024-12-22
CNT_MXLOGO_12062000F_012021,ADM_MXLOGO_12062000F_012021,MXLOGO_12062000F_012021,1,676394419,maria.lopez.000670@gmail.com,2024-03-13
CNT_NULORO_25011955F_072024,ADM_NULORO_25011955F_072024,NULORO_25011955F_072024,1,654848857,nuria.lopez.000317@gmail.com,2024-10-18
CNT_ALSADI_25061990M_102021,ADM_ALSADI_25061990M_102021,ALSADI_25061990M_102021,1,34656988036,alvaro.sanchez.002214@gmail.com,2024-03-15
CNT_NUGAFE_05071964F_072021,ADM_NUGAFE_05071964F_072021,NUGAFE_05071964F_072021,1,653470538,nuria.garcia.001436@hospitalmail.com,2025-03-03
CNT_ISLODI_30111935F_122024,ADM_ISLODI_30111935F_122024,ISLODI_30111935F_122024,1,653926544,isabel.lopez.000476@mail.com,2025-02-28
CNT_MAFESA_19091965M_112020,ADM_MAFESA_19091965M_112020,MAFESA_19091965M_112020,1,612972391,manuel.fernandez.001798@hospitalmail.com,2025-04-03
CNT_SEFEDI_09022011M_092020,ADM_SEFEDI_09022011M_092020,SEFEDI_09022011M_092020,1,34666232774,sergio.fernandez.001656@outlook.com,2024-09-05
CNT_JARURO_26121991M_122024,ADM_JARURO_26121991M_122024,JARURO_26121991M_122024,1,34692146261,javier.ruiz.001412@mail.com,2025-11-15
CNT_MIRUGA_21081984M_082024,ADM_MIRUGA_21081984M_082024,MIRUGA_21081984M_082024,1,663101401,miguel.ruiz.002006@outlook.com,2024-11-04
CNT_RAROMA_11031960M_032020,ADM_RAROMA_11031960M_032020,RAROMA_11031960M_032020,1,648733940,rafael.rodriguez.001537@hospitalmail.com,2025-05-19
CNT_JAFEPE_20031936M_022023,ADM_JAFEPE_20031936M_022023,JAFEPE_20031936M_022023,1,685319110,javier.fernandez.000390@gmail.com,2025-12-17
CNT_CARUSA_25081963M_032024,ADM_CARUSA_25081963M_032024,CARUSA_25081963M_032024,1,602106908,carlos.ruiz.002027@mail.com,2024-10-26
CNT_RALOPE_31052002M_072023,ADM_RALOPE_31052002M_072023,RALOPE_31052002M_072023,1,647840123,rafael.lopez.002053@outlook.com,2025-05-23
CNT_ALSADI_20111957M_052022,ADM_ALSADI_20111957M_052022,ALSADI_20111957M_052022,1,667364282,alejandro.sanchez.000422@mail.com,2025-05-31
CNT_CALORU_10071962M_072021,ADM_CALORU_10071962M_072021,CALORU_10071962M_072021,1,695971169,carlos.lopez.000243@hospitalmail.com,2024-11-08
CNT_PAMAMA_11071967M_042022,ADM_PAMAMA_11071967M_042022,PAMAMA_11071967M_042022,1,650425475,pablo.martinez.000823@hospitalmail.com,2024-12-29
CNT_MAGOGA_03021991M_122023,ADM_MAGOGA_03021991M_122023,MAGOGA_03021991M_122023,1,602175944,manuel.gomez.000188@gmail.com,2024-11-21
CNT_DAHEFE_05122008M_072023,ADM_DAHEFE_05122008M_072023,DAHEFE_05122008M_072023,1,678292057,daniel.hernandez.001600@gmail.com,2025-08-20
CNT_LUJIGO_07111955F_042022,ADM_LUJIGO_07111955F_042022,LUJIGO_07111955F_042022,1,658263511,lucia.jimenez.001330@mail.com,2024-10-02
CNT_MIJISA_15021983M_052024,ADM_MIJISA_15021983M_052024,MIJISA_15021983M_052024,1,651203840,miguel.jimenez.001912@mail.com,2025-05-13
CNT_ALLOSA_21111955M_022022,ADM_ALLOSA_21111955M_022022,ALLOSA_21111955M_022022,1,620422546,alvaro.lopez.000709@outlook.com,2024-08-26
CNT_JAGORO_01041947M_032024,ADM_JAGORO_01041947M_032024,JAGORO_01041947M_032024,1,670263195,javier.gomez.000336@mail.com,2024-09-27
CNT_ANGAXX_18082008M_012023,ADM_ANGAXX_18082008M_012023,ANGAXX_18082008M_012023,1,680225549,antonio.garcia.002182@gmail.com,2024-03-02
CNT_CLLOXX_19071942F_102020,ADM_CLLOXX_19071942F_102020,CLLOXX_19071942F_102020,1,664544094,claudia.lopez.002093@outlook.com,2024-02-06
CNT_NURODI_20121970F_082024,ADM_NURODI_20121970F_082024,NURODI_20121970F_082024,1,651244803,nuria.rodriguez.000374@gmail.com,2025-03-21
CNT_MXMAHE_30091966F_062021,ADM_MXMAHE_30091966F_062021,MXMAHE_30091966F_062021,1,679228244,,2024-04-03
CNT_ISHESA_20081991F_062023,ADM_ISHESA_20081991F_062023,ISHESA_20081991F_062023,1,694029100,isabel.hernandez.001106@outlook.com,2024-11-26
CNT_PASAGA_03122016M_102020,ADM_PASAGA_03122016M_102020,PASAGA_03122016M_102020,1,34666402740,pablo.sanchez.001811@outlook.com,2025-02-09
CNT_LAJIRO_31011970F_102024,ADM_LAJIRO_31011970F_102024,LAJIRO_31011970F_102024,1,34665576621,laura.jimenez.002186@hospitalmail.com,2024-12-21
CNT_PAMAGO_26061982M_122021,ADM_PAMAGO_26061982M_122021,PAMAGO_26061982M_122021,1,614107252,pablo.martin.001832@outlook.com,2025-10-08
CNT_RAJILO_19011999M_022022,ADM_RAJILO_19011999M_022022,RAJILO_19011999M_022022,1,634401393,rafael.jimenez.001082@outlook.com,2025-10-04
CNT_DAMALO_29061981M_062023,ADM_DAMALO_29061981M_062023,DAMALO_29061981M_062023,1,693768602,david.martinez.001788@gmail.com,2025-12-29
CNT_MIGOXX_25092014M_082023,ADM_MIGOXX_25092014M_082023,MIGOXX_25092014M_082023,1,691825715,miguel.gomez.000947@outlook.com,2024-08-21
CNT_ELJIDI_12091985F_102024,ADM_ELJIDI_12091985F_102024,ELJIDI_12091985F_102024,1,686970155,elena.jimenez.000494@hospitalmail.com,2024-10-29
CNT_CLSAJI_27032006F_022020,ADM_CLSAJI_27032006F_022020,CLSAJI_27032006F_022020,1,659540418,claudia.sanchez.000021@mail.com,2025-04-25
CNT_ANRUSA_28022010M_032024,ADM_ANRUSA_28022010M_032024,ANRUSA_28022010M_032024,1,653738803,antonio.ruiz.001617@hospitalmail.com,2024-12-14
CNT_ELMALO_12081981F_042021,ADM_ELMALO_12081981F_042021,ELMALO_12081981F_042021,1,34648383469,elena.martin.000763@mail.com,2025-09-06
CNT_MIGAXX_09051985M_042024,ADM_MIGAXX_09051985M_042024,MIGAXX_09051985M_042024,1,656129566,miguel.garcia.002175@gmail.com,2024-04-08
CNT_CASAJI_21081965F_122024,ADM_CASAJI_21081965F_122024,CASAJI_21081965F_122024,0,,,
CNT_MAHESA_28102021F_112021,ADM_MAHESA_28102021F_112021,MAHESA_28102021F_112021,1,611827774,maria.hernandez.001292@hospitalmail.com,2025-11-02
CNT_RAMASA_12101953M_102020,ADM_RAMASA_12101953M_102020,RAMASA_12101953M_102020,1,669984778,rafael.martin.001784@mail.com,2024-05-06
CNT_SEGOMA_21041961M_032024,ADM_SEGOMA_21041961M_032024,SEGOMA_21041961M_032024,1,668841174,sergio.gomez.000375@hospitalmail.com,2025-10-31
CNT_PAGOMA_18071996M_072020,ADM_PAGOMA_18071996M_072020,PAGOMA_18071996M_072020,1,653829322,pablo.gomez.000271@gmail.com,2025-08-30
CNT_IRPEMA_14081974F_082023,ADM_IRPEMA_14081974F_082023,IRPEMA_14081974F_082023,1,667116323,irene.perez.000085@mail.com,2024-04-23
CNT_MARUSA_11062024F_082022,ADM_MARUSA_11062024F_082022,MARUSA_11062024F_082022,1,637311516,marta.ruiz.001044@outlook.com,2025-01-20
CNT_CLROGO_26031977F_092024,ADM_CLROGO_26031977F_092024,CLROGO_26031977F_092024,1,629881465,claudia.rodriguez.002101@gmail.com,2024-09-29
CNT_ELGOMA_10041985F_012024,ADM_ELGOMA_10041985F_012024,ELGOMA_10041985F_012024,1,693043926,elena.gomez.001230@hospitalmail.com,2024-07-22
CNT_NUFESA_08111955F_052024,ADM_NUFESA_08111955F_052024,NUFESA_08111955F_052024,1,34616044182,nuria.fernandez.000760@outlook.com,2024-08-01
CNT_CLMAMA_16121951F_072024,ADM_CLMAMA_16121951F_072024,CLMAMA_16121951F_072024,1,657550356,,2024-07-11
CNT_NUROMA_13051973F_062023,ADM_NUROMA_13051973F_062023,NUROMA_13051973F_062023,1,636972834,nuria.rodriguez.001004@mail.com,2024-03-20
CNT_PARUFE_09032005M_092023,ADM_PARUFE_09032005M_092023,PARUFE_09032005M_092023,1,610711872,pablo.ruiz.001271@gmail.com,2024-04-24
CNT_JALOMA_21051959M_012021,ADM_JALOMA_21051959M_012021,JALOMA_21051959M_012021,1,34620296512,javier.lopez.001878@outlook.com,2025-09-08
CNT_MAHEDI_02071995F_042024,ADM_MAHEDI_02071995F_042024,MAHEDI_02071995F_042024,1,675840758,maria.hernandez.001302@outlook.com,2024-04-10
CNT_ANRORU_21051980M_112023,ADM_ANRORU_21051980M_112023,ANRORU_21051980M_112023,1,657644499,antonio.rodriguez.001390@gmail.com,2024-09-08
CNT_PAGOMA_26051990F_032023,ADM_PAGOMA_26051990F_032023,PAGOMA_26051990F_032023,1,67519349,paula.gomez.000584@hospitalmail.com,2025-03-23
CNT_MALOLO_12071984F_032021,ADM_MALOLO_12071984F_032021,MALOLO_12071984F_032021,1,675619717,maria.lopez.000154@gmail.com,2024-08-02
CNT_PARODI_18111972F_022022,ADM_PARODI_18111972F_022022,PARODI_18111972F_022022,1,,paula.rodriguez.000084@gmail.com,2024-05-31
CNT_ALDIXX_16111960M_052024,ADM_ALDIXX_16111960M_052024,ALDIXX_16111960M_052024,1,34668346900,alvaro.diaz.002145@mail.com,2024-05-30
CNT_RARUDI_19041994M_012022,ADM_RARUDI_19041994M_012022,RARUDI_19041994M_012022,1,648588244,rafael.ruiz.001476@hospitalmail.com,2025-11-06
CNT_JADIPE_22112001M_082024,ADM_JADIPE_22112001M_082024,JADIPE_22112001M_082024,1,687330048,javier.diaz.001956@outlook.com,2024-08-30
CNT_ALMAPE_03011972M_082021,ADM_ALMAPE_03011972M_082021,ALMAPE_03011972M_082021,1,601517343,alvaro.martin.000802@mail.com,2025-02-06
CNT_DAROFE_02122013M_102021,ADM_DAROFE_02122013M_102021,DAROFE_02122013M_102021,1,608972769,daniel.rodriguez.001081@outlook.com,2025-02-15
CNT_LAMAPE_23062004F_052024,ADM_LAMAPE_23062004F_052024,LAMAPE_23062004F_052024,1,603156428,laura.martin.000742@hospitalmail.com,2024-10-24
CNT_PAHEPE_31081988F_052024,ADM_PAHEPE_31081988F_052024,PAHEPE_31081988F_052024,1,608780012,paula.hernandez.000873@gmail.com,2025-02-12
CNT_RAFERU_26101968M_042022,ADM_RAFERU_26101968M_042022,RAFERU_26101968M_042022,1,690550763,rafael.fernandez.002165@outlook.com,2025-07-01
CNT_SAROFE_05102022F_062021,ADM_SAROFE_05102022F_062021,SAROFE_05102022F_062021,1,644253148,sara.rodriguez.002130@hospitalmail.com,2025-06-19
CNT_RAFELO_22091982M_032022,ADM_RAFELO_22091982M_032022,RAFELO_22091982M_032022,1,34646522602,rafael.fernandez.002240@gmail.com,2025-01-29
CNT_PXLOMA_21042005F_062021,ADM_PXLOMA_21042005F_062021,PXLOMA_21042005F_062021,1,34617865198,paula.lopez.001190@mail.com,2024-04-09
CNT_LADIMA_23081956F_062023,ADM_LADIMA_23081956F_062023,LADIMA_23081956F_062023,1,34652865331,laura.diaz.001364@outlook.com,2025-04-30
CNT_NULOPE_28041974F_102023,ADM_NULOPE_28041974F_102023,NULOPE_28041974F_102023,1,683685811,nuria.lopez.002085@mail.com,2025-10-06
CNT_CAMARO_29021960M_122023,ADM_CAMARO_29021960M_122023,CAMARO_29021960M_122023,1,684472153,carlos.martinez.001214@gmail.com,2025-10-03
CNT_PADIGA_29111988F_082020,ADM_PADIGA_29111988F_082020,PADIGA_29111988F_082020,1,698643208,paula.diaz.001512@hospitalmail.com,2025-09-11
CNT_EXHEPE_22052004F_012021,ADM_EXHEPE_22052004F_012021,EXHEPE_22052004F_012021,1,34686814065,elena.hernandez.000585@mail.com,2024-09-08
CNT_NUJIRU_13121980F_032020,ADM_NUJIRU_13121980F_032020,NUJIRU_13121980F_032020,1,617175922,nuria.jimenez.000270@mail.com,2025-04-21
CNT_NUROSA_08111968F_012021,ADM_NUROSA_08111968F_012021,NUROSA_08111968F_012021,1,693368281,nuria.rodriguez.000146@gmail.com,2024-06-29
CNT_LULOHE_29071964F_012021,ADM_LULOHE_29071964F_012021,LULOHE_29071964F_012021,1,696160883,lucia.lopez.001026@mail.com,2025-07-10
CNT_ISMAJI_01051985F_012021,ADM_ISMAJI_01051985F_012021,ISMAJI_01051985F_012021,1,62370099,isabel.martinez.000569@outlook.com,2024-09-13
CNT_SEJIDI_19111959M_102021,ADM_SEJIDI_19111959M_102021,SEJIDI_19111959M_102021,1,697299563,sergio.jimenez.001393@gmail.com,2024-07-15
CNT_JAROLO_31121982M_062021,ADM_JAROLO_31121982M_062021,JAROLO_31121982M_062021,1,34653374522,javier.rodriguez.000452@gmail.com,2025-03-20
CNT_LUPEFE_18081992F_102023,ADM_LUPEFE_18081992F_102023,LUPEFE_18081992F_102023,1,625112983,lucia.perez.000626@mail.com,2025-10-05
CNT_SEJIXX_09101974M_122024,ADM_SEJIXX_09101974M_122024,SEJIXX_09101974M_122024,1,6109436,sergio.jimenez.001979@gmail.com,2024-12-21
CNT_LUHEPE_27111984F_052020,ADM_LUHEPE_27111984F_052020,LUHEPE_27111984F_052020,1,630938556,lucia.hernandez.000216@mail.com,2025-04-04
CNT_SESAGA_19062006M_082024,ADM_SESAGA_19062006M_082024,SESAGA_19062006M_082024,1,614133440,sergio.sanchez.000152@gmail.com,2025-11-07
CNT_PALOMA_22061971F_082021,ADM_PALOMA_22061971F_082021,PALOMA_22061971F_082021,1,34650147494,paula.lopez.000879@gmail.com,2024-02-20
CNT_RAROPE_28082004M_122023,ADM_RAROPE_28082004M_122023,RAROPE_28082004M_122023,1,601517636,rafael.rodriguez.000482@mail.com,2024-07-18
CNT_CAFEMA_28092009M_032022,ADM_CAFEMA_28092009M_032022,CAFEMA_28092009M_032022,1,681538973,carlos.fernandez.000797@hospitalmail.com,2025-01-02
CNT_MAROGA_14091957F_092024,ADM_MAROGA_14091957F_092024,MAROGA_14091957F_092024,1,34617637877,maria.rodriguez.002155@hospitalmail.com,2024-09-22
CNT_PADIFE_25091982M_052024,ADM_PADIFE_25091982M_052024,PADIFE_25091982M_052024,1,611825561,,2024-05-27
CNT_NULOMA_26091962F_022022,ADM_NULOMA_26091962F_022022,NULOMA_26091962F_022022,1,628793028,nuria.lopez.001133@hospitalmail.com,2024-04-07
CNT_ALDIMA_01082023M_052022,ADM_ALDIMA_01082023M_052022,ALDIMA_01082023M_052022,1,641482931,alejandro.diaz.001508@mail.com,2024-08-26
CNT_NUPEDI_24111969F_062023,ADM_NUPEDI_24111969F_062023,NUPEDI_24111969F_062023,1,652000263,nuria.perez.001049@hospitalmail.com,2024-07-26
CNT_ELMASA_02102019F_022024,ADM_ELMASA_02102019F_022024,ELMASA_02102019F_022024,1,685184363,elena.martinez.000200@hospitalmail.com,2024-05-17
CNT_ISRUPE_28031970F_032023,ADM_ISRUPE_28031970F_032023,ISRUPE_28031970F_032023,1,656411624,isabel.ruiz.000839@mail.com,2025-04-10
CNT_LAHERO_30101988F_072024,ADM_LAHERO_30101988F_072024,LAHERO_30101988F_072024,1,6095307,laura.hernandez.002177@mail.com,2024-07-11
CNT_IRROJI_23051956F_052023,ADM_IRROJI_23051956F_052023,IRROJI_23051956F_052023,1,665039249,irene.rodriguez.001038@outlook.com,2024-11-06
CNT_ALFERO_27022008M_072024,ADM_ALFERO_27022008M_072024,ALFERO_27022008M_072024,1,638178069,alvaro.fernandez.001802@gmail.com,2025-03-12
CNT_PAGOGA_05061996M_062023,ADM_PAGOGA_05061996M_062023,PAGOGA_05061996M_062023,1,611609254,pablo.gomez.001268@hospitalmail.com,2024-07-31
CNT_MAGOMA_23111993F_082021,ADM_MAGOMA_23111993F_082021,MAGOMA_23111993F_082021,1,616111654,maria.gomez.000828@gmail.com,2025-04-13
CNT_PAGOMA_05111964F_022024,ADM_PAGOMA_05111964F_022024,PAGOMA_05111964F_022024,1,647704767,paula.gomez.001771@gmail.com,2024-03-06
CNT_ALJIGA_10011992M_122023,ADM_ALJIGA_10011992M_122023,ALJIGA_10011992M_122023,1,697780558,alejandro.jimenez.002200@outlook.com,2024-08-13
CNT_LURUFE_21112000F_062021,ADM_LURUFE_21112000F_062021,LURUFE_21112000F_062021,1,616782552,lucia.ruiz.002079@outlook.com,2024-07-19
CNT_ALRUHE_01012009M_072021,ADM_ALRUHE_01012009M_072021,ALRUHE_01012009M_072021,1,681772561,alejandro.ruiz.000996@gmail.com,2024-11-26
CNT_MAFERO_23041989F_062020,ADM_MAFERO_23041989F_062020,MAFERO_23041989F_062020,1,682332796,maria.fernandez.001102@hospitalmail.com,2025-01-15
CNT_MAMADI_03021952M_102022,ADM_MAMADI_03021952M_102022,MAMADI_03021952M_102022,1,620517659,manuel.martinez.000770@gmail.com,2024-10-28
CNT_LARODI_02121995F_082021,ADM_LARODI_02121995F_082021,LARODI_02121995F_082021,1,677066162,laura.rodriguez.000974@mail.com,2024-10-08
CNT_MADIGA_26081995F_082023,ADM_MADIGA_26081995F_082023,MADIGA_26081995F_082023,1,687358874,maria.diaz.000531@gmail.com,2024-11-20
CNT_RASARU_13092010M_102024,ADM_RASARU_13092010M_102024,RASARU_13092010M_102024,1,691623642,rafael.sanchez.000343@gmail.com,2025-06-22
CNT_ANSAPE_26071972M_052022,ADM_ANSAPE_26071972M_052022,ANSAPE_26071972M_052022,1,34616339220,antonio.sanchez.002087@mail.com,2025-11-23
CNT_DAMAHE_19021982M_112020,ADM_DAMAHE_19021982M_112020,DAMAHE_19021982M_112020,1,651776684,daniel.martin.001615@gmail.com,2025-05-15
CNT_ISROMA_06051961F_112022,ADM_ISROMA_06051961F_112022,ISROMA_06051961F_112022,1,642403100,isabel.rodriguez.002216@gmail.com,2024-02-08
CNT_ALLOGA_21031973M_072022,ADM_ALLOGA_21031973M_072022,ALLOGA_21031973M_072022,1,690020668,alejandro.lopez.002095@hospitalmail.com,2025-01-31
CNT_ANLOGO_01021978M_092021,ADM_ANLOGO_01021978M_092021,ANLOGO_01021978M_092021,1,688030809,,2024-09-28
CNT_MILOGA_28111958M_012021,ADM_MILOGA_28111958M_012021,MILOGA_28111958M_012021,1,696715769,miguel.lopez.000432@mail.com,2025-09-15
CNT_SADIRO_18041957F_022021,ADM_SADIRO_18041957F_022021,SADIRO_18041957F_022021,1,620590167,sara.diaz.001749@outlook.com,2025-05-16
CNT_MAJIGA_08071995M_012022,ADM_MAJIGA_08071995M_012022,MAJIGA_08071995M_012022,1,611910150,manuel.jimenez.000550@gmail.com,2025-06-15
CNT_PALOGA_24121991M_012023,ADM_PALOGA_24121991M_012023,PALOGA_24121991M_012023,1,619196102,pablo.lopez.000040@hospitalmail.com,2024-07-22
CNT_LARORU_15091963F_012022,ADM_LARORU_15091963F_012022,LARORU_15091963F_012022,1,635981139,laura.rodriguez.001643@hospitalmail.com,2025-02-11
CNT_PASAGO_09061994M_012020,ADM_PASAGO_09061994M_012020,PASAGO_09061994M_012020,1,655837047,pablo.sanchez.000112@mail.com,2024-10-20
CNT_MAGARO_17051943M_102020,ADM_MAGARO_17051943M_102020,MAGARO_17051943M_102020,1,34637326990,manuel.garcia.000359@hospitalmail.com,2025-10-08
CNT_LULOGO_30111983F_042022,ADM_LULOGO_30111983F_042022,LULOGO_30111983F_042022,1,690957226,lucia.lopez.001900@mail.com,2024-12-31
CNT_LUPEGO_21121950F_022021,ADM_LUPEGO_21121950F_022021,LUPEGO_21121950F_022021,1,665450405,lucia.perez.000696@gmail.com,2024-10-19
CNT_NULOSA_12081975F_012023,ADM_NULOSA_12081975F_012023,NULOSA_12081975F_012023,1,697336043,nuria.lopez.001907@mail.com,2025-12-27
CNT_DALORO_26041942M_082023,ADM_DALORO_26041942M_082023,DALORO_26041942M_082023,1,34645797130,daniel.lopez.001653@gmail.com,2025-05-04
CNT_MADIGO_07031998F_102022,ADM_MADIGO_07031998F_102022,MADIGO_07031998F_102022,1,603955378,maria.diaz.001729@gmail.com,2025-08-18
CNT_CAGOXX_22012023F_102020,ADM_CAGOXX_22012023F_102020,CAGOXX_22012023F_102020,1,34665726572,carmen.gomez.000530@gmail.com,2024-05-02
CNT_ELSASA_12071984F_052020,ADM_ELSASA_12071984F_052020,ELSASA_12071984F_052020,1,631323115,elena.sanchez.000395@outlook.com,2025-02-03
CNT_LAROHE_19022004F_122022,ADM_LAROHE_19022004F_122022,LAROHE_19022004F_122022,1,688321175,laura.rodriguez.001620@hospitalmail.com,2024-06-28
CNT_SEFEHE_04061963M_122022,ADM_SEFEHE_04061963M_122022,SEFEHE_04061963M_122022,1,622719263,sergio.fernandez.000514@mail.com,2024-04-09
CNT_CLMAGA_05082020F_112020,ADM_CLMAGA_05082020F_112020,CLMAGA_05082020F_112020,1,34600292910,claudia.martinez.000667@mail.com,2024-07-20
CNT_RAGOGO_30011994M_022020,ADM_RAGOGO_30011994M_022020,RAGOGO_30011994M_022020,1,6702005,,2024-01-17
CNT_CAGOMA_31101964M_122022,ADM_CAGOMA_31101964M_122022,CAGOMA_31101964M_122022,1,673098220,carlos.gomez.000499@mail.com,2025-12-09
CNT_MIJIRU_04061981M_022020,ADM_MIJIRU_04061981M_022020,MIJIRU_04061981M_022020,1,679260174,miguel.jimenez.002052@gmail.com,2024-12-30
CNT_LULOPE_03031944F_122021,ADM_LULOPE_03031944F_122021,LULOPE_03031944F_122021,1,34690602593,lucia.lopez.002237@gmail.com,2024-11-08
CNT_SEJISA_19111982M_022024,ADM_SEJISA_19111982M_022024,SEJISA_19111982M_022024,1,660094110,sergio.jimenez.001509@hospitalmail.com,2024-07-04
CNT_NUJIGA_08052005F_112022,ADM_NUJIGA_08052005F_112022,NUJIGA_08052005F_112022,1,34657483189,nuria.jimenez.000534@gmail.com,2024-03-22
CNT_PASARO_03122024M_062020,ADM_PASARO_03122024M_062020,PASARO_03122024M_062020,1,628593318,pablo.sanchez.001361@hospitalmail.com,2024-09-19
CNT_CASAGO_11061987F_122022,ADM_CASAGO_11061987F_122022,CASAGO_11061987F_122022,1,624985203,carmen.sanchez.000818@outlook.com,2024-12-31
CNT_CAGOHE_28051986F_022024,ADM_CAGOHE_28051986F_022024,CAGOHE_28051986F_022024,1,667126600,carmen.gomez.002014@hospitalmail.com,2025-06-14
CNT_ELSAJI_05091962F_092023,ADM_ELSAJI_05091962F_092023,ELSAJI_05091962F_092023,1,609069883,elena.sanchez.000453@outlook.com,2024-05-02
CNT_ALHEPE_12011984M_032020,ADM_ALHEPE_12011984M_032020,ALHEPE_12011984M_032020,1,628336899,alvaro.hernandez.001208@mail.com,2025-09-09
CNT_DALOHE_30061976M_032023,ADM_DALOHE_30061976M_032023,DALOHE_30061976M_032023,1,34617601856,david.lopez.001633@gmail.com,2024-08-23
CNT_SAGORO_16091978F_072024,ADM_SAGORO_16091978F_072024,SAGORO_16091978F_072024,1,680971954,sara.gomez.000102@gmail.com,2024-07-18
CNT_ISRUGO_11111979F_022020,ADM_ISRUGO_11111979F_022020,ISRUGO_11111979F_022020,1,617358185,isabel.ruiz.001720@outlook.com,2025-01-04
CNT_CLGAJI_14061975F_062024,ADM_CLGAJI_14061975F_062024,CLGAJI_14061975F_062024,1,601998,claudia.garcia.001526@gmail.com,2024-07-22
CNT_PADILO_25052020F_112020,ADM_PADILO_25052020F_112020,PADILO_25052020F_112020,1,673780115,paula.diaz.000775@gmail.com,2025-08-12
CNT_CAGOMA_17091945M_052020,ADM_CAGOMA_17091945M_052020,CAGOMA_17091945M_052020,1,34684957373,carlos.gomez.000651@hospitalmail.com,2024-08-30
CNT_DAHELO_18081974M_122020,ADM_DAHELO_18081974M_122020,DAHELO_18081974M_122020,1,34664649100,daniel.hernandez.001971@hospitalmail.com,2024-05-18
CNT_CASAGO_05012002M_122020,ADM_CASAGO_05012002M_122020,CASAGO_05012002M_122020,1,636070402,carlos.sanchez.000218@hospitalmail.com,2024-04-17
CNT_NUHESA_08072009F_102020,ADM_NUHESA_08072009F_102020,NUHESA_08072009F_102020,1,622865191,,2024-01-25
CNT_SERODI_16122022M_032024,ADM_SERODI_16122022M_032024,SERODI_16122022M_032024,1,672670814,sergio.rodriguez.001602@mail.com,2025-01-24
CNT_PAFERU_01072009F_012021,ADM_PAFERU_01072009F_012021,PAFERU_01072009F_012021,1,622081,paula.fernandez.001952@outlook.com,2024-11-20
CNT_LALORO_05121960F_112024,ADM_LALORO_05121960F_112024,LALORO_05121960F_112024,0,,,
CNT_MAGORU_23121972M_042022,ADM_MAGORU_23121972M_042022,MAGORU_23121972M_042022,1,34642094383,manuel.gomez.002072@gmail.com,2024-08-18
CNT_DAJIDI_18031990M_032020,ADM_DAJIDI_18031990M_032020,DAJIDI_18031990M_032020,1,679268996,daniel.jimenez.000519@mail.com,2025-04-10
CNT_SELOGA_07011957M_022022,ADM_SELOGA_07011957M_022022,SELOGA_07011957M_022022,1,696594928,sergio.lopez.000351@gmail.com,2025-06-29
CNT_CLGASA_11051992F_022023,ADM_CLGASA_11051992F_022023,CLGASA_11051992F_022023,1,640295254,claudia.garcia.000127@gmail.com,2025-07-18
CNT_JASADI_18092005M_112020,ADM_JASADI_18092005M_112020,JASADI_18092005M_112020,1,604122883,javier.sanchez.000784@gmail.com,2025-11-05
CNT_MXGOMA_16021958F_011900,ADM_MXGOMA_16021958F_011900,MXGOMA_16021958F_011900,1,654076491,marta.gomez.000921@mail.com,2024-03-15
CNT_CADIJI_16042004M_032024,ADM_CADIJI_16042004M_032024,CADIJI_16042004M_032024,1,684521080,carlos.diaz.000399@gmail.com,2025-06-06
CNT_DAHERO_17081992M_062020,ADM_DAHERO_17081992M_062020,DAHERO_17081992M_062020,1,637104678,david.hernandez.001294@outlook.com,2025-05-12
CNT_ALFERU_31071987M_012023,ADM_ALFERU_31071987M_012023,ALFERU_31071987M_012023,1,618808793,alejandro.fernandez.000693@gmail.com,2024-08-31
CNT_ANROHE_01072004M_092022,ADM_ANROHE_01072004M_092022,ANROHE_01072004M_092022,1,34671816097,antonio.rodriguez.000867@outlook.com,2025-07-17
CNT_LARURO_04041960F_042020,ADM_LARURO_04041960F_042020,LARURO_04041960F_042020,1,631914,laura.ruiz.001220@hospitalmail.com,2024-06-09
CNT_CLPEJI_01052024F_112020,ADM_CLPEJI_01052024F_112020,CLPEJI_01052024F_112020,1,616018433,claudia.perez.001860@outlook.com,2025-11-18
CNT_CAGOGA_22012023F_032024,ADM_CAGOGA_22012023F_032024,CAGOGA_22012023F_032024,1,665726572,,2024-03-16
CNT_NUFEJI_26021967F_022024,ADM_NUFEJI_26021967F_022024,NUFEJI_26021967F_022024,1,34616782371,nuria.fernandez.001445@gmail.com,2024-02-22
CNT_RAPEGO_22101961M_012023,ADM_RAPEGO_22101961M_012023,RAPEGO_22101961M_012023,1,696201537,rafael.perez.000568@mail.com,2025-09-30
CNT_DAHEMA_17081964M_042024,ADM_DAHEMA_17081964M_042024,DAHEMA_17081964M_042024,1,620000080,david.hernandez.002037@gmail.com,2024-06-12
CNT_SAFEGO_25121988F_082020,ADM_SAFEGO_25121988F_082020,SAFEGO_25121988F_082020,1,692264537,sara.fernandez.000692@outlook.com,2024-09-20
CNT_ALFEXX_29031966M_012024,ADM_ALFEXX_29031966M_012024,ALFEXX_29031966M_012024,1,687643409,alejandro.fernandez.001820@hospitalmail.com,2024-01-09
CNT_ALROMA_01112017M_011900,ADM_ALROMA_01112017M_011900,ALROMA_01112017M_011900,1,699125525,alvaro.rodriguez.000994@outlook.com,2024-05-18
CNT_MAHEPE_12051954F_082023,ADM_MAHEPE_12051954F_082023,MAHEPE_12051954F_082023,1,611728304,marta.hernandez.001573@gmail.com,2025-09-12
CNT_CAMAFE_30072004F_042024,ADM_CAMAFE_30072004F_042024,CAMAFE_30072004F_042024,1,640736136,carmen.martinez.000280@mail.com,2025-09-30
CNT_LUROLO_04081957F_012024,ADM_LUROLO_04081957F_012024,LUROLO_04081957F_012024,1,34673746765,lucia.rodriguez.001099@outlook.com,2025-07-29
CNT_MASAGO_26021999F_022021,ADM_MASAGO_26021999F_022021,MASAGO_26021999F_022021,1,606318571,maria.sanchez.001269@hospitalmail.com,2025-02-13
CNT_MADILO_17071973F_032020,ADM_MADILO_17071973F_032020,MADILO_17071973F_032020,1,627002701,maria.diaz.002207@outlook.com,2025-12-08
CNT_RXMAJI_09041936M_022024,ADM_RXMAJI_09041936M_022024,RXMAJI_09041936M_022024,1,34615025293,rafael.martin.000245@mail.com,2024-08-12
CNT_MIFERU_05011993M_082023,ADM_MIFERU_05011993M_082023,MIFERU_05011993M_082023,1,689882236,miguel.fernandez.001517@outlook.com,2024-12-17
CNT_LARORU_31052004F_062020,ADM_LARORU_31052004F_062020,LARORU_31052004F_062020,1,632898850,laura.rodriguez.001506@hospitalmail.com,2025-11-07
CNT_PAHEPE_08051952M_092023,ADM_PAHEPE_08051952M_092023,PAHEPE_08051952M_092023,1,636855613,pablo.hernandez.001913@outlook.com,2024-11-20
CNT_ISGAJI_24031978F_102023,ADM_ISGAJI_24031978F_102023,ISGAJI_24031978F_102023,1,605673765,isabel.garcia.001510@mail.com,2024-11-26
CNT_PALORO_24071974F_092023,ADM_PALORO_24071974F_092023,PALORO_24071974F_092023,1,600651418,paula.lopez.001659@hospitalmail.com,2024-08-25
CNT_SAHEXX_28052013F_062024,ADM_SAHEXX_28052013F_062024,SAHEXX_28052013F_062024,1,680183933,,2024-06-20
CNT_JAHERU_21021970M_102023,ADM_JAHERU_21021970M_102023,JAHERU_21021970M_102023,1,34654962849,javier.hernandez.001031@outlook.com,2024-10-13
CNT_LUGARO_26062006F_092024,ADM_LUGARO_26062006F_092024,LUGARO_26062006F_092024,1,647957498,lucia.garcia.001322@hospitalmail.com,2025-01-03
CNT_CAMAJI_07012002M_062022,ADM_CAMAJI_07012002M_062022,CAMAJI_07012002M_062022,1,34608680732,carlos.martinez.002157@hospitalmail.com,2024-11-04
CNT_SARUPE_08012001F_082021,ADM_SARUPE_08012001F_082021,SARUPE_08012001F_082021,1,617349814,sara.ruiz.000051@gmail.com,2024-12-23
CNT_CAPESA_02022002M_122024,ADM_CAPESA_02022002M_122024,CAPESA_02022002M_122024,1,34639084374,,2024-12-20
CNT_CADIGA_11121956M_032021,ADM_CADIGA_11121956M_032021,CADIGA_11121956M_032021,1,645879470,carlos.diaz.001863@outlook.com,2025-07-04
CNT_IRHEFE_30102010F_042024,ADM_IRHEFE_30102010F_042024,IRHEFE_30102010F_042024,1,60949571,irene.hernandez.001755@gmail.com,2024-04-10
CNT_LURUMA_17091990F_022024,ADM_LURUMA_17091990F_022024,LURUMA_17091990F_022024,1,648746789,lucia.ruiz.001223@gmail.com,2024-02-11
CNT_MARURO_28081991F_042020,ADM_MARURO_28081991F_042020,MARURO_28081991F_042020,1,34637068995,marta.ruiz.001609@outlook.com,2025-04-19
CNT_PARURU_10101963F_032022,ADM_PARURU_10101963F_032022,PARURU_10101963F_032022,1,601952866,paula.ruiz.000175@gmail.com,2025-10-28
CNT_MAGAJI_22112017F_092024,ADM_MAGAJI_22112017F_092024,MAGAJI_22112017F_092024,1,688600170,marta.garcia.000508@gmail.com,2025-04-13
CNT_LADIHE_30071983F_042021,ADM_LADIHE_30071983F_042021,LADIHE_30071983F_042021,1,676298648,laura.diaz.000751@outlook.com,2024-10-22
CNT_ISMAPE_18041993F_012020,ADM_ISMAPE_18041993F_012020,ISMAPE_18041993F_012020,1,629288034,isabel.martinez.001758@outlook.com,2025-05-30
CNT_MALOMA_08012004F_102024,ADM_MALOMA_08012004F_102024,MALOMA_08012004F_102024,1,641584668,marta.lopez.001228@outlook.com,2025-10-24
CNT_MARUJI_31011980F_082023,ADM_MARUJI_31011980F_082023,MARUJI_31011980F_082023,1,665914891,,2024-08-30
CNT_CLRUPE_26081979F_122021,ADM_CLRUPE_26081979F_122021,CLRUPE_26081979F_122021,1,34635054397,claudia.ruiz.000565@hospitalmail.com,2025-02-08
CNT_ALMAGA_06092002M_122023,ADM_ALMAGA_06092002M_122023,ALMAGA_06092002M_122023,1,662289836,alejandro.martinez.000695@gmail.com,2025-06-24
CNT_ALGARU_27011990M_072021,ADM_ALGARU_27011990M_072021,ALGARU_27011990M_072021,1,34698319828,alejandro.garcia.000046@mail.com,2024-09-13
CNT_PAGADI_23121938F_122021,ADM_PAGADI_23121938F_122021,PAGADI_23121938F_122021,1,6543674,paula.garcia.001662@hospitalmail.com,2025-05-11
CNT_ALGAHE_15031983M_072020,ADM_ALGAHE_15031983M_072020,ALGAHE_15031983M_072020,1,643481137,alvaro.garcia.002113@hospitalmail.com,2024-12-07
CNT_SAFERU_17041947F_012023,ADM_SAFERU_17041947F_012023,SAFERU_17041947F_012023,1,68949084,sara.fernandez.000868@hospitalmail.com,2024-02-03
CNT_CLJIPE_22091979F_072020,ADM_CLJIPE_22091979F_072020,CLJIPE_22091979F_072020,1,602825191,claudia.jimenez.000408@mail.com,2025-04-04
CNT_PAMALO_06042002F_012023,ADM_PAMALO_06042002F_012023,PAMALO_06042002F_012023,1,608170292,paula.martin.001994@mail.com,2025-09-30
CNT_ISJIDI_15011996F_122024,ADM_ISJIDI_15011996F_122024,ISJIDI_15011996F_122024,1,657961034,isabel.jimenez.000617@hospitalmail.com,2024-12-01
CNT_ISDISA_09071983F_012023,ADM_ISDISA_09071983F_012023,ISDISA_09071983F_012023,1,625304575,isabel.diaz.000575@gmail.com,2024-05-29
CNT_IRHERO_18102004F_032020,ADM_IRHERO_18102004F_032020,IRHERO_18102004F_032020,1,649981682,irene.hernandez.001697@outlook.com,2025-01-19
CNT_ALLOMA_02111934M_102020,ADM_ALLOMA_02111934M_102020,ALLOMA_02111934M_102020,1,663970643,alejandro.lopez.000203@outlook.com,2025-08-08
CNT_PAGAFE_19031938M_032020,ADM_PAGAFE_19031938M_032020,PAGAFE_19031938M_032020,1,34677975979,,2024-10-29
CNT_DAMAGO_23091976M_042023,ADM_DAMAGO_23091976M_042023,DAMAGO_23091976M_042023,1,34668647778,david.martinez.001980@outlook.com,2024-08-10
CNT_RADIJI_25011939M_062023,ADM_RADIJI_25011939M_062023,RADIJI_25011939M_062023,1,34671315216,rafael.diaz.001851@gmail.com,2025-08-13
CNT_SEFEMA_31071949M_102020,ADM_SEFEMA_31071949M_102020,SEFEMA_31071949M_102020,1,654402260,sergio.fernandez.001731@outlook.com,2024-05-16
CNT_MAHEGA_07091976F_082020,ADM_MAHEGA_07091976F_082020,MAHEGA_07091976F_082020,1,641796607,marta.hernandez.002247@mail.com,2024-11-24
CNT_ALJIHE_05071996M_022024,ADM_ALJIHE_05071996M_022024,ALJIHE_05071996M_022024,1,34640737684,,2024-06-21
CNT_RAROJI_27071999M_012024,ADM_RAROJI_27071999M_012024,RAROJI_27071999M_012024,1,34688455508,rafael.rodriguez.000630@mail.com,2024-01-09
CNT_LULOMA_12121943F_012024,ADM_LULOMA_12121943F_012024,LULOMA_12121943F_012024,1,665626209,lucia.lopez.000018@hospitalmail.com,2024-01-25
CNT_DAHESA_04121995M_112022,ADM_DAHESA_04121995M_112022,DAHESA_04121995M_112022,1,665005351,daniel.hernandez.000910@outlook.com,2025-08-13
CNT_MAPEMA_26091981F_042022,ADM_MAPEMA_26091981F_042022,MAPEMA_26091981F_042022,1,640336092,maria.perez.000201@mail.com,2024-10-06
CNT_PALOPE_05032001M_072024,ADM_PALOPE_05032001M_072024,PALOPE_05032001M_072024,1,656067282,,2024-07-28
CNT_IXPEGA_05011995F_032024,ADM_IXPEGA_05011995F_032024,IXPEGA_05011995F_032024,1,34654641875,,2024-03-23
CNT_MAJIGO_08091982M_122024,ADM_MAJIGO_08091982M_122024,MAJIGO_08091982M_122024,1,605883099,manuel.jimenez.000002@gmail.com,2025-09-05
CNT_SEROGO_15021990M_022023,ADM_SEROGO_15021990M_022023,SEROGO_15021990M_022023,1,684954034,sergio.rodriguez.001999@hospitalmail.com,2025-11-23
CNT_SESALO_25041971M_012024,ADM_SESALO_25041971M_012024,SESALO_25041971M_012024,1,6903636,sergio.sanchez.002192@hospitalmail.com,2024-01-06
CNT_JAJIHE_19072017M_072023,ADM_JAJIHE_19072017M_072023,JAJIHE_19072017M_072023,1,34696432650,javier.jimenez.000897@hospitalmail.com,2024-12-05
CNT_DAMAJI_17091974M_032021,ADM_DAMAJI_17091974M_032021,DAMAJI_17091974M_032021,1,663407089,daniel.martinez.001325@outlook.com,2024-09-20
CNT_ALGAJI_05111977M_102023,ADM_ALGAJI_05111977M_102023,ALGAJI_05111977M_102023,1,34686271386,alvaro.garcia.001023@outlook.com,2024-10-29
CNT_DAGOPE_22121985M_112024,ADM_DAGOPE_22121985M_112024,DAGOPE_22121985M_112024,1,68156869,david.gomez.001990@gmail.com,2025-01-10
CNT_IRLORU_01021941F_052024,ADM_IRLORU_01021941F_052024,IRLORU_01021941F_052024,1,644314740,irene.lopez.000698@hospitalmail.com,2025-07-22
CNT_RAROMA_29011955M_122024,ADM_RAROMA_29011955M_122024,RAROMA_29011955M_122024,1,34680887730,rafael.rodriguez.001838@mail.com,2025-01-27
CNT_SAFEHE_01011997F_082020,ADM_SAFEHE_01011997F_082020,SAFEHE_01011997F_082020,1,34642731999,sara.fernandez.001011@outlook.com,2025-07-10
CNT_RAJIGO_15111966M_072020,ADM_RAJIGO_15111966M_072020,RAJIGO_15111966M_072020,1,606611691,rafael.jimenez.001858@outlook.com,2024-09-19
CNT_MAMALO_25111953M_082022,ADM_MAMALO_25111953M_082022,MAMALO_25111953M_082022,1,684863308,manuel.martinez.000661@gmail.com,2025-09-28
CNT_SARURU_30031972F_072020,ADM_SARURU_30031972F_072020,SARURU_30031972F_072020,1,34663788341,sara.ruiz.000808@gmail.com,2025-11-04
CNT_ISGORU_31071982F_062022,ADM_ISGORU_31071982F_062022,ISGORU_31071982F_062022,1,672479833,isabel.gomez.000903@mail.com,2025-10-09
CNT_JAHELO_25101987M_112020,ADM_JAHELO_25101987M_112020,JAHELO_25101987M_112020,1,601866845,javier.hernandez.000527@hospitalmail.com,2025-08-18
CNT_SEMARO_21031993M_102023,ADM_SEMARO_21031993M_102023,SEMARO_21031993M_102023,1,610629907,sergio.martinez.002208@outlook.com,2025-08-03
CNT_CAROGO_23011939M_112024,ADM_CAROGO_23011939M_112024,CAROGO_23011939M_112024,1,604751941,carlos.rodriguez.001342@mail.com,2024-11-22
CNT_CLHERO_14021980F_042022,ADM_CLHERO_14021980F_042022,CLHERO_14021980F_042022,1,685840525,claudia.hernandez.000816@hospitalmail.com,2025-12-03
CNT_CXPEGO_18061997F_112023,ADM_CXPEGO_18061997F_112023,CXPEGO_18061997F_112023,1,659141751,,2024-05-24
CNT_JAROFE_17031993M_092024,ADM_JAROFE_17031993M_092024,JAROFE_17031993M_092024,1,34671887546,javier.rodriguez.001443@mail.com,2024-09-22
CNT_JAROXX_25061986M_072022,ADM_JAROXX_25061986M_072022,JAROXX_25061986M_072022,1,682424843,javier.rodriguez.000819@mail.com,2025-04-11
CNT_ISFEGA_13012013F_112021,ADM_ISFEGA_13012013F_112021,ISFEGA_13012013F_112021,1,611365494,isabel.fernandez.001540@mail.com,2025-12-13
CNT_DAFEHE_03092006M_022024,ADM_DAFEHE_03092006M_022024,DAFEHE_03092006M_022024,1,34651016489,daniel.fernandez.001053@mail.com,2025-02-04
CNT_MISAFE_22071951M_032024,ADM_MISAFE_22071951M_032024,MISAFE_22071951M_032024,1,681192048,miguel.sanchez.001254@gmail.com,2024-09-27
CNT_ANHEDI_10031986M_092023,ADM_ANHEDI_10031986M_092023,ANHEDI_10031986M_092023,1,619142151,antonio.hernandez.001355@hospitalmail.com,2024-09-06
CNT_DAGADI_23101970M_062022,ADM_DAGADI_23101970M_062022,DAGADI_23101970M_062022,1,650974944,,2024-08-30
CNT_MARUDI_17121936F_122020,ADM_MARUDI_17121936F_122020,MARUDI_17121936F_122020,1,617962709,marta.ruiz.000186@outlook.com,2024-08-15
CNT_NUFEMA_04112006F_092023,ADM_NUFEMA_04112006F_092023,NUFEMA_04112006F_092023,1,680261869,nuria.fernandez.001533@mail.com,2024-06-13
CNT_ELPEJI_26032001F_082020,ADM_ELPEJI_26032001F_082020,ELPEJI_26032001F_082020,1,34663569340,elena.perez.002104@mail.com,2024-07-05
CNT_ANROXX_12041952M_012021,ADM_ANROXX_12041952M_012021,ANROXX_12041952M_012021,1,34631323436,antonio.rodriguez.001959@gmail.com,2024-10-29
CNT_ANDIGO_29021984M_062020,ADM_ANDIGO_29021984M_062020,ANDIGO_29021984M_062020,1,61304194,antonio.diaz.000803@mail.com,2025-06-21
CNT_LUGOPE_03032017F_122021,ADM_LUGOPE_03032017F_122021,LUGOPE_03032017F_122021,1,634734504,lucia.gomez.001945@hospitalmail.com,2024-03-01
CNT_ANROLO_06121940M_052022,ADM_ANROLO_06121940M_052022,ANROLO_06121940M_052022,1,686794985,antonio.rodriguez.000412@mail.com,2025-08-03
CNT_DASAHE_03011972M_092024,ADM_DASAHE_03011972M_092024,DASAHE_03011972M_092024,1,34643184815,david.sanchez.002059@mail.com,2025-10-30
CNT_ALGOLO_05021995M_122023,ADM_ALGOLO_05021995M_122023,ALGOLO_05021995M_122023,1,34634816702,alejandro.gomez.001539@mail.com,2024-11-10
CNT_JAGOGO_12071967M_022022,ADM_JAGOGO_12071967M_022022,JAGOGO_12071967M_022022,1,614054544,javier.gomez.001896@gmail.com,2025-03-27
CNT_DAROMA_07081972M_062022,ADM_DAROMA_07081972M_062022,DAROMA_07081972M_062022,1,619814799,david.rodriguez.001792@mail.com,2025-06-30
CNT_SAGOMA_26042021F_042023,ADM_SAGOMA_26042021F_042023,SAGOMA_26042021F_042023,1,6123367,sara.gomez.000025@gmail.com,2024-01-11
CNT_JXGOHE_04031938M_082024,ADM_JXGOHE_04031938M_082024,JXGOHE_04031938M_082024,1,638606897,javier.gomez.000261@gmail.com,2024-08-31
CNT_CLROGA_16091968F_022024,ADM_CLROGA_16091968F_022024,CLROGA_16091968F_022024,1,34698638939,claudia.rodriguez.001839@gmail.com,2024-02-24
CNT_ISSAGO_21101981F_122021,ADM_ISSAGO_21101981F_122021,ISSAGO_21101981F_122021,1,612266835,,2025-03-11
CNT_MAMAGO_25071987F_092022,ADM_MAMAGO_25071987F_092022,MAMAGO_25071987F_092022,1,34659300992,marta.martinez.001753@outlook.com,2025-08-17
CNT_JAFEJI_13012003M_092021,ADM_JAFEJI_13012003M_092021,JAFEJI_13012003M_092021,1,603825664,javier.fernandez.001238@outlook.com,2024-12-15
CNT_ALHEJI_17072021M_082022,ADM_ALHEJI_17072021M_082022,ALHEJI_17072021M_082022,1,648580686,alvaro.hernandez.000615@outlook.com,2025-12-21
CNT_SERUJI_25021979M_072024,ADM_SERUJI_25021979M_072024,SERUJI_25021979M_072024,1,603268058,sergio.ruiz.001521@mail.com,2025-04-16
CNT_LAHESA_19071984F_112023,ADM_LAHESA_19071984F_112023,LAHESA_19071984F_112023,1,693018591,laura.hernandez.001313@outlook.com,2024-10-22
CNT_ALRODI_12031991M_112020,ADM_ALRODI_12031991M_112020,ALRODI_12031991M_112020,1,34641081247,alvaro.rodriguez.000031@hospitalmail.com,2024-09-03
CNT_SALORO_15121957F_092020,ADM_SALORO_15121957F_092020,SALORO_15121957F_092020,1,657182432,sara.lopez.002117@mail.com,2025-08-10
CNT_ISSARO_09021996F_082020,ADM_ISSARO_09021996F_082020,ISSARO_09021996F_082020,1,646534434,isabel.sanchez.000193@hospitalmail.com,2025-08-03
CNT_ANRURO_27111948M_032024,ADM_ANRURO_27111948M_032024,ANRURO_27111948M_032024,1,670353730,antonio.ruiz.000247@gmail.com,2025-12-17
CNT_ALRUMA_26051994M_072023,ADM_ALRUMA_26051994M_072023,ALRUMA_26051994M_072023,1,694983966,alejandro.ruiz.001105@gmail.com,2024-12-29
CNT_PAJIHE_15101960M_122021,ADM_PAJIHE_15101960M_122021,PAJIHE_15101960M_122021,1,651752987,pablo.jimenez.001672@outlook.com,2025-07-15
CNT_DAROMA_05112000M_102022,ADM_DAROMA_05112000M_102022,DAROMA_05112000M_102022,1,671059956,david.rodriguez.001800@outlook.com,2025-10-25
CNT_MARURO_24071986F_112021,ADM_MARURO_24071986F_112021,MARURO_24071986F_112021,1,34611953857,maria.ruiz.000864@mail.com,2025-03-26
CNT_PAGAGO_17111965F_112021,ADM_PAGAGO_17111965F_112021,PAGAGO_17111965F_112021,1,693314034,paula.garcia.000328@outlook.com,2024-11-15
CNT_CASAFE_12051950F_082021,ADM_CASAFE_12051950F_082021,CASAFE_12051950F_082021,1,684148761,carmen.sanchez.000919@gmail.com,2024-09-06
CNT_JAMAPE_25091969M_072024,ADM_JAMAPE_25091969M_072024,JAMAPE_25091969M_072024,1,605811867,javier.martin.000874@mail.com,2024-07-05
CNT_MAMADI_05121982F_022023,ADM_MAMADI_05121982F_022023,MAMADI_05121982F_022023,1,682793296,marta.martinez.001834@outlook.com,2025-09-28
CNT_CLGOMA_10021981F_032022,ADM_CLGOMA_10021981F_032022,CLGOMA_10021981F_032022,1,616133229,claudia.gomez.001193@hospitalmail.com,2025-08-28
CNT_CAHELO_22021961M_062021,ADM_CAHELO_22021961M_062021,CAHELO_22021961M_062021,1,611836917,carlos.hernandez.001984@hospitalmail.com,2025-10-04
CNT_MALOMA_13011990F_052023,ADM_MALOMA_13011990F_052023,MALOMA_13011990F_052023,1,685324172,marta.lopez.000367@outlook.com,2024-09-07
CNT_MAGASA_02072018F_092023,ADM_MAGASA_02072018F_092023,MAGASA_02072018F_092023,1,61953894,marta.garcia.000156@hospitalmail.com,2025-02-12
CNT_DAJIMA_23101996M_022024,ADM_DAJIMA_23101996M_022024,DAJIMA_23101996M_022024,1,699936887,daniel.jimenez.000165@gmail.com,2025-06-28
CNT_LALOMA_12011961F_052024,ADM_LALOMA_12011961F_052024,LALOMA_12011961F_052024,1,,laura.lopez.000076@hospitalmail.com,2024-05-09
CNT_ANROLO_05041985M_012022,ADM_ANROLO_05041985M_012022,ANROLO_05041985M_012022,1,34606247551,antonio.rodriguez.001941@gmail.com,2024-11-12
CNT_LADIMA_11011962F_092022,ADM_LADIMA_11011962F_092022,LADIMA_11011962F_092022,1,655081337,laura.diaz.000162@mail.com,2025-11-21
CNT_ALLODI_14102011M_122023,ADM_ALLODI_14102011M_122023,ALLODI_14102011M_122023,1,34652868717,alejandro.lopez.001119@hospitalmail.com,2024-01-04
CNT_SXFEGA_07011950M_022024,ADM_SXFEGA_07011950M_022024,SXFEGA_07011950M_022024,1,34686279734,sergio.fernandez.002158@outlook.com,2025-11-19
CNT_ALPEHE_20081998M_122021,ADM_ALPEHE_20081998M_122021,ALPEHE_20081998M_122021,1,645857611,alejandro.perez.000474@gmail.com,2025-04-18
CNT_MIGODI_18111985M_022022,ADM_MIGODI_18111985M_022022,MIGODI_18111985M_022022,1,692961252,miguel.gomez.001575@hospitalmail.com,2024-12-17
CNT_JAGOLO_18051962M_122023,ADM_JAGOLO_18051962M_122023,JAGOLO_18051962M_122023,1,645591660,javier.gomez.000826@mail.com,2025-07-10
CNT_PARURO_21011997F_022023,ADM_PARURO_21011997F_022023,PARURO_21011997F_022023,1,605991067,paula.ruiz.000047@hospitalmail.com,2025-08-11
CNT_MAGOXX_02061996F_112024,ADM_MAGOXX_02061996F_112024,MAGOXX_02061996F_112024,1,612276247,maria.gomez.001699@hospitalmail.com,2024-11-21
CNT_ANMAHE_28111967M_012024,ADM_ANMAHE_28111967M_012024,ANMAHE_28111967M_012024,1,609291232,antonio.martin.001218@hospitalmail.com,2025-04-13
CNT_ALGASA_02012014M_052021,ADM_ALGASA_02012014M_052021,ALGASA_02012014M_052021,1,34661522528,alvaro.garcia.001388@mail.com,2025-11-28
CNT_IRPEXX_04071956F_092024,ADM_IRPEXX_04071956F_092024,IRPEXX_04071956F_092024,1,666939552,irene.perez.001747@hospitalmail.com,2024-09-29
CNT_CAGAGA_07101976M_052021,ADM_CAGAGA_07101976M_052021,CAGAGA_07101976M_052021,1,605747689,carlos.garcia.000184@hospitalmail.com,2025-12-29
CNT_MAGOHE_22031995F_072024,ADM_MAGOHE_22031995F_072024,MAGOHE_22031995F_072024,1,673854037,maria.gomez.001203@outlook.com,2024-07-09
CNT_JALODI_07031976M_092021,ADM_JALODI_07031976M_092021,JALODI_07031976M_092021,1,34628167167,javier.lopez.001772@hospitalmail.com,2024-08-26
CNT_DAPEPE_17092017M_092021,ADM_DAPEPE_17092017M_092021,DAPEPE_17092017M_092021,1,34602281979,david.perez.002125@mail.com,2025-11-04
CNT_PADIMA_04101943M_022024,ADM_PADIMA_04101943M_022024,PADIMA_04101943M_022024,1,6740010,pablo.diaz.000704@gmail.com,2024-07-17
CNT_SAMAHE_02041975F_082020,ADM_SAMAHE_02041975F_082020,SAMAHE_02041975F_082020,1,641348490,sara.martinez.001482@outlook.com,2025-07-05
CNT_DALOGO_29041989M_022021,ADM_DALOGO_29041989M_022021,DALOGO_29041989M_022021,1,619463123,david.lopez.001448@outlook.com,2025-04-06
CNT_CAFEFE_14072011M_092020,ADM_CAFEFE_14072011M_092020,CAFEFE_14072011M_092020,1,692915004,carlos.fernandez.001153@mail.com,2024-08-14
CNT_DAMAMA_12011963M_012024,ADM_DAMAMA_12011963M_012024,DAMAMA_12011963M_012024,1,687383224,daniel.martin.000333@outlook.com,2025-02-04
CNT_SXGAPE_21041971M_092022,ADM_SXGAPE_21041971M_092022,SXGAPE_21041971M_092022,1,616516787,sergio.garcia.000997@gmail.com,2025-09-01
CNT_IRLOMA_13111988F_072023,ADM_IRLOMA_13111988F_072023,IRLOMA_13111988F_072023,1,615650002,irene.lopez.001872@gmail.com,2024-09-01
CNT_ALHEMA_27011993M_102020,ADM_ALHEMA_27011993M_102020,ALHEMA_27011993M_102020,1,606275870,alvaro.hernandez.001804@mail.com,2025-03-29
CNT_PXMAGO_24051960M_112024,ADM_PXMAGO_24051960M_112024,PXMAGO_24051960M_112024,1,669383149,pablo.martinez.001276@gmail.com,2024-11-24
CNT_ANFEMA_03051953M_112023,ADM_ANFEMA_03051953M_112023,ANFEMA_03051953M_112023,1,631030019,antonio.fernandez.000925@mail.com,2025-08-26
CNT_MIDILO_29091970M_082021,ADM_MIDILO_29091970M_082021,MIDILO_29091970M_082021,1,621043897,miguel.diaz.001054@mail.com,2025-08-22
CNT_MIHEPE_26062002M_022021,ADM_MIHEPE_26062002M_022021,MIHEPE_26062002M_022021,1,693216494,miguel.hernandez.001142@outlook.com,2025-05-22
CNT_CASARO_18021961M_102023,ADM_CASARO_18021961M_102023,CASARO_18021961M_102023,1,673882869,carlos.sanchez.001559@outlook.com,2025-05-03
CNT_LAPERU_26031987F_022024,ADM_LAPERU_26031987F_022024,LAPERU_26031987F_022024,1,633832706,laura.perez.000132@gmail.com,2024-05-10
CNT_PASALO_28031986F_012021,ADM_PASALO_28031986F_012021,PASALO_28031986F_012021,1,616262510,paula.sanchez.001610@mail.com,2024-02-05
CNT_DAJIJI_30052017M_032021,ADM_DAJIJI_30052017M_032021,DAJIJI_30052017M_032021,1,672585833,daniel.jimenez.001958@mail.com,2025-08-28
CNT_LXSAGA_22081992F_112024,ADM_LXSAGA_22081992F_112024,LXSAGA_22081992F_112024,1,625993694,laura.sanchez.000880@hospitalmail.com,2024-11-01
CNT_RXSARO_09111991M_082020,ADM_RXSARO_09111991M_082020,RXSARO_09111991M_082020,1,693012487,,2024-08-04
CNT_ISPERO_15111989F_022022,ADM_ISPERO_15111989F_022022,ISPERO_15111989F_022022,1,656565231,,2024-04-07
CNT_SELORU_08011995M_092022,ADM_SELORU_08011995M_092022,SELORU_08011995M_092022,1,34659606042,sergio.lopez.001070@mail.com,2025-06-28
CNT_ALRUGA_03122000M_022020,ADM_ALRUGA_03122000M_022020,ALRUGA_03122000M_022020,1,633976236,alejandro.ruiz.000525@mail.com,2025-10-27
CNT_DAHESA_24091997M_011900,ADM_DAHESA_24091997M_011900,DAHESA_24091997M_011900,1,613230648,david.hernandez.000331@hospitalmail.com,2024-06-07
CNT_SASAGA_15041941F_022021,ADM_SASAGA_15041941F_022021,SASAGA_15041941F_022021,1,681694516,sara.sanchez.001989@mail.com,2024-05-22
CNT_SESAHE_18121936M_012021,ADM_SESAHE_18121936M_012021,SESAHE_18121936M_012021,1,34644958038,sergio.sanchez.001528@mail.com,2025-11-30
CNT_SEGOGO_14051976M_082024,ADM_SEGOGO_14051976M_082024,SEGOGO_14051976M_082024,1,661189113,sergio.gomez.001745@gmail.com,2025-10-25
CNT_MIRUJI_15091965M_102022,ADM_MIRUJI_15091965M_102022,MIRUJI_15091965M_102022,1,641158735,miguel.ruiz.001461@hospitalmail.com,2024-09-19
CNT_PASAXX_02071967F_072021,ADM_PASAXX_02071967F_072021,PASAXX_02071967F_072021,1,654025897,paula.sanchez.000510@hospitalmail.com,2024-04-01
CNT_ISMAJI_22071986F_022023,ADM_ISMAJI_22071986F_022023,ISMAJI_22071986F_022023,1,641399589,isabel.martinez.001021@mail.com,2024-06-15
CNT_DADIHE_31101966M_062023,ADM_DADIHE_31101966M_062023,DADIHE_31101966M_062023,1,629345259,daniel.diaz.000745@hospitalmail.com,2025-02-08
CNT_ALGAGO_01042015M_072023,ADM_ALGAGO_01042015M_072023,ALGAGO_01042015M_072023,1,608620014,alejandro.garcia.001663@gmail.com,2024-05-18
CNT_LURUHE_19101937F_082024,ADM_LURUHE_19101937F_082024,LURUHE_19101937F_082024,1,665060681,lucia.ruiz.001943@outlook.com,2024-09-13
CNT_ALLOHE_10061986M_032021,ADM_ALLOHE_10061986M_032021,ALLOHE_10061986M_032021,1,699397722,alvaro.lopez.002203@hospitalmail.com,2024-04-08
CNT_ELSAGO_17081971F_032023,ADM_ELSAGO_17081971F_032023,ELSAGO_17081971F_032023,1,692658110,elena.sanchez.001936@hospitalmail.com,2025-12-28
CNT_ALMALO_20021988M_022021,ADM_ALMALO_20021988M_022021,ALMALO_20021988M_022021,1,659012354,alejandro.martinez.000027@mail.com,2025-11-09
CNT_AXSAMA_18041990M_042023,ADM_AXSAMA_18041990M_042023,AXSAMA_18041990M_042023,1,639578372,alvaro.sanchez.002045@outlook.com,2024-12-27
CNT_ALPEGA_16022003M_122020,ADM_ALPEGA_16022003M_122020,ALPEGA_16022003M_122020,1,688002336,alejandro.perez.000147@outlook.com,2024-04-03
CNT_MAHERO_13081938F_102023,ADM_MAHERO_13081938F_102023,MAHERO_13081938F_102023,1,619547000,maria.hernandez.001854@gmail.com,2025-11-11
CNT_SERUGO_26071947M_122021,ADM_SERUGO_26071947M_122021,SERUGO_26071947M_122021,1,675386670,sergio.ruiz.000862@gmail.com,2025-08-01
CNT_DAPERU_23071994M_112021,ADM_DAPERU_23071994M_112021,DAPERU_23071994M_112021,1,34629263944,david.perez.001942@hospitalmail.com,2024-12-02
CNT_SALOPE_21041976F_122024,ADM_SALOPE_21041976F_122024,SALOPE_21041976F_122024,1,640260235,sara.lopez.000791@gmail.com,2025-01-20
CNT_ELFEMA_04021967F_092020,ADM_ELFEMA_04021967F_092020,ELFEMA_04021967F_092020,1,616699131,elena.fernandez.001441@hospitalmail.com,2024-10-15
CNT_ANRURU_03121954M_092022,ADM_ANRURU_03121954M_092022,ANRURU_03121954M_092022,1,34674106149,antonio.ruiz.001273@hospitalmail.com,2025-02-08
CNT_ALSARU_29071952M_112020,ADM_ALSARU_29071952M_112020,ALSARU_29071952M_112020,1,685498106,alejandro.sanchez.000835@gmail.com,2025-02-06
CNT_IRDIDI_14051955F_012024,ADM_IRDIDI_14051955F_012024,IRDIDI_14051955F_012024,1,630155684,irene.diaz.001030@hospitalmail.com,2024-02-08
CNT_MAHELO_11061956M_082022,ADM_MAHELO_11061956M_082022,MAHELO_11061956M_082022,1,682442654,manuel.hernandez.001671@outlook.com,2024-09-03
CNT_SERUPE_05121966M_102020,ADM_SERUPE_05121966M_102020,SERUPE_05121966M_102020,1,670204061,sergio.ruiz.000272@mail.com,2025-03-30
CNT_ELFEMA_27041977F_062023,ADM_ELFEMA_27041977F_062023,ELFEMA_27041977F_062023,1,680581658,elena.fernandez.001171@hospitalmail.com,2025-07-14
CNT_ELSAGA_17051992F_122024,ADM_ELSAGA_17051992F_122024,ELSAGA_17051992F_122024,1,658615508,elena.sanchez.000248@mail.com,2024-12-28
CNT_CAGOHE_03021992F_092020,ADM_CAGOHE_03021992F_092020,CAGOHE_03021992F_092020,1,666126039,carmen.gomez.000859@outlook.com,2025-06-04
CNT_DAROXX_28061944M_062024,ADM_DAROXX_28061944M_062024,DAROXX_28061944M_062024,1,693077925,david.rodriguez.000220@outlook.com,2024-06-05
CNT_LARORU_01101974F_072023,ADM_LARORU_01101974F_072023,LARORU_01101974F_072023,1,34698420239,laura.rodriguez.000393@outlook.com,2024-10-10
CNT_ALPEGA_22082004M_082023,ADM_ALPEGA_22082004M_082023,ALPEGA_22082004M_082023,1,670874328,alejandro.perez.001807@mail.com,2024-01-27
CNT_MAGODI_06111997M_082020,ADM_MAGODI_06111997M_082020,MAGODI_06111997M_082020,1,684875326,manuel.gomez.001071@mail.com,2024-11-20
CNT_DAPEHE_21041990M_082020,ADM_DAPEHE_21041990M_082020,DAPEHE_21041990M_082020,1,663765432,david.perez.000210@outlook.com,2024-11-08
CNT_MAGOMA_01031988M_092023,ADM_MAGOMA_01031988M_092023,MAGOMA_01031988M_092023,1,664076603,manuel.gomez.001853@outlook.com,2024-10-13
CNT_DAROJI_29101974M_062020,ADM_DAROJI_29101974M_062020,DAROJI_29101974M_062020,1,34606273455,daniel.rodriguez.000812@hospitalmail.com,2025-07-30
CNT_JALOGA_20031974M_012021,ADM_JALOGA_20031974M_012021,JALOGA_20031974M_012021,1,628992992,javier.lopez.002191@hospitalmail.com,2024-06-11
CNT_DAMAGA_02062006M_042020,ADM_DAMAGA_02062006M_042020,DAMAGA_02062006M_042020,1,692080031,,2025-01-27
CNT_NUHESA_04082022F_052020,ADM_NUHESA_04082022F_052020,NUHESA_04082022F_052020,1,34667032305,nuria.hernandez.000712@hospitalmail.com,2025-12-14
CNT_DARUDI_02092013M_062022,ADM_DARUDI_02092013M_062022,DARUDI_02092013M_062022,1,34684017738,daniel.ruiz.000053@gmail.com,2024-08-23
CNT_MADIDI_18061979M_092024,ADM_MADIDI_18061979M_092024,MADIDI_18061979M_092024,1,34629570002,manuel.diaz.000815@hospitalmail.com,2025-03-17
CNT_IRDIRO_01021992F_032021,ADM_IRDIRO_01021992F_032021,IRDIRO_01021992F_032021,1,627246055,,2024-09-17
CNT_ISPERO_23011949F_042024,ADM_ISPERO_23011949F_042024,ISPERO_23011949F_042024,1,690755459,isabel.perez.001682@gmail.com,2025-01-11
CNT_DAJIHE_01071970M_032023,ADM_DAJIHE_01071970M_032023,DAJIHE_01071970M_032023,1,659427337,daniel.jimenez.000817@outlook.com,2024-11-03
CNT_CAGARU_23071999M_112021,ADM_CAGARU_23071999M_112021,CAGARU_23071999M_112021,1,663576084,carlos.garcia.001522@hospitalmail.com,2025-03-17
CNT_IRROJI_29061995F_072022,ADM_IRROJI_29061995F_072022,IRROJI_29061995F_072022,1,614508329,irene.rodriguez.001241@hospitalmail.com,2025-07-14
CNT_MALORO_14071973F_022024,ADM_MALORO_14071973F_022024,MALORO_14071973F_022024,1,622599192,maria.lopez.000611@mail.com,2024-11-19
CNT_ELGAPE_13101996F_122020,ADM_ELGAPE_13101996F_122020,ELGAPE_13101996F_122020,1,611092586,elena.garcia.000981@outlook.com,2025-05-30
CNT_ALLOJI_04091989M_032023,ADM_ALLOJI_04091989M_032023,ALLOJI_04091989M_032023,1,67460014,alvaro.lopez.001114@gmail.com,2024-12-02
CNT_CLGOSA_25021978F_062020,ADM_CLGOSA_25021978F_062020,CLGOSA_25021978F_062020,1,682613290,claudia.gomez.000935@hospitalmail.com,2025-03-10
CNT_SEHEFE_23091979M_052022,ADM_SEHEFE_23091979M_052022,SEHEFE_23091979M_052022,1,34606644301,sergio.hernandez.001332@gmail.com,2024-12-23
CNT_LUHEFE_29041979F_012023,ADM_LUHEFE_29041979F_012023,LUHEFE_29041979F_012023,1,692711349,lucia.hernandez.000524@mail.com,2024-10-03
CNT_DASAFE_23071981M_122021,ADM_DASAFE_23071981M_122021,DASAFE_23071981M_122021,1,608973631,david.sanchez.001964@gmail.com,2025-09-29
CNT_MAROFE_08091988M_062022,ADM_MAROFE_08091988M_062022,MAROFE_08091988M_062022,1,34614890311,manuel.rodriguez.001970@outlook.com,2024-06-10
CNT_CXPEPE_14021983F_012024,ADM_CXPEPE_14021983F_012024,CXPEPE_14021983F_012024,1,617891950,carmen.perez.000668@mail.com,2024-01-14
CNT_MALOMA_17121971F_112023,ADM_MALOMA_17121971F_112023,MALOMA_17121971F_112023,1,34630300314,,2024-10-31
CNT_MILORU_11111980M_072020,ADM_MILORU_11111980M_072020,MILORU_11111980M_072020,1,678251493,miguel.lopez.001069@gmail.com,2024-10-12
CNT_PAJIFE_14071963M_122023,ADM_PAJIFE_14071963M_122023,PAJIFE_14071963M_122023,1,34691941415,pablo.jimenez.000110@outlook.com,2025-05-13
CNT_IRDIMA_26072002F_032020,ADM_IRDIMA_26072002F_032020,IRDIMA_26072002F_032020,1,660987147,irene.diaz.001386@outlook.com,2025-05-19
CNT_ISPEFE_11102005F_042024,ADM_ISPEFE_11102005F_042024,ISPEFE_11102005F_042024,1,623524925,isabel.perez.002161@mail.com,2024-04-28
CNT_NUGOJI_07051993F_072020,ADM_NUGOJI_07051993F_072020,NUGOJI_07051993F_072020,1,696564454,nuria.gomez.001624@mail.com,2024-12-05
CNT_MAMARU_14071996F_042023,ADM_MAMARU_14071996F_042023,MAMARU_14071996F_042023,1,619816899,maria.martinez.001452@hospitalmail.com,2024-08-11
CNT_CAMAFE_28121960F_082024,ADM_CAMAFE_28121960F_082024,CAMAFE_28121960F_082024,1,640673108,carmen.martinez.002234@outlook.com,2025-05-19
CNT_CAMAMA_16021982M_092020,ADM_CAMAMA_16021982M_092020,CAMAMA_16021982M_092020,1,621945055,carlos.martin.000740@gmail.com,2024-02-19
CNT_DAGAHE_29031987M_012024,ADM_DAGAHE_29031987M_012024,DAGAHE_29031987M_012024,1,646256107,,2024-01-18
CNT_JAJIGA_28071946M_122022,ADM_JAJIGA_28071946M_122022,JAJIGA_28071946M_122022,1,618211867,javier.jimenez.000094@gmail.com,2025-04-06
CNT_SEDIFE_30082000M_112020,ADM_SEDIFE_30082000M_112020,SEDIFE_30082000M_112020,1,659281673,sergio.diaz.001992@mail.com,2024-09-23
CNT_MAHEMA_22072005M_102022,ADM_MAHEMA_22072005M_102022,MAHEMA_22072005M_102022,1,34661647253,manuel.hernandez.001027@hospitalmail.com,2025-05-01
CNT_MAJIJI_21051970F_032024,ADM_MAJIJI_21051970F_032024,MAJIJI_21051970F_032024,1,681745,marta.jimenez.001380@gmail.com,2025-03-18
CNT_CXSAFE_28031953F_082022,ADM_CXSAFE_28031953F_082022,CXSAFE_28031953F_082022,1,682933370,carmen.sanchez.000292@gmail.com,2025-01-07
CNT_ELMASA_25071943F_122022,ADM_ELMASA_25071943F_122022,ELMASA_25071943F_122022,1,666811865,elena.martinez.001785@mail.com,2025-08-25
CNT_MAPEPE_24062013F_072022,ADM_MAPEPE_24062013F_072022,MAPEPE_24062013F_072022,1,634009459,marta.perez.001161@gmail.com,2024-02-14
CNT_LXROPE_15072023F_072024,ADM_LXROPE_15072023F_072024,LXROPE_15072023F_072024,1,609406464,laura.rodriguez.000263@outlook.com,2024-07-01
CNT_ALMARU_17021976M_062022,ADM_ALMARU_17021976M_062022,ALMARU_17021976M_062022,1,668209774,alvaro.martinez.000658@gmail.com,2024-09-03
CNT_CLGAPE_04121941F_022020,ADM_CLGAPE_04121941F_022020,CLGAPE_04121941F_022020,1,697396373,claudia.garcia.000710@hospitalmail.com,2024-12-23
CNT_RAMAMA_07061939M_102020,ADM_RAMAMA_07061939M_102020,RAMAMA_07061939M_102020,1,34610774646,rafael.martinez.002212@hospitalmail.com,2025-09-26
CNT_LULOJI_08092012F_122024,ADM_LULOJI_08092012F_122024,LULOJI_08092012F_122024,1,696938913,lucia.lopez.000140@mail.com,2025-05-17
CNT_MIMAGA_27081982M_072021,ADM_MIMAGA_27081982M_072021,MIMAGA_27081982M_072021,1,672169991,miguel.martin.001336@mail.com,2025-03-14
CNT_MAGARU_12041998F_012023,ADM_MAGARU_12041998F_012023,MAGARU_12041998F_012023,1,608046683,marta.garcia.001239@hospitalmail.com,2025-01-27
CNT_JARUJI_02101964M_012021,ADM_JARUJI_02101964M_012021,JARUJI_02101964M_012021,1,644254316,javier.ruiz.000194@mail.com,2025-08-07
CNT_ALPEHE_24071963M_042024,ADM_ALPEHE_24071963M_042024,ALPEHE_24071963M_042024,1,617818307,,2024-04-30
CNT_SAMASA_11021966F_052022,ADM_SAMASA_11021966F_052022,SAMASA_11021966F_052022,1,629093022,sara.martinez.000754@mail.com,2025-10-07
CNT_ALGAGO_25121983M_102023,ADM_ALGAGO_25121983M_102023,ALGAGO_25121983M_102023,1,619580834,,2024-07-18
CNT_MADIRO_30081935F_052022,ADM_MADIRO_30081935F_052022,MADIRO_30081935F_052022,1,671746605,maria.diaz.002223@gmail.com,2024-10-05
CNT_MAFEXX_29091975F_082024,ADM_MAFEXX_29091975F_082024,MAFEXX_29091975F_082024,1,617891004,maria.fernandez.001721@mail.com,2024-08-17
CNT_LAHEPE_11082016F_072020,ADM_LAHEPE_11082016F_072020,LAHEPE_11082016F_072020,1,34636010755,laura.hernandez.002017@outlook.com,2025-10-28
CNT_DAHEPE_07121961M_112023,ADM_DAHEPE_07121961M_112023,DAHEPE_07121961M_112023,1,69014133,david.hernandez.001789@gmail.com,2024-10-11
CNT_SELOHE_29061971M_072021,ADM_SELOHE_29061971M_072021,SELOHE_29061971M_072021,1,34682928771,sergio.lopez.000736@mail.com,2025-06-10
CNT_NUPEJI_05041940F_011900,ADM_NUPEJI_05041940F_011900,NUPEJI_05041940F_011900,1,611205024,nuria.perez.001961@mail.com,2024-10-01
CNT_LUPERO_03061962F_102020,ADM_LUPERO_03061962F_102020,LUPERO_03061962F_102020,1,34623307550,lucia.perez.000949@outlook.com,2025-08-09
CNT_DAMASA_10071976M_052022,ADM_DAMASA_10071976M_052022,DAMASA_10071976M_052022,1,677832015,david.martin.000339@outlook.com,2025-11-23
CNT_MAHEGA_05071969F_102024,ADM_MAHEGA_05071969F_102024,MAHEGA_05071969F_102024,1,683735595,marta.hernandez.001622@hospitalmail.com,2025-10-01
CNT_CLLOPE_17021978F_052024,ADM_CLLOPE_17021978F_052024,CLLOPE_17021978F_052024,1,34622902709,claudia.lopez.001147@hospitalmail.com,2024-05-06
CNT_SEFEFE_03021982M_122020,ADM_SEFEFE_03021982M_122020,SEFEFE_03021982M_122020,1,34606435152,sergio.fernandez.001499@outlook.com,2025-11-14
CNT_PAPEFE_22051999M_092020,ADM_PAPEFE_22051999M_092020,PAPEFE_22051999M_092020,1,698600201,pablo.perez.000850@hospitalmail.com,2024-09-01
CNT_PXLOHE_14041964F_022023,ADM_PXLOHE_14041964F_022023,PXLOHE_14041964F_022023,1,684380392,paula.lopez.000707@outlook.com,2025-01-09
CNT_CAROMA_24111996M_052023,ADM_CAROMA_24111996M_052023,CAROMA_24111996M_052023,1,678635152,carlos.rodriguez.001284@outlook.com,2025-10-26
CNT_NUGARU_04121990F_032024,ADM_NUGARU_04121990F_032024,NUGARU_04121990F_032024,1,613260316,,2024-03-26
CNT_SEPEDI_04041951M_112020,ADM_SEPEDI_04041951M_112020,SEPEDI_04041951M_112020,1,688911701,sergio.perez.001407@hospitalmail.com,2025-09-19
CNT_CLROMA_15101953F_052024,ADM_CLROMA_15101953F_052024,CLROMA_15101953F_052024,1,34682192737,claudia.rodriguez.001909@outlook.com,2024-05-09
CNT_NUHEJI_13051946F_122023,ADM_NUHEJI_13051946F_122023,NUHEJI_13051946F_122023,1,621921000,nuria.hernandez.002082@outlook.com,2025-09-19
CNT_DAROMA_27091959M_042025,ADM_DAROMA_27091959M_042025,DAROMA_27091959M_042025,1,34645301078,daniel.rodriguez.000268@gmail.com,2025-12-01
CNT_CALORO_30041992M_012024,ADM_CALORO_30041992M_012024,CALORO_30041992M_012024,1,642451941,carlos.lopez.001691@hospitalmail.com,2024-02-03
CNT_LAGARU_06111975F_062020,ADM_LAGARU_06111975F_062020,LAGARU_06111975F_062020,1,34685270419,laura.garcia.000229@gmail.com,2025-01-16
CNT_CXFEMA_12021969M_112023,ADM_CXFEMA_12021969M_112023,CXFEMA_12021969M_112023,1,6523106,carlos.fernandez.000638@mail.com,2024-01-21
CNT_MALORU_08111970M_032024,ADM_MALORU_08111970M_032024,MALORU_08111970M_032024,1,678844439,,2024-03-29
CNT_NXDILO_06092023F_092023,ADM_NXDILO_06092023F_092023,NXDILO_06092023F_092023,1,611078114,nuria.diaz.002160@mail.com,2025-11-29
CNT_IRSAHE_29052002F_052023,ADM_IRSAHE_29052002F_052023,IRSAHE_29052002F_052023,1,668680645,irene.sanchez.001866@gmail.com,2024-07-25
CNT_IRJIHE_20061971F_042020,ADM_IRJIHE_20061971F_042020,IRJIHE_20061971F_042020,1,34602216452,irene.jimenez.001957@mail.com,2025-06-08
CNT_ISROJI_12051955F_082022,ADM_ISROJI_12051955F_082022,ISROJI_12051955F_082022,1,662133975,isabel.rodriguez.000237@mail.com,2025-11-17
CNT_SARUXX_07121962F_011900,ADM_SARUXX_07121962F_011900,SARUXX_07121962F_011900,1,648739699,sara.ruiz.001456@mail.com,2024-05-08
CNT_MAMARO_14042011F_042023,ADM_MAMARO_14042011F_042023,MAMARO_14042011F_042023,1,34628418412,marta.martinez.000064@mail.com,2025-09-17
CNT_MAJIPE_31052022M_012022,ADM_MAJIPE_31052022M_012022,MAJIPE_31052022M_012022,1,662904923,manuel.jimenez.001007@gmail.com,2025-09-12
CNT_MAGOSA_12031975F_022024,ADM_MAGOSA_12031975F_022024,MAGOSA_12031975F_022024,1,688673796,,2024-02-23
CNT_DAFEMA_22081991M_011900,ADM_DAFEMA_22081991M_011900,DAFEMA_22081991M_011900,1,616173642,david.fernandez.001639@mail.com,2024-05-03
CNT_NUDIJI_02041982F_082023,ADM_NUDIJI_02041982F_082023,NUDIJI_02041982F_082023,1,610978254,,2024-11-27
CNT_LUGOGO_07081943F_082022,ADM_LUGOGO_07081943F_082022,LUGOGO_07081943F_082022,1,645251970,lucia.gomez.001115@mail.com,2024-03-20
CNT_SAMAGA_05081941F_072024,ADM_SAMAGA_05081941F_072024,SAMAGA_05081941F_072024,1,34664312231,,2024-07-03
CNT_ISMARO_17112002F_042022,ADM_ISMARO_17112002F_042022,ISMARO_17112002F_042022,1,674143859,isabel.martinez.000385@hospitalmail.com,2024-11-21
CNT_LUGAGA_01071941F_072024,ADM_LUGAGA_01071941F_072024,LUGAGA_01071941F_072024,1,616575692,lucia.garcia.001684@gmail.com,2024-07-04
CNT_MAJIHE_08061966F_042023,ADM_MAJIHE_08061966F_042023,MAJIHE_08061966F_042023,1,666624404,maria.jimenez.000099@gmail.com,2024-12-05
CNT_ALPESA_16041968M_012021,ADM_ALPESA_16041968M_012021,ALPESA_16041968M_012021,1,696743501,alejandro.perez.000542@mail.com,2024-08-03
CNT_ANSARO_25062016M_012020,ADM_ANSARO_25062016M_012020,ANSARO_25062016M_012020,1,622467763,antonio.sanchez.000069@mail.com,2025-05-19
CNT_CXDIFE_03051981F_072020,ADM_CXDIFE_03051981F_072020,CXDIFE_03051981F_072020,1,34692833050,,2024-10-27
CNT_SEFEMA_26101995M_102023,ADM_SEFEMA_26101995M_102023,SEFEMA_26101995M_102023,1,699252309,sergio.fernandez.001717@outlook.com,2025-10-04
CNT_LARUJI_29121998F_102023,ADM_LARUJI_29121998F_102023,LARUJI_29121998F_102023,1,34626034494,laura.ruiz.001719@gmail.com,2025-09-22
CNT_ELFELO_17051972F_032023,ADM_ELFELO_17051972F_032023,ELFELO_17051972F_032023,1,665427071,elena.fernandez.001000@outlook.com,2024-07-09
CNT_CAMAMA_07021950M_072022,ADM_CAMAMA_07021950M_072022,CAMAMA_07021950M_072022,1,622849546,carlos.martin.002217@gmail.com,2024-08-21
CNT_CXROGO_03021962F_042021,ADM_CXROGO_03021962F_042021,CXROGO_03021962F_042021,1,648581694,carmen.rodriguez.000010@hospitalmail.com,2024-07-16
CNT_LAROMA_08091972F_052023,ADM_LAROMA_08091972F_052023,LAROMA_08091972F_052023,1,626014259,laura.rodriguez.001012@mail.com,2025-10-13
CNT_IRFEDI_11042022F_012022,ADM_IRFEDI_11042022F_012022,IRFEDI_11042022F_012022,1,663868790,irene.fernandez.002077@mail.com,2025-11-27
CNT_CLDIMA_12031967F_082020,ADM_CLDIMA_12031967F_082020,CLDIMA_12031967F_082020,1,647124542,claudia.diaz.000446@outlook.com,2024-06-04
CNT_MIRORO_27081967M_012023,ADM_MIRORO_27081967M_012023,MIRORO_27081967M_012023,1,659948055,miguel.rodriguez.001752@gmail.com,2024-10-29
CNT_JALODI_14061965M_022023,ADM_JALODI_14061965M_022023,JALODI_14061965M_022023,1,685448740,javier.lopez.002005@mail.com,2024-06-21
CNT_ISDIMA_10091991F_112023,ADM_ISDIMA_10091991F_112023,ISDIMA_10091991F_112023,1,34601964310,isabel.diaz.000660@outlook.com,2025-11-24
CNT_LAMAGA_04072005F_062020,ADM_LAMAGA_04072005F_062020,LAMAGA_04072005F_062020,1,642869708,laura.martin.000682@outlook.com,2025-05-11
CNT_CLLOXX_20041959F_112021,ADM_CLLOXX_20041959F_112021,CLLOXX_20041959F_112021,1,607574742,claudia.lopez.002183@gmail.com,2024-10-13
CNT_ISHEPE_29121975F_032024,ADM_ISHEPE_29121975F_032024,ISHEPE_29121975F_032024,1,676596681,isabel.hernandez.000376@mail.com,2024-10-10
CNT_RASAGA_02071965M_022024,ADM_RASAGA_02071965M_022024,RASAGA_02071965M_022024,1,,rafael.sanchez.000737@outlook.com,2024-02-16
CNT_IXMAMA_11051948F_082022,ADM_IXMAMA_11051948F_082022,IXMAMA_11051948F_082022,1,653120425,irene.martin.001209@mail.com,2024-05-16
CNT_MAPEXX_28061961F_032022,ADM_MAPEXX_28061961F_032022,MAPEXX_28061961F_032022,1,,maria.perez.001925@hospitalmail.com,2024-08-12
CNT_LAROHE_18091934F_092020,ADM_LAROHE_18091934F_092020,LAROHE_18091934F_092020,1,34625561237,laura.rodriguez.002116@outlook.com,2024-12-06
CNT_PAFEMA_03011951M_062020,ADM_PAFEMA_03011951M_062020,PAFEMA_03011951M_062020,1,637518728,pablo.fernandez.000275@hospitalmail.com,2025-09-06
CNT_PAMALO_05011992M_082020,ADM_PAMALO_05011992M_082020,PAMALO_05011992M_082020,1,678413573,pablo.martin.002132@gmail.com,2025-04-24
CNT_MAGASA_14021971F_092023,ADM_MAGASA_14021971F_092023,MAGASA_14021971F_092023,1,625182841,,2025-07-26
CNT_LULOPE_09061978F_092020,ADM_LULOPE_09061978F_092020,LULOPE_09061978F_092020,1,648950145,lucia.lopez.000685@gmail.com,2025-06-09
CNT_LAJIGA_02101959F_092020,ADM_LAJIGA_02101959F_092020,LAJIGA_02101959F_092020,1,34649466870,laura.jimenez.001206@mail.com,2025-05-12
CNT_DAGAPE_13102005M_102021,ADM_DAGAPE_13102005M_102021,DAGAPE_13102005M_102021,1,661691,david.garcia.002067@gmail.com,2025-09-25
CNT_PAFEMA_27122011F_052021,ADM_PAFEMA_27122011F_052021,PAFEMA_27122011F_052021,1,681205544,paula.fernandez.000744@gmail.com,2025-09-14
CNT_ANGADI_04051992M_062021,ADM_ANGADI_04051992M_062021,ANGADI_04051992M_062021,1,617532365,antonio.garcia.000979@hospitalmail.com,2025-10-12
CNT_SAFEMA_03041944F_012024,ADM_SAFEMA_03041944F_012024,SAFEMA_03041944F_012024,1,638194216,sara.fernandez.001304@gmail.com,2024-11-27
CNT_MAJIGO_03071944F_112024,ADM_MAJIGO_03071944F_112024,MAJIGO_03071944F_112024,1,34656714048,,2024-11-09
CNT_IRGAFE_24122011F_122023,ADM_IRGAFE_24122011F_122023,IRGAFE_24122011F_122023,1,649661478,irene.garcia.001741@outlook.com,2024-12-30
CNT_DXHEMA_28111956M_012024,ADM_DXHEMA_28111956M_012024,DXHEMA_28111956M_012024,1,655684683,daniel.hernandez.000340@mail.com,2024-01-12
CNT_CAJIPE_05031982M_082024,ADM_CAJIPE_05031982M_082024,CAJIPE_05031982M_082024,1,676074073,carlos.jimenez.000128@hospitalmail.com,2024-08-25
CNT_SAROMA_06091974F_102023,ADM_SAROMA_06091974F_102023,SAROMA_06091974F_102023,1,632714653,sara.rodriguez.000748@gmail.com,2024-03-23
CNT_MAJIMA_30101990M_032024,ADM_MAJIMA_30101990M_032024,MAJIMA_30101990M_032024,1,631620042,manuel.jimenez.001002@outlook.com,2024-03-10
CNT_MADIRU_14091998M_072023,ADM_MADIRU_14091998M_072023,MADIRU_14091998M_072023,1,682650752,manuel.diaz.001154@gmail.com,2024-07-26
CNT_ALDIGA_21091999M_092021,ADM_ALDIGA_21091999M_092021,ALDIGA_21091999M_092021,1,34602654352,,2024-04-07
CNT_ELGAMA_30041940F_052022,ADM_ELGAMA_30041940F_052022,ELGAMA_30041940F_052022,1,641354982,elena.garcia.001233@hospitalmail.com,2025-06-06
CNT_DAFEHE_07081996M_072021,ADM_DAFEHE_07081996M_072021,DAFEHE_07081996M_072021,1,640392,david.fernandez.000386@outlook.com,2025-07-04
CNT_CLHELO_14081980F_042025,ADM_CLHELO_14081980F_042025,CLHELO_14081980F_042025,1,697071887,claudia.hernandez.001120@gmail.com,2025-04-20
CNT_CAHESA_25091984F_102020,ADM_CAHESA_25091984F_102020,CAHESA_25091984F_102020,1,608189069,carmen.hernandez.000397@hospitalmail.com,2025-12-25
CNT_MAMAPE_04101962M_122023,ADM_MAMAPE_04101962M_122023,MAMAPE_04101962M_122023,1,603459740,manuel.martinez.001905@outlook.com,2025-11-28
CNT_ANROLO_24092013M_052021,ADM_ANROLO_24092013M_052021,ANROLO_24092013M_052021,1,34688143059,antonio.rodriguez.000805@hospitalmail.com,2025-10-09
CNT_DAJIMA_05061980M_122020,ADM_DAJIMA_05061980M_122020,DAJIMA_05061980M_122020,1,600558255,david.jimenez.000346@gmail.com,2025-10-22
CNT_NUMARU_25042006F_102020,ADM_NUMARU_25042006F_102020,NUMARU_25042006F_102020,1,647093159,nuria.martin.001137@hospitalmail.com,2025-07-27
CNT_MILORU_14021981M_022021,ADM_MILORU_14021981M_022021,MILORU_14021981M_022021,1,648238498,miguel.lopez.000249@outlook.com,2025-08-04
CNT_CLGASA_29041950F_042020,ADM_CLGASA_29041950F_042020,CLGASA_29041950F_042020,1,661993744,claudia.garcia.000623@mail.com,2025-10-04
CNT_MASAGA_01071951M_072022,ADM_MASAGA_01071951M_072022,MASAGA_01071951M_072022,1,692713822,manuel.sanchez.001715@gmail.com,2025-12-05
CNT_PASAPE_01111993M_072022,ADM_PASAPE_01111993M_072022,PASAPE_01111993M_072022,1,34679169600,pablo.sanchez.000143@gmail.com,2025-10-20
CNT_MAGAMA_30071982F_052021,ADM_MAGAMA_30071982F_052021,MAGAMA_30071982F_052021,1,690934570,maria.garcia.001062@gmail.com,2025-12-09
CNT_CAPEHE_30062000M_102022,ADM_CAPEHE_30062000M_102022,CAPEHE_30062000M_102022,1,644464001,carlos.perez.000019@hospitalmail.com,2025-10-18
CNT_RAJIGA_29012019M_032023,ADM_RAJIGA_29012019M_032023,RAJIGA_29012019M_032023,1,652082,rafael.jimenez.001178@hospitalmail.com,2025-09-25
CNT_SERUJI_05111965M_112021,ADM_SERUJI_05111965M_112021,SERUJI_05111965M_112021,1,679153428,sergio.ruiz.000169@outlook.com,2024-06-16
CNT_JARUMA_15042006M_062024,ADM_JARUMA_15042006M_062024,JARUMA_15042006M_062024,1,650280648,javier.ruiz.002226@outlook.com,2024-06-24
CNT_IRPEMA_30101981F_112024,ADM_IRPEMA_30101981F_112024,IRPEMA_30101981F_112024,1,634397577,irene.perez.000498@mail.com,2024-11-18
CNT_PAMAMA_27091974M_072021,ADM_PAMAMA_27091974M_072021,PAMAMA_27091974M_072021,1,655526337,pablo.martinez.000176@mail.com,2024-11-11
CNT_ALGALO_15111969M_052022,ADM_ALGALO_15111969M_052022,ALGALO_15111969M_052022,1,630524311,alejandro.garcia.001887@gmail.com,2024-12-05
CNT_MADIGO_09031968F_122020,ADM_MADIGO_09031968F_122020,MADIGO_09031968F_122020,1,34636868501,maria.diaz.001857@outlook.com,2025-01-07
CNT_PADISA_05101966F_082023,ADM_PADISA_05101966F_082023,PADISA_05101966F_082023,1,611877072,paula.diaz.000723@gmail.com,2024-09-13
CNT_PAPEFE_10111972F_082024,ADM_PAPEFE_10111972F_082024,PAPEFE_10111972F_082024,1,34669646349,paula.perez.001052@hospitalmail.com,2025-07-16
CNT_MAMADI_11061939F_052023,ADM_MAMADI_11061939F_052023,MAMADI_11061939F_052023,1,610722219,maria.martinez.001089@gmail.com,2025-09-02
CNT_CALODI_27111998F_112024,ADM_CALODI_27111998F_112024,CALODI_27111998F_112024,1,669023226,,2024-11-15
CNT_DALOMA_30091986M_072021,ADM_DALOMA_30091986M_072021,DALOMA_30091986M_072021,1,612846105,daniel.lopez.000070@outlook.com,2025-01-20
CNT_ALJIGA_21101972M_102022,ADM_ALJIGA_21101972M_102022,ALJIGA_21101972M_102022,1,625767667,alejandro.jimenez.000097@hospitalmail.com,2024-02-12
CNT_LAROGA_30031980F_012020,ADM_LAROGA_30031980F_012020,LAROGA_30031980F_012020,1,652159929,laura.rodriguez.001079@outlook.com,2025-12-25
CNT_LAGOLO_14071987F_122024,ADM_LAGOLO_14071987F_122024,LAGOLO_14071987F_122024,1,632455772,laura.gomez.001592@hospitalmail.com,2024-12-02
CNT_SEPERO_17042003M_062022,ADM_SEPERO_17042003M_062022,SEPERO_17042003M_062022,1,34625482883,sergio.perez.000582@outlook.com,2025-12-28
CNT_DARUHE_01022013M_062023,ADM_DARUHE_01022013M_062023,DARUHE_01022013M_062023,1,34680302894,daniel.ruiz.000633@outlook.com,2024-11-06
CNT_SAMAHE_14031993F_102021,ADM_SAMAHE_14031993F_102021,SAMAHE_14031993F_102021,1,34652809097,sara.martinez.000384@gmail.com,2024-04-13
CNT_ISMAMA_17111987F_042023,ADM_ISMAMA_17111987F_042023,ISMAMA_17111987F_042023,1,34690206059,isabel.martin.002156@hospitalmail.com,2025-09-29
CNT_ALMAPE_18111939M_042022,ADM_ALMAPE_18111939M_042022,ALMAPE_18111939M_042022,1,34643626382,alvaro.martin.001300@hospitalmail.com,2025-02-24
CNT_NUHERO_14081986F_032024,ADM_NUHERO_14081986F_032024,NUHERO_14081986F_032024,1,600232073,nuria.hernandez.002224@hospitalmail.com,2024-03-22
CNT_DAROGO_02031998M_112020,ADM_DAROGO_02031998M_112020,DAROGO_02031998M_112020,1,658661,daniel.rodriguez.000583@hospitalmail.com,2025-12-15
CNT_MAMASA_22081939F_062022,ADM_MAMASA_22081939F_062022,MAMASA_22081939F_062022,1,673941886,maria.martinez.001674@outlook.com,2025-11-22
CNT_SEMAFE_27012004M_112022,ADM_SEMAFE_27012004M_112022,SEMAFE_27012004M_112022,1,614902078,,2024-08-31
CNT_ISPEMA_27021963F_082024,ADM_ISPEMA_27021963F_082024,ISPEMA_27021963F_082024,1,667253678,isabel.perez.000259@outlook.com,2025-11-25
CNT_NUDIJI_08111967F_122020,ADM_NUDIJI_08111967F_122020,NUDIJI_08111967F_122020,1,660194827,nuria.diaz.002150@outlook.com,2024-05-02
CNT_JAGOSA_09021983M_042024,ADM_JAGOSA_09021983M_042024,JAGOSA_09021983M_042024,1,629037709,javier.gomez.000148@mail.com,2024-04-11
CNT_NULOFE_29101974F_112022,ADM_NULOFE_29101974F_112022,NULOFE_29101974F_112022,1,671695343,nuria.lopez.001695@gmail.com,2025-07-15
CNT_ALROSA_27101949M_112024,ADM_ALROSA_27101949M_112024,ALROSA_27101949M_112024,1,681224647,alvaro.rodriguez.001356@mail.com,2024-11-14
CNT_MALOJI_20071968F_102023,ADM_MALOJI_20071968F_102023,MALOJI_20071968F_102023,1,654012793,marta.lopez.001341@gmail.com,2025-02-26
CNT_MIRUJI_13011939M_092024,ADM_MIRUJI_13011939M_092024,MIRUJI_13011939M_092024,1,601137504,miguel.ruiz.001146@gmail.com,2025-02-23
CNT_SAJIGO_08022016F_122021,ADM_SAJIGO_08022016F_122021,SAJIGO_08022016F_122021,1,34660162378,sara.jimenez.001668@outlook.com,2024-04-25
CNT_ISLOPE_11051974F_012022,ADM_ISLOPE_11051974F_012022,ISLOPE_11051974F_012022,1,689300021,isabel.lopez.001252@gmail.com,2024-06-22
CNT_PASARU_07041994F_042020,ADM_PASARU_07041994F_042020,PASARU_07041994F_042020,1,610272277,paula.sanchez.001486@outlook.com,2024-01-23
CNT_IRMAPE_08061974F_072020,ADM_IRMAPE_08061974F_072020,IRMAPE_08061974F_072020,1,627806640,irene.martinez.000308@gmail.com,2025-03-19
CNT_LURUGA_03111974F_122020,ADM_LURUGA_03111974F_122020,LURUGA_03111974F_122020,1,6915191,lucia.ruiz.000654@mail.com,2025-08-06
CNT_PAMADI_24052007F_022024,ADM_PAMADI_24052007F_022024,PAMADI_24052007F_022024,1,682401434,paula.martin.002114@mail.com,2024-02-17
CNT_CAPEMA_08011948M_032024,ADM_CAPEMA_08011948M_032024,CAPEMA_08011948M_032024,1,34616233579,,2024-03-19
CNT_RALOFE_23082012M_072022,ADM_RALOFE_23082012M_072022,RALOFE_23082012M_072022,1,34626656862,rafael.lopez.001598@outlook.com,2025-02-07
CNT_MALOGA_21052000M_032020,ADM_MALOGA_21052000M_032020,MALOGA_21052000M_032020,1,613281594,manuel.lopez.000986@mail.com,2025-12-21
CNT_ELDIJI_02071942F_052023,ADM_ELDIJI_02071942F_052023,ELDIJI_02071942F_052023,1,679586351,,2024-08-03
CNT_ANRUJI_22061958M_082020,ADM_ANRUJI_22061958M_082020,ANRUJI_22061958M_082020,1,651094845,antonio.ruiz.001819@gmail.com,2024-01-20
CNT_SAMAMA_24101950F_032024,ADM_SAMAMA_24101950F_032024,SAMAMA_24101950F_032024,1,666022267,sara.martinez.001236@gmail.com,2024-03-22
CNT_IRDIMA_22101950F_102022,ADM_IRDIMA_22101950F_102022,IRDIMA_22101950F_102022,1,34631790828,,2025-05-01
CNT_LUDIMA_16041979F_072021,ADM_LUDIMA_16041979F_072021,LUDIMA_16041979F_072021,1,65405194,lucia.diaz.002023@hospitalmail.com,2024-09-23
CNT_DALOGA_02051988M_082021,ADM_DALOGA_02051988M_082021,DALOGA_02051988M_082021,1,671160228,david.lopez.000618@outlook.com,2025-07-17
CNT_MIDIHE_08041979M_042021,ADM_MIDIHE_08041979M_042021,MIDIHE_08041979M_042021,1,695468793,miguel.diaz.001056@hospitalmail.com,2024-02-29
CNT_LAFERO_12092012F_032024,ADM_LAFERO_12092012F_032024,LAFERO_12092012F_032024,1,679944511,laura.fernandez.000020@outlook.com,2025-02-16
CNT_ANRUHE_17091961M_022021,ADM_ANRUHE_17091961M_022021,ANRUHE_17091961M_022021,1,607384891,antonio.ruiz.000485@gmail.com,2025-12-29
CNT_CLSASA_20121948F_092021,ADM_CLSASA_20121948F_092021,CLSASA_20121948F_092021,1,34607809042,claudia.sanchez.000205@outlook.com,2024-05-06
CNT_MIPEGA_27021971M_042024,ADM_MIPEGA_27021971M_042024,MIPEGA_27021971M_042024,1,605346996,miguel.perez.001987@hospitalmail.com,2024-04-22
CNT_DAFEGA_16091965M_011900,ADM_DAFEGA_16091965M_011900,DAFEGA_16091965M_011900,1,661456805,daniel.fernandez.000206@gmail.com,2024-09-27
CNT_AXGAFE_25091961M_062022,ADM_AXGAFE_25091961M_062022,AXGAFE_25091961M_062022,1,680387057,alvaro.garcia.000095@gmail.com,2024-11-01
CNT_MIMAXX_03041957M_082021,ADM_MIMAXX_03041957M_082021,MIMAXX_03041957M_082021,1,622152087,,2024-12-23
CNT_RAJIDI_28121948M_122024,ADM_RAJIDI_28121948M_122024,RAJIDI_28121948M_122024,1,646516981,rafael.jimenez.001379@hospitalmail.com,2025-07-12
CNT_CAFERU_05021995F_022024,ADM_CAFERU_05021995F_022024,CAFERU_05021995F_022024,1,696449853,carmen.fernandez.001377@mail.com,2024-02-01
CNT_SAMAJI_19041997F_012023,ADM_SAMAJI_19041997F_012023,SAMAJI_19041997F_012023,1,6287000,sara.martin.001565@gmail.com,2025-02-18
CNT_ISRUGA_25041992F_122020,ADM_ISRUGA_25041992F_122020,ISRUGA_25041992F_122020,1,34610949366,isabel.ruiz.001080@mail.com,2024-11-19
CNT_AXGARO_20071949M_102020,ADM_AXGARO_20071949M_102020,AXGARO_20071949M_102020,1,617512006,antonio.garcia.001805@mail.com,2025-07-18
CNT_CADIDI_17071963M_022021,ADM_CADIDI_17071963M_022021,CADIDI_17071963M_022021,1,687842463,carlos.diaz.000445@hospitalmail.com,2025-05-03
CNT_MAGORU_07032022M_022022,ADM_MAGORU_07032022M_022022,MAGORU_07032022M_022022,1,630385094,manuel.gomez.001347@hospitalmail.com,2024-12-23
CNT_MAGOLO_16121991F_032023,ADM_MAGOLO_16121991F_032023,MAGOLO_16121991F_032023,1,606180702,marta.gomez.001738@gmail.com,2024-12-18
CNT_ALMALO_27011941M_022023,ADM_ALMALO_27011941M_022023,ALMALO_27011941M_022023,1,642333397,alejandro.martin.000838@gmail.com,2025-03-02
CNT_LALPFE_16101990F_042024,ADM_LALPFE_16101990F_042024,LALPFE_16101990F_042024,1,34629855995,,2024-04-25
CNT_CAJILO_09051961M_062024,ADM_CAJILO_09051961M_062024,CAJILO_09051961M_062024,1,34640102376,carlos.jimenez.000254@hospitalmail.com,2024-06-22
CNT_IRMAPE_05041998F_122022,ADM_IRMAPE_05041998F_122022,IRMAPE_05041998F_122022,1,600383744,irene.martin.001867@hospitalmail.com,2025-02-03
CNT_MAMAHE_20021972F_122020,ADM_MAMAHE_20021972F_122020,MAMAHE_20021972F_122020,1,34658556044,,2024-04-03
CNT_ALHEPE_23052003M_032024,ADM_ALHEPE_23052003M_032024,ALHEPE_23052003M_032024,1,34679899673,alejandro.hernandez.001739@mail.com,2024-03-24
CNT_LAHEXX_21051989F_122024,ADM_LAHEXX_21051989F_122024,LAHEXX_21051989F_122024,1,659164198,laura.hernandez.001478@hospitalmail.com,2024-12-13
CNT_LASAMA_27012000F_112020,ADM_LASAMA_27012000F_112020,LASAMA_27012000F_112020,1,683249076,laura.sanchez.000477@gmail.com,2025-12-23
CNT_PASARO_29072002M_102024,ADM_PASARO_29072002M_102024,PASARO_29072002M_102024,1,616590443,pablo.sanchez.000305@gmail.com,2025-11-20
CNT_JXLODI_05062007M_062022,ADM_JXLODI_05062007M_062022,JXLODI_05062007M_062022,1,620406671,javier.lopez.002016@outlook.com,2024-07-08
CNT_MAMAXX_03061957F_082020,ADM_MAMAXX_03061957F_082020,MAMAXX_03061957F_082020,1,34631156954,,2024-06-13
CNT_SASAGA_26111956F_122024,ADM_SASAGA_26111956F_122024,SASAGA_26111956F_122024,1,683962047,sara.sanchez.001396@mail.com,2024-12-13
CNT_IRHEFE_25051991F_102021,ADM_IRHEFE_25051991F_102021,IRHEFE_25051991F_102021,1,645382173,,2024-03-02
CNT_ALPEDI_13121988M_072021,ADM_ALPEDI_13121988M_072021,ALPEDI_13121988M_072021,1,629473352,alvaro.perez.000264@outlook.com,2025-02-14
CNT_AXSALO_07051964M_012024,ADM_AXSALO_07051964M_012024,AXSALO_07051964M_012024,1,608742017,alejandro.sanchez.000436@hospitalmail.com,2024-01-03
CNT_IRFEFE_02021981F_102021,ADM_IRFEFE_02021981F_102021,IRFEFE_02021981F_102021,1,618070642,irene.fernandez.000448@hospitalmail.com,2024-11-16
CNT_DARUGO_29062006M_082023,ADM_DARUGO_29062006M_082023,DARUGO_29062006M_082023,1,671586728,daniel.ruiz.001009@hospitalmail.com,2024-05-17
CNT_ANMAMA_06111984M_012021,ADM_ANMAMA_06111984M_012021,ANMAMA_06111984M_012021,1,613204589,antonio.martin.001437@hospitalmail.com,2024-10-31
CNT_ALSAMA_19041979M_092021,ADM_ALSAMA_19041979M_092021,ALSAMA_19041979M_092021,1,668692722,alejandro.sanchez.001515@mail.com,2025-07-26
CNT_MAMALO_10011969F_012024,ADM_MAMALO_10011969F_012024,MAMALO_10011969F_012024,1,609662781,marta.martinez.002011@gmail.com,2024-01-13
CNT_CASAMA_20122003M_072021,ADM_CASAMA_20122003M_072021,CASAMA_20122003M_072021,1,689787943,carlos.sanchez.000907@mail.com,2025-07-15
CNT_CLROFE_06031986F_092020,ADM_CLROFE_06031986F_092020,CLROFE_06031986F_092020,1,638509921,,2025-12-11
CNT_MIMALO_01071965M_022023,ADM_MIMALO_01071965M_022023,MIMALO_01071965M_022023,1,606792186,miguel.martinez.001778@gmail.com,2025-07-02
CNT_ELPERU_18081989F_012024,ADM_ELPERU_18081989F_012024,ELPERU_18081989F_012024,1,642768857,elena.perez.002142@gmail.com,2024-01-11
CNT_ISPEXX_19052018F_102023,ADM_ISPEXX_19052018F_102023,ISPEXX_19052018F_102023,1,661612393,isabel.perez.001906@hospitalmail.com,2024-10-27
CNT_CAPESA_29071940F_032024,ADM_CAPESA_29071940F_032024,CAPESA_29071940F_032024,1,612201328,carmen.perez.002031@hospitalmail.com,2024-03-06
CNT_NUFEDI_16041988F_062020,ADM_NUFEDI_16041988F_062020,NUFEDI_16041988F_062020,1,624866785,nuria.fernandez.001163@mail.com,2024-11-04
CNT_MADILO_18072001M_102024,ADM_MADILO_18072001M_102024,MADILO_18072001M_102024,1,654011268,manuel.diaz.001216@mail.com,2024-10-04
CNT_CALOSA_02011955F_082024,ADM_CALOSA_02011955F_082024,CALOSA_02011955F_082024,1,666312640,carmen.lopez.001066@gmail.com,2025-05-21
CNT_ALROMA_19061978M_012024,ADM_ALROMA_19061978M_012024,ALROMA_19061978M_012024,1,625236540,alejandro.rodriguez.000491@mail.com,2024-01-10
CNT_ALFEMA_23051986M_092024,ADM_ALFEMA_23051986M_092024,ALFEMA_23051986M_092024,1,609935570,alejandro.fernandez.001791@outlook.com,2024-09-20
CNT_LUHEDI_15121981F_112021,ADM_LUHEDI_15121981F_112021,LUHEDI_15121981F_112021,1,34659406789,lucia.hernandez.001201@outlook.com,2024-10-08
CNT_ISRUPE_01111973F_072022,ADM_ISRUPE_01111973F_072022,ISRUPE_01111973F_072022,1,698537639,isabel.ruiz.001567@hospitalmail.com,2024-01-19
CNT_PAPEDI_13072018M_042023,ADM_PAPEDI_13072018M_042023,PAPEDI_13072018M_042023,1,695868026,pablo.perez.001625@mail.com,2025-11-09
CNT_CLDIFE_03091988F_062023,ADM_CLDIFE_03091988F_062023,CLDIFE_03091988F_062023,1,34650118609,claudia.diaz.001331@gmail.com,2025-08-20
CNT_MALOHE_24051995M_032022,ADM_MALOHE_24051995M_032022,MALOHE_24051995M_032022,1,65647209,manuel.lopez.000052@outlook.com,2025-12-30
CNT_PAROSA_26081987F_062021,ADM_PAROSA_26081987F_062021,PAROSA_26081987F_062021,1,675271515,paula.rodriguez.001677@hospitalmail.com,2025-10-15
CNT_IRMAFE_17061979F_112024,ADM_IRMAFE_17061979F_112024,IRMAFE_17061979F_112024,1,34694044229,irene.martinez.001360@outlook.com,2025-06-11
CNT_NUROLO_11042004F_062023,ADM_NUROLO_11042004F_062023,NUROLO_11042004F_062023,1,34672411197,nuria.rodriguez.000587@gmail.com,2024-08-15
CNT_ALMAFE_13052010M_092022,ADM_ALMAFE_13052010M_092022,ALMAFE_13052010M_092022,1,34631190383,alvaro.martinez.002080@hospitalmail.com,2025-01-16
CNT_LUFELO_05061984F_102025,ADM_LUFELO_05061984F_102025,LUFELO_05061984F_102025,1,604646608,lucia.fernandez.000341@hospitalmail.com,2025-10-03
CNT_DXLODI_22091943M_032022,ADM_DXLODI_22091943M_032022,DXLODI_22091943M_032022,1,651276332,david.lopez.001212@gmail.com,2025-12-26
CNT_MARUMA_04071949M_072022,ADM_MARUMA_04071949M_072022,MARUMA_04071949M_072022,1,612779181,manuel.ruiz.000284@hospitalmail.com,2025-09-07
CNT_MXGOLO_20041946F_102021,ADM_MXGOLO_20041946F_102021,MXGOLO_20041946F_102021,1,34632287231,maria.gomez.000179@hospitalmail.com,2025-04-19
CNT_CAHEDI_18061942F_112020,ADM_CAHEDI_18061942F_112020,CAHEDI_18061942F_112020,1,640499802,carmen.hernandez.000636@hospitalmail.com,2024-09-18
CNT_NUFEDI_20111968F_052023,ADM_NUFEDI_20111968F_052023,NUFEDI_20111968F_052023,1,699049031,nuria.fernandez.002230@gmail.com,2025-04-08
CNT_MIROMA_19081946M_092021,ADM_MIROMA_19081946M_092021,MIROMA_19081946M_092021,1,34651071213,miguel.rodriguez.000552@hospitalmail.com,2025-12-18
CNT_MAROSA_30061983F_012024,ADM_MAROSA_30061983F_012024,MAROSA_30061983F_012024,1,675640052,maria.rodriguez.001890@mail.com,2024-01-06
CNT_CASAGO_06051935M_072021,ADM_CASAGO_06051935M_072021,CASAGO_06051935M_072021,1,6912212,carlos.sanchez.001856@outlook.com,2024-04-09
CNT_DAGADI_27102020M_102022,ADM_DAGADI_27102020M_102022,DAGADI_27102020M_102022,1,646771911,david.garcia.000516@mail.com,2025-09-19
CNT_ALHEJI_12061941M_122020,ADM_ALHEJI_12061941M_122020,ALHEJI_12061941M_122020,1,614450388,alejandro.hernandez.001884@mail.com,2025-04-05
CNT_RAROPE_09081944M_022023,ADM_RAROPE_09081944M_022023,RAROPE_09081944M_022023,1,694475488,rafael.rodriguez.002159@gmail.com,2024-10-05
CNT_SXMAPE_19072000F_032020,ADM_SXMAPE_19072000F_032020,SXMAPE_19072000F_032020,1,628173110,sara.martin.001029@gmail.com,2025-10-29
CNT_MALOFE_22031997M_062020,ADM_MALOFE_22031997M_062020,MALOFE_22031997M_062020,1,671998437,manuel.lopez.000543@gmail.com,2024-08-21
CNT_DALOSA_23092003M_092020,ADM_DALOSA_23092003M_092020,DALOSA_23092003M_092020,1,690458166,daniel.lopez.002007@outlook.com,2025-05-01
CNT_CAJIDI_13051962M_112023,ADM_CAJIDI_13051962M_112023,CAJIDI_13051962M_112023,1,631200450,carlos.jimenez.002097@outlook.com,2025-11-21
CNT_SAJIHE_07011988F_102024,ADM_SAJIHE_07011988F_102024,SAJIHE_07011988F_102024,1,663405891,sara.jimenez.001710@outlook.com,2024-10-26
CNT_ANDIPE_16051960M_102021,ADM_ANDIPE_16051960M_102021,ANDIPE_16051960M_102021,1,693612876,antonio.diaz.000716@outlook.com,2025-10-07
CNT_MAFEXX_27051983M_112021,ADM_MAFEXX_27051983M_112021,MAFEXX_27051983M_112021,1,34643321984,manuel.fernandez.000555@mail.com,2024-05-27
CNT_DALORU_07081986M_062021,ADM_DALORU_07081986M_062021,DALORU_07081986M_062021,1,682417390,daniel.lopez.001782@hospitalmail.com,2025-08-13
CNT_CLRUSA_12101988F_052024,ADM_CLRUSA_12101988F_052024,CLRUSA_12101988F_052024,1,34607377426,claudia.ruiz.001348@hospitalmail.com,2024-05-16
CNT_PXROMA_09072018F_032024,ADM_PXROMA_09072018F_032024,PXROMA_09072018F_032024,1,34643403588,paula.rodriguez.001316@outlook.com,2024-03-01
CNT_SERUMA_12011992M_052023,ADM_SERUMA_12011992M_052023,SERUMA_12011992M_052023,1,660529203,sergio.ruiz.001167@gmail.com,2025-07-03
CNT_SAROMA_07011993F_032020,ADM_SAROMA_07011993F_032020,SAROMA_07011993F_032020,1,676747726,sara.rodriguez.001645@gmail.com,2025-10-01
CNT_MXFELO_10021989F_112020,ADM_MXFELO_10021989F_112020,MXFELO_10021989F_112020,1,659015636,marta.fernandez.001113@hospitalmail.com,2024-05-05
CNT_CXMAJI_05051993M_012024,ADM_CXMAJI_05051993M_012024,CXMAJI_05051993M_012024,1,649675710,carlos.martinez.001094@mail.com,2024-01-08
CNT_MAGAHE_30111982F_062022,ADM_MAGAHE_30111982F_062022,MAGAHE_30111982F_062022,1,34666906725,maria.garcia.000014@gmail.com,2025-01-11
CNT_CASALO_03032001F_092020,ADM_CASALO_03032001F_092020,CASALO_03032001F_092020,1,692270964,carmen.sanchez.000672@mail.com,2025-09-02
CNT_CADILO_14061935F_052022,ADM_CADILO_14061935F_052022,CADILO_14061935F_052022,0,,,
CNT_ANGARO_29052000M_022021,ADM_ANGARO_29052000M_022021,ANGARO_29052000M_022021,1,616340365,antonio.garcia.000936@gmail.com,2025-10-30
CNT_MIROGA_20122023M_122021,ADM_MIROGA_20122023M_122021,MIROGA_20122023M_122021,1,694202411,miguel.rodriguez.001251@gmail.com,2025-12-11
CNT_MADILO_28011973M_062021,ADM_MADILO_28011973M_062021,MADILO_28011973M_062021,1,608868873,manuel.diaz.002229@mail.com,2025-12-05
CNT_MAHELO_26011983M_011900,ADM_MAHELO_26011983M_011900,MAHELO_26011983M_011900,1,34695111766,manuel.hernandez.000379@hospitalmail.com,2024-05-13
CNT_LUHEHE_07121968F_011900,ADM_LUHEHE_07121968F_011900,LUHEHE_07121968F_011900,1,,lucia.hernandez.000875@gmail.com,2024-07-12
CNT_MILOXX_30071976M_082020,ADM_MILOXX_30071976M_082020,MILOXX_30071976M_082020,1,34679166997,miguel.lopez.002089@mail.com,2024-10-06
CNT_CLHESA_13031986F_012022,ADM_CLHESA_13031986F_012022,CLHESA_13031986F_012022,1,679156243,claudia.hernandez.001477@gmail.com,2025-06-21
CNT_PAFEMA_14061947F_052022,ADM_PAFEMA_14061947F_052022,PAFEMA_14061947F_052022,1,636567651,paula.fernandez.000114@gmail.com,2025-07-15
CNT_MAJILO_26011965M_022021,ADM_MAJILO_26011965M_022021,MAJILO_26011965M_022021,1,61350964,manuel.jimenez.000539@hospitalmail.com,2025-06-23
CNT_ELLOGA_28081985F_012020,ADM_ELLOGA_28081985F_012020,ELLOGA_28081985F_012020,1,676447954,elena.lopez.001530@hospitalmail.com,2024-10-29
CNT_NUMAHE_09102018F_062022,ADM_NUMAHE_09102018F_062022,NUMAHE_09102018F_062022,1,691164639,nuria.martinez.001025@mail.com,2024-01-20
CNT_JAGOGA_16061968M_102023,ADM_JAGOGA_16061968M_102023,JAGOGA_16061968M_102023,1,651440148,javier.gomez.000529@mail.com,2025-09-28
CNT_IRFEDI_25011965F_022022,ADM_IRFEDI_25011965F_022022,IRFEDI_25011965F_022022,1,687665170,irene.fernandez.002244@outlook.com,2024-10-05
CNT_MAFERU_25041963F_062021,ADM_MAFERU_25041963F_062021,MAFERU_25041963F_062021,1,698593270,maria.fernandez.001376@hospitalmail.com,2025-03-20
CNT_IRMAFE_28061989F_102023,ADM_IRMAFE_28061989F_102023,IRMAFE_28061989F_102023,1,650279483,irene.martinez.001365@outlook.com,2024-05-26
CNT_RXFEMA_06031989M_062021,ADM_RXFEMA_06031989M_062021,RXFEMA_06031989M_062021,1,670745390,rafael.fernandez.001621@mail.com,2024-06-26
CNT_CAPEMA_31032012M_012024,ADM_CAPEMA_31032012M_012024,CAPEMA_31032012M_012024,1,650269344,,2024-01-05
CNT_RALOMA_21051989M_102020,ADM_RALOMA_21051989M_102020,RALOMA_21051989M_102020,1,619180332,rafael.lopez.000739@mail.com,2025-08-12
CNT_SEPEMA_25021966M_112020,ADM_SEPEMA_25021966M_112020,SEPEMA_25021966M_112020,1,646290628,sergio.perez.000579@gmail.com,2024-07-28
CNT_IRJIFE_18071960F_112022,ADM_IRJIFE_18071960F_112022,IRJIFE_18071960F_112022,1,633386631,,2025-11-24
CNT_MIGORU_05111998M_072025,ADM_MIGORU_05111998M_072025,MIGORU_05111998M_072025,1,34640187108,miguel.gomez.000837@outlook.com,2025-09-29
CNT_CLGOFE_01081984F_082025,ADM_CLGOFE_01081984F_082025,CLGOFE_01081984F_082025,1,34680288373,,2025-08-07
CNT_ISLOSA_05011977F_112022,ADM_ISLOSA_05011977F_112022,ISLOSA_05011977F_112022,1,692062958,isabel.lopez.001638@gmail.com,2025-05-21
CNT_IXROPE_03121988F_052025,ADM_IXROPE_03121988F_052025,IXROPE_03121988F_052025,1,34659853584,isabel.rodriguez.001748@hospitalmail.com,2025-05-19
CNT_SARURO_28121991F_032025,ADM_SARURO_28121991F_032025,SARURO_28121991F_032025,1,686690204,sara.ruiz.001823@mail.com,2025-12-16
CNT_IRJIRU_16031976F_012020,ADM_IRJIRU_16031976F_012020,IRJIRU_16031976F_012020,1,658061582,irene.jimenez.000034@gmail.com,2025-02-23
CNT_MADISA_31031941F_072023,ADM_MADISA_31031941F_072023,MADISA_31031941F_072023,1,624197871,maria.diaz.001225@outlook.com,2025-08-16
CNT_MARORU_13051983F_082022,ADM_MARORU_13051983F_082022,MARORU_13051983F_082022,1,666816823,marta.rodriguez.001496@gmail.com,2025-09-15
CNT_JAMARO_27061995M_122022,ADM_JAMARO_27061995M_122022,JAMARO_27061995M_122022,1,671182756,javier.martinez.001574@mail.com,2025-08-06
CNT_SAMAHE_27011967F_011900,ADM_SAMAHE_27011967F_011900,SAMAHE_27011967F_011900,1,669986732,sara.martinez.000160@mail.com,2025-09-25
CNT_ISPELO_15011994F_042022,ADM_ISPELO_15011994F_042022,ISPELO_15011994F_042022,1,655018691,isabel.perez.001513@mail.com,2025-06-02
CNT_ISGALO_04122006F_102023,ADM_ISGALO_04122006F_102023,ISGALO_04122006F_102023,1,689111830,isabel.garcia.001583@mail.com,2025-08-05
CNT_ELGAMA_08101989F_122022,ADM_ELGAMA_08101989F_122022,ELGAMA_08101989F_122022,1,663948451,elena.garcia.001658@mail.com,2025-06-28
CNT_SAHEJI_25072002F_052020,ADM_SAHEJI_25072002F_052020,SAHEJI_25072002F_052020,1,642614733,sara.hernandez.000944@outlook.com,2025-10-27
CNT_MAMAHE_01061977F_012025,ADM_MAMAHE_01061977F_012025,MAMAHE_01061977F_012025,1,34603781723,marta.martinez.001157@outlook.com,2025-07-06
CNT_ISPEJI_15061947F_112022,ADM_ISPEJI_15061947F_112022,ISPEJI_15061947F_112022,1,34695079347,isabel.perez.001159@mail.com,2025-06-19
CNT_ISHEGO_07121981F_122020,ADM_ISHEGO_07121981F_122020,ISHEGO_07121981F_122020,1,662367219,isabel.hernandez.001627@hospitalmail.com,2025-07-10
CNT_ALPESA_01031996M_082025,ADM_ALPESA_01031996M_082025,ALPESA_01031996M_082025,1,651752300,alvaro.perez.000759@outlook.com,2025-08-05
CNT_LXRORO_20031987F_062020,ADM_LXRORO_20031987F_062020,LXRORO_20031987F_062020,1,607274131,lucia.rodriguez.000566@hospitalmail.com,2025-08-12
CNT_CLRUGO_12052023F_052021,ADM_CLRUGO_12052023F_052021,CLRUGO_12052023F_052021,1,687030620,claudia.ruiz.000778@gmail.com,2025-02-18
CNT_PAJILO_22071960F_092021,ADM_PAJILO_22071960F_092021,PAJILO_22071960F_092021,1,621713382,paula.jimenez.000078@hospitalmail.com,2025-12-28
CNT_MAMADI_17011974F_082022,ADM_MAMADI_17011974F_082022,MAMADI_17011974F_082022,1,63928302,marta.martin.001091@outlook.com,2025-10-11
CNT_MIROHE_14041970M_122020,ADM_MIROHE_14041970M_122020,MIROHE_14041970M_122020,1,689447360,miguel.rodriguez.001401@hospitalmail.com,2025-02-04
CNT_PAROGA_05072021M_042021,ADM_PAROGA_05072021M_042021,PAROGA_05072021M_042021,1,34684856657,pablo.rodriguez.001394@hospitalmail.com,2025-06-06
CNT_IRMAGO_06022001F_012021,ADM_IRMAGO_06022001F_012021,IRMAGO_06022001F_012021,1,666991243,irene.martin.002073@mail.com,2025-06-15
CNT_CADIPE_15011972F_112023,ADM_CADIPE_15011972F_112023,CADIPE_15011972F_112023,1,616048805,carmen.diaz.000697@gmail.com,2025-10-12
CNT_DAFESA_29101985M_012025,ADM_DAFESA_29101985M_012025,DAFESA_29101985M_012025,1,683243619,,2025-01-06
CNT_DAJIGO_01012023M_062025,ADM_DAJIGO_01012023M_062025,DAJIGO_01012023M_062025,1,600330517,david.jimenez.001088@outlook.com,2025-12-25
CNT_SEJIMA_18062005M_112020,ADM_SEJIMA_18062005M_112020,SEJIMA_18062005M_112020,1,660902206,sergio.jimenez.000065@mail.com,2025-06-16
CNT_ISJIGA_13031988F_032025,ADM_ISJIGA_13031988F_032025,ISJIGA_13031988F_032025,1,615736432,,2025-03-12
CNT_MASAFE_19111985F_072022,ADM_MASAFE_19111985F_072022,MASAFE_19111985F_072022,1,34640197489,maria.sanchez.001876@mail.com,2025-09-08
CNT_DARUGA_27021998M_042025,ADM_DARUGA_27021998M_042025,DARUGA_27021998M_042025,1,675564801,daniel.ruiz.000505@hospitalmail.com,2025-06-19
CNT_DAMAJI_08071984M_082022,ADM_DAMAJI_08071984M_082022,DAMAJI_08071984M_082022,1,643272131,david.martinez.002134@gmail.com,2025-08-01
CNT_JARODI_23022019M_032025,ADM_JARODI_23022019M_032025,JARODI_23022019M_032025,1,673945834,javier.rodriguez.001966@gmail.com,2025-04-14
CNT_ALMAJI_21022017M_082025,ADM_ALMAJI_21022017M_082025,ALMAJI_21022017M_082025,1,635149228,alejandro.martinez.001103@hospitalmail.com,2025-08-15
CNT_LUROMA_03041965F_092025,ADM_LUROMA_03041965F_092025,LUROMA_03041965F_092025,1,667247505,lucia.rodriguez.001169@mail.com,2025-09-26
CNT_CLRODI_17031977F_062025,ADM_CLRODI_17031977F_062025,CLRODI_17031977F_062025,1,686877795,claudia.rodriguez.001243@hospitalmail.com,2025-07-20
CNT_DAFERU_17121934M_102025,ADM_DAFERU_17121934M_102025,DAFERU_17121934M_102025,1,605669004,daniel.fernandez.001140@outlook.com,2025-10-06
CNT_NUSAMA_07021963F_062021,ADM_NUSAMA_07021963F_062021,NUSAMA_07021963F_062021,1,663190113,nuria.sanchez.000090@outlook.com,2025-03-25
CNT_LASALO_06061987F_012025,ADM_LASALO_06061987F_012025,LASALO_06061987F_012025,1,630949441,laura.sanchez.001244@mail.com,2025-01-26
CNT_SASAHE_03031989F_092020,ADM_SASAHE_03031989F_092020,SASAHE_03031989F_092020,1,622111788,sara.sanchez.000358@mail.com,2025-03-13
CNT_MARULO_25032008M_012023,ADM_MARULO_25032008M_012023,MARULO_25032008M_012023,1,655091050,manuel.ruiz.000892@mail.com,2025-11-28
CNT_MADIGA_04081965F_012023,ADM_MADIGA_04081965F_012023,MADIGA_04081965F_012023,1,667686,marta.diaz.001283@mail.com,2025-09-27
CNT_MALOPE_19092013F_112022,ADM_MALOPE_19092013F_112022,MALOPE_19092013F_112022,1,636240243,maria.lopez.000289@mail.com,2025-11-26
CNT_ISGAGA_02121982F_112021,ADM_ISGAGA_02121982F_112021,ISGAGA_02121982F_112021,1,34677018920,isabel.garcia.002154@hospitalmail.com,2025-12-10
CNT_MADIMA_02011935F_082025,ADM_MADIMA_02011935F_082025,MADIMA_02011935F_082025,1,630386047,marta.diaz.001343@outlook.com,2025-08-30
CNT_LAMARO_21081977F_042021,ADM_LAMARO_21081977F_042021,LAMARO_21081977F_042021,1,635836200,laura.martinez.000928@gmail.com,2025-11-01
CNT_CAGARU_14041986F_082023,ADM_CAGARU_14041986F_082023,CAGARU_14041986F_082023,1,691169398,carmen.garcia.000484@gmail.com,2025-09-07
CNT_ALMAMA_22061996M_032021,ADM_ALMAMA_22061996M_032021,ALMAMA_22061996M_032021,1,6409117,alvaro.martin.000557@gmail.com,2025-03-26
CNT_MADIFE_15022022F_062023,ADM_MADIFE_15022022F_062023,MADIFE_15022022F_062023,1,626633464,marta.diaz.000567@outlook.com,2025-11-14
CNT_ALLOHE_11111936M_062021,ADM_ALLOHE_11111936M_062021,ALLOHE_11111936M_062021,1,655759666,alvaro.lopez.000124@gmail.com,2025-12-09
CNT_NUMARO_16081965F_012025,ADM_NUMARO_16081965F_012025,NUMARO_16081965F_012025,1,628439262,nuria.martinez.000187@hospitalmail.com,2025-01-24
CNT_MARUJI_23111986F_052023,ADM_MARUJI_23111986F_052023,MARUJI_23111986F_052023,1,649291527,maria.ruiz.001581@outlook.com,2025-02-13
CNT_IRSAGA_28051955F_122023,ADM_IRSAGA_28051955F_122023,IRSAGA_28051955F_122023,1,693120595,irene.sanchez.001591@mail.com,2025-12-31
CNT_CLMAFE_17031986F_112020,ADM_CLMAFE_17031986F_112020,CLMAFE_17031986F_112020,1,698374890,claudia.martin.000265@hospitalmail.com,2025-03-23
CNT_NUGOGO_13091972F_062023,ADM_NUGOGO_13091972F_062023,NUGOGO_13091972F_062023,1,619743977,nuria.gomez.001976@outlook.com,2025-02-07
CNT_JAMAMA_17081970M_102020,ADM_JAMAMA_17081970M_102020,JAMAMA_17081970M_102020,1,631867249,javier.martin.002243@gmail.com,2025-11-21
CNT_ALGASA_29051939M_032020,ADM_ALGASA_29051939M_032020,ALGASA_29051939M_032020,1,699350577,alvaro.garcia.002066@mail.com,2025-07-01
CNT_CAGARO_26061973F_072021,ADM_CAGARO_26061973F_072021,CAGARO_26061973F_072021,1,692767030,carmen.garcia.000774@mail.com,2025-11-23
CNT_ALGORO_22111983M_062025,ADM_ALGORO_22111983M_062025,ALGORO_22111983M_062025,1,698055673,alvaro.gomez.001986@gmail.com,2025-07-12
CNT_DAROLO_11041996M_052021,ADM_DAROLO_11041996M_052021,DAROLO_11041996M_052021,1,34606753190,,2025-08-17
CNT_MAJIDI_27101983F_112022,ADM_MAJIDI_27101983F_112022,MAJIDI_27101983F_112022,1,660296954,marta.jimenez.000235@mail.com,2025-11-25
CNT_LAJIRU_08052014F_022023,ADM_LAJIRU_08052014F_022023,LAJIRU_08052014F_022023,1,659313560,laura.jimenez.001196@mail.com,2025-09-06
CNT_JAROSA_01072006M_092025,ADM_JAROSA_01072006M_092025,JAROSA_01072006M_092025,1,678293522,javier.rodriguez.002048@hospitalmail.com,2025-09-02
CNT_CASAJI_17072011F_082022,ADM_CASAJI_17072011F_082022,CASAJI_17072011F_082022,1,34644810669,carmen.sanchez.000197@gmail.com,2025-12-01
CNT_MXSAGO_29031970M_062022,ADM_MXSAGO_29031970M_062022,MXSAGO_29031970M_062022,1,657317850,miguel.sanchez.000222@outlook.com,2025-11-08
CNT_DASAJI_30072000M_082025,ADM_DASAJI_30072000M_082025,DASAJI_30072000M_082025,1,635924520,david.sanchez.000613@mail.com,2025-12-14
CNT_SXGAJI_30071961F_092025,ADM_SXGAJI_30071961F_092025,SXGAJI_30071961F_092025,1,686663312,sara.garcia.001095@mail.com,2025-09-21
CNT_LAGAGA_03061942F_032023,ADM_LAGAGA_03061942F_032023,LAGAGA_03061942F_032023,1,685049,laura.garcia.001932@hospitalmail.com,2025-11-10
CNT_PAFEGA_25071956F_072025,ADM_PAFEGA_25071956F_072025,PAFEGA_25071956F_072025,1,34685874283,paula.fernandez.000171@mail.com,2025-07-04
CNT_ELRUSA_16071939F_112022,ADM_ELRUSA_16071939F_112022,ELRUSA_16071939F_112022,1,60781257,elena.ruiz.001129@hospitalmail.com,2025-07-02
CNT_MXROGO_19051984F_012021,ADM_MXROGO_19051984F_012021,MXROGO_19051984F_012021,1,34613552513,maria.rodriguez.000173@hospitalmail.com,2025-11-07
CNT_PADIJI_12111987M_052020,ADM_PADIJI_12111987M_052020,PADIJI_12111987M_052020,1,660879957,pablo.diaz.001955@hospitalmail.com,2025-12-09
CNT_ALLOJI_21071971M_012025,ADM_ALLOJI_21071971M_012025,ALLOJI_21071971M_012025,1,644216152,alvaro.lopez.001968@mail.com,2025-01-14
CNT_ALLORO_27111963M_052023,ADM_ALLORO_27111963M_052023,ALLORO_27111963M_052023,1,644161678,alejandro.lopez.001502@hospitalmail.com,2025-01-06
CNT_PAMAFE_07102022F_062021,ADM_PAMAFE_07102022F_062021,PAMAFE_07102022F_062021,1,654572758,paula.martin.001227@gmail.com,2025-08-19
CNT_JAFEMA_03121964M_072020,ADM_JAFEMA_03121964M_072020,JAFEMA_03121964M_072020,1,609190733,javier.fernandez.000332@gmail.com,2025-07-31
CNT_PAHEPE_27061982F_032021,ADM_PAHEPE_27061982F_032021,PAHEPE_27061982F_032021,1,680488606,paula.hernandez.000444@outlook.com,2025-11-06
CNT_MALORU_27061974M_092025,ADM_MALORU_27061974M_092025,MALORU_27061974M_092025,1,690770623,manuel.lopez.000861@outlook.com,2025-09-17
CNT_MAJIRU_13051987F_102025,ADM_MAJIRU_13051987F_102025,MAJIRU_13051987F_102025,1,34680778350,marta.jimenez.001368@gmail.com,2025-10-26
CNT_MIGALO_21021986M_042023,ADM_MIGALO_21021986M_042023,MIGALO_21021986M_042023,1,640416457,miguel.garcia.001471@outlook.com,2025-08-26
CNT_IXMARU_26121975F_082025,ADM_IXMARU_26121975F_082025,IXMARU_26121975F_082025,1,645988618,isabel.martin.000782@gmail.com,2025-08-15
CNT_LASAGA_25012000F_032023,ADM_LASAGA_25012000F_032023,LASAGA_25012000F_032023,1,628801882,laura.sanchez.000134@outlook.com,2025-12-14
CNT_DAHEHE_01062014M_042022,ADM_DAHEHE_01062014M_042022,DAHEHE_01062014M_042022,1,609284722,daniel.hernandez.002248@gmail.com,2025-08-31
CNT_ISGAHE_20041987F_042020,ADM_ISGAHE_20041987F_042020,ISGAHE_20041987F_042020,1,692738584,isabel.garcia.001014@gmail.com,2025-02-27
CNT_MXFERU_01011963F_082023,ADM_MXFERU_01011963F_082023,MXFERU_01011963F_082023,1,663126414,marta.fernandez.001349@mail.com,2025-04-25
CNT_MIJIPE_27041990M_032025,ADM_MIJIPE_27041990M_032025,MIJIPE_27041990M_032025,1,693215943,miguel.jimenez.001960@gmail.com,2025-03-19
CNT_ALLOXX_10071956M_122023,ADM_ALLOXX_10071956M_122023,ALLOXX_10071956M_122023,1,652868717,alejandro.lopez.001119@hospitalmail.com,2025-03-03
CNT_PAMAXX_02011986F_062025,ADM_PAMAXX_02011986F_062025,PAMAXX_02011986F_062025,1,693014976,paula.martin.002036@hospitalmail.com,2025-06-23
CNT_MAGORO_14031967F_052023,ADM_MAGORO_14031967F_052023,MAGORO_14031967F_052023,1,679317540,marta.gomez.000274@mail.com,2025-10-14
CNT_MAGARO_14062000M_022021,ADM_MAGARO_14062000M_022021,MAGARO_14062000M_022021,1,673215661,manuel.garcia.000335@hospitalmail.com,2025-06-25
CNT_ALRUGO_22081974M_092022,ADM_ALRUGO_22081974M_092022,ALRUGO_22081974M_092022,1,660464955,,2025-05-01
CNT_RAGAMA_03041957M_022020,ADM_RAGAMA_03041957M_022020,RAGAMA_03041957M_022020,1,672707538,rafael.garcia.001840@hospitalmail.com,2025-10-08
CNT_DAMAMA_30031957M_112025,ADM_DAMAMA_30031957M_112025,DAMAMA_30031957M_112025,1,694766702,,2025-11-30
CNT_NXRULO_10102015F_122025,ADM_NXRULO_10102015F_122025,NXRULO_10102015F_122025,1,34663580654,nuria.ruiz.001889@mail.com,2025-12-07
CNT_PARURU_19012008M_072021,ADM_PARURU_19012008M_072021,PARURU_19012008M_072021,1,34682804903,pablo.ruiz.001321@outlook.com,2025-12-01
CNT_ALPEGA_04101988M_082022,ADM_ALPEGA_04101988M_082022,ALPEGA_04101988M_082022,1,627105414,alvaro.perez.000472@outlook.com,2025-12-29
CNT_PAGOLO_15042006F_032022,ADM_PAGOLO_15042006F_032022,PAGOLO_15042006F_032022,1,649493600,paula.gomez.000806@outlook.com,2025-12-25
CNT_SERODI_22101986M_112021,ADM_SERODI_22101986M_112021,SERODI_22101986M_112021,1,34637237759,sergio.rodriguez.001585@outlook.com,2025-12-06
CNT_ALDIRO_17081960M_102022,ADM_ALDIRO_17081960M_102022,ALDIRO_17081960M_102022,1,630537671,alvaro.diaz.000015@hospitalmail.com,2025-08-30
CNT_IRFEFE_01021965F_082025,ADM_IRFEFE_01021965F_082025,IRFEFE_01021965F_082025,1,649017024,irene.fernandez.002227@gmail.com,2025-08-06
CNT_ALPEGO_09031954M_092025,ADM_ALPEGO_09031954M_092025,ALPEGO_09031954M_092025,1,63888612,,2025-09-08
CNT_SEGARO_24022009M_012021,ADM_SEGARO_24022009M_012021,SEGARO_24022009M_012021,1,34631458409,sergio.garcia.001127@outlook.com,2025-10-12
CNT_PAGORU_26091962M_032025,ADM_PAGORU_26091962M_032025,PAGORU_26091962M_032025,1,34614211413,pablo.gomez.002010@mail.com,2025-03-15
CNT_DAFELO_23031952M_092025,ADM_DAFELO_23031952M_092025,DAFELO_23031952M_092025,1,621153388,,2025-09-05
CNT_RXJISA_14021967M_022025,ADM_RXJISA_14021967M_022025,RXJISA_14021967M_022025,1,681041291,rafael.jimenez.001965@outlook.com,2025-02-02
CNT_SESAJI_19061983M_042022,ADM_SESAJI_19061983M_042022,SESAJI_19061983M_042022,1,672185077,sergio.sanchez.000853@mail.com,2025-10-15
CNT_ALDIRO_01071961M_062023,ADM_ALDIRO_01071961M_062023,ALDIRO_01071961M_062023,1,660639915,alvaro.diaz.002173@mail.com,2025-05-25
CNT_ALMARO_28031984M_102023,ADM_ALMARO_28031984M_102023,ALMARO_28031984M_102023,1,634508960,alejandro.martinez.001554@outlook.com,2025-11-11
CNT_JAGOLO_04021965M_072023,ADM_JAGOLO_04021965M_072023,JAGOLO_04021965M_072023,1,623972053,javier.gomez.002120@outlook.com,2025-05-31
CNT_DXMADI_17031950M_042022,ADM_DXMADI_17031950M_042022,DXMADI_17031950M_042022,1,34607535814,david.martin.000196@outlook.com,2025-02-20
CNT_SARUPE_07101982F_012021,ADM_SARUPE_07101982F_012021,SARUPE_07101982F_012021,1,627930,sara.ruiz.000665@hospitalmail.com,2025-04-23
CNT_MIFEHE_20041944M_022021,ADM_MIFEHE_20041944M_022021,MIFEHE_20041944M_022021,1,682654193,,2025-04-22
CNT_ANJIPE_08052002M_042025,ADM_ANJIPE_08052002M_042025,ANJIPE_08052002M_042025,1,69282915,antonio.jimenez.000223@outlook.com,2025-04-05
CNT_ANRUPE_20031988M_102021,ADM_ANRUPE_20031988M_102021,ANRUPE_20031988M_102021,1,34693097502,antonio.ruiz.001039@gmail.com,2025-06-29
CNT_MAFESA_18031991F_042025,ADM_MAFESA_18031991F_042025,MAFESA_18031991F_042025,1,683488173,marta.fernandez.001712@outlook.com,2025-04-04
CNT_DARUXX_21101948M_012025,ADM_DARUXX_21101948M_012025,DARUXX_21101948M_012025,1,682314496,david.ruiz.002044@hospitalmail.com,2025-01-29
CNT_MALOHE_23121992F_072022,ADM_MALOHE_23121992F_072022,MALOHE_23121992F_072022,1,659942026,marta.lopez.001048@mail.com,2025-04-15
CNT_PADIFE_10092006F_062025,ADM_PADIFE_10092006F_062025,PADIFE_10092006F_062025,1,34640177603,paula.diaz.001626@hospitalmail.com,2025-06-16
CNT_NUGOSA_10071968F_032025,ADM_NUGOSA_10071968F_032025,NUGOSA_10071968F_032025,1,34654569573,nuria.gomez.001100@mail.com,2025-03-23
CNT_MALOMA_16071987F_092020,ADM_MALOMA_16071987F_092020,MALOMA_16071987F_092020,1,608213463,maria.lopez.000895@hospitalmail.com,2025-10-16
CNT_PAHELO_15061983F_012025,ADM_PAHELO_15061983F_012025,PAHELO_15061983F_012025,1,646988383,paula.hernandez.000953@hospitalmail.com,2025-01-27
CNT_DARUPE_14082010M_011900,ADM_DARUPE_14082010M_011900,DARUPE_14082010M_011900,1,696746518,daniel.ruiz.001076@outlook.com,2025-08-03
CNT_ALSAMA_14092012M_022025,ADM_ALSAMA_14092012M_022025,ALSAMA_14092012M_022025,1,664642565,alejandro.sanchez.001187@mail.com,2025-02-11
CNT_CLHESA_21111969F_122020,ADM_CLHESA_21111969F_122020,CLHESA_21111969F_122020,1,638161755,claudia.hernandez.000528@outlook.com,2025-11-28
CNT_ELGOGA_12102013F_042021,ADM_ELGOGA_12102013F_042021,ELGOGA_12102013F_042021,1,34698297720,elena.gomez.001421@hospitalmail.com,2025-04-06
CNT_ISLOFE_23121981F_012020,ADM_ISLOFE_23121981F_012020,ISLOFE_23121981F_012020,1,678022448,isabel.lopez.001138@hospitalmail.com,2025-10-28
CNT_SAGOGA_06101976F_102021,ADM_SAGOGA_06101976F_102021,SAGOGA_06101976F_102021,1,698711045,sara.gomez.001183@gmail.com,2025-08-03
CNT_LUMAJI_02051963F_052020,ADM_LUMAJI_02051963F_052020,LUMAJI_02051963F_052020,1,679678867,lucia.martinez.000553@hospitalmail.com,2025-07-12
CNT_RARUGA_23062003M_112020,ADM_RARUGA_23062003M_112020,RARUGA_23062003M_112020,1,658748973,rafael.ruiz.000255@hospitalmail.com,2025-07-14
CNT_ALHEGO_01071941M_112020,ADM_ALHEGO_01071941M_112020,ALHEGO_01071941M_112020,1,34659942521,alejandro.hernandez.002040@mail.com,2025-09-08
CNT_PARURU_02031967F_012022,ADM_PARURU_02031967F_012022,PARURU_02031967F_012022,1,34678610251,paula.ruiz.000664@outlook.com,2025-02-02
CNT_RAJIXX_12121980M_072025,ADM_RAJIXX_12121980M_072025,RAJIXX_12121980M_072025,1,646558622,rafael.jimenez.001875@mail.com,2025-07-16
CNT_RAPEPE_13021936M_092021,ADM_RAPEPE_13021936M_092021,RAPEPE_13021936M_092021,1,605544620,rafael.perez.000473@outlook.com,2025-08-09
CNT_ALLOSA_09021951M_082025,ADM_ALLOSA_09021951M_082025,ALLOSA_09021951M_082025,1,34697937532,alvaro.lopez.002112@outlook.com,2025-09-09
CNT_ELGAGO_24071995F_062022,ADM_ELGAGO_24071995F_062022,ELGAGO_24071995F_062022,1,676565696,elena.garcia.000252@gmail.com,2025-11-23
CNT_NUGOXX_08041972F_092025,ADM_NUGOXX_08041972F_092025,NUGOXX_08041972F_092025,1,,nuria.gomez.001850@hospitalmail.com,2025-09-26
CNT_CLMAFE_23081943F_062021,ADM_CLMAFE_23081943F_062021,CLMAFE_23081943F_062021,1,34630496473,claudia.martin.001374@mail.com,2025-03-04
CNT_ISRUJI_09061998F_112021,ADM_ISRUJI_09061998F_112021,ISRUJI_09061998F_112021,1,683720596,isabel.ruiz.001536@outlook.com,2025-06-17
CNT_ALROMA_09031975M_012022,ADM_ALROMA_09031975M_012022,ALROMA_09031975M_012022,1,624855523,alvaro.rodriguez.001576@mail.com,2025-08-31
CNT_ELGOLO_25071988F_062021,ADM_ELGOLO_25071988F_062021,ELGOLO_25071988F_062021,1,34630802078,elena.gomez.000635@outlook.com,2025-07-05
CNT_ALPEHE_04042022M_052022,ADM_ALPEHE_04042022M_052022,ALPEHE_04042022M_052022,1,651486387,alejandro.perez.000350@outlook.com,2025-08-16
CNT_ISGAMA_09071982F_062025,ADM_ISGAMA_09071982F_062025,ISGAMA_09071982F_062025,1,648365500,isabel.garcia.001803@outlook.com,2025-06-26
CNT_MAJIFE_08041992M_022023,ADM_MAJIFE_08041992M_022023,MAJIFE_08041992M_022023,1,622177285,manuel.jimenez.000059@hospitalmail.com,2025-07-18
CNT_ALGORO_06071954M_122022,ADM_ALGORO_06071954M_122022,ALGORO_06071954M_122022,1,697672956,alejandro.gomez.002012@mail.com,2025-03-02
CNT_MASAGO_31101992F_072025,ADM_MASAGO_31101992F_072025,MASAGO_31101992F_072025,1,34652111857,maria.sanchez.000490@outlook.com,2025-07-22
CNT_DARUFE_08012024M_072021,ADM_DARUFE_08012024M_072021,DARUFE_08012024M_072021,1,620164940,daniel.ruiz.001457@hospitalmail.com,2025-06-18
CNT_AXFEHE_03052011M_011900,ADM_AXFEHE_03052011M_011900,AXFEHE_03052011M_011900,1,630741201,antonio.fernandez.002198@gmail.com,2025-04-16
CNT_PALOMA_29081952F_092021,ADM_PALOMA_29081952F_092021,PALOMA_29081952F_092021,1,690256409,paula.lopez.000139@mail.com,2025-03-21
CNT_LALODI_23091998F_092021,ADM_LALODI_23091998F_092021,LALODI_23091998F_092021,1,655636882,laura.lopez.001740@outlook.com,2025-01-13
CNT_MXRUGA_29041991M_012020,ADM_MXRUGA_29041991M_012020,MXRUGA_29041991M_012020,1,661763908,miguel.ruiz.000479@outlook.com,2025-03-03
CNT_ALGOPE_18111947M_032020,ADM_ALGOPE_18111947M_032020,ALGOPE_18111947M_032020,1,643571085,alvaro.gomez.001270@mail.com,2025-12-27
CNT_MAMAMA_01121991M_072025,ADM_MAMAMA_01121991M_072025,MAMAMA_01121991M_072025,1,689533124,manuel.martin.000241@gmail.com,2025-07-27
CNT_JAJILO_08121961M_102023,ADM_JAJILO_08121961M_102023,JAJILO_08121961M_102023,1,616071180,javier.jimenez.000777@gmail.com,2025-05-28
CNT_CLJIHE_14062004F_082025,ADM_CLJIHE_14062004F_082025,CLJIHE_14062004F_082025,1,612148506,claudia.jimenez.001366@gmail.com,2025-08-09
CNT_DADIRU_15041998M_062021,ADM_DADIRU_15041998M_062021,DADIRU_15041998M_062021,1,34661473410,daniel.diaz.000592@gmail.com,2025-06-17
CNT_LASAJI_20061974F_062022,ADM_LASAJI_20061974F_062022,LASAJI_20061974F_062022,1,693198395,,2025-11-29
CNT_ALSASA_27061962M_122025,ADM_ALSASA_27061962M_122025,ALSASA_27061962M_122025,1,635679781,alejandro.sanchez.001429@outlook.com,2025-12-08
CNT_LAJIRO_15092000F_052025,ADM_LAJIRO_15092000F_052025,LAJIRO_15092000F_052025,1,644038192,laura.jimenez.001400@mail.com,2025-05-27
CNT_MAPELO_15111981M_032025,ADM_MAPELO_15111981M_032025,MAPELO_15111981M_032025,1,34614080179,manuel.perez.002205@outlook.com,2025-04-30
CNT_RXROHE_15101978M_052020,ADM_RXROHE_15101978M_052020,RXROHE_15101978M_052020,1,663041614,rafael.rodriguez.001714@outlook.com,2025-03-18
CNT_ALSAMA_22061974M_052020,ADM_ALSAMA_22061974M_052020,ALSAMA_22061974M_052020,1,6329744,alvaro.sanchez.000718@outlook.com,2025-12-02
CNT_ALSAMA_22052002M_012022,ADM_ALSAMA_22052002M_012022,ALSAMA_22052002M_012022,1,6434537,alvaro.sanchez.001096@outlook.com,2025-12-22
CNT_DAMAFE_21091969M_042025,ADM_DAMAFE_21091969M_042025,DAMAFE_21091969M_042025,1,696401633,daniel.martinez.000141@gmail.com,2025-04-30
CNT_MIGOFE_01101993M_122021,ADM_MIGOFE_01101993M_122021,MIGOFE_01101993M_122021,1,603865141,miguel.gomez.000226@outlook.com,2025-11-04
CNT_MIGAGA_13031995M_032025,ADM_MIGAGA_13031995M_032025,MIGAGA_13031995M_032025,1,639527053,miguel.garcia.000749@gmail.com,2025-03-11
CNT_ALGOJI_08111967M_032022,ADM_ALGOJI_08111967M_032022,ALGOJI_08111967M_032022,1,628601738,alvaro.gomez.001822@mail.com,2025-01-20
CNT_JAFESA_07091997M_012023,ADM_JAFESA_07091997M_012023,JAFESA_07091997M_012023,1,34661017515,javier.fernandez.000830@hospitalmail.com,2025-05-14
CNT_MAFELO_03071988F_062022,ADM_MAFELO_03071988F_062022,MAFELO_03071988F_062022,1,611776035,marta.fernandez.001817@gmail.com,2025-06-09
CNT_LASAPE_27052007F_112022,ADM_LASAPE_27052007F_112022,LASAPE_27052007F_112022,1,34667424181,laura.sanchez.000303@outlook.com,2025-08-23
CNT_PADIGO_22111976M_102023,ADM_PADIGO_22111976M_102023,PADIGO_22111976M_102023,1,34646503129,pablo.diaz.000434@mail.com,2025-07-14
CNT_MILOPE_01072004M_022022,ADM_MILOPE_01072004M_022022,MILOPE_01072004M_022022,1,682507868,miguel.lopez.000300@gmail.com,2025-06-07
CNT_LAHERO_03092006F_012025,ADM_LAHERO_03092006F_012025,LAHERO_03092006F_012025,1,689995639,laura.hernandez.000324@hospitalmail.com,2025-01-02
CNT_CLHEGA_19072000F_092025,ADM_CLHEGA_19072000F_092025,CLHEGA_19072000F_092025,1,619055984,claudia.hernandez.001538@outlook.com,2025-09-03
CNT_ISGAJI_08111975F_032023,ADM_ISGAJI_08111975F_032023,ISGAJI_08111975F_032023,1,621597164,isabel.garcia.000406@hospitalmail.com,2025-05-07
CNT_PASAFE_28122002M_042025,ADM_PASAFE_28122002M_042025,PASAFE_28122002M_042025,1,697096408,pablo.sanchez.000266@gmail.com,2025-04-18
CNT_DAGARU_17052008M_012025,ADM_DAGARU_17052008M_012025,DAGARU_17052008M_012025,1,654234339,david.garcia.000896@gmail.com,2025-01-28
CNT_PAMAMA_23061942F_122021,ADM_PAMAMA_23061942F_122021,PAMAMA_23061942F_122021,1,34658517818,paula.martin.001311@gmail.com,2025-09-08
CNT_ISDIPE_23101951F_122025,ADM_ISDIPE_23101951F_122025,ISDIPE_23101951F_122025,1,67948086,isabel.diaz.001893@mail.com,2025-12-09
CNT_ISSARU_24061976F_052021,ADM_ISSARU_24061976F_052021,ISSARU_24061976F_052021,1,691352645,isabel.sanchez.001557@mail.com,2025-12-19
CNT_DAHEHE_23101989M_062025,ADM_DAHEHE_23101989M_062025,DAHEHE_23101989M_062025,1,34606681673,daniel.hernandez.000970@mail.com,2025-06-25
CNT_CAJIPE_02031968F_082023,ADM_CAJIPE_02031968F_082023,CAJIPE_02031968F_082023,1,653998141,carmen.jimenez.000466@gmail.com,2025-02-11
CNT_CAJIJI_20041948M_112022,ADM_CAJIJI_20041948M_112022,CAJIJI_20041948M_112022,1,34623294650,,2025-02-21
CNT_NUROGO_13091969F_032020,ADM_NUROGO_13091969F_032020,NUROGO_13091969F_032020,1,607843796,nuria.rodriguez.002021@mail.com,2025-05-05
CNT_ANJIXX_29031968M_092021,ADM_ANJIXX_29031968M_092021,ANJIXX_29031968M_092021,1,671833064,antonio.jimenez.000785@mail.com,2025-07-07
CNT_ELRULO_02121993F_022025,ADM_ELRULO_02121993F_022025,ELRULO_02121993F_022025,1,622688565,elena.ruiz.000454@outlook.com,2025-02-11
CNT_LUGAJI_12071985F_092020,ADM_LUGAJI_12071985F_092020,LUGAJI_12071985F_092020,1,614372868,lucia.garcia.000889@gmail.com,2025-02-22
CNT_ISGOMA_23022000F_012020,ADM_ISGOMA_23022000F_012020,ISGOMA_23022000F_012020,1,689045945,isabel.gomez.001318@outlook.com,2025-11-05
CNT_CLMAXX_28122005F_102021,ADM_CLMAXX_28122005F_102021,CLMAXX_28122005F_102021,1,672633505,claudia.martinez.001770@mail.com,2025-12-08
CNT_SEMAPE_28041952M_072022,ADM_SEMAPE_28041952M_072022,SEMAPE_28041952M_072022,1,699170154,sergio.martinez.000941@outlook.com,2025-08-07
CNT_CAPEXX_02022002M_102021,ADM_CAPEXX_02022002M_102021,CAPEXX_02022002M_102021,1,639084374,carlos.perez.000329@outlook.com,2025-12-29
CNT_ISRORU_27091974F_022021,ADM_ISRORU_27091974F_022021,ISRORU_27091974F_022021,1,639820369,isabel.rodriguez.001210@gmail.com,2025-10-21
CNT_ALLOXX_14102011M_032025,ADM_ALLOXX_14102011M_032025,ALLOXX_14102011M_032025,1,665605859,alejandro.lopez.002139@mail.com,2025-03-03
CNT_CLGAMA_30071988F_092023,ADM_CLGAMA_30071988F_092023,CLGAMA_30071988F_092023,1,644492826,,2025-12-08
CNT_MADIGO_14091955F_052025,ADM_MADIGO_14091955F_052025,MADIGO_14091955F_052025,1,622238447,marta.diaz.001263@mail.com,2025-05-05
CNT_PAGAGO_22051995F_102025,ADM_PAGAGO_22051995F_102025,PAGAGO_22051995F_102025,1,628405501,paula.garcia.001135@mail.com,2025-10-06
CNT_ALLORU_01051989M_112021,ADM_ALLORU_01051989M_112021,ALLORU_01051989M_112021,1,653219922,alejandro.lopez.001995@gmail.com,2025-04-05
CNT_ALGODI_05042010M_082025,ADM_ALGODI_05042010M_082025,ALGODI_05042010M_082025,1,659354020,alejandro.gomez.001861@outlook.com,2025-08-20
CNT_CAGAFE_05052000F_032025,ADM_CAGAFE_05052000F_032025,CAGAFE_05052000F_032025,1,636230157,carmen.garcia.001507@gmail.com,2025-03-10
CNT_IRDIDI_07011993F_042023,ADM_IRDIDI_07011993F_042023,IRDIDI_07011993F_042023,1,675691865,irene.diaz.002091@gmail.com,2025-06-17
CNT_ALLOMA_22021997M_022023,ADM_ALLOMA_22021997M_022023,ALLOMA_22021997M_022023,1,657978970,alvaro.lopez.000153@hospitalmail.com,2025-10-30
CNT_PAFEHE_07112011M_102023,ADM_PAFEHE_07112011M_102023,PAFEHE_07112011M_102023,1,672382864,pablo.fernandez.000345@mail.com,2025-02-28
CNT_LUPEHE_02091983F_012020,ADM_LUPEHE_02091983F_012020,LUPEHE_02091983F_012020,1,34606955997,lucia.perez.001701@mail.com,2025-10-02
CNT_MADIPE_18072003F_102020,ADM_MADIPE_18072003F_102020,MADIPE_18072003F_102020,1,691876128,marta.diaz.002102@gmail.com,2025-11-04
CNT_CXROPE_20041958F_082023,ADM_CXROPE_20041958F_082023,CXROPE_20041958F_082023,1,627747690,carmen.rodriguez.000410@gmail.com,2025-07-29
CNT_PAMARU_26081941F_122020,ADM_PAMARU_26081941F_122020,PAMARU_26081941F_122020,1,638125903,,2025-10-28
CNT_ANRORU_01081946M_062025,ADM_ANRORU_01081946M_062025,ANRORU_01081946M_062025,1,650738775,antonio.rodriguez.000032@outlook.com,2025-06-14
CNT_MIRULO_16032005M_112020,ADM_MIRULO_16032005M_112020,MIRULO_16032005M_112020,1,34618405709,miguel.ruiz.000123@mail.com,2025-12-29
CNT_ELROMA_01081993F_062025,ADM_ELROMA_01081993F_062025,ELROMA_01081993F_062025,1,34621275246,elena.rodriguez.000627@gmail.com,2025-06-16
CNT_CAHEDI_29081979M_122025,ADM_CAHEDI_29081979M_122025,CAHEDI_29081979M_122025,1,34649236274,carlos.hernandez.001405@hospitalmail.com,2025-12-01
CNT_ISPERU_16111948F_092025,ADM_ISPERU_16111948F_092025,ISPERU_16111948F_092025,1,691348,isabel.perez.000023@gmail.com,2025-09-09
CNT_RAMAGO_06021983M_042025,ADM_RAMAGO_06021983M_042025,RAMAGO_06021983M_042025,1,679442890,rafael.martin.001472@gmail.com,2025-10-04
CNT_ALSARO_10101990M_072021,ADM_ALSARO_10101990M_072021,ALSARO_10101990M_072021,1,629618,alejandro.sanchez.001172@outlook.com,2025-10-01
CNT_CAGOMA_25031954F_042022,ADM_CAGOMA_25031954F_042022,CAGOMA_25031954F_042022,1,34683780011,carmen.gomez.002071@hospitalmail.com,2025-01-04
CNT_CAGOPE_16121941M_112025,ADM_CAGOPE_16121941M_112025,CAGOPE_16121941M_112025,1,606418,carlos.gomez.000352@hospitalmail.com,2025-11-11
CNT_MAGAGA_05012024M_062022,ADM_MAGAGA_05012024M_062022,MAGAGA_05012024M_062022,1,671973878,manuel.garcia.000071@hospitalmail.com,2025-06-27
CNT_ANRUXX_20031988M_082025,ADM_ANRUXX_20031988M_082025,ANRUXX_20031988M_082025,1,693097502,,2025-08-09
CNT_DAGOMA_20072005M_102025,ADM_DAGOMA_20072005M_102025,DAGOMA_20072005M_102025,1,637007436,daniel.gomez.002148@hospitalmail.com,2025-10-16
CNT_PAGAXX_30102023F_082021,ADM_PAGAXX_30102023F_082021,PAGAXX_30102023F_082021,1,695685334,paula.garcia.000662@outlook.com,2025-07-03
CNT_IRMAPE_14112000F_082022,ADM_IRMAPE_14112000F_082022,IRMAPE_14112000F_082022,1,655393317,irene.martinez.000681@outlook.com,2025-05-28
CNT_CAJIJI_10031946F_012022,ADM_CAJIJI_10031946F_012022,CAJIJI_10031946F_012022,1,620516821,carmen.jimenez.000984@hospitalmail.com,2025-06-15
CNT_LUGOFE_24011940F_122025,ADM_LUGOFE_24011940F_122025,LUGOFE_24011940F_122025,1,624418626,lucia.gomez.000378@hospitalmail.com,2025-12-11
CNT_MXSARU_05101963F_042021,ADM_MXSARU_05101963F_042021,MXSARU_05101963F_042021,1,659132185,marta.sanchez.002193@hospitalmail.com,2025-04-11
CNT_CXSAGA_09121975M_082025,ADM_CXSAGA_09121975M_082025,CXSAGA_09121975M_082025,1,34642114223,carlos.sanchez.000307@mail.com,2025-08-25
CNT_MXMAMA_08071978F_102023,ADM_MXMAMA_08071978F_102023,MXMAMA_08071978F_102023,1,678206543,marta.martinez.001309@gmail.com,2025-06-10
CNT_ALGAJI_09061997M_022023,ADM_ALGAJI_09061997M_022023,ALGAJI_09061997M_022023,1,668234733,alvaro.garcia.001920@hospitalmail.com,2025-07-12
CNT_IRMARU_31051941F_011900,ADM_IRMARU_31051941F_011900,IRMARU_31051941F_011900,1,629051725,irene.martinez.000598@gmail.com,2025-08-07
CNT_CAPEGA_20041992M_032025,ADM_CAPEGA_20041992M_032025,CAPEGA_20041992M_032025,1,672817122,carlos.perez.001826@hospitalmail.com,2025-03-30
CNT_RADIMA_25032007M_042020,ADM_RADIMA_25032007M_042020,RADIMA_25032007M_042020,1,624799263,rafael.diaz.001277@mail.com,2025-08-08
CNT_LAMAGO_19101984F_062021,ADM_LAMAGO_19101984F_062021,LAMAGO_19101984F_062021,1,661285394,,2025-10-17
CNT_ANMASA_06111974M_042020,ADM_ANMASA_06111974M_042020,ANMASA_06111974M_042020,1,699137049,antonio.martinez.001781@hospitalmail.com,2025-12-27
CNT_MASAXX_16051957F_092023,ADM_MASAXX_16051957F_092023,MASAXX_16051957F_092023,1,34636419104,,2025-08-28
CNT_IRRUHE_03101940F_122025,ADM_IRRUHE_03101940F_122025,IRRUHE_03101940F_122025,1,610381597,irene.ruiz.000381@hospitalmail.com,2025-12-03
CNT_ISGADI_20021961F_072022,ADM_ISGADI_20021961F_072022,ISGADI_20021961F_072022,1,34694281024,isabel.garcia.001670@outlook.com,2025-06-15
CNT_JAROGO_07101992M_082020,ADM_JAROGO_07101992M_082020,JAROGO_07101992M_082020,1,629476245,javier.rodriguez.000104@outlook.com,2025-06-08
CNT_NUHEJI_18032010F_052023,ADM_NUHEJI_18032010F_052023,NUHEJI_18032010F_052023,1,671387505,nuria.hernandez.001706@outlook.com,2025-01-01
CNT_MIROHE_07111980M_092025,ADM_MIROHE_07111980M_092025,MIROHE_07111980M_092025,1,699965459,miguel.rodriguez.000511@mail.com,2025-09-03
CNT_MIPESA_25041993M_102021,ADM_MIPESA_25041993M_102021,MIPESA_25041993M_102021,1,34636016020,,2025-09-02
CNT_ALGAMA_27051974M_012021,ADM_ALGAMA_27051974M_012021,ALGAMA_27051974M_012021,1,637110537,alvaro.garcia.000794@mail.com,2025-10-10
CNT_ANPEHE_12011968M_122021,ADM_ANPEHE_12011968M_122021,ANPEHE_12011968M_122021,1,615050352,antonio.perez.000419@gmail.com,2025-06-08
CNT_DALOSA_03041965M_052021,ADM_DALOSA_03041965M_052021,DALOSA_03041965M_052021,1,34623864929,daniel.lopez.001055@hospitalmail.com,2025-01-13
CNT_DAHEHE_18071991M_032025,ADM_DAHEHE_18071991M_032025,DAHEHE_18071991M_032025,1,34657440931,david.hernandez.001447@outlook.com,2025-03-07
CNT_CAGALO_07111967M_092023,ADM_CAGALO_07111967M_092023,CAGALO_07111967M_092023,1,644872215,carlos.garcia.000968@outlook.com,2025-10-03
CNT_PAMAGA_19101983M_122020,ADM_PAMAGA_19101983M_122020,PAMAGA_19101983M_122020,1,679032761,pablo.martin.000447@mail.com,2025-01-23
CNT_MARUHE_08031968M_062025,ADM_MARUHE_08031968M_062025,MARUHE_08031968M_062025,1,605851513,,2025-06-25
CNT_MAGADI_15021965F_072025,ADM_MAGADI_15021965F_072025,MAGADI_15021965F_072025,1,634434413,marta.garcia.001035@mail.com,2025-07-21
CNT_CLROXX_10062002F_032025,ADM_CLROXX_10062002F_032025,CLROXX_10062002F_032025,1,693176778,claudia.rodriguez.000628@mail.com,2025-03-29
CNT_LALOSA_10051996F_112025,ADM_LALOSA_10051996F_112025,LALOSA_10051996F_112025,1,670361660,,2025-11-03
CNT_LUJIRU_01071974F_082025,ADM_LUJIRU_01071974F_082025,LUJIRU_01071974F_082025,1,34652356952,lucia.jimenez.001562@hospitalmail.com,2025-11-19
CNT_CADIHE_24041985F_011900,ADM_CADIHE_24041985F_011900,CADIHE_24041985F_011900,1,657376143,,2025-08-23
CNT_ELROMA_15011945F_082022,ADM_ELROMA_15011945F_082022,ELROMA_15011945F_082022,1,34672530784,,2025-09-05
CNT_RARUDI_01111982M_012025,ADM_RARUDI_01111982M_012025,RARUDI_01111982M_012025,1,609431211,rafael.ruiz.001685@mail.com,2025-04-18
CNT_SAPEXX_05041976F_042021,ADM_SAPEXX_05041976F_042021,SAPEXX_05041976F_042021,1,683794529,,2025-01-04
CNT_DALOJI_02121989M_092021,ADM_DALOJI_02121989M_092021,DALOJI_02121989M_092021,1,639062438,david.lopez.000230@gmail.com,2025-02-07
CNT_SEHEMA_28041967M_072025,ADM_SEHEMA_28041967M_072025,SEHEMA_28041967M_072025,1,619125641,sergio.hernandez.001914@gmail.com,2025-10-19
CNT_DAFERU_12111961M_062020,ADM_DAFERU_12111961M_062020,DAFERU_12111961M_062020,1,652004686,david.fernandez.001156@gmail.com,2025-02-23
CNT_SEMAGA_19072007M_072025,ADM_SEMAGA_19072007M_072025,SEMAGA_19072007M_072025,1,660430209,sergio.martin.001121@hospitalmail.com,2025-07-31
CNT_JAPEMA_01021951M_032025,ADM_JAPEMA_01021951M_032025,JAPEMA_01021951M_032025,1,645485238,javier.perez.000937@mail.com,2025-09-26
CNT_JAGAFE_20061991M_082025,ADM_JAGAFE_20061991M_082025,JAGAFE_20061991M_082025,1,605811430,javier.garcia.001006@mail.com,2025-08-21
CNT_MASAXX_17051993M_062021,ADM_MASAXX_17051993M_062021,MASAXX_17051993M_062021,1,642641848,manuel.sanchez.000604@mail.com,2025-07-22
CNT_ELDIHE_27111993F_082022,ADM_ELDIHE_27111993F_082022,ELDIHE_27111993F_082022,1,627973941,,2025-02-26
CNT_ISDIGO_05012001F_012023,ADM_ISDIGO_05012001F_012023,ISDIGO_05012001F_012023,1,616431143,isabel.diaz.001028@hospitalmail.com,2025-08-31
CNT_PAMAFE_26051968F_052022,ADM_PAMAFE_26051968F_052022,PAMAFE_26051968F_052022,1,699259793,paula.martin.001399@gmail.com,2025-05-28
CNT_LADIMA_30041984F_112021,ADM_LADIMA_30041984F_112021,LADIMA_30041984F_112021,1,619190885,,2025-07-27
CNT_LURUHE_11101977F_112023,ADM_LURUHE_11101977F_112023,LURUHE_11101977F_112023,1,34680444685,lucia.ruiz.000614@gmail.com,2025-06-19
CNT_MIMASA_29121992M_012023,ADM_MIMASA_29121992M_012023,MIMASA_29121992M_012023,1,607842544,miguel.martinez.000396@mail.com,2025-09-30
CNT_SEPEGA_15021999M_022022,ADM_SEPEGA_15021999M_022022,SEPEGA_15021999M_022022,1,647841344,sergio.perez.001072@gmail.com,2025-10-30
CNT_CXFEPE_19101963M_072025,ADM_CXFEPE_19101963M_072025,CXFEPE_19101963M_072025,1,34662644798,,2025-07-08
CNT_LARURU_06081977F_052025,ADM_LARURU_06081977F_052025,LARURU_06081977F_052025,1,677301520,,2025-05-31
CNT_MIROGO_11081961M_082020,ADM_MIROGO_11081961M_082020,MIROGO_11081961M_082020,1,34616924633,,2025-02-12
CNT_IRSADI_04082003F_022023,ADM_IRSADI_04082003F_022023,IRSADI_04082003F_022023,1,619814648,irene.sanchez.001680@outlook.com,2025-11-27
CNT_PASAHE_30111966M_082025,ADM_PASAHE_30111966M_082025,PASAHE_30111966M_082025,1,34641620093,pablo.sanchez.001683@gmail.com,2025-08-08
CNT_PALORO_11051957F_102025,ADM_PALORO_11051957F_102025,PALORO_11051957F_102025,1,654100224,paula.lopez.000405@gmail.com,2025-10-18
CNT_CALOMA_22101948F_052022,ADM_CALOMA_22101948F_052022,CALOMA_22101948F_052022,1,653124574,carmen.lopez.000038@mail.com,2025-12-02
CNT_MARUHE_10051955M_082025,ADM_MARUHE_10051955M_082025,MARUHE_10051955M_082025,1,685320281,manuel.ruiz.000659@outlook.com,2025-08-28
CNT_SARURO_27041980F_112025,ADM_SARURO_27041980F_112025,SARURO_27041980F_112025,1,684311974,sara.ruiz.001708@outlook.com,2025-11-17
CNT_MIMAXX_27011967M_032021,ADM_MIMAXX_27011967M_032021,MIMAXX_27011967M_032021,1,629953292,,2025-11-10
CNT_PAHEMA_10071967F_112025,ADM_PAHEMA_10071967F_112025,PAHEMA_10071967F_112025,1,612239420,,2025-11-22
CNT_MAFEPE_23071982M_072020,ADM_MAFEPE_23071982M_072020,MAFEPE_23071982M_072020,1,34625959795,manuel.fernandez.001679@gmail.com,2025-04-08
CNT_JAMASA_30111980M_062025,ADM_JAMASA_30111980M_062025,JAMASA_30111980M_062025,1,632211805,,2025-06-29
CNT_NUHERU_22091972F_092022,ADM_NUHERU_22091972F_092022,NUHERU_22091972F_092022,1,34663123116,nuria.hernandez.001141@hospitalmail.com,2025-08-11
CNT_IRLOSA_17111993F_052025,ADM_IRLOSA_17111993F_052025,IRLOSA_17111993F_052025,1,626871180,irene.lopez.001315@mail.com,2025-05-09
CNT_NUJISA_07102004F_012022,ADM_NUJISA_07102004F_012022,NUJISA_07102004F_012022,1,684595166,nuria.jimenez.001704@outlook.com,2025-11-03
CNT_MADIPE_25111955F_012023,ADM_MADIPE_25111955F_012023,MADIPE_25111955F_012023,1,664413,maria.diaz.000035@mail.com,2025-04-01
CNT_DAGOGO_18112006M_062020,ADM_DAGOGO_18112006M_062020,DAGOGO_18112006M_062020,1,621266836,david.gomez.000991@gmail.com,2025-10-26
CNT_DAMAGA_30121986M_042020,ADM_DAMAGA_30121986M_042020,DAMAGA_30121986M_042020,1,623493544,,2025-06-07
CNT_PAMAXX_28052012M_012025,ADM_PAMAXX_28052012M_012025,PAMAXX_28052012M_012025,1,697681970,pablo.martin.000073@outlook.com,2025-01-15
CNT_LUHEXX_14092018F_122025,ADM_LUHEXX_14092018F_122025,LUHEXX_14092018F_122025,1,634591794,lucia.hernandez.001205@hospitalmail.com,2025-12-05
CNT_NURUMA_09111974F_082025,ADM_NURUMA_09111974F_082025,NURUMA_09111974F_082025,1,686816509,nuria.ruiz.002019@outlook.com,2025-08-30
CNT_ANHERO_09012020M_122021,ADM_ANHERO_09012020M_122021,ANHERO_09012020M_122021,1,694396975,antonio.hernandez.002004@mail.com,2025-10-04
CNT_CAMAPE_24021972M_102022,ADM_CAMAPE_24021972M_102022,CAMAPE_24021972M_102022,1,6385258,carlos.martin.001586@outlook.com,2025-09-12
CNT_CLLOMA_19071942F_102020,ADM_CLLOMA_19071942F_102020,CLLOMA_19071942F_102020,1,34664544094,,2025-05-21
CNT_SAHEFE_21081977F_082020,ADM_SAHEFE_21081977F_082020,SAHEFE_21081977F_082020,1,34652925898,sara.hernandez.001459@outlook.com,2025-12-09
CNT_SEDIFE_14081987M_112021,ADM_SEDIFE_14081987M_112021,SEDIFE_14081987M_112021,1,34661643303,sergio.diaz.001003@outlook.com,2025-03-23
CNT_ALPEDI_01081951M_122025,ADM_ALPEDI_01081951M_122025,ALPEDI_01081951M_122025,1,609595576,,2025-12-26
CNT_PALOLO_11041963F_072021,ADM_PALOLO_11041963F_072021,PALOLO_11041963F_072021,1,619553790,paula.lopez.001696@hospitalmail.com,2025-08-28
CNT_ALGAXX_16062004M_092020,ADM_ALGAXX_16062004M_092020,ALGAXX_16062004M_092020,1,667518856,,2025-09-22
CNT_MILOLO_31011983M_072025,ADM_MILOLO_31011983M_072025,MILOLO_31011983M_072025,1,34627341241,,2025-07-31
CNT_MAFEPE_16071967F_122020,ADM_MAFEPE_16071967F_122020,MAFEPE_16071967F_122020,1,654351322,maria.fernandez.000851@gmail.com,2025-12-12
CNT_CXROLO_29041962F_052022,ADM_CXROLO_29041962F_052022,CXROLO_29041962F_052022,1,34619461029,claudia.rodriguez.000987@hospitalmail.com,2025-09-24
CNT_ISROHE_26051982F_012020,ADM_ISROHE_26051982F_012020,ISROHE_26051982F_012020,1,34656374325,isabel.rodriguez.000976@gmail.com,2025-05-07
CNT_MIDIHE_15052006M_052020,ADM_MIDIHE_15052006M_052020,MIDIHE_15052006M_052020,1,663273945,miguel.diaz.000669@outlook.com,2025-10-07
CNT_CLLOLO_28031966F_022020,ADM_CLLOLO_28031966F_022020,CLLOLO_28031966F_022020,1,650064406,,2025-09-02
CNT_MXGARU_10101934F_052025,ADM_MXGARU_10101934F_052025,MXGARU_10101934F_052025,1,603766901,marta.garcia.001293@outlook.com,2025-05-25
CNT_IRDIMA_19021951F_042023,ADM_IRDIMA_19021951F_042023,IRDIMA_19021951F_042023,1,662425210,,2025-02-05
CNT_ALRUXX_11071943M_012025,ADM_ALRUXX_11071943M_012025,ALRUXX_11071943M_012025,1,34665478402,alvaro.ruiz.000926@gmail.com,2025-01-26
CNT_SAGOXX_26011940F_122021,ADM_SAGOXX_26011940F_122021,SAGOXX_26011940F_122021,1,601436,,2025-02-27
CNT_CLFERU_04101977F_092020,ADM_CLFERU_04101977F_092020,CLFERU_04101977F_092020,1,34648383864,,2025-10-02
CNT_IXSALO_11051983F_022025,ADM_IXSALO_11051983F_022025,IXSALO_11051983F_022025,1,600803501,isabel.sanchez.002176@outlook.com,2025-02-20
CNT_MAMARU_29011994M_092022,ADM_MAMARU_29011994M_092022,MAMARU_29011994M_092022,1,604068149,manuel.martinez.001229@hospitalmail.com,2025-01-15
CNT_DADIRO_27041997M_032025,ADM_DADIRO_27041997M_032025,DADIRO_27041997M_032025,1,691310399,,2025-03-10
CNT_ELGOGA_16111940F_062022,ADM_ELGOGA_16111940F_062022,ELGOGA_16111940F_062022,1,635123082,elena.gomez.000940@gmail.com,2025-04-11
CNT_DAPEMA_08092002M_082021,ADM_DAPEMA_08092002M_082021,DAPEMA_08092002M_082021,1,647738024,,2025-06-15
CNT_MIGOSA_10031973M_062020,ADM_MIGOSA_10031973M_062020,MIGOSA_10031973M_062020,1,691197929,miguel.gomez.002144@gmail.com,2025-05-07
CNT_LULOMA_15081963F_072023,ADM_LULOMA_15081963F_072023,LULOMA_15081963F_072023,1,613000439,lucia.lopez.001164@hospitalmail.com,2025-03-22
CNT_CLRUHE_22111953F_062020,ADM_CLRUHE_22111953F_062020,CLRUHE_22111953F_062020,1,682667,claudia.ruiz.000708@gmail.com,2025-06-03
CNT_SEHEXX_20041994M_102022,ADM_SEHEXX_20041994M_102022,SEHEXX_20041994M_102022,1,641164270,sergio.hernandez.001010@outlook.com,2025-08-07
CNT_LARUPE_11061988F_052021,ADM_LARUPE_11061988F_052021,LARUPE_11061988F_052021,1,648553791,laura.ruiz.001814@mail.com,2025-12-28
CNT_SAROJI_29111989F_072025,ADM_SAROJI_29111989F_072025,SAROJI_29111989F_072025,1,654429,sara.rodriguez.000091@mail.com,2025-07-18
CNT_LUJIPE_05051966F_092020,ADM_LUJIPE_05051966F_092020,LUJIPE_05051966F_092020,1,626861682,lucia.jimenez.002029@gmail.com,2025-11-10
CNT_CALPLO_09121972M_011900,ADM_CALPLO_09121972M_011900,CALPLO_09121972M_011900,1,682636185,,2025-11-25
CNT_CAGOFE_10041955M_072020,ADM_CAGOFE_10041955M_072020,CAGOFE_10041955M_072020,1,685209807,,2025-08-17
CNT_ALHEGO_03121976M_032025,ADM_ALHEGO_03121976M_032025,ALHEGO_03121976M_032025,1,642070080,alvaro.hernandez.000421@outlook.com,2025-03-06
CNT_PAHERO_03041971F_082022,ADM_PAHERO_03041971F_082022,PAHERO_03041971F_082022,1,34602498596,paula.hernandez.001234@mail.com,2025-09-25
CNT_IRJIMA_02081969F_052025,ADM_IRJIMA_02081969F_052025,IRJIMA_02081969F_052025,1,34683957500,irene.jimenez.002209@outlook.com,2025-05-08
CNT_DAROLO_21081987M_092020,ADM_DAROLO_21081987M_092020,DAROLO_21081987M_092020,1,60692387,daniel.rodriguez.002189@hospitalmail.com,2025-02-17
CNT_SAGAHE_02021982F_042025,ADM_SAGAHE_02021982F_042025,SAGAHE_02021982F_042025,1,655475374,sara.garcia.000316@outlook.com,2025-04-10
CNT_ANGAHE_07052002M_012025,ADM_ANGAHE_07052002M_012025,ANGAHE_07052002M_012025,1,34612600068,antonio.garcia.000576@hospitalmail.com,2025-01-24
CNT_PARUGO_21041969M_102023,ADM_PARUGO_21041969M_102023,PARUGO_21041969M_102023,1,604284160,pablo.ruiz.001946@gmail.com,2025-12-02
CNT_SAROXX_12011981F_032025,ADM_SAROXX_12011981F_032025,SAROXX_12011981F_032025,1,659783082,sara.rodriguez.000242@hospitalmail.com,2025-03-02
CNT_MXGADI_26061972F_012023,ADM_MXGADI_26061972F_012023,MXGADI_26061972F_012023,1,641729663,marta.garcia.002103@mail.com,2025-06-23
CNT_ALSARU_20042003M_072023,ADM_ALSARU_20042003M_072023,ALSARU_20042003M_072023,1,34621668419,alvaro.sanchez.000074@gmail.com,2025-06-11
CNT_SAMAHE_07061970F_042022,ADM_SAMAHE_07061970F_042022,SAMAHE_07061970F_042022,1,636870152,sara.martin.000558@outlook.com,2025-06-28
CNT_IRFEXX_05121999F_032025,ADM_IRFEXX_05121999F_032025,IRFEXX_05121999F_032025,1,638590536,,2025-03-19
CNT_MAROXX_13041977F_092022,ADM_MAROXX_13041977F_092022,MAROXX_13041977F_092022,1,608587920,marta.rodriguez.001462@outlook.com,2025-09-10
CNT_PAHEXX_15052020M_022025,ADM_PAHEXX_15052020M_022025,PAHEXX_15052020M_022025,1,34672999031,pablo.hernandez.001698@gmail.com,2025-02-12
CNT_CAFEJI_04101972M_052025,ADM_CAFEJI_04101972M_052025,CAFEJI_04101972M_052025,1,669718739,carlos.fernandez.000161@hospitalmail.com,2025-05-08
CNT_PAJIDI_30081955M_042021,ADM_PAJIDI_30081955M_042021,PAJIDI_30081955M_042021,1,661826222,pablo.jimenez.001998@gmail.com,2025-05-05
CNT_LURUXX_10031968F_042022,ADM_LURUXX_10031968F_042022,LURUXX_10031968F_042022,1,677404545,lucia.ruiz.001215@outlook.com,2025-04-03
CNT_ISDIRO_24102018F_122025,ADM_ISDIRO_24102018F_122025,ISDIRO_24102018F_122025,1,34637228571,isabel.diaz.000606@outlook.com,2025-12-23
CNT_MAJIMA_02081990F_012020,ADM_MAJIMA_02081990F_012020,MAJIMA_02081990F_012020,1,645502606,marta.jimenez.000093@hospitalmail.com,2025-05-05
CNT_ALLORO_27011995M_072025,ADM_ALLORO_27011995M_072025,ALLORO_27011995M_072025,1,34638202581,,2025-07-02
CNT_MIMAFE_06091977M_102025,ADM_MIMAFE_06091977M_102025,MIMAFE_06091977M_102025,1,627624489,miguel.martinez.001841@mail.com,2025-10-21
CNT_ANFEXX_22121966M_012021,ADM_ANFEXX_22121966M_012021,ANFEXX_22121966M_012021,1,34631960192,antonio.fernandez.001833@mail.com,2025-08-05
CNT_ISHELO_13071976F_032023,ADM_ISHELO_13071976F_032023,ISHELO_13071976F_032023,1,675443703,isabel.hernandez.001973@hospitalmail.com,2025-03-15
CNT_RAPEPE_19041984M_022021,ADM_RAPEPE_19041984M_022021,RAPEPE_19041984M_022021,1,642949657,rafael.perez.000012@hospitalmail.com,2025-09-10
CNT_KAMOSM_24121982F_072023,ADM_KAMOSM_24121982F_072023,KAMOSM_24121982F_072023,1,2022410355,karen.moore.001294@mail.com,2023-07-18
CNT_DAWITA_20091979M_022020,ADM_DAWITA_20091979M_022020,DAWITA_20091979M_022020,1,2021555061,daniel.wilson.002000@mail.com,2023-10-03
CNT_JASMMA_03062001M_082021,ADM_JASMMA_03062001M_082021,JASMMA_03062001M_082021,1,2021582682,james.smith.001179@mail.com,2023-04-20
CNT_NAMAMO_31071971F_072023,ADM_NAMAMO_31071971F_072023,NAMAMO_31071971F_072023,1,12021933693,nancy.martinez.002155@gmail.com,2023-07-04
CNT_MIBRWI_26091951M_062021,ADM_MIBRWI_26091951M_062021,MIBRWI_26091951M_062021,1,2029928654,michael.brown.001956@hospitalmail.com,2025-10-07
CNT_CHSMWI_15021984M_092021,ADM_CHSMWI_15021984M_092021,CHSMWI_15021984M_092021,1,12026297488,charles.smith.001404@mail.com,2024-02-07
CNT_JAWIGA_07072001M_032021,ADM_JAWIGA_07072001M_032021,JAWIGA_07072001M_032021,1,12021409854,james.williams.000330@gmail.com,2023-02-20
CNT_ELMAJO_03071990F_122022,ADM_ELMAJO_03071990F_122022,ELMAJO_03071990F_122022,1,2028635158,elizabeth.martinez.000952@gmail.com,2023-10-07
CNT_JEMIWI_10031946F_122020,ADM_JEMIWI_10031946F_122020,JEMIWI_10031946F_122020,1,2024809608,jennifer.miller.001255@mail.com,2025-08-07
CNT_DAWIXX_19021972M_032022,ADM_DAWIXX_19021972M_032022,DAWIXX_19021972M_032022,1,2026127799,daniel.wilson.001971@outlook.com,2023-09-19
CNT_SUMIDA_31071936F_092021,ADM_SUMIDA_31071936F_092021,SUMIDA_31071936F_092021,1,2027097983,susan.miller.001365@gmail.com,2023-12-18
CNT_KAJOWI_25021963F_102022,ADM_KAJOWI_25021963F_102022,KAJOWI_25021963F_102022,1,2024749316,karen.johnson.001952@mail.com,2023-04-21
CNT_CHJOAN_11122013M_072022,ADM_CHJOAN_11122013M_072022,CHJOAN_11122013M_072022,1,20271607,charles.jones.001648@outlook.com,2025-01-08
CNT_CHDARO_27032022M_052021,ADM_CHDARO_27032022M_052021,CHDARO_27032022M_052021,1,2029311798,charles.davis.001374@mail.com,2024-02-21
CNT_LAJOMI_10011990F_012022,ADM_LAJOMI_10011990F_012022,LAJOMI_10011990F_012022,1,2023722039,laura.jones.001173@hospitalmail.com,2025-12-11
CNT_JOTABR_28111971M_012023,ADM_JOTABR_28111971M_012023,JOTABR_28111971M_012023,1,2028732325,joseph.taylor.001454@mail.com,2024-07-14
CNT_EMWIAN_02061937F_042023,ADM_EMWIAN_02061937F_042023,EMWIAN_02061937F_042023,1,2021284451,emily.williams.000786@mail.com,2023-07-18
CNT_JOJOAN_20112004M_012023,ADM_JOJOAN_20112004M_012023,JOJOAN_20112004M_012023,1,2022829390,joseph.jones.001254@outlook.com,2024-06-10
CNT_WIMISM_25102004M_062021,ADM_WIMISM_25102004M_062021,WIMISM_25102004M_062021,1,2029478417,william.miller.001418@mail.com,2024-06-09
CNT_JATADA_06111939M_012021,ADM_JATADA_06111939M_012021,JATADA_06111939M_012021,1,2028099677,james.taylor.002024@hospitalmail.com,2025-05-04
CNT_JEJOWI_03111988F_112020,ADM_JEJOWI_03111988F_112020,JEJOWI_03111988F_112020,1,2025120527,jennifer.johnson.001175@hospitalmail.com,2024-11-08
CNT_EMMIMA_17021953F_112023,ADM_EMMIMA_17021953F_112023,EMMIMA_17021953F_112023,1,2020105693,emily.miller.000262@outlook.com,2023-11-04
CNT_LIGARO_24031966F_032023,ADM_LIGARO_24031966F_032023,LIGARO_24031966F_032023,1,2026471355,linda.garcia.001157@gmail.com,2025-10-29
CNT_JOMIGA_02111955M_092021,ADM_JOMIGA_02111955M_092021,JOMIGA_02111955M_092021,1,2025654346,john.miller.001140@outlook.com,2025-07-10
CNT_MAWIMA_19091984F_122023,ADM_MAWIMA_19091984F_122023,MAWIMA_19091984F_122023,1,2021982437,mary.wilson.000626@mail.com,2023-12-03
CNT_JOBRTA_16102001M_022022,ADM_JOBRTA_16102001M_022022,JOBRTA_16102001M_022022,1,2029575723,,2023-01-14
CNT_THROAN_21011998M_052021,ADM_THROAN_21011998M_052021,THROAN_21011998M_052021,1,2023468031,thomas.rodriguez.001985@gmail.com,2025-05-22
CNT_GESMWI_27052000M_082021,ADM_GESMWI_27052000M_082021,GESMWI_27052000M_082021,1,2023890584,george.smith.001112@mail.com,2025-12-30
CNT_LIMAWI_05041994F_102022,ADM_LIMAWI_05041994F_102022,LIMAWI_05041994F_102022,1,2028294469,linda.martinez.000179@hospitalmail.com,2024-04-05
CNT_SAROJO_29041965F_082022,ADM_SAROJO_29041965F_082022,SAROJO_29041965F_082022,1,2021355645,sarah.rodriguez.002150@mail.com,2023-12-15
CNT_LAMIGA_09091987F_022020,ADM_LAMIGA_09091987F_022020,LAMIGA_09091987F_022020,1,12027479569,laura.miller.001639@mail.com,2023-12-28
CNT_NAMIMO_17091942F_062020,ADM_NAMIMO_17091942F_062020,NAMIMO_17091942F_062020,1,2029880585,nancy.miller.000326@outlook.com,2023-04-06
CNT_JOJOJO_13032023M_032021,ADM_JOJOJO_13032023M_032021,JOJOJO_13032023M_032021,1,2020149582,joseph.jones.002213@gmail.com,2025-01-19
CNT_MASMMI_21021954F_052020,ADM_MASMMI_21021954F_052020,MASMMI_21021954F_052020,1,2023479356,mary.smith.000696@gmail.com,2024-06-01
CNT_DATAJO_12122005M_122023,ADM_DATAJO_12122005M_122023,DATAJO_12122005M_122023,1,2020794503,daniel.taylor.000503@outlook.com,2023-12-30
CNT_WIDAMI_01082015M_022023,ADM_WIDAMI_01082015M_022023,WIDAMI_01082015M_022023,1,2025561244,,2023-10-20
CNT_GEROMI_07062007M_082023,ADM_GEROMI_07062007M_082023,GEROMI_07062007M_082023,1,12020668829,george.rodriguez.001805@mail.com,2024-04-24
CNT_PAGATA_13111974F_082022,ADM_PAGATA_13111974F_082022,PAGATA_13111974F_082022,1,202773727,patricia.garcia.001513@gmail.com,2025-07-25
CNT_SUDADA_05011986F_112021,ADM_SUDADA_05011986F_112021,SUDADA_05011986F_112021,1,2022574390,susan.davis.001286@mail.com,2025-10-31
CNT_MATABR_01121989F_062022,ADM_MATABR_01121989F_062022,MATABR_01121989F_062022,1,2020904505,mary.taylor.000389@mail.com,2024-12-19
CNT_MAGAMA_07091983F_102021,ADM_MAGAMA_07091983F_102021,MAGAMA_07091983F_102021,1,2023013619,mary.garcia.001333@gmail.com,2023-10-20
CNT_CHANMA_25111951M_012023,ADM_CHANMA_25111951M_012023,CHANMA_25111951M_012023,1,2025672408,charles.anderson.002174@hospitalmail.com,2023-10-11
CNT_SAMIWI_05102018F_072021,ADM_SAMIWI_05102018F_072021,SAMIWI_05102018F_072021,1,2025294835,sarah.miller.000435@hospitalmail.com,2025-08-10
CNT_JOBRSM_06011993M_072021,ADM_JOBRSM_06011993M_072021,JOBRSM_06011993M_072021,1,2029890943,john.brown.001823@hospitalmail.com,2025-04-29
CNT_THMAJO_01101967M_042023,ADM_THMAJO_01101967M_042023,THMAJO_01101967M_042023,1,20260738,thomas.martinez.000896@mail.com,2024-02-17
CNT_LAMIMI_24031964F_022023,ADM_LAMIMI_24031964F_022023,LAMIMI_24031964F_022023,1,2026751010,laura.miller.001764@outlook.com,2025-03-29
CNT_JAJODA_26111985M_102022,ADM_JAJODA_26111985M_102022,JAJODA_26111985M_102022,1,2024014374,james.jones.000501@gmail.com,2025-10-08
CNT_JOMIMO_11121960M_122022,ADM_JOMIMO_11121960M_122022,JOMIMO_11121960M_122022,1,20264492,john.miller.001865@mail.com,2023-12-20
CNT_JEBRAN_21081971F_062023,ADM_JEBRAN_21081971F_062023,JEBRAN_21081971F_062023,1,2025500427,jennifer.brown.001932@outlook.com,2025-09-06
CNT_MIJOWI_13101957M_102022,ADM_MIJOWI_13101957M_102022,MIJOWI_13101957M_102022,1,2023184880,michael.jones.000324@gmail.com,2024-08-05
CNT_KABRGA_24102002F_092024,ADM_KABRGA_24102002F_092024,KABRGA_24102002F_092024,1,2023442245,karen.brown.001154@mail.com,2024-09-05
CNT_ANJOJO_29071998M_082023,ADM_ANJOJO_29071998M_082023,ANJOJO_29071998M_082023,1,12027892279,anthony.johnson.000346@outlook.com,2025-11-27
CNT_SAMIWI_03081976F_072022,ADM_SAMIWI_03081976F_072022,SAMIWI_03081976F_072022,1,2022099949,sarah.miller.001590@gmail.com,2025-01-20
CNT_JOJOGA_21051957M_042023,ADM_JOJOGA_21051957M_042023,JOJOGA_21051957M_042023,1,12024210913,john.johnson.000733@gmail.com,2023-04-23
CNT_DAMOAN_26011972M_052023,ADM_DAMOAN_26011972M_052023,DAMOAN_26011972M_052023,1,12026336921,daniel.moore.000396@gmail.com,2025-11-30
CNT_ANMOBR_05031972M_032022,ADM_ANMOBR_05031972M_032022,ANMOBR_05031972M_032022,1,12024242069,anthony.moore.002229@mail.com,2023-12-15
CNT_WIJOWI_22051981M_012023,ADM_WIJOWI_22051981M_012023,WIJOWI_22051981M_012023,1,12027585745,william.johnson.001074@outlook.com,2025-07-11
CNT_RODARO_29121992M_072020,ADM_RODARO_29121992M_072020,RODARO_29121992M_072020,1,2028594267,robert.davis.000238@mail.com,2023-12-10
CNT_SUGAMO_31011977F_092020,ADM_SUGAMO_31011977F_092020,SUGAMO_31011977F_092020,1,2029009802,susan.garcia.001216@outlook.com,2023-11-18
CNT_JOJOAN_31031993M_052023,ADM_JOJOAN_31031993M_052023,JOJOAN_31031993M_052023,1,2028637314,joseph.jones.001524@hospitalmail.com,2025-07-17
CNT_WIGAJO_04092002M_122020,ADM_WIGAJO_04092002M_122020,WIGAJO_04092002M_122020,1,2023408844,william.garcia.000884@mail.com,2023-09-05
CNT_JEMIJO_23081946F_092022,ADM_JEMIJO_23081946F_092022,JEMIJO_23081946F_092022,1,12022532067,jessica.miller.000667@hospitalmail.com,2024-10-27
CNT_DAJOJO_07102008M_072021,ADM_DAJOJO_07102008M_072021,DAJOJO_07102008M_072021,1,2020082603,david.johnson.000090@gmail.com,2024-01-23
CNT_ANSMBR_05051990M_012021,ADM_ANSMBR_05051990M_012021,ANSMBR_05051990M_012021,1,2021560010,anthony.smith.000589@gmail.com,2025-08-03
CNT_WIGAJO_16061985M_102023,ADM_WIGAJO_16061985M_102023,WIGAJO_16061985M_102023,1,12022099590,william.garcia.001679@gmail.com,2025-09-28
CNT_DAMIDA_06121995M_062023,ADM_DAMIDA_06121995M_062023,DAMIDA_06121995M_062023,1,12028562349,david.miller.000960@gmail.com,2025-03-09
CNT_NABRBR_05022024F_122023,ADM_NABRBR_05022024F_122023,NABRBR_05022024F_122023,1,2021047002,nancy.brown.000602@outlook.com,2023-12-26
CNT_CHMOBR_01061987M_082021,ADM_CHMOBR_01061987M_082021,CHMOBR_01061987M_082021,1,12020489262,charles.moore.001672@mail.com,2025-04-18
CNT_THTAGA_26122023M_062020,ADM_THTAGA_26122023M_062020,THTAGA_26122023M_062020,1,2026322535,thomas.taylor.000365@hospitalmail.com,2024-07-10
CNT_LAWIBR_17081961F_042023,ADM_LAWIBR_17081961F_042023,LAWIBR_17081961F_042023,1,2024082632,laura.wilson.001970@gmail.com,2025-06-07
CNT_ANTARO_01041986M_052022,ADM_ANTARO_01041986M_052022,ANTARO_01041986M_052022,1,12027402983,anthony.taylor.002219@mail.com,2023-09-18
CNT_PAANWI_01011966F_022020,ADM_PAANWI_01011966F_022020,PAANWI_01011966F_022020,1,2024053201,patricia.anderson.000806@mail.com,2025-10-14
CNT_NAWISM_20121991F_012023,ADM_NAWISM_20121991F_012023,NAWISM_20121991F_012023,1,2026249541,nancy.williams.002133@outlook.com,2025-07-14
CNT_ELGAWI_01031958F_032022,ADM_ELGAWI_01031958F_032022,ELGAWI_01031958F_032022,1,12024479302,elizabeth.garcia.001636@hospitalmail.com,2025-12-20
CNT_JXANTA_08051980M_022023,ADM_JXANTA_08051980M_022023,JXANTA_08051980M_022023,1,12026888060,joseph.anderson.000139@mail.com,2023-12-28
CNT_MASMAN_14101985F_102023,ADM_MASMAN_14101985F_102023,MASMAN_14101985F_102023,1,12028839312,mary.smith.001031@gmail.com,2024-12-13
CNT_DAMOBR_26061942M_032023,ADM_DAMOBR_26061942M_032023,DAMOBR_26061942M_032023,1,2021470082,daniel.moore.002161@gmail.com,2025-07-06
CNT_ROGAJO_05081973M_052021,ADM_ROGAJO_05081973M_052021,ROGAJO_05081973M_052021,1,12027550385,robert.garcia.001278@hospitalmail.com,2024-01-11
CNT_LIDASM_22021987F_082023,ADM_LIDASM_22021987F_082023,LIDASM_22021987F_082023,1,2022252711,linda.davis.001755@mail.com,2025-06-08
CNT_CXWIJO_08022005M_032023,ADM_CXWIJO_08022005M_032023,CXWIJO_08022005M_032023,1,2029305368,charles.williams.000864@gmail.com,2023-03-25
CNT_CHROTA_07011963M_092021,ADM_CHROTA_07011963M_092021,CHROTA_07011963M_092021,1,2024703468,charles.rodriguez.000527@outlook.com,2025-11-05
CNT_WIGATA_11072006M_032020,ADM_WIGATA_11072006M_032020,WIGATA_11072006M_032020,1,2026580316,,2023-07-08
CNT_EMMITA_21091982F_062023,ADM_EMMITA_21091982F_062023,EMMITA_21091982F_062023,1,2025560936,emily.miller.001178@hospitalmail.com,2025-09-12
CNT_DAJOBR_03122017M_112022,ADM_DAJOBR_03122017M_112022,DAJOBR_03122017M_112022,1,2025314533,daniel.johnson.001208@hospitalmail.com,2025-04-03
CNT_ROMIAN_27062015M_032021,ADM_ROMIAN_27062015M_032021,ROMIAN_27062015M_032021,1,2024059462,robert.miller.000242@outlook.com,2025-02-01
CNT_THMIJO_02122006M_102021,ADM_THMIJO_02122006M_102021,THMIJO_02122006M_102021,1,2025868492,thomas.miller.001686@outlook.com,2025-11-06
CNT_JEMOJO_27061980F_032021,ADM_JEMOJO_27061980F_032021,JEMOJO_27061980F_032021,1,12026640590,jennifer.moore.001461@mail.com,2024-03-19
CNT_JEWIMA_07111967F_022020,ADM_JEWIMA_07111967F_022020,JEWIMA_07111967F_022020,1,2021178427,jessica.wilson.000636@hospitalmail.com,2025-01-10
CNT_THTAAN_10101977M_032023,ADM_THTAAN_10101977M_032023,THTAAN_10101977M_032023,1,202038062,thomas.taylor.000434@hospitalmail.com,2024-12-25
CNT_SAJOWI_03041974F_032022,ADM_SAJOWI_03041974F_032022,SAJOWI_03041974F_032022,1,2020019261,sarah.johnson.001740@gmail.com,2024-04-17
CNT_ELJOWI_22051996F_072023,ADM_ELJOWI_22051996F_072023,ELJOWI_22051996F_072023,1,2020976356,elizabeth.jones.002059@outlook.com,2023-07-15
CNT_MAWIMI_26041940F_122022,ADM_MAWIMI_26041940F_122022,MAWIMI_26041940F_122022,1,2028967,mary.williams.001430@hospitalmail.com,2025-09-18
CNT_MIANMO_02072006M_082021,ADM_MIANMO_02072006M_082021,MIANMO_02072006M_082021,1,2028192131,michael.anderson.001304@hospitalmail.com,2025-10-06
CNT_NADAMO_21082006F_072020,ADM_NADAMO_21082006F_072020,NADAMO_21082006F_072020,1,2020060768,nancy.davis.000930@gmail.com,2025-10-17
CNT_LIDAMA_10082022F_102020,ADM_LIDAMA_10082022F_102020,LIDAMA_10082022F_102020,1,2023323386,linda.davis.001306@outlook.com,2023-07-07
CNT_EMGAJO_14012008F_032020,ADM_EMGAJO_14012008F_032020,EMGAJO_14012008F_032020,1,2021319708,emily.garcia.000493@outlook.com,2025-06-08
CNT_LXWIWI_07041959F_122020,ADM_LXWIWI_07041959F_122020,LXWIWI_07041959F_122020,1,2022016349,laura.williams.000264@outlook.com,2025-06-06
CNT_LISMBR_15091974F_072023,ADM_LISMBR_15091974F_072023,LISMBR_15091974F_072023,1,2021172459,linda.smith.000209@outlook.com,2025-07-09
CNT_PAWIMA_29061989F_072022,ADM_PAWIMA_29061989F_072022,PAWIMA_29061989F_072022,1,2020102081,patricia.wilson.000571@outlook.com,2025-06-30
CNT_ELMASM_10011982F_022023,ADM_ELMASM_10011982F_022023,ELMASM_10011982F_022023,1,2024691710,elizabeth.martinez.000956@mail.com,2025-08-10
CNT_JEJOMI_13121968F_012023,ADM_JEJOMI_13121968F_012023,JEJOMI_13121968F_012023,1,12028892290,jessica.jones.001699@outlook.com,2025-01-20
CNT_NAJODA_01121993F_112023,ADM_NAJODA_01121993F_112023,NAJODA_01121993F_112023,1,2027826340,nancy.johnson.000443@gmail.com,2025-02-14
CNT_ANSMBR_29091946M_112021,ADM_ANSMBR_29091946M_112021,ANSMBR_29091946M_112021,1,2020263964,anthony.smith.001997@hospitalmail.com,2025-05-09
CNT_SUTAMI_03021981F_122020,ADM_SUTAMI_03021981F_122020,SUTAMI_03021981F_122020,1,12020608812,susan.taylor.000800@mail.com,2025-10-11
CNT_SUJOMO_21062019F_042023,ADM_SUJOMO_21062019F_042023,SUJOMO_21062019F_042023,1,2029365307,susan.johnson.000226@hospitalmail.com,2024-06-24
CNT_DAMIRO_12091984M_122020,ADM_DAMIRO_12091984M_122020,DAMIRO_12091984M_122020,1,2021939086,david.miller.000150@gmail.com,2025-04-26
CNT_DAWIJO_27041957M_052021,ADM_DAWIJO_27041957M_052021,DAWIJO_27041957M_052021,1,2025973233,daniel.wilson.001015@mail.com,2025-05-26
CNT_DAJOWI_21021999M_122020,ADM_DAJOWI_21021999M_122020,DAJOWI_21021999M_122020,1,12029260733,david.jones.001750@gmail.com,2024-03-23
CNT_JOMIMI_04121977M_022021,ADM_JOMIMI_04121977M_022021,JOMIMI_04121977M_022021,1,2026237704,joseph.miller.000368@gmail.com,2025-12-07
CNT_LAJORO_18021981F_072021,ADM_LAJORO_18021981F_072021,LAJORO_18021981F_072021,1,12025196949,laura.jones.000332@gmail.com,2024-04-07
CNT_DATAMA_30101985M_012023,ADM_DATAMA_30101985M_012023,DATAMA_30101985M_012023,1,12020267181,david.taylor.000852@gmail.com,2025-06-07
CNT_ROMIWI_28111989M_062022,ADM_ROMIWI_28111989M_062022,ROMIWI_28111989M_062022,1,2020514569,robert.miller.000628@mail.com,2023-12-23
CNT_MIMAMO_04081994M_032023,ADM_MIMAMO_04081994M_032023,MIMAMO_04081994M_032023,1,2029554001,michael.martinez.000771@hospitalmail.com,2023-08-01
CNT_DXJOSM_02011969M_042021,ADM_DXJOSM_02011969M_042021,DXJOSM_02011969M_042021,1,12026235112,daniel.johnson.001873@outlook.com,2023-01-27
CNT_JOMOMI_06011963M_112023,ADM_JOMOMI_06011963M_112023,JOMOMI_06011963M_112023,1,2028997315,joseph.moore.000551@outlook.com,2025-12-24
CNT_JEWIBR_10081979F_092022,ADM_JEWIBR_10081979F_092022,JEWIBR_10081979F_092022,1,2021452468,jennifer.wilson.001269@gmail.com,2025-06-23
CNT_JATAMA_29031995M_062022,ADM_JATAMA_29031995M_062022,JATAMA_29031995M_062022,1,2026176743,james.taylor.001444@hospitalmail.com,2025-04-25
CNT_EMSMMI_28072001F_052021,ADM_EMSMMI_28072001F_052021,EMSMMI_28072001F_052021,1,12024866100,emily.smith.001232@gmail.com,2023-11-06
CNT_LAMOGA_20021967F_032023,ADM_LAMOGA_20021967F_032023,LAMOGA_20021967F_032023,1,20203740,laura.moore.000652@outlook.com,2025-10-10
CNT_JOANAN_24111997M_042023,ADM_JOANAN_24111997M_042023,JOANAN_24111997M_042023,1,2027912233,joseph.anderson.000369@hospitalmail.com,2025-12-13
CNT_NAGASM_23111961F_052023,ADM_NAGASM_23111961F_052023,NAGASM_23111961F_052023,1,2023593398,nancy.garcia.001127@outlook.com,2025-01-23
CNT_JATAMI_22091942M_122021,ADM_JATAMI_22091942M_122021,JATAMI_22091942M_122021,1,2029755109,james.taylor.000658@gmail.com,2025-01-10
CNT_THJOJO_20081979M_042020,ADM_THJOJO_20081979M_042020,THJOJO_20081979M_042020,1,2024308752,thomas.jones.001951@hospitalmail.com,2024-07-09
CNT_MASMWI_31011988F_112022,ADM_MASMWI_31011988F_112022,MASMWI_31011988F_112022,1,2022715479,mary.smith.000562@hospitalmail.com,2024-12-05
CNT_DASMDA_26061946M_122020,ADM_DASMDA_26061946M_122020,DASMDA_26061946M_122020,1,2021276360,david.smith.002146@outlook.com,2025-02-27
CNT_SAMIBR_12061945F_052023,ADM_SAMIBR_12061945F_052023,SAMIBR_12061945F_052023,1,2028729217,sarah.miller.000580@gmail.com,2024-06-12
CNT_ELBRJO_23122006F_022022,ADM_ELBRJO_23122006F_022022,ELBRJO_23122006F_022022,1,2025513424,elizabeth.brown.001759@hospitalmail.com,2024-08-12
CNT_LIGAAN_24021977F_052022,ADM_LIGAAN_24021977F_052022,LIGAAN_24021977F_052022,1,12020627626,linda.garcia.001684@mail.com,2025-10-14
CNT_MIBRWI_04051975M_032021,ADM_MIBRWI_04051975M_032021,MIBRWI_04051975M_032021,1,20247061,michael.brown.000472@gmail.com,2023-07-24
CNT_JOBRMO_28111985M_012023,ADM_JOBRMO_28111985M_012023,JOBRMO_28111985M_012023,1,2021925102,joseph.brown.001329@gmail.com,2025-10-31
CNT_JEDAWI_04041954F_062022,ADM_JEDAWI_04041954F_062022,JEDAWI_04041954F_062022,1,2022883511,jennifer.davis.001688@outlook.com,2025-08-19
CNT_MIWIWI_14091985M_122022,ADM_MIWIWI_14091985M_122022,MIWIWI_14091985M_122022,1,2026974702,michael.wilson.000660@mail.com,2025-11-04
CNT_CHDAAN_21081939M_062023,ADM_CHDAAN_21081939M_062023,CHDAAN_21081939M_062023,1,2025499708,charles.davis.001358@gmail.com,2025-03-09
CNT_ANGARO_29092016M_012021,ADM_ANGARO_29092016M_012021,ANGARO_29092016M_012021,1,2026707251,anthony.garcia.001888@outlook.com,2025-07-17
CNT_DXJOAN_14031982M_062020,ADM_DXJOAN_14031982M_062020,DXJOAN_14031982M_062020,1,2024846056,david.johnson.001171@mail.com,2023-06-17
CNT_CHMIMI_21111961M_052023,ADM_CHMIMI_21111961M_052023,CHMIMI_21111961M_052023,1,2025050109,charles.miller.000339@gmail.com,2024-09-23
CNT_LIMOAN_09032025F_022021,ADM_LIMOAN_09032025F_022021,LIMOAN_09032025F_022021,1,2020552194,,2023-07-09
CNT_THWIGA_02051988M_022023,ADM_THWIGA_02051988M_022023,THWIGA_02051988M_022023,1,2020197750,thomas.wilson.000613@mail.com,2025-09-14
CNT_JETARO_27072001F_062022,ADM_JETARO_27072001F_062022,JETARO_27072001F_062022,1,2022068767,jessica.taylor.000521@outlook.com,2024-02-17
CNT_DADAGA_30081958M_102024,ADM_DADAGA_30081958M_102024,DADAGA_30081958M_102024,1,202032655,david.davis.001879@gmail.com,2024-10-18
CNT_KASMMO_21121978F_092023,ADM_KASMMO_21121978F_092023,KASMMO_21121978F_092023,1,12022229556,karen.smith.000189@outlook.com,2025-11-07
CNT_EMTARO_29011961F_072022,ADM_EMTARO_29011961F_072022,EMTARO_29011961F_072022,1,2021818459,emily.taylor.000027@mail.com,2025-07-17
CNT_EMDAJO_25111995F_022023,ADM_EMDAJO_25111995F_022023,EMDAJO_25111995F_022023,1,2020228739,emily.davis.001705@gmail.com,2025-12-27
CNT_DAJOGA_20092020M_042021,ADM_DAJOGA_20092020M_042021,DAJOGA_20092020M_042021,1,2029560875,daniel.johnson.002047@hospitalmail.com,2025-03-02
CNT_PADARO_30012020F_102023,ADM_PADARO_30012020F_102023,PADARO_30012020F_102023,1,12025054388,patricia.davis.000655@mail.com,2025-09-24
CNT_JOROBR_09062000M_072020,ADM_JOROBR_09062000M_072020,JOROBR_09062000M_072020,1,2022235574,john.rodriguez.001900@outlook.com,2024-07-04
CNT_JOWIRO_25032004M_082023,ADM_JOWIRO_25032004M_082023,JOWIRO_25032004M_082023,1,2024632209,john.williams.001986@mail.com,2023-12-10
CNT_MAJOMA_20051998F_082023,ADM_MAJOMA_20051998F_082023,MAJOMA_20051998F_082023,1,2029704022,mary.johnson.002001@hospitalmail.com,2025-07-24
CNT_LITAGA_02011995F_062022,ADM_LITAGA_02011995F_062022,LITAGA_02011995F_062022,1,2023297763,linda.taylor.001153@mail.com,2025-09-21
CNT_PAWIMI_28031964F_022020,ADM_PAWIMI_28031964F_022020,PAWIMI_28031964F_022020,1,2024392761,patricia.wilson.001199@mail.com,2025-01-23
CNT_MADAWI_14041999F_072020,ADM_MADAWI_14041999F_072020,MADAWI_14041999F_072020,1,2020964479,mary.davis.002078@mail.com,2024-03-21
CNT_MASMBR_10121979F_092021,ADM_MASMBR_10121979F_092021,MASMBR_10121979F_092021,1,12025803088,mary.smith.000190@mail.com,2023-09-02
CNT_ANMIWI_08081993M_092021,ADM_ANMIWI_08081993M_092021,ANMIWI_08081993M_092021,1,2028726949,anthony.miller.000715@hospitalmail.com,2025-11-04
CNT_JOJOXX_27091982M_042020,ADM_JOJOXX_27091982M_042020,JOJOXX_27091982M_042020,1,2027257775,joseph.jones.002027@hospitalmail.com,2023-04-18
CNT_THROJO_04011993M_032023,ADM_THROJO_04011993M_032023,THROJO_04011993M_032023,1,2023202172,thomas.rodriguez.001267@mail.com,2025-07-18
CNT_SUJOWI_20071995F_072021,ADM_SUJOWI_20071995F_072021,SUJOWI_20071995F_072021,1,2026240239,susan.johnson.001815@gmail.com,2023-04-01
CNT_MAMOSM_25031989F_072020,ADM_MAMOSM_25031989F_072020,MAMOSM_25031989F_072020,1,12022327877,mary.moore.001851@outlook.com,2023-03-24
CNT_EMGAJO_16052003F_012021,ADM_EMGAJO_16052003F_012021,EMGAJO_16052003F_012021,1,2022061736,emily.garcia.001281@mail.com,2024-02-12
CNT_JAMIJO_21042002M_092020,ADM_JAMIJO_21042002M_092020,JAMIJO_21042002M_092020,1,12029594127,james.miller.001037@gmail.com,2024-01-15
CNT_CHSMAN_30111994M_102023,ADM_CHSMAN_30111994M_102023,CHSMAN_30111994M_102023,1,2028895882,charles.smith.001063@mail.com,2024-07-25
CNT_JOTAGA_20111980M_102022,ADM_JOTAGA_20111980M_102022,JOTAGA_20111980M_102022,1,2022273522,john.taylor.000760@outlook.com,2025-06-10
CNT_KAJOMA_11031962F_042021,ADM_KAJOMA_11031962F_042021,KAJOMA_11031962F_042021,1,2020793012,karen.jones.001371@gmail.com,2023-09-20
CNT_JOGAWI_26021965M_032023,ADM_JOGAWI_26021965M_032023,JOGAWI_26021965M_032023,1,2026308757,john.garcia.002144@gmail.com,2023-12-08
CNT_THGATA_06071966M_062020,ADM_THGATA_06071966M_062020,THGATA_06071966M_062020,1,2028021214,thomas.garcia.000528@gmail.com,2024-10-29
CNT_ELMAMI_15011955F_112020,ADM_ELMAMI_15011955F_112020,ELMAMI_15011955F_112020,1,2021549459,elizabeth.martinez.001366@gmail.com,2024-07-23
CNT_ROTABR_02031990M_112023,ADM_ROTABR_02031990M_112023,ROTABR_02031990M_112023,1,12024929672,robert.taylor.001807@outlook.com,2024-06-25
CNT_LAMIJO_29011983F_052022,ADM_LAMIJO_29011983F_052022,LAMIJO_29011983F_052022,1,2029947248,laura.miller.000839@mail.com,2025-09-11
CNT_SAJOTA_14041950F_022023,ADM_SAJOTA_14041950F_022023,SAJOTA_14041950F_022023,1,2027030066,sarah.jones.000624@gmail.com,2023-02-09
CNT_EMSMWI_28081966F_052023,ADM_EMSMWI_28081966F_052023,EMSMWI_28081966F_052023,1,12029276144,emily.smith.000525@outlook.com,2023-12-06
CNT_JOWISM_23101953M_052022,ADM_JOWISM_23101953M_052022,JOWISM_23101953M_052022,1,2026937567,john.williams.000277@outlook.com,2025-02-12
CNT_PATAGA_30061987F_012020,ADM_PATAGA_30061987F_012020,PATAGA_30061987F_012020,1,12024703054,patricia.taylor.001303@gmail.com,2024-09-01
CNT_JOMOWI_07042007M_082023,ADM_JOMOWI_07042007M_082023,JOMOWI_07042007M_082023,1,2020424946,john.moore.001467@hospitalmail.com,2023-08-06
CNT_EMJOTA_23011963F_082023,ADM_EMJOTA_23011963F_082023,EMJOTA_23011963F_082023,1,2027715465,emily.jones.001061@mail.com,2025-03-15
CNT_JXGATA_09031977M_042020,ADM_JXGATA_09031977M_042020,JXGATA_09031977M_042020,1,12020749014,joseph.garcia.001880@gmail.com,2023-09-11
CNT_GEGATA_28081973M_022022,ADM_GEGATA_28081973M_022022,GEGATA_28081973M_022022,1,2029968219,george.garcia.001738@outlook.com,2023-08-12
CNT_PAMIDA_10111979F_072021,ADM_PAMIDA_10111979F_072021,PAMIDA_10111979F_072021,1,12022768930,patricia.miller.001723@hospitalmail.com,2025-10-21
CNT_RODAMA_29101975M_042022,ADM_RODAMA_29101975M_042022,RODAMA_29101975M_042022,1,2023910698,robert.davis.002140@hospitalmail.com,2025-12-09
CNT_MABRSM_16101994F_022020,ADM_MABRSM_16101994F_022020,MABRSM_16101994F_022020,1,2027545843,mary.brown.001401@gmail.com,2025-09-26
CNT_DAROSM_08121978M_072021,ADM_DAROSM_08121978M_072021,DAROSM_08121978M_072021,1,2027025088,daniel.rodriguez.002112@mail.com,2025-11-23
CNT_JOBRWI_18111979M_112021,ADM_JOBRWI_18111979M_112021,JOBRWI_18111979M_112021,1,2022623755,john.brown.000194@mail.com,2024-07-02
CNT_NAJOJO_18082020F_072020,ADM_NAJOJO_18082020F_072020,NAJOJO_18082020F_072020,1,2020458063,nancy.johnson.000990@gmail.com,2024-06-23
CNT_DAMOJO_12011984M_102021,ADM_DAMOJO_12011984M_102021,DAMOJO_12011984M_102021,1,20246816,david.moore.002022@mail.com,2025-02-14
CNT_MIMOSM_24121971M_092023,ADM_MIMOSM_24121971M_092023,MIMOSM_24121971M_092023,1,2020040594,michael.moore.002008@gmail.com,2023-10-01
CNT_SUWIRO_03022005F_112020,ADM_SUWIRO_03022005F_112020,SUWIRO_03022005F_112020,1,2020882558,susan.williams.001598@gmail.com,2025-10-07
CNT_JEJOMI_23121967F_112023,ADM_JEJOMI_23121967F_112023,JEJOMI_23121967F_112023,1,2023203453,jennifer.jones.000481@gmail.com,2023-11-10
CNT_THANSM_02051983M_052022,ADM_THANSM_02051983M_052022,THANSM_02051983M_052022,1,2023613378,thomas.anderson.001098@mail.com,2024-04-24
CNT_JOROTA_21121975M_042023,ADM_JOROTA_21121975M_042023,JOROTA_21121975M_042023,1,2020553132,joseph.rodriguez.001426@gmail.com,2025-06-03
CNT_LAMIBR_02041980F_022021,ADM_LAMIBR_02041980F_022021,LAMIBR_02041980F_022021,1,2022661383,laura.miller.001114@hospitalmail.com,2024-10-13
CNT_LIJOMO_16071961F_122020,ADM_LIJOMO_16071961F_122020,LIJOMO_16071961F_122020,1,12023274600,linda.johnson.001886@mail.com,2024-02-01
CNT_SASMXX_18101976F_032023,ADM_SASMXX_18101976F_032023,SASMXX_18101976F_032023,1,12022082047,sarah.smith.000110@gmail.com,2023-03-26
CNT_DAROJO_28082018M_052022,ADM_DAROJO_28082018M_052022,DAROJO_28082018M_052022,1,2028227023,david.rodriguez.001337@mail.com,2025-12-30
CNT_JXTAMA_09051987M_102023,ADM_JXTAMA_09051987M_102023,JXTAMA_09051987M_102023,1,2023343811,joseph.taylor.000707@outlook.com,2023-08-25
CNT_WIDAAN_13122015M_122022,ADM_WIDAAN_13122015M_122022,WIDAAN_13122015M_122022,1,12024351199,william.davis.001408@gmail.com,2025-08-30
CNT_MIJOAN_31051958M_052022,ADM_MIJOAN_31051958M_052022,MIJOAN_31051958M_052022,1,12027301687,michael.jones.001433@mail.com,2025-12-20
CNT_JOMIDA_11091949M_042022,ADM_JOMIDA_11091949M_042022,JOMIDA_11091949M_042022,1,2028272279,joseph.miller.000736@hospitalmail.com,2023-08-19
CNT_MAWISM_26091944F_052022,ADM_MAWISM_26091944F_052022,MAWISM_26091944F_052022,1,12021020877,mary.williams.001626@hospitalmail.com,2025-09-02
CNT_DAJOWI_31031968M_052023,ADM_DAJOWI_31031968M_052023,DAJOWI_31031968M_052023,1,2020884186,daniel.johnson.000922@gmail.com,2024-02-23
CNT_NAWIAN_29062004F_122021,ADM_NAWIAN_29062004F_122021,NAWIAN_29062004F_122021,1,2025970130,nancy.wilson.000573@outlook.com,2025-08-03
CNT_JOJOJO_17041941M_082023,ADM_JOJOJO_17041941M_082023,JOJOJO_17041941M_082023,1,2024732444,john.johnson.000265@mail.com,2023-10-13
CNT_KAWIGA_28021987F_032023,ADM_KAWIGA_28021987F_032023,KAWIGA_28021987F_032023,1,2021372306,karen.wilson.000097@hospitalmail.com,2025-12-31
CNT_ELGAMI_30091979F_042023,ADM_ELGAMI_30091979F_042023,ELGAMI_30091979F_042023,1,2027727815,elizabeth.garcia.000420@hospitalmail.com,2025-07-12
CNT_DADAAN_09032006M_112022,ADM_DADAAN_09032006M_112022,DADAAN_09032006M_112022,1,2029312237,david.davis.001266@gmail.com,2024-10-05
CNT_JEMAJO_08061979F_102020,ADM_JEMAJO_08061979F_102020,JEMAJO_08061979F_102020,1,2026537091,jessica.martinez.000805@hospitalmail.com,2025-06-06
CNT_NAWIMO_23122001F_042021,ADM_NAWIMO_23122001F_042021,NAWIMO_23122001F_042021,1,2020300051,nancy.wilson.001046@mail.com,2025-09-05
CNT_GEBRRO_23031993M_022020,ADM_GEBRRO_23031993M_022020,GEBRRO_23031993M_022020,1,2020367,george.brown.001493@outlook.com,2025-11-24
CNT_WISMBR_22081960M_032022,ADM_WISMBR_22081960M_032022,WISMBR_22081960M_032022,1,2025940376,william.smith.001147@gmail.com,2024-04-07
CNT_JESMXX_26041995F_042020,ADM_JESMXX_26041995F_042020,JESMXX_26041995F_042020,1,12026971244,jessica.smith.000056@hospitalmail.com,2023-09-07
CNT_ELMIJO_29071975F_032021,ADM_ELMIJO_29071975F_032021,ELMIJO_29071975F_032021,1,12028337071,elizabeth.miller.001237@outlook.com,2024-08-22
CNT_MITADA_04051935M_022022,ADM_MITADA_04051935M_022022,MITADA_04051935M_022022,1,2025632960,michael.taylor.001809@outlook.com,2025-11-03
CNT_JOJOGA_03082005M_012023,ADM_JOJOGA_03082005M_012023,JOJOGA_03082005M_012023,1,2024917559,joseph.johnson.002127@gmail.com,2024-12-21
CNT_PXANTA_07071995F_052022,ADM_PXANTA_07071995F_052022,PXANTA_07071995F_052022,1,2026994761,patricia.anderson.000098@mail.com,2024-08-22
CNT_SAMIMO_01072008F_092022,ADM_SAMIMO_01072008F_092022,SAMIMO_01072008F_092022,1,2024243694,sarah.miller.001218@outlook.com,2025-05-23
CNT_NAANBR_12101953F_012022,ADM_NAANBR_12101953F_012022,NAANBR_12101953F_012022,1,2028949612,nancy.anderson.001724@gmail.com,2025-05-08
CNT_SAJOXX_26031946F_011900,ADM_SAJOXX_26031946F_011900,SAJOXX_26031946F_011900,1,2023070376,sarah.jones.000038@outlook.com,2023-06-08
CNT_KASMWI_20052023F_072023,ADM_KASMWI_20052023F_072023,KASMWI_20052023F_072023,1,2023206730,karen.smith.000045@mail.com,2023-07-30
CNT_DASMJO_06061994M_042021,ADM_DASMJO_06061994M_042021,DASMJO_06061994M_042021,1,2029700482,daniel.smith.000201@hospitalmail.com,2024-10-07
CNT_DAANMO_05032006M_072023,ADM_DAANMO_05032006M_072023,DAANMO_05032006M_072023,1,2022244382,daniel.anderson.001568@gmail.com,2024-10-22
CNT_WIBRBR_05121980M_022022,ADM_WIBRBR_05121980M_022022,WIBRBR_05121980M_022022,1,2024131798,william.brown.002240@hospitalmail.com,2025-04-12
CNT_DAANJO_04011944M_022021,ADM_DAANJO_04011944M_022021,DAANJO_04011944M_022021,1,2027308233,daniel.anderson.001894@gmail.com,2023-07-23
CNT_SUMIBR_23061970F_122020,ADM_SUMIBR_23061970F_122020,SUMIBR_23061970F_122020,1,2028733853,susan.miller.000024@gmail.com,2025-12-08
CNT_JEJOAN_24071955F_092021,ADM_JEJOAN_24071955F_092021,JEJOAN_24071955F_092021,1,2026415809,jessica.jones.000322@hospitalmail.com,2024-05-19
CNT_JEJOXX_11071978F_042020,ADM_JEJOXX_11071978F_042020,JEJOXX_11071978F_042020,1,2023304866,jennifer.johnson.000494@outlook.com,2023-10-08
CNT_JOGAMI_21071968M_072023,ADM_JOGAMI_21071968M_072023,JOGAMI_21071968M_072023,1,2022541909,john.garcia.002037@hospitalmail.com,2023-08-08
CNT_JOMOTA_24121982M_052023,ADM_JOMOTA_24121982M_052023,JOMOTA_24121982M_052023,1,2027297320,joseph.moore.002234@hospitalmail.com,2023-05-19
CNT_GESMAN_20071971M_042023,ADM_GESMAN_20071971M_042023,GESMAN_20071971M_042023,1,2029705855,george.smith.001164@hospitalmail.com,2025-11-14
CNT_WISMBR_15041964M_112022,ADM_WISMBR_15041964M_112022,WISMBR_15041964M_112022,1,2027886520,william.smith.000247@mail.com,2024-05-26
CNT_JOMIJO_11011999M_022023,ADM_JOMIJO_11011999M_022023,JOMIJO_11011999M_022023,1,2026930100,john.miller.001581@gmail.com,2025-01-23
CNT_KADAMA_11081982F_072022,ADM_KADAMA_11081982F_072022,KADAMA_11081982F_072022,1,2026478532,karen.davis.000478@mail.com,2025-04-17
CNT_CHJOSM_20062013M_022021,ADM_CHJOSM_20062013M_022021,CHJOSM_20062013M_022021,1,2026320744,charles.johnson.002026@gmail.com,2025-04-21
CNT_KAWITA_28101983F_012023,ADM_KAWITA_28101983F_012023,KAWITA_28101983F_012023,1,2027063057,karen.wilson.000191@outlook.com,2023-01-18
CNT_EMMAJO_23092013F_042021,ADM_EMMAJO_23092013F_042021,EMMAJO_23092013F_042021,1,2022795666,emily.martinez.000180@outlook.com,2023-09-18
CNT_WIMIBR_28061977M_012022,ADM_WIMIBR_28061977M_012022,WIMIBR_28061977M_012022,1,2024838270,william.miller.000345@gmail.com,2025-12-13
CNT_JETADA_05091974F_082022,ADM_JETADA_05091974F_082022,JETADA_05091974F_082022,1,2020475696,jessica.taylor.000625@gmail.com,2024-08-07
CNT_PAJOJO_30101943F_052023,ADM_PAJOJO_30101943F_052023,PAJOJO_30101943F_052023,1,2023653649,patricia.johnson.002084@hospitalmail.com,2023-11-23
CNT_NAWIMA_26061957F_022022,ADM_NAWIMA_26061957F_022022,NAWIMA_26061957F_022022,1,12027212289,nancy.williams.001040@outlook.com,2024-10-15
CNT_MISMTA_28011952M_032020,ADM_MISMTA_28011952M_032020,MISMTA_28011952M_032020,1,2021913535,michael.smith.001452@outlook.com,2023-04-21
CNT_ELROTA_31121989F_052021,ADM_ELROTA_31121989F_052021,ELROTA_31121989F_052021,1,2029710863,elizabeth.rodriguez.001786@hospitalmail.com,2025-11-09
CNT_ROMOWI_10012012M_012020,ADM_ROMOWI_10012012M_012020,ROMOWI_10012012M_012020,1,2025246539,robert.moore.000629@hospitalmail.com,2024-08-02
CNT_JEMIBR_08091985F_062023,ADM_JEMIBR_08091985F_062023,JEMIBR_08091985F_062023,1,2029873991,,2023-03-29
CNT_JOJOTA_24042011M_052023,ADM_JOJOTA_24042011M_052023,JOJOTA_24042011M_052023,1,202921017,joseph.johnson.000216@outlook.com,2023-05-01
CNT_JOJOSM_10081992M_092020,ADM_JOJOSM_10081992M_092020,JOJOSM_10081992M_092020,1,2029141351,john.jones.001479@mail.com,2025-10-18
CNT_DAJOAN_23081984M_042021,ADM_DAJOAN_23081984M_042021,DAJOAN_23081984M_042021,1,2020053158,daniel.jones.001545@outlook.com,2025-02-06
CNT_THJOBR_08061976M_072021,ADM_THJOBR_08061976M_072021,THJOBR_08061976M_072021,1,2024631359,thomas.jones.000476@outlook.com,2025-06-27
CNT_EMJOAN_24052007F_052020,ADM_EMJOAN_24052007F_052020,EMJOAN_24052007F_052020,1,2026115589,emily.johnson.000824@hospitalmail.com,2025-12-28
CNT_SUDADA_20071975F_012023,ADM_SUDADA_20071975F_012023,SUDADA_20071975F_012023,1,2025393386,susan.davis.000086@gmail.com,2024-06-26
CNT_JEMIDA_25061998F_112023,ADM_JEMIDA_25061998F_112023,JEMIDA_25061998F_112023,1,2024560129,jessica.miller.000903@outlook.com,2024-04-19
CNT_ANTARO_09071976M_022020,ADM_ANTARO_09071976M_022020,ANTARO_09071976M_022020,1,2021232700,,2024-01-15
CNT_NADAAN_04081996F_112023,ADM_NADAAN_04081996F_112023,NADAAN_04081996F_112023,1,2021132144,nancy.davis.001704@mail.com,2024-05-03
CNT_KXJOAN_23081935F_022022,ADM_KXJOAN_23081935F_022022,KXJOAN_23081935F_022022,1,2025051736,karen.jones.000581@gmail.com,2025-02-19
CNT_LIMOWI_10061985F_092020,ADM_LIMOWI_10061985F_092020,LIMOWI_10061985F_092020,1,2029658114,linda.moore.000482@gmail.com,2023-03-03
CNT_NAWIAN_05071974F_022020,ADM_NAWIAN_05071974F_022020,NAWIAN_05071974F_022020,1,2025791093,nancy.williams.001390@hospitalmail.com,2025-12-17
CNT_JOJOBR_27081967M_022022,ADM_JOJOBR_27081967M_022022,JOJOBR_27081967M_022022,1,2025819781,joseph.johnson.000935@gmail.com,2025-12-11
CNT_LADAWI_18082023F_062020,ADM_LADAWI_18082023F_062020,LADAWI_18082023F_062020,1,2029864028,laura.davis.000437@hospitalmail.com,2025-04-15
CNT_GEWIBR_16091953M_022023,ADM_GEWIBR_16091953M_022023,GEWIBR_16091953M_022023,1,12027478768,george.wilson.000373@mail.com,2024-07-26
CNT_MAROWI_16061962F_022023,ADM_MAROWI_16061962F_022023,MAROWI_16061962F_022023,1,12021384308,,2025-04-06
CNT_SAROXX_16041956F_032023,ADM_SAROXX_16041956F_032023,SAROXX_16041956F_032023,1,2023088361,sarah.rodriguez.000106@gmail.com,2023-02-15
CNT_LAGAAN_03121990F_022020,ADM_LAGAAN_03121990F_022020,LAGAAN_03121990F_022020,1,2022153737,laura.garcia.000818@mail.com,2025-09-02
CNT_THGAAN_15041961M_062023,ADM_THGAAN_15041961M_062023,THGAAN_15041961M_062023,1,2026458403,thomas.garcia.000596@mail.com,2025-08-10
CNT_DAMIGA_26071954M_072022,ADM_DAMIGA_26071954M_072022,DAMIGA_26071954M_072022,1,2028186260,david.miller.000203@hospitalmail.com,2024-11-03
CNT_LATATA_24051983F_032023,ADM_LATATA_24051983F_032023,LATATA_24051983F_032023,1,12028949207,laura.taylor.000108@outlook.com,2024-12-18
CNT_LAMADA_04111941F_102023,ADM_LAMADA_04111941F_102023,LAMADA_04111941F_102023,1,2027255157,laura.martinez.000605@hospitalmail.com,2025-09-21
CNT_ANWIWI_01092021M_012023,ADM_ANWIWI_01092021M_012023,ANWIWI_01092021M_012023,1,2027861211,anthony.wilson.002120@gmail.com,2024-09-28
CNT_LAMOJO_20091990F_072023,ADM_LAMOJO_20091990F_072023,LAMOJO_20091990F_072023,1,2020446103,laura.moore.000456@mail.com,2023-12-27
CNT_ROJOMO_03071974M_022023,ADM_ROJOMO_03071974M_022023,ROJOMO_03071974M_022023,1,2023594426,robert.johnson.000184@outlook.com,2024-04-06
CNT_GETAWI_02072004M_082020,ADM_GETAWI_02072004M_082020,GETAWI_02072004M_082020,1,2026525772,george.taylor.001785@hospitalmail.com,2023-11-03
CNT_SUROMI_05031995F_102023,ADM_SUROMI_05031995F_102023,SUROMI_05031995F_102023,1,2025278982,susan.rodriguez.000676@gmail.com,2025-07-30
CNT_SAJOSM_25121939F_042023,ADM_SAJOSM_25121939F_042023,SAJOSM_25121939F_042023,1,2023687454,sarah.johnson.001511@outlook.com,2025-03-12
CNT_DAROXX_16061973M_032023,ADM_DAROXX_16061973M_032023,DAROXX_16061973M_032023,1,12029542560,david.rodriguez.000011@gmail.com,2023-03-06
CNT_SXWIDA_24061966F_052023,ADM_SXWIDA_24061966F_052023,SXWIDA_24061966F_052023,1,12022509909,susan.wilson.000397@hospitalmail.com,2025-11-25
CNT_DAJOGA_18021963M_062022,ADM_DAJOGA_18021963M_062022,DAJOGA_18021963M_062022,1,2023305876,david.johnson.001305@hospitalmail.com,2025-05-30
CNT_JAWIWI_11021986M_102020,ADM_JAWIWI_11021986M_102020,JAWIWI_11021986M_102020,1,2028913814,james.williams.000484@outlook.com,2024-05-06
CNT_JOJOWI_14021977M_022023,ADM_JOJOWI_14021977M_022023,JOJOWI_14021977M_022023,1,2028594887,joseph.johnson.000306@mail.com,2024-07-04
CNT_MAMOGA_12081980F_122021,ADM_MAMOGA_12081980F_122021,MAMOGA_12081980F_122021,1,2028784314,mary.moore.001798@hospitalmail.com,2024-05-02
CNT_MIANWI_19031940M_102020,ADM_MIANWI_19031940M_102020,MIANWI_19031940M_102020,1,2022231295,michael.anderson.000280@gmail.com,2025-01-12
CNT_SUBRJO_13041990F_122022,ADM_SUBRJO_13041990F_122022,SUBRJO_13041990F_122022,1,20202060,susan.brown.000088@outlook.com,2024-12-14
CNT_ELTABR_17061975F_072023,ADM_ELTABR_17061975F_072023,ELTABR_17061975F_072023,1,2023675836,elizabeth.taylor.001722@hospitalmail.com,2023-09-27
CNT_THSMMA_18101987M_032023,ADM_THSMMA_18101987M_032023,THSMMA_18101987M_032023,1,2021957629,thomas.smith.001356@gmail.com,2024-04-10
CNT_GEWIWI_24082024M_072021,ADM_GEWIWI_24082024M_072021,GEWIWI_24082024M_072021,1,12028110591,george.williams.002193@hospitalmail.com,2025-10-23
CNT_PAWIRO_08031966F_122023,ADM_PAWIRO_08031966F_122023,PAWIRO_08031966F_122023,1,2024739171,,2023-12-12
CNT_MIANJO_24041943M_042020,ADM_MIANJO_24041943M_042020,MIANJO_24041943M_042020,1,2021535725,michael.anderson.000387@hospitalmail.com,2024-10-07
CNT_WIDAJO_22061972M_052021,ADM_WIDAJO_22061972M_052021,WIDAJO_22061972M_052021,1,2029783817,william.davis.001817@mail.com,2024-10-04
CNT_GEWIMO_09112007M_042022,ADM_GEWIMO_09112007M_042022,GEWIMO_09112007M_042022,1,2024756203,george.williams.001431@outlook.com,2023-06-25
CNT_ROWISM_16041974M_052023,ADM_ROWISM_16041974M_052023,ROWISM_16041974M_052023,1,2027961188,robert.williams.000233@outlook.com,2025-04-28
CNT_LAMIMA_12012002F_112023,ADM_LAMIMA_12012002F_112023,LAMIMA_12012002F_112023,1,2026092018,laura.miller.001840@gmail.com,2023-11-20
CNT_GEDAJO_22051987M_032020,ADM_GEDAJO_22051987M_032020,GEDAJO_22051987M_032020,1,2026063715,george.davis.000689@hospitalmail.com,2025-11-26
CNT_DATAMI_02081944M_082022,ADM_DATAMI_02081944M_082022,DATAMI_02081944M_082022,1,2022388402,daniel.taylor.002096@outlook.com,2025-02-10
CNT_LIMORO_18011957F_042023,ADM_LIMORO_18011957F_042023,LIMORO_18011957F_042023,1,2027198713,linda.moore.001557@hospitalmail.com,2023-05-09
CNT_MAMIDA_27101986F_042022,ADM_MAMIDA_27101986F_042022,MAMIDA_27101986F_042022,1,2024326399,mary.miller.000359@outlook.com,2025-08-26
CNT_KARODA_29091970F_042020,ADM_KARODA_29091970F_042020,KARODA_29091970F_042020,1,2020882092,karen.rodriguez.000298@hospitalmail.com,2025-04-01
CNT_KATAMI_28032002F_092021,ADM_KATAMI_28032002F_092021,KATAMI_28032002F_092021,1,2026527682,karen.taylor.001387@outlook.com,2025-06-22
CNT_NASMJO_14012000F_072023,ADM_NASMJO_14012000F_072023,NASMJO_14012000F_072023,1,2028495462,nancy.smith.001449@outlook.com,2023-11-20
CNT_DAANMI_02091949M_092023,ADM_DAANMI_02091949M_092023,DAANMI_02091949M_092023,1,2028464601,david.anderson.002055@outlook.com,2025-10-28
CNT_NASMSM_14101969F_092021,ADM_NASMSM_14101969F_092021,NASMSM_14101969F_092021,1,2020199413,nancy.smith.000850@mail.com,2024-11-10
CNT_ELROMI_16121998F_022023,ADM_ELROMI_16121998F_022023,ELROMI_16121998F_022023,1,2025157004,elizabeth.rodriguez.001220@outlook.com,2023-12-25
CNT_ANJOWI_31051978M_112021,ADM_ANJOWI_31051978M_112021,ANJOWI_31051978M_112021,1,2028268807,anthony.jones.000633@gmail.com,2025-12-17
CNT_SAWIAN_06122000F_012022,ADM_SAWIAN_06122000F_012022,SAWIAN_06122000F_012022,1,2025506676,sarah.wilson.000492@gmail.com,2025-07-20
CNT_JEBRBR_15051970F_122021,ADM_JEBRBR_15051970F_122021,JEBRBR_15051970F_122021,1,2028062961,jessica.brown.000663@gmail.com,2024-03-12
CNT_ROWIWI_13111982M_042021,ADM_ROWIWI_13111982M_042021,ROWIWI_13111982M_042021,1,2029581317,robert.wilson.002100@gmail.com,2024-08-26
CNT_JOMIGA_13081948M_122021,ADM_JOMIGA_13081948M_122021,JOMIGA_13081948M_122021,1,2021398,joseph.miller.000407@mail.com,2023-02-08
CNT_ROBRMO_24121976M_112021,ADM_ROBRMO_24121976M_112021,ROBRMO_24121976M_112021,1,2028208414,robert.brown.000147@outlook.com,2025-12-18
CNT_NAWIGA_10071977F_082022,ADM_NAWIGA_10071977F_082022,NAWIGA_10071977F_082022,1,2029756653,nancy.williams.001523@hospitalmail.com,2024-02-10
CNT_MAMOMO_21061968F_042021,ADM_MAMOMO_21061968F_042021,MAMOMO_21061968F_042021,1,2022152222,mary.moore.001186@hospitalmail.com,2025-10-29
CNT_JEANGA_30051981F_102023,ADM_JEANGA_30051981F_102023,JEANGA_30051981F_102023,1,2026446567,jennifer.anderson.001234@mail.com,2023-10-12
CNT_SXANBR_13041943F_092023,ADM_SXANBR_13041943F_092023,SXANBR_13041943F_092023,1,2022810368,susan.anderson.001476@mail.com,2023-09-27
CNT_LIMAMO_01121965F_112020,ADM_LIMAMO_01121965F_112020,LIMAMO_01121965F_112020,1,12021662055,linda.martinez.000030@hospitalmail.com,2023-12-05
CNT_SADAAN_25121949F_022021,ADM_SADAAN_25121949F_022021,SADAAN_25121949F_022021,1,2026881699,sarah.davis.001558@mail.com,2025-03-02
CNT_NAJOJO_25031964F_072020,ADM_NAJOJO_25031964F_072020,NAJOJO_25031964F_072020,1,2022863580,nancy.johnson.000751@hospitalmail.com,2025-09-10
CNT_SATAJO_07101984F_092023,ADM_SATAJO_07101984F_092023,SATAJO_07101984F_092023,1,12028953236,sarah.taylor.001459@mail.com,2024-06-22
CNT_SASMRO_15021968F_082022,ADM_SASMRO_15021968F_082022,SASMRO_15021968F_082022,1,2022795995,sarah.smith.001308@outlook.com,2025-06-16
CNT_KXWIMA_12052005F_072023,ADM_KXWIMA_12052005F_072023,KXWIMA_12052005F_072023,1,2025476273,karen.williams.001657@outlook.com,2023-10-18
CNT_JEROWI_08031943F_042023,ADM_JEROWI_08031943F_042023,JEROWI_08031943F_042023,1,2025890737,jennifer.rodriguez.000267@hospitalmail.com,2024-03-09
CNT_DABRTA_13041967M_052023,ADM_DABRTA_13041967M_052023,DABRTA_13041967M_052023,1,2020093572,david.brown.001260@outlook.com,2023-05-11
CNT_DAMOMO_28031966M_052023,ADM_DAMOMO_28031966M_052023,DAMOMO_28031966M_052023,1,2026026357,daniel.moore.000868@mail.com,2025-08-10
CNT_CHANWI_26102003M_102023,ADM_CHANWI_26102003M_102023,CHANWI_26102003M_102023,1,12024400084,charles.anderson.000842@hospitalmail.com,2024-04-10
CNT_JEROMA_23061996F_092020,ADM_JEROMA_23061996F_092020,JEROMA_23061996F_092020,1,2021664,jessica.rodriguez.001806@outlook.com,2023-09-18
CNT_SAGARO_25101997F_122022,ADM_SAGARO_25101997F_122022,SAGARO_25101997F_122022,1,2027820557,sarah.garcia.001660@hospitalmail.com,2025-03-26
CNT_MXWIDA_01031976F_112020,ADM_MXWIDA_01031976F_112020,MXWIDA_01031976F_112020,1,2021070496,mary.wilson.000988@hospitalmail.com,2023-05-05
CNT_DAANMA_29051981M_032022,ADM_DAANMA_29051981M_032022,DAANMA_29051981M_032022,1,2028791092,daniel.anderson.000276@hospitalmail.com,2025-03-23
CNT_JEDAJO_18111987F_082021,ADM_JEDAJO_18111987F_082021,JEDAJO_18111987F_082021,1,2026027076,jennifer.davis.000545@hospitalmail.com,2025-08-16
CNT_LAMAWI_08042003F_032021,ADM_LAMAWI_08042003F_032021,LAMAWI_08042003F_032021,1,2027302064,laura.martinez.000272@gmail.com,2024-10-06
CNT_JEMIWI_05121987F_012021,ADM_JEMIWI_05121987F_012021,JEMIWI_05121987F_012021,1,12024389723,jessica.miller.002063@mail.com,2025-02-19
CNT_CHROAN_21041949M_112022,ADM_CHROAN_21041949M_112022,CHROAN_21041949M_112022,1,2028388574,charles.rodriguez.002196@mail.com,2024-05-22
CNT_EMJORO_17071969F_011900,ADM_EMJORO_17071969F_011900,EMJORO_17071969F_011900,1,2027355454,emily.jones.001174@mail.com,2023-06-02
CNT_ELWIAN_01071994F_012023,ADM_ELWIAN_01071994F_012023,ELWIAN_01071994F_012023,1,12023707104,elizabeth.wilson.000010@gmail.com,2025-10-14
CNT_MISMMA_15051965M_062021,ADM_MISMMA_15051965M_062021,MISMMA_15051965M_062021,1,2024269102,michael.smith.002105@gmail.com,2024-09-19
CNT_ROWIMO_31031989M_042023,ADM_ROWIMO_31031989M_042023,ROWIMO_31031989M_042023,1,12029725214,robert.wilson.002167@mail.com,2023-04-01
CNT_EMMOJO_11041993F_092021,ADM_EMMOJO_11041993F_092021,EMMOJO_11041993F_092021,1,2029757234,emily.moore.002225@gmail.com,2024-11-21
CNT_LAMIJO_19051938F_112021,ADM_LAMIJO_19051938F_112021,LAMIJO_19051938F_112021,1,2026471875,laura.miller.000817@outlook.com,2023-12-11
CNT_SADAWI_31032001F_122020,ADM_SADAWI_31032001F_122020,SADAWI_31032001F_122020,1,12024398863,sarah.davis.002136@mail.com,2025-10-02
CNT_SAJOMI_07042012F_012023,ADM_SAJOMI_07042012F_012023,SAJOMI_07042012F_012023,1,2020641805,sarah.johnson.000713@gmail.com,2024-04-24
CNT_LXJOJO_30111996F_011900,ADM_LXJOJO_30111996F_011900,LXJOJO_30111996F_011900,1,12021391576,,2023-06-15
CNT_ANSMAN_18052000M_112020,ADM_ANSMAN_18052000M_112020,ANSMAN_18052000M_112020,1,2020006197,anthony.smith.002109@mail.com,2025-05-27
CNT_SAJOTA_20111937F_022022,ADM_SAJOTA_20111937F_022022,SAJOTA_20111937F_022022,1,12022042437,sarah.jones.002030@mail.com,2025-10-27
CNT_KAMODA_08051980F_092022,ADM_KAMODA_08051980F_092022,KAMODA_08051980F_092022,1,12023906070,karen.moore.001778@gmail.com,2025-11-17
CNT_MAANJO_30111973F_022021,ADM_MAANJO_30111973F_022021,MAANJO_30111973F_022021,1,2020257298,mary.anderson.001587@outlook.com,2025-12-15
CNT_ANJOWI_25071959M_092023,ADM_ANJOWI_25071959M_092023,ANJOWI_25071959M_092023,1,2023819581,anthony.jones.001928@hospitalmail.com,2025-07-10
CNT_JETAMO_03081980F_112022,ADM_JETAMO_03081980F_112022,JETAMO_03081980F_112022,1,2029582505,jessica.taylor.001852@mail.com,2025-01-08
CNT_DAMAJO_21031958M_102022,ADM_DAMAJO_21031958M_102022,DAMAJO_21031958M_102022,1,2029519246,david.martinez.002005@mail.com,2023-10-04
CNT_ANDAWI_15011987M_092021,ADM_ANDAWI_15011987M_092021,ANDAWI_15011987M_092021,1,20276023,anthony.davis.001634@mail.com,2025-06-08
CNT_JERODA_06051966F_092023,ADM_JERODA_06051966F_092023,JERODA_06051966F_092023,1,2025715422,jessica.rodriguez.000223@mail.com,2024-08-08
CNT_THBRGA_15111998M_012022,ADM_THBRGA_15111998M_012022,THBRGA_15111998M_012022,1,2025154992,thomas.brown.001923@outlook.com,2025-09-07
CNT_LIBRBR_05021962F_122021,ADM_LIBRBR_05021962F_122021,LIBRBR_05021962F_122021,1,2023190063,linda.brown.001481@mail.com,2025-03-08
CNT_ANJOGA_22101978M_042023,ADM_ANJOGA_22101978M_042023,ANJOGA_22101978M_042023,1,202931007,anthony.jones.002049@hospitalmail.com,2023-04-03
CNT_JEJOAN_16041967F_062021,ADM_JEJOAN_16041967F_062021,JEJOAN_16041967F_062021,1,2023650295,jessica.jones.000949@hospitalmail.com,2023-03-01
CNT_KADAMO_08111966F_072021,ADM_KADAMO_08111966F_072021,KADAMO_08111966F_072021,1,2028129672,karen.davis.001230@hospitalmail.com,2025-07-09
CNT_EMANTA_01111960F_012021,ADM_EMANTA_01111960F_012021,EMANTA_01111960F_012021,1,2020045739,emily.anderson.000307@mail.com,2025-07-10
CNT_EMANRO_29011996F_012021,ADM_EMANRO_29011996F_012021,EMANRO_29011996F_012021,1,12028343823,emily.anderson.000706@gmail.com,2023-09-28
CNT_CHWIMI_22101966M_082020,ADM_CHWIMI_22101966M_082020,CHWIMI_22101966M_082020,1,12022835796,charles.wilson.000043@mail.com,2023-06-09
CNT_LIANDA_10091966F_022023,ADM_LIANDA_10091966F_022023,LIANDA_10091966F_022023,1,2029904304,linda.anderson.001543@outlook.com,2025-08-04
CNT_EMBRRO_01021946F_052021,ADM_EMBRRO_01021946F_052021,EMBRRO_01021946F_052021,1,2025632746,emily.brown.001048@hospitalmail.com,2023-01-04
CNT_PAGAWI_28041946F_022023,ADM_PAGAWI_28041946F_022023,PAGAWI_28041946F_022023,1,2026890157,patricia.garcia.001085@hospitalmail.com,2025-07-27
CNT_PAANJO_18022005F_042021,ADM_PAANJO_18022005F_042021,PAANJO_18022005F_042021,1,2022330785,patricia.anderson.001810@outlook.com,2025-02-28
CNT_LIWIMO_09071939F_042020,ADM_LIWIMO_09071939F_042020,LIWIMO_09071939F_042020,1,2027713118,linda.williams.001949@outlook.com,2023-12-09
CNT_ROSMMA_06022009M_012022,ADM_ROSMMA_06022009M_012022,ROSMMA_06022009M_012022,1,2021533222,robert.smith.000534@outlook.com,2025-03-29
CNT_DAWITA_16091935M_122023,ADM_DAWITA_16091935M_122023,DAWITA_16091935M_122023,1,2029748072,,2023-12-16
CNT_THJOXX_13091986M_072022,ADM_THJOXX_13091986M_072022,THJOXX_13091986M_072022,1,12027231511,,2023-12-05
CNT_LAMIWI_25011982F_112023,ADM_LAMIWI_25011982F_112023,LAMIWI_25011982F_112023,1,2022473016,laura.miller.001148@hospitalmail.com,2023-05-11
CNT_SUGAWI_31101955F_032023,ADM_SUGAWI_31101955F_032023,SUGAWI_31101955F_032023,1,12026323563,susan.garcia.000469@hospitalmail.com,2025-11-26
CNT_SAGABR_06041960F_112022,ADM_SAGABR_06041960F_112022,SAGABR_06041960F_112022,1,2020381,sarah.garcia.000044@outlook.com,2025-03-26
CNT_MAMADA_30031996F_012023,ADM_MAMADA_30031996F_012023,MAMADA_30031996F_012023,1,12027696237,mary.martinez.000506@gmail.com,2025-04-18
CNT_JEWIJO_28102006F_102023,ADM_JEWIJO_28102006F_102023,JEWIJO_28102006F_102023,1,2020168041,jennifer.williams.000029@mail.com,2023-10-30
CNT_CHGAMI_04111950M_022020,ADM_CHGAMI_04111950M_022020,CHGAMI_04111950M_022020,1,2020911720,charles.garcia.000004@hospitalmail.com,2025-09-20
CNT_DAWIAN_16022016M_012023,ADM_DAWIAN_16022016M_012023,DAWIAN_16022016M_012023,1,2024953303,david.williams.002159@gmail.com,2024-11-02
CNT_EMWIMA_22051945F_052021,ADM_EMWIMA_22051945F_052021,EMWIMA_22051945F_052021,1,2020150168,emily.williams.001239@gmail.com,2023-10-16
CNT_JOMOTA_14091998M_072023,ADM_JOMOTA_14091998M_072023,JOMOTA_14091998M_072023,1,2022040818,john.moore.001349@outlook.com,2024-04-09
CNT_JEMIRO_01011991F_042023,ADM_JEMIRO_01011991F_042023,JEMIRO_01011991F_042023,1,2024815975,jennifer.miller.002242@hospitalmail.com,2024-07-12
CNT_CHANGA_21071992M_052023,ADM_CHANGA_21071992M_052023,CHANGA_21071992M_052023,1,12024120353,charles.anderson.000169@hospitalmail.com,2023-05-09
CNT_CHBRMO_21092022M_032022,ADM_CHBRMO_21092022M_032022,CHBRMO_21092022M_032022,1,2025071708,charles.brown.001014@mail.com,2025-05-05
CNT_PADAGA_27021961F_012023,ADM_PADAGA_27021961F_012023,PADAGA_27021961F_012023,1,2024730609,patricia.davis.001473@hospitalmail.com,2023-11-28
CNT_DATAMO_31101940M_032020,ADM_DATAMO_31101940M_032020,DATAMO_31101940M_032020,1,2028855986,daniel.taylor.001107@gmail.com,2023-08-25
CNT_JEWIJO_25121968F_022021,ADM_JEWIJO_25121968F_022021,JEWIJO_25121968F_022021,1,12020918010,jennifer.wilson.000588@outlook.com,2023-12-12
CNT_GEJOSM_26061951M_082020,ADM_GEJOSM_26061951M_082020,GEJOSM_26061951M_082020,1,2028899384,george.jones.000145@outlook.com,2025-11-22
CNT_JEJOJO_20122005F_022021,ADM_JEJOJO_20122005F_022021,JEJOJO_20122005F_022021,1,2028125628,jennifer.johnson.001718@hospitalmail.com,2024-11-17
CNT_JABRTA_20101966M_012020,ADM_JABRTA_20101966M_012020,JABRTA_20101966M_012020,1,2022295307,james.brown.000627@hospitalmail.com,2025-08-19
CNT_ROTAWI_19081994M_092020,ADM_ROTAWI_19081994M_092020,ROTAWI_19081994M_092020,1,2028953295,robert.taylor.000488@hospitalmail.com,2023-12-06
CNT_THADWI_22041969M_062020,ADM_THADWI_22041969M_062020,THADWI_22041969M_062020,1,12026861714,thomas.anderson.001537@hospitalmail.com,2023-08-23
CNT_GEMAWI_29122002M_032021,ADM_GEMAWI_29122002M_032021,GEMAWI_29122002M_032021,1,2026664564,george.martinez.000978@hospitalmail.com,2024-06-15
CNT_PAGAJO_15081980F_062021,ADM_PAGAJO_15081980F_062021,PAGAJO_15081980F_062021,1,2027033326,patricia.garcia.001311@outlook.com,2024-12-27
CNT_JOGAWI_01081998M_022023,ADM_JOGAWI_01081998M_022023,JOGAWI_01081998M_022023,1,12023898489,john.garcia.000093@mail.com,2025-11-30
CNT_EMANBR_20082000F_032023,ADM_EMANBR_20082000F_032023,EMANBR_20082000F_032023,1,2023597611,emily.anderson.001162@outlook.com,2024-08-28
CNT_WIMOJO_14032002M_062023,ADM_WIMOJO_14032002M_062023,WIMOJO_14032002M_062023,1,2025607247,william.moore.002198@outlook.com,2023-09-02
CNT_DAJOTA_04121966M_122021,ADM_DAJOTA_04121966M_122021,DAJOTA_04121966M_122021,1,2020867167,daniel.johnson.000650@mail.com,2024-04-25
CNT_JEMISM_12101944F_102021,ADM_JEMISM_12101944F_102021,JEMISM_12101944F_102021,1,2021941048,jennifer.miller.000893@gmail.com,2025-11-30
CNT_MIANMI_07041942M_092022,ADM_MIANMI_07041942M_092022,MIANMI_07041942M_092022,1,202911853,michael.anderson.001399@outlook.com,2023-06-10
CNT_ELRORO_04111955F_072023,ADM_ELRORO_04111955F_072023,ELRORO_04111955F_072023,1,2025011418,elizabeth.rodriguez.000367@mail.com,2025-09-25
CNT_SABRGA_13101995F_072022,ADM_SABRGA_13101995F_072022,SABRGA_13101995F_072022,1,12029656403,sarah.brown.001312@gmail.com,2025-08-26
CNT_SASMRO_26031974F_092023,ADM_SASMRO_26031974F_092023,SASMRO_26031974F_092023,1,2028028268,sarah.smith.001385@outlook.com,2024-02-02
CNT_SUANBR_21061972F_102023,ADM_SUANBR_21061972F_102023,SUANBR_21061972F_102023,1,12025123976,susan.anderson.000137@mail.com,2024-03-20
CNT_MIWIDA_31071978M_072023,ADM_MIWIDA_31071978M_072023,MIWIDA_31071978M_072023,1,2029028096,michael.williams.001181@gmail.com,2024-02-07
CNT_JOBRTA_20011974M_012023,ADM_JOBRTA_20011974M_012023,JOBRTA_20011974M_012023,1,2023864974,john.brown.000554@mail.com,2024-04-04
CNT_LIBRJO_16012003F_042023,ADM_LIBRJO_16012003F_042023,LIBRJO_16012003F_042023,1,2024295884,linda.brown.001606@mail.com,2023-07-11
CNT_MIMOJO_03071941M_092021,ADM_MIMOJO_03071941M_092021,MIMOJO_03071941M_092021,1,12025523619,michael.moore.000299@mail.com,2025-05-19
CNT_KAWIWI_21072004F_082020,ADM_KAWIWI_21072004F_082020,KAWIWI_21072004F_082020,1,2021410657,karen.wilson.000254@mail.com,2025-08-12
CNT_PAWIJO_20101937F_092023,ADM_PAWIJO_20101937F_092023,PAWIJO_20101937F_092023,1,12025231306,patricia.wilson.000711@mail.com,2025-11-16
CNT_JESMJO_06111985F_052021,ADM_JESMJO_06111985F_052021,JESMJO_06111985F_052021,1,2020379354,jennifer.smith.001620@hospitalmail.com,2025-07-02
CNT_JABRRO_20051971M_102023,ADM_JABRRO_20051971M_102023,JABRRO_20051971M_102023,1,2026286714,james.brown.000941@gmail.com,2024-11-20
CNT_SATAGA_21121952F_042020,ADM_SATAGA_21121952F_042020,SATAGA_21121952F_042020,1,2021321897,sarah.taylor.000250@gmail.com,2024-04-24
CNT_LIGABR_01062001F_012023,ADM_LIGABR_01062001F_012023,LIGABR_01062001F_012023,1,2026009396,linda.garcia.000224@outlook.com,2025-11-12
CNT_NAGABR_03121984F_122020,ADM_NAGABR_03121984F_122020,NAGABR_03121984F_122020,1,2028393773,nancy.garcia.001006@gmail.com,2023-12-30
CNT_GEMAWI_24061981M_082023,ADM_GEMAWI_24061981M_082023,GEMAWI_24061981M_082023,1,2020189831,george.martinez.000130@mail.com,2025-02-24
CNT_MIDAMO_24052021M_122021,ADM_MIDAMO_24052021M_122021,MIDAMO_24052021M_122021,1,2020951951,michael.davis.000980@hospitalmail.com,2024-10-29
CNT_LIGAMO_19031990F_122022,ADM_LIGAMO_19031990F_122022,LIGAMO_19031990F_122022,1,2024980991,linda.garcia.000603@gmail.com,2024-06-16
CNT_MXMASM_02011979M_012020,ADM_MXMASM_02011979M_012020,MXMASM_02011979M_012020,1,2023615313,michael.martinez.000451@gmail.com,2024-12-05
CNT_KATAJO_13061937F_082023,ADM_KATAJO_13061937F_082023,KATAJO_13061937F_082023,1,2025328748,karen.taylor.002137@mail.com,2024-09-28
CNT_KAMOTA_20021971F_022022,ADM_KAMOTA_20021971F_022022,KAMOTA_20021971F_022022,1,20270393,karen.moore.001469@gmail.com,2024-04-20
CNT_GESMWI_23031991M_022023,ADM_GESMWI_23031991M_022023,GESMWI_23031991M_022023,1,2026192281,george.smith.001151@mail.com,2025-10-12
CNT_MIDARO_16121947M_102020,ADM_MIDARO_16121947M_102020,MIDARO_16121947M_102020,1,2020532189,michael.davis.001464@hospitalmail.com,2025-06-14
CNT_SASMXX_09052002F_092021,ADM_SASMXX_09052002F_092021,SASMXX_09052002F_092021,1,12022707647,sarah.smith.000447@hospitalmail.com,2023-08-09
CNT_MAMOTA_05052015F_012023,ADM_MAMOTA_05052015F_012023,MAMOTA_05052015F_012023,1,2020750217,mary.moore.002056@outlook.com,2025-02-13
CNT_ROANRO_23111948M_022023,ADM_ROANRO_23111948M_022023,ROANRO_23111948M_022023,1,2026570560,robert.anderson.001585@gmail.com,2025-05-06
CNT_GEMOTA_15012002M_072021,ADM_GEMOTA_15012002M_072021,GEMOTA_15012002M_072021,1,12024428444,george.moore.002093@mail.com,2023-03-28
CNT_JEGAJO_29051963F_012021,ADM_JEGAJO_29051963F_012021,JEGAJO_29051963F_012021,1,12027318950,,2023-01-06
CNT_JEMOWI_01121972F_032023,ADM_JEMOWI_01121972F_032023,JEMOWI_01121972F_032023,1,2022253345,jennifer.moore.002224@mail.com,2025-02-05
CNT_EMJOMA_03121984F_062020,ADM_EMJOMA_03121984F_062020,EMJOMA_03121984F_062020,1,2026848444,emily.jones.001407@gmail.com,2025-10-27
CNT_DAMABR_07021960M_112022,ADM_DAMABR_07021960M_112022,DAMABR_07021960M_112022,1,2021861358,david.martinez.000642@outlook.com,2025-11-26
CNT_JOJORO_06011944M_072020,ADM_JOJORO_06011944M_072020,JOJORO_06011944M_072020,1,202942350,joseph.johnson.002115@outlook.com,2024-02-05
CNT_SAMAWI_02091953F_092021,ADM_SAMAWI_02091953F_092021,SAMAWI_02091953F_092021,1,2023601520,sarah.martinez.000384@mail.com,2024-06-16
CNT_DASMRO_17091979M_062021,ADM_DASMRO_17091979M_062021,DASMRO_17091979M_062021,1,202299570,david.smith.000308@gmail.com,2023-12-02
CNT_ANBRJO_11011977M_082023,ADM_ANBRJO_11011977M_082023,ANBRJO_11011977M_082023,1,2020427346,anthony.brown.001012@hospitalmail.com,2024-08-26
CNT_LIMIXX_23022014F_112023,ADM_LIMIXX_23022014F_112023,LIMIXX_23022014F_112023,1,12020401783,linda.miller.001940@outlook.com,2023-11-16
CNT_GEMOAN_16041990M_112023,ADM_GEMOAN_16041990M_112023,GEMOAN_16041990M_112023,1,12025063709,george.moore.001664@outlook.com,2023-07-23
CNT_GEANMI_15041990M_122022,ADM_GEANMI_15041990M_122022,GEANMI_15041990M_122022,1,12023892560,george.anderson.001612@outlook.com,2025-10-17
CNT_CHANDA_22031958M_062023,ADM_CHANDA_22031958M_062023,CHANDA_22031958M_062023,1,2022982977,charles.anderson.001990@mail.com,2024-02-21
CNT_LAWIMI_01121982F_052022,ADM_LAWIMI_01121982F_052022,LAWIMI_01121982F_052022,1,2028441386,laura.williams.000240@hospitalmail.com,2025-12-13
CNT_ROBRRO_28061998M_102023,ADM_ROBRRO_28061998M_102023,ROBRRO_28061998M_102023,1,12025120167,robert.brown.000033@outlook.com,2023-10-04
CNT_LIGADA_17111945F_082021,ADM_LIGADA_17111945F_082021,LIGADA_17111945F_082021,1,12026884598,linda.garcia.002019@mail.com,2025-01-14
CNT_JEROMA_03051976F_062023,ADM_JEROMA_03051976F_062023,JEROMA_03051976F_062023,1,2021667988,jessica.rodriguez.000213@outlook.com,2024-12-08
CNT_NASMBR_07091975F_022020,ADM_NASMBR_07091975F_022020,NASMBR_07091975F_022020,1,2028642743,nancy.smith.001073@mail.com,2024-09-09
CNT_JXMAJO_24071997M_092020,ADM_JXMAJO_24071997M_092020,JXMAJO_24071997M_092020,1,12023353331,james.martinez.001901@outlook.com,2023-12-09
CNT_GEJORO_18081996M_112021,ADM_GEJORO_18081996M_112021,GEJORO_18081996M_112021,1,2023555160,george.johnson.002104@outlook.com,2025-11-15
CNT_SUANDA_30091991F_032022,ADM_SUANDA_30091991F_032022,SUANDA_30091991F_032022,1,2022895570,susan.anderson.001382@hospitalmail.com,2025-01-28
CNT_ELWIDA_27071964F_052023,ADM_ELWIDA_27071964F_052023,ELWIDA_27071964F_052023,1,12022113584,elizabeth.wilson.000229@outlook.com,2025-12-29
CNT_GEDAMI_20081987M_122023,ADM_GEDAMI_20081987M_122023,GEDAMI_20081987M_122023,1,12029934514,george.davis.002003@gmail.com,2023-12-16
CNT_LIWIBR_10111970F_012020,ADM_LIWIBR_10111970F_012020,LIWIBR_10111970F_012020,1,2021976660,linda.williams.001124@mail.com,2024-01-29
CNT_JEJOMI_01091988F_022021,ADM_JEJOMI_01091988F_022021,JEJOMI_01091988F_022021,1,2024915429,jennifer.johnson.000748@hospitalmail.com,2025-06-27
CNT_LIANTA_03111972F_042023,ADM_LIANTA_03111972F_042023,LIANTA_03111972F_042023,1,2026169659,linda.anderson.000300@outlook.com,2023-05-11
CNT_DABRDA_28041977M_022023,ADM_DABRDA_28041977M_022023,DABRDA_28041977M_022023,1,2021499561,daniel.brown.000440@mail.com,2025-07-15
CNT_LASMSM_27111995F_072021,ADM_LASMSM_27111995F_072021,LASMSM_27111995F_072021,1,2026522187,laura.smith.001998@outlook.com,2024-08-19
CNT_MIMISM_15101966M_102021,ADM_MIMISM_15101966M_102021,MIMISM_15101966M_102021,1,20261744,michael.miller.000089@mail.com,2024-01-31
CNT_PAJOBR_20121977F_052022,ADM_PAJOBR_20121977F_052022,PAJOBR_20121977F_052022,1,2023465350,patricia.jones.001445@hospitalmail.com,2023-04-12
CNT_GEMIAN_25011940M_112021,ADM_GEMIAN_25011940M_112021,GEMIAN_25011940M_112021,1,20280957,george.miller.000641@hospitalmail.com,2025-10-18
CNT_JAJORO_08051976M_052021,ADM_JAJORO_08051976M_052021,JAJORO_08051976M_052021,1,2022458552,james.jones.000372@mail.com,2024-09-29
CNT_SAWIMI_17111972F_032021,ADM_SAWIMI_17111972F_032021,SAWIMI_17111972F_032021,1,2027613477,sarah.wilson.002106@mail.com,2025-12-08
CNT_GEJOJO_25051993M_062021,ADM_GEJOJO_25051993M_062021,GEJOJO_25051993M_062021,1,2023536,george.jones.001644@mail.com,2024-03-24
CNT_THDAWI_15081996M_122022,ADM_THDAWI_15081996M_122022,THDAWI_15081996M_122022,1,2027756117,thomas.davis.001070@gmail.com,2024-10-14
CNT_SXDAWI_09031983F_072020,ADM_SXDAWI_09031983F_072020,SXDAWI_09031983F_072020,1,2021328485,sarah.davis.001848@hospitalmail.com,2023-11-08
CNT_JEMOJO_10011952F_072020,ADM_JEMOJO_10011952F_072020,JEMOJO_10011952F_072020,1,2027008696,jessica.moore.001029@outlook.com,2023-12-18
CNT_MIJOJO_08012011M_012020,ADM_MIJOJO_08012011M_012020,MIJOJO_08012011M_012020,1,202322321,michael.johnson.001943@hospitalmail.com,2025-11-08
CNT_NAGAMI_28061986F_022020,ADM_NAGAMI_28061986F_022020,NAGAMI_28061986F_022020,1,2020887544,,2025-08-14
CNT_NAANDA_14081969F_102021,ADM_NAANDA_14081969F_102021,NAANDA_14081969F_102021,1,2020458240,nancy.anderson.000600@hospitalmail.com,2025-09-21
CNT_JEWIMO_01081987F_062020,ADM_JEWIMO_01081987F_062020,JEWIMO_01081987F_062020,1,12026495055,jessica.wilson.001739@gmail.com,2025-06-19
CNT_ANROMA_07111993M_072020,ADM_ANROMA_07111993M_072020,ANROMA_07111993M_072020,1,2021958046,anthony.rodriguez.000160@gmail.com,2025-04-30
CNT_EMMISM_25101985F_012023,ADM_EMMISM_25101985F_012023,EMMISM_25101985F_012023,1,2021633915,emily.miller.002066@outlook.com,2024-08-03
CNT_ANDARO_07021949M_112022,ADM_ANDARO_07021949M_112022,ANDARO_07021949M_112022,1,2029391904,,2023-07-23
CNT_ANBRMO_23061963M_072023,ADM_ANBRMO_23061963M_072023,ANBRMO_23061963M_072023,1,12020125790,anthony.brown.000578@gmail.com,2025-01-28
CNT_ROJODA_14041964M_032023,ADM_ROJODA_14041964M_032023,ROJODA_14041964M_032023,1,2029537970,robert.jones.000438@gmail.com,2024-04-05
CNT_MAMIBR_27052007F_062023,ADM_MAMIBR_27052007F_062023,MAMIBR_27052007F_062023,1,2026063533,mary.miller.001024@mail.com,2024-12-13
CNT_DAWIXX_06121997M_042023,ADM_DAWIXX_06121997M_042023,DAWIXX_06121997M_042023,0,,,
CNT_JEROBR_08031940F_092020,ADM_JEROBR_08031940F_092020,JEROBR_08031940F_092020,1,2022168322,jennifer.rodriguez.000997@hospitalmail.com,2024-09-09
CNT_JAMISM_15081935M_102023,ADM_JAMISM_15081935M_102023,JAMISM_15081935M_102023,1,2028532,james.miller.001828@gmail.com,2023-02-16
CNT_EMSMGA_26111974F_112021,ADM_EMSMGA_26111974F_112021,EMSMGA_26111974F_112021,1,12026330741,emily.smith.001028@outlook.com,2025-10-06
CNT_DAGARO_13091998M_062021,ADM_DAGARO_13091998M_062021,DAGARO_13091998M_062021,1,2026518,daniel.garcia.000883@outlook.com,2024-08-02
CNT_JAANWI_08101973M_012022,ADM_JAANWI_08101973M_012022,JAANWI_08101973M_012022,1,2020940242,james.anderson.001963@gmail.com,2025-11-21
CNT_MAANDA_04092001F_082022,ADM_MAANDA_04092001F_082022,MAANDA_04092001F_082022,1,2025327608,mary.anderson.001106@gmail.com,2024-10-15
CNT_GEWIJO_12082002M_102023,ADM_GEWIJO_12082002M_102023,GEWIJO_12082002M_102023,1,2024903208,george.wilson.000064@gmail.com,2023-10-27
CNT_MABRTA_28121983F_092021,ADM_MABRTA_28121983F_092021,MABRTA_28121983F_092021,1,2020102644,mary.brown.000290@mail.com,2024-02-21
CNT_ELWIGA_13042008F_012023,ADM_ELWIGA_13042008F_012023,ELWIGA_13042008F_012023,1,2028576149,elizabeth.wilson.002052@gmail.com,2025-07-13
CNT_THRORO_05061976M_112020,ADM_THRORO_05061976M_112020,THRORO_05061976M_112020,1,12023658597,thomas.rodriguez.001146@hospitalmail.com,2023-06-18
CNT_THROBR_05061963M_022022,ADM_THROBR_05061963M_022022,THROBR_05061963M_022022,1,2024900984,thomas.rodriguez.001453@gmail.com,2025-09-20
CNT_JOBRMA_19081951M_012020,ADM_JOBRMA_19081951M_012020,JOBRMA_19081951M_012020,1,2021563899,joseph.brown.000559@gmail.com,2025-09-17
CNT_JOJOMA_07041984M_062020,ADM_JOJOMA_07041984M_062020,JOJOMA_07041984M_062020,1,12021908975,joseph.jones.002058@gmail.com,2024-08-28
CNT_JEDATA_03061969F_022023,ADM_JEDATA_03061969F_022023,JEDATA_03061969F_022023,1,2020007911,jennifer.davis.001967@outlook.com,2023-08-04
CNT_MAANMI_16122001F_112023,ADM_MAANMI_16122001F_112023,MAANMI_16122001F_112023,1,2022642799,mary.anderson.002035@gmail.com,2025-10-09
CNT_GEROTA_21112002M_112021,ADM_GEROTA_21112002M_112021,GEROTA_21112002M_112021,1,2027140060,george.rodriguez.000520@gmail.com,2025-12-20
CNT_ANJOJO_02101988M_052022,ADM_ANJOJO_02101988M_052022,ANJOJO_02101988M_052022,1,2025136954,anthony.jones.000680@outlook.com,2025-09-04
CNT_PASMMI_21071975F_032021,ADM_PASMMI_21071975F_032021,PASMMI_21071975F_032021,1,2022533066,patricia.smith.000051@gmail.com,2025-06-17
CNT_THJOAN_12081963M_092023,ADM_THJOAN_12081963M_092023,THJOAN_12081963M_092023,1,2023895470,thomas.jones.001132@outlook.com,2025-11-03
CNT_WIBRJO_09062007M_042023,ADM_WIBRJO_09062007M_042023,WIBRJO_09062007M_042023,1,12028933800,william.brown.001285@outlook.com,2023-07-03
CNT_ROMIMO_26121939M_022020,ADM_ROMIMO_26121939M_022020,ROMIMO_26121939M_022020,1,2021187598,robert.miller.002145@mail.com,2024-08-21
CNT_ELDAMI_16072006F_112022,ADM_ELDAMI_16072006F_112022,ELDAMI_16072006F_112022,1,2021807264,elizabeth.davis.002243@gmail.com,2023-01-09
CNT_THROSM_28021987M_052020,ADM_THROSM_28021987M_052020,THROSM_28021987M_052020,1,2021152018,thomas.rodriguez.001498@outlook.com,2025-11-05
CNT_DATAMO_10101990M_112022,ADM_DATAMO_10101990M_112022,DATAMO_10101990M_112022,1,12026128855,david.taylor.001335@gmail.com,2025-07-29
CNT_KAMIRO_31071980F_072021,ADM_KAMIRO_31071980F_072021,KAMIRO_31071980F_072021,1,12023626983,karen.miller.001503@gmail.com,2023-09-09
CNT_GEJOMI_05031996M_052023,ADM_GEJOMI_05031996M_052023,GEJOMI_05031996M_052023,1,2029810740,george.johnson.000246@outlook.com,2023-10-03
CNT_CHMAJO_24101995M_122022,ADM_CHMAJO_24101995M_122022,CHMAJO_24101995M_122022,1,2023567191,charles.martinez.000445@outlook.com,2025-04-24
CNT_JEWISM_16111969F_122023,ADM_JEWISM_16111969F_122023,JEWISM_16111969F_122023,1,2022645059,jessica.wilson.001662@outlook.com,2025-09-02
CNT_KAANSM_04021961F_062023,ADM_KAANSM_04021961F_062023,KAANSM_04021961F_062023,1,2022864933,karen.anderson.000539@hospitalmail.com,2025-08-08
CNT_MIBRRO_08021979M_082021,ADM_MIBRRO_08021979M_082021,MIBRRO_08021979M_082021,1,2023788492,michael.brown.001607@mail.com,2025-03-22
CNT_DAJOWI_08121980M_072023,ADM_DAJOWI_08121980M_072023,DAJOWI_08121980M_072023,1,202946486,daniel.jones.001625@mail.com,2023-12-21
CNT_JOMOAN_13111987M_062023,ADM_JOMOAN_13111987M_062023,JOMOAN_13111987M_062023,1,2028810013,john.moore.001182@outlook.com,2023-09-09
CNT_GEJOMI_22071994M_102021,ADM_GEJOMI_22071994M_102021,GEJOMI_22071994M_102021,1,2022249815,george.jones.000340@mail.com,2024-11-18
CNT_JOWIBR_25051960M_122022,ADM_JOWIBR_25051960M_122022,JOWIBR_25051960M_122022,1,2022963786,joseph.williams.000274@hospitalmail.com,2023-09-07
CNT_JEBRMA_21011964F_122021,ADM_JEBRMA_21011964F_122021,JEBRMA_21011964F_122021,1,12028167868,jessica.brown.000309@outlook.com,2025-07-21
CNT_JASMSM_06091946M_122022,ADM_JASMSM_06091946M_122022,JASMSM_06091946M_122022,1,2028743551,james.smith.001034@outlook.com,2025-03-02
CNT_JEJOJO_10071978F_042023,ADM_JEJOJO_10071978F_042023,JEJOJO_10071978F_042023,1,2026037048,jennifer.jones.000458@mail.com,2025-09-18
CNT_THDAMA_03111969M_032021,ADM_THDAMA_03111969M_032021,THDAMA_03111969M_032021,1,2028373367,thomas.davis.000449@outlook.com,2024-01-12
CNT_WIROXX_05121966M_011900,ADM_WIROXX_05121966M_011900,WIROXX_05121966M_011900,1,2028295826,william.rodriguez.000927@gmail.com,2023-12-16
CNT_SUANSM_18012006F_112023,ADM_SUANSM_18012006F_112023,SUANSM_18012006F_112023,1,2021533764,susan.anderson.000739@hospitalmail.com,2023-11-12
CNT_LIWIAN_08121990F_062023,ADM_LIWIAN_08121990F_062023,LIWIAN_08121990F_062023,1,12028570684,linda.wilson.002191@gmail.com,2023-03-10
CNT_DAGAAN_24061949M_102023,ADM_DAGAAN_24061949M_102023,DAGAAN_24061949M_102023,1,2029357118,daniel.garcia.000091@gmail.com,2023-10-07
CNT_JAMISM_15031937M_022022,ADM_JAMISM_15031937M_022022,JAMISM_15031937M_022022,1,2020742011,james.miller.001058@mail.com,2025-10-31
CNT_SAMIMA_28032009F_052023,ADM_SAMIMA_28032009F_052023,SAMIMA_28032009F_052023,1,2026367274,sarah.miller.001478@mail.com,2025-05-05
CNT_JEJOMI_27122000F_012023,ADM_JEJOMI_27122000F_012023,JEJOMI_27122000F_012023,1,2028854157,jennifer.jones.000962@hospitalmail.com,2024-07-19
CNT_MAMATA_06051977F_012023,ADM_MAMATA_06051977F_012023,MAMATA_06051977F_012023,1,2025429831,mary.martinez.001354@mail.com,2023-05-14
CNT_ANDAXX_27071969M_062020,ADM_ANDAXX_27071969M_062020,ANDAXX_27071969M_062020,1,2025852352,anthony.davis.000701@mail.com,2024-08-22
CNT_JOSMMO_21041982M_032023,ADM_JOSMMO_21041982M_032023,JOSMMO_21041982M_032023,1,12020658950,john.smith.000452@gmail.com,2023-05-08
CNT_JEDADA_18071962F_072023,ADM_JEDADA_18071962F_072023,JEDADA_18071962F_072023,1,2029943946,jessica.davis.001844@mail.com,2023-08-17
CNT_CXSMAN_30051988M_102023,ADM_CXSMAN_30051988M_102023,CXSMAN_30051988M_102023,1,2025428009,charles.smith.001224@hospitalmail.com,2025-05-13
CNT_ANWIMO_04041947M_082022,ADM_ANWIMO_04041947M_082022,ANWIMO_04041947M_082022,1,2025208458,anthony.williams.000614@outlook.com,2025-06-11
CNT_JEWIWI_15021966F_092022,ADM_JEWIWI_15021966F_092022,JEWIWI_15021966F_092022,1,2024844587,jennifer.wilson.000803@mail.com,2025-10-30
CNT_NATAWI_11041964F_012021,ADM_NATAWI_11041964F_012021,NATAWI_11041964F_012021,1,12029836219,nancy.taylor.001700@mail.com,2025-06-15
CNT_KATADA_14121951F_122021,ADM_KATADA_14121951F_122021,KATADA_14121951F_122021,1,2021192836,karen.taylor.002179@outlook.com,2025-05-09
CNT_GEMIDA_21121945M_082021,ADM_GEMIDA_21121945M_082021,GEMIDA_21121945M_082021,1,12025425301,,2024-09-27
CNT_JEWIJO_12092006F_052023,ADM_JEWIJO_12092006F_052023,JEWIJO_12092006F_052023,1,2022633521,jennifer.williams.000802@gmail.com,2024-03-31
CNT_MIBRDA_16031977M_032020,ADM_MIBRDA_16031977M_032020,MIBRDA_16031977M_032020,1,2027800842,michael.brown.001908@outlook.com,2024-08-19
CNT_WITAJO_17101935M_032021,ADM_WITAJO_17101935M_032021,WITAJO_17101935M_032021,1,2022580592,william.taylor.002073@mail.com,2024-09-08
CNT_NAJOWI_13091979F_042020,ADM_NAJOWI_13091979F_042020,NAJOWI_13091979F_042020,1,2025071560,nancy.johnson.002135@mail.com,2024-10-15
CNT_DAMOGA_26061972M_112020,ADM_DAMOGA_26061972M_112020,DAMOGA_26061972M_112020,1,2025820616,david.moore.000729@mail.com,2025-02-07
CNT_JOGAMI_25061981M_062023,ADM_JOGAMI_25061981M_062023,JOGAMI_25061981M_062023,1,12021847754,john.garcia.001386@gmail.com,2025-07-20
CNT_ROMASM_27041962M_092020,ADM_ROMASM_27041962M_092020,ROMASM_27041962M_092020,1,12024596925,robert.martinez.001794@outlook.com,2025-05-11
CNT_LATARO_22041973F_072022,ADM_LATARO_22041973F_072022,LATARO_22041973F_072022,1,20232504,laura.taylor.000162@mail.com,2025-10-17
CNT_ELDAWI_08111976F_052020,ADM_ELDAWI_08111976F_052020,ELDAWI_08111976F_052020,1,2028958724,elizabeth.davis.000834@outlook.com,2025-12-14
CNT_GEBRAN_25051973M_052020,ADM_GEBRAN_25051973M_052020,GEBRAN_25051973M_052020,1,2024859405,george.brown.001694@outlook.com,2024-02-21
CNT_MIMIXX_18091984M_052023,ADM_MIMIXX_18091984M_052023,MIMIXX_18091984M_052023,1,12025619913,michael.miller.002158@mail.com,2023-05-31
CNT_JOMOBR_21122008M_032022,ADM_JOMOBR_21122008M_032022,JOMOBR_21122008M_032022,1,2028529904,joseph.moore.000116@mail.com,2025-10-19
CNT_JEANDA_07071956F_092022,ADM_JEANDA_07071956F_092022,JEANDA_07071956F_092022,1,2024649934,jessica.anderson.002101@gmail.com,2025-06-07
CNT_LAGAJO_22011987F_072021,ADM_LAGAJO_22011987F_072021,LAGAJO_22011987F_072021,1,2021053565,laura.garcia.000623@gmail.com,2024-08-23
CNT_JEGAMO_23041950F_062023,ADM_JEGAMO_23041950F_062023,JEGAMO_23041950F_062023,1,2026886983,jessica.garcia.001515@gmail.com,2023-06-17
CNT_MIMOWI_10121972M_082021,ADM_MIMOWI_10121972M_082021,MIMOWI_10121972M_082021,1,2027513367,michael.moore.002132@gmail.com,2023-02-07
CNT_SUJOAN_30052024F_042022,ADM_SUJOAN_30052024F_042022,SUJOAN_30052024F_042022,1,2021540324,susan.johnson.001819@gmail.com,2024-05-25
CNT_MAANMA_11081945F_032023,ADM_MAANMA_11081945F_032023,MAANMA_11081945F_032023,1,2022553323,mary.anderson.001296@hospitalmail.com,2025-12-19
CNT_JODAAN_15051993M_022020,ADM_JODAAN_15051993M_022020,JODAAN_15051993M_022020,1,2020076873,john.davis.001947@mail.com,2025-11-16
CNT_ROWIAN_20041999M_102023,ADM_ROWIAN_20041999M_102023,ROWIAN_20041999M_102023,1,2024384205,,2023-09-17
CNT_JOTAMI_03121998M_032022,ADM_JOTAMI_03121998M_032022,JOTAMI_03121998M_032022,1,12026413874,joseph.taylor.001212@hospitalmail.com,2025-10-10
CNT_JODAAN_06101970M_082021,ADM_JODAAN_06101970M_082021,JODAAN_06101970M_082021,1,2020954559,john.davis.000196@mail.com,2025-05-11
CNT_JEMADA_09032007F_062023,ADM_JEMADA_09032007F_062023,JEMADA_09032007F_062023,1,2028040352,jessica.martinez.000546@mail.com,2023-09-30
CNT_GEJOSM_16021992M_042022,ADM_GEJOSM_16021992M_042022,GEJOSM_16021992M_042022,1,2027316448,george.jones.001247@hospitalmail.com,2024-04-19
CNT_EMJOMO_20062007F_012022,ADM_EMJOMO_20062007F_012022,EMJOMO_20062007F_012022,1,2023391714,emily.johnson.000846@gmail.com,2025-09-16
CNT_MIWITA_16031943M_062021,ADM_MIWITA_16031943M_062021,MIWITA_16031943M_062021,1,2023408572,michael.williams.000005@gmail.com,2025-12-26
CNT_JEBRWI_28041966F_072022,ADM_JEBRWI_28041966F_072022,JEBRWI_28041966F_072022,1,2026478139,jennifer.brown.000287@mail.com,2024-12-10
CNT_THWIRO_27041944M_052020,ADM_THWIRO_27041944M_052020,THWIRO_27041944M_052020,1,2022793474,thomas.wilson.002117@gmail.com,2025-12-03
CNT_SUANWI_19051936F_082021,ADM_SUANWI_19051936F_082021,SUANWI_19051936F_082021,1,2023304091,susan.anderson.000187@mail.com,2023-05-23
CNT_ELGAMA_24041977F_082023,ADM_ELGAMA_24041977F_082023,ELGAMA_24041977F_082023,1,12029773238,elizabeth.garcia.000916@mail.com,2023-08-01
CNT_KADAMA_17021946F_042020,ADM_KADAMA_17021946F_042020,KADAMA_17021946F_042020,1,2024837833,karen.davis.002154@mail.com,2025-02-17
CNT_KAGAJO_12121997F_012023,ADM_KAGAJO_12121997F_012023,KAGAJO_12121997F_012023,1,12024604035,karen.garcia.000119@mail.com,2025-06-19
CNT_DAWIWI_29022004M_032023,ADM_DAWIWI_29022004M_032023,DAWIWI_29022004M_032023,1,,daniel.wilson.000218@hospitalmail.com,2023-03-28
CNT_NAMAMI_19062005F_052022,ADM_NAMAMI_19062005F_052022,NAMAMI_19062005F_052022,1,2025425407,nancy.martinez.000720@outlook.com,2024-06-29
CNT_CHMAJO_24122006M_112022,ADM_CHMAJO_24122006M_112022,CHMAJO_24122006M_112022,1,2021751611,charles.martinez.000765@outlook.com,2023-04-16
CNT_THMIWI_09112004M_042021,ADM_THMIWI_09112004M_042021,THMIWI_09112004M_042021,1,2029111821,thomas.miller.000036@gmail.com,2025-02-04
CNT_KAMIWI_26021948F_042023,ADM_KAMIWI_26021948F_042023,KAMIWI_26021948F_042023,1,12028714778,karen.miller.000784@mail.com,2024-11-06
CNT_SUGAJO_14051963F_022023,ADM_SUGAJO_14051963F_022023,SUGAJO_14051963F_022023,1,2026958656,susan.garcia.002114@gmail.com,2025-04-28
CNT_JEMOJO_28041942F_032023,ADM_JEMOJO_28041942F_032023,JEMOJO_28041942F_032023,1,12021050738,jennifer.moore.001429@mail.com,2025-02-04
CNT_ROTABR_12052012M_012023,ADM_ROTABR_12052012M_012023,ROTABR_12052012M_012023,1,12025611850,robert.taylor.001300@outlook.com,2025-06-09
CNT_JEWIBR_28022014F_062022,ADM_JEWIBR_28022014F_062022,JEWIBR_28022014F_062022,1,2027368021,jessica.williams.000965@mail.com,2023-10-14
CNT_SAGABR_14041945F_102023,ADM_SAGABR_14041945F_102023,SAGABR_14041945F_102023,1,2027532739,sarah.garcia.002075@outlook.com,2024-12-09
CNT_SAJOMO_01031947F_102021,ADM_SAJOMO_01031947F_102021,SAJOMO_01031947F_102021,1,2021802547,sarah.jones.000202@hospitalmail.com,2023-11-11
CNT_SXTAJO_23101954F_082020,ADM_SXTAJO_23101954F_082020,SXTAJO_23101954F_082020,1,2024245571,sarah.taylor.000577@gmail.com,2023-07-16
CNT_MATAWI_30011967F_062020,ADM_MATAWI_30011967F_062020,MATAWI_30011967F_062020,1,2022062280,mary.taylor.001593@gmail.com,2025-03-21
CNT_JOSMJO_00000000M_072022,ADM_JOSMJO_00000000M_072022,JOSMJO_00000000M_072022,1,2029728410,joseph.smith.000931@outlook.com,2025-04-17
CNT_CHGAWI_05081953M_012023,ADM_CHGAWI_05081953M_012023,CHGAWI_05081953M_012023,1,2022667284,charles.garcia.000487@gmail.com,2023-04-26
CNT_ANJOMA_12081934M_012022,ADM_ANJOMA_12081934M_012022,ANJOMA_12081934M_012022,1,2024444198,anthony.jones.001458@outlook.com,2023-08-10
CNT_SAWIBR_09011964F_062020,ADM_SAWIBR_09011964F_062020,SAWIBR_09011964F_062020,1,2023786228,sarah.williams.001017@gmail.com,2025-11-06
CNT_MAWIMA_15102008F_032020,ADM_MAWIMA_15102008F_032020,MAWIMA_15102008F_032020,1,2027963613,mary.wilson.000747@gmail.com,2025-12-11
CNT_LAROTA_12111981F_042023,ADM_LAROTA_12111981F_042023,LAROTA_12111981F_042023,1,2020248499,laura.rodriguez.000723@gmail.com,2025-06-04
CNT_LAMAMA_16081984F_122023,ADM_LAMAMA_16081984F_122023,LAMAMA_16081984F_122023,1,2024686,laura.martinez.000317@mail.com,2023-04-14
CNT_JEWISM_14082005F_052023,ADM_JEWISM_14082005F_052023,JEWISM_14082005F_052023,1,2021747258,,2023-05-05
CNT_GEWIJO_28032023M_102021,ADM_GEWIJO_28032023M_102021,GEWIJO_28032023M_102021,1,12021933047,george.wilson.000886@gmail.com,2025-09-09
CNT_SAWIJO_05032015F_052022,ADM_SAWIJO_05032015F_052022,SAWIJO_05032015F_052022,1,12027606134,sarah.williams.001397@outlook.com,2025-10-08
CNT_SAJOJO_25011970F_102020,ADM_SAJOJO_25011970F_102020,SAJOJO_25011970F_102020,1,2029904821,sarah.johnson.001137@hospitalmail.com,2024-12-13
CNT_THTAMO_06101967M_072022,ADM_THTAMO_06101967M_072022,THTAMO_06101967M_072022,1,2020400364,thomas.taylor.000316@mail.com,2023-05-25
CNT_SASMJO_24051980F_112020,ADM_SASMJO_24051980F_112020,SASMJO_24051980F_112020,1,2020186563,sarah.smith.001544@hospitalmail.com,2025-09-14
CNT_KAROMI_12081982F_072023,ADM_KAROMI_12081982F_072023,KAROMI_12081982F_072023,1,2020682977,karen.rodriguez.000678@outlook.com,2023-07-15
CNT_DATAJO_28071996M_102020,ADM_DATAJO_28071996M_102020,DATAJO_28071996M_102020,1,2024247943,david.taylor.000158@gmail.com,2025-06-04
CNT_JAMAMO_28051948M_012020,ADM_JAMAMO_28051948M_012020,JAMAMO_28051948M_012020,1,20264963,james.martinez.000328@hospitalmail.com,2024-08-28
CNT_JEWIGA_13071953F_112023,ADM_JEWIGA_13071953F_112023,JEWIGA_13071953F_112023,1,2020589207,jennifer.williams.000828@hospitalmail.com,2025-04-10
CNT_MABRJO_17091981F_012023,ADM_MABRJO_17091981F_012023,MABRJO_17091981F_012023,1,2025438247,mary.brown.001196@outlook.com,2023-01-09
CNT_JXTAJO_20071941M_022023,ADM_JXTAJO_20071941M_022023,JXTAJO_20071941M_022023,1,2027487019,joseph.taylor.002116@outlook.com,2023-02-21
CNT_ANMAJO_09011967M_042023,ADM_ANMAJO_09011967M_042023,ANMAJO_09011967M_042023,1,2025527644,anthony.martinez.000894@hospitalmail.com,2025-10-10
CNT_CHBRWI_07071962M_012023,ADM_CHBRWI_07071962M_012023,CHBRWI_07071962M_012023,1,12028636550,charles.brown.001211@mail.com,2023-01-19
CNT_THROBR_01111984M_082021,ADM_THROBR_01111984M_082021,THROBR_01111984M_082021,1,20275440,thomas.rodriguez.000214@mail.com,2025-08-05
CNT_PADADA_13101956F_082020,ADM_PADADA_13101956F_082020,PADADA_13101956F_082020,1,2025588957,patricia.davis.000888@gmail.com,2025-07-02
CNT_DAWIMI_20051966M_012021,ADM_DAWIMI_20051966M_012021,DAWIMI_20051966M_012021,1,2025230192,daniel.wilson.000687@hospitalmail.com,2025-08-28
CNT_EMGAWI_24041983F_022021,ADM_EMGAWI_24041983F_022021,EMGAWI_24041983F_022021,1,2024581918,emily.garcia.000558@outlook.com,2025-11-09
CNT_JOWIJO_26121967M_102020,ADM_JOWIJO_26121967M_102020,JOWIJO_26121967M_102020,1,2024906267,joseph.williams.002113@hospitalmail.com,2025-10-10
CNT_SUGARO_30102005F_052021,ADM_SUGARO_30102005F_052021,SUGARO_30102005F_052021,1,2021800553,susan.garcia.001423@hospitalmail.com,2025-07-27
CNT_GEGASM_24081980M_102023,ADM_GEGASM_24081980M_102023,GEGASM_24081980M_102023,1,2025770215,george.garcia.002068@outlook.com,2025-12-01
CNT_JEDAJO_27062022F_042023,ADM_JEDAJO_27062022F_042023,JEDAJO_27062022F_042023,1,2025738366,jessica.davis.002067@mail.com,2024-07-22
CNT_JAMAMO_15091977M_022022,ADM_JAMAMO_15091977M_022022,JAMAMO_15091977M_022022,1,2023103820,james.martinez.001000@outlook.com,2025-07-01
CNT_ROMIWI_12042014M_022023,ADM_ROMIWI_12042014M_022023,ROMIWI_12042014M_022023,1,12025912208,robert.miller.000159@hospitalmail.com,2024-08-09
CNT_JEDAJO_01021968F_102020,ADM_JEDAJO_01021968F_102020,JEDAJO_01021968F_102020,1,2028166265,jennifer.davis.001866@mail.com,2024-08-16
CNT_MIMOJO_17012000M_042020,ADM_MIMOJO_17012000M_042020,MIMOJO_17012000M_042020,1,2028284301,michael.moore.000087@outlook.com,2025-05-23
CNT_JOSMTA_10031952M_042021,ADM_JOSMTA_10031952M_042021,JOSMTA_10031952M_042021,1,2025478823,john.smith.001996@hospitalmail.com,2024-05-19
CNT_ANMAMA_04111966M_042021,ADM_ANMAMA_04111966M_042021,ANMAMA_04111966M_042021,1,2021358635,anthony.martinez.000221@outlook.com,2024-12-04
CNT_THTYMI_29111985M_042021,ADM_THTYMI_29111985M_042021,THTYMI_29111985M_042021,1,2025541221,thomas.taylor.000513@gmail.com,2024-09-30
CNT_WIWIMI_30012002M_092021,ADM_WIWIMI_30012002M_092021,WIWIMI_30012002M_092021,1,2025711023,william.wilson.001973@hospitalmail.com,2025-09-16
CNT_DAGAJO_03111998M_032020,ADM_DAGAJO_03111998M_032020,DAGAJO_03111998M_032020,1,12025052195,daniel.garcia.000071@hospitalmail.com,2025-11-06
CNT_CHMAJO_14091949M_092020,ADM_CHMAJO_14091949M_092020,CHMAJO_14091949M_092020,1,12020795548,charles.martinez.001411@outlook.com,2024-09-18
CNT_NAJOGA_24061949F_022022,ADM_NAJOGA_24061949F_022022,NAJOGA_24061949F_022022,1,2021846938,nancy.johnson.000875@mail.com,2023-11-13
CNT_TXMAJO_30012005M_042023,ADM_TXMAJO_30012005M_042023,TXMAJO_30012005M_042023,1,2029446428,thomas.martinez.001538@gmail.com,2023-04-07
CNT_CHMIMI_31121987M_062023,ADM_CHMIMI_31121987M_062023,CHMIMI_31121987M_062023,1,2026583616,charles.miller.001838@hospitalmail.com,2024-10-13
CNT_MIWIDA_25041976M_032021,ADM_MIWIDA_25041976M_032021,MIWIDA_25041976M_032021,1,2020871139,michael.williams.000556@outlook.com,2025-05-18
CNT_JASMTA_23011968M_102023,ADM_JASMTA_23011968M_102023,JASMTA_23011968M_102023,1,2023767713,,2023-12-21
CNT_CHBRJO_24121966M_062022,ADM_CHBRJO_24121966M_062022,CHBRJO_24121966M_062022,1,12022293500,charles.brown.000722@mail.com,2024-06-13
CNT_CHSMRO_17041942M_062021,ADM_CHSMRO_17041942M_062021,CHSMRO_17041942M_062021,1,20238175,charles.smith.001139@gmail.com,2025-09-21
CNT_JEMOSM_05011995F_122020,ADM_JEMOSM_05011995F_122020,JEMOSM_05011995F_122020,1,12024506399,jennifer.moore.000114@gmail.com,2025-08-24
CNT_ANWIJO_13091944M_072022,ADM_ANWIJO_13091944M_072022,ANWIJO_13091944M_072022,1,2028497961,anthony.wilson.001183@gmail.com,2025-08-09
CNT_WIANWI_09081964M_122020,ADM_WIANWI_09081964M_122020,WIANWI_09081964M_122020,1,202184101,william.anderson.001206@hospitalmail.com,2023-11-16
CNT_ANJOMI_17021950M_072020,ADM_ANJOMI_17021950M_072020,ANJOMI_17021950M_072020,1,2023578,anthony.jones.000068@gmail.com,2023-03-22
CNT_MABRMA_22052009F_072022,ADM_MABRMA_22052009F_072022,MABRMA_22052009F_072022,1,2029099148,mary.brown.001377@outlook.com,2025-08-01
CNT_JOROMI_27031989M_052023,ADM_JOROMI_27031989M_052023,JOROMI_27031989M_052023,1,2025939687,john.rodriguez.000475@outlook.com,2025-10-21
CNT_EMROGA_18121996F_052021,ADM_EMROGA_18121996F_052021,EMROGA_18121996F_052021,1,2024569631,emily.rodriguez.000249@mail.com,2023-07-08
CNT_THGARO_28102012M_092023,ADM_THGARO_28102012M_092023,THGARO_28102012M_092023,1,12024326442,thomas.garcia.000669@mail.com,2025-04-26
CNT_KAMOJO_04071965F_052023,ADM_KAMOJO_04071965F_052023,KAMOJO_04071965F_052023,1,2022573308,karen.moore.001486@hospitalmail.com,2025-09-01
CNT_GEMAGA_15022007M_022022,ADM_GEMAGA_15022007M_022022,GEMAGA_15022007M_022022,1,2027470183,george.martinez.001853@gmail.com,2024-10-01
CNT_CHANGA_18092000M_112020,ADM_CHANGA_18092000M_112020,CHANGA_18092000M_112020,1,2021471145,charles.anderson.000255@outlook.com,2024-08-14
CNT_EMMOWI_20071969F_122022,ADM_EMMOWI_20071969F_122022,EMMOWI_20071969F_122022,1,2028041417,emily.moore.000156@mail.com,2025-04-26
CNT_NAMOAN_06042012F_062020,ADM_NAMOAN_06042012F_062020,NAMOAN_06042012F_062020,1,12022689672,nancy.moore.001362@hospitalmail.com,2025-10-16
CNT_SUROAN_20041984F_012023,ADM_SUROAN_20041984F_012023,SUROAN_20041984F_012023,1,2022745832,susan.rodriguez.000585@gmail.com,2024-11-06
CNT_JOWIMI_27102018M_062021,ADM_JOWIMI_27102018M_062021,JOWIMI_27102018M_062021,1,2026041341,joseph.williams.001187@mail.com,2025-06-22
CNT_JOMABR_16042008M_092020,ADM_JOMABR_16042008M_092020,JOMABR_16042008M_092020,1,2028674868,john.martinez.000178@outlook.com,2025-08-13
CNT_ANWIWI_30111973M_032023,ADM_ANWIWI_30111973M_032023,ANWIWI_30111973M_032023,1,2020141728,anthony.williams.000920@outlook.com,2025-07-24
CNT_SUSMSM_28111943F_012021,ADM_SUSMSM_28111943F_012021,SUSMSM_28111943F_012021,1,2026069055,susan.smith.001958@hospitalmail.com,2023-09-13
CNT_MAJOMA_26021971F_032023,ADM_MAJOMA_26021971F_032023,MAJOMA_26021971F_032023,1,2021836439,mary.jones.001954@outlook.com,2024-09-23
CNT_CHJOAN_15051995M_102022,ADM_CHJOAN_15051995M_102022,CHJOAN_15051995M_102022,1,2022448479,charles.johnson.000210@mail.com,2025-02-26
CNT_JAMAJO_22031950M_052023,ADM_JAMAJO_22031950M_052023,JAMAJO_22031950M_052023,1,12027409944,james.martinez.002171@outlook.com,2023-03-09
CNT_ELANWI_10021990F_012023,ADM_ELANWI_10021990F_012023,ELANWI_10021990F_012023,1,12029467325,elizabeth.anderson.001439@outlook.com,2025-06-09
CNT_PASMTA_21052004F_122021,ADM_PASMTA_21052004F_122021,PASMTA_21052004F_122021,1,2020044497,patricia.smith.001100@gmail.com,2024-02-14
CNT_DATAWI_26051962M_012021,ADM_DATAWI_26051962M_012021,DATAWI_26051962M_012021,1,202864347,david.taylor.001779@gmail.com,2025-04-30
CNT_SABRGA_09062004F_032020,ADM_SABRGA_09062004F_032020,SABRGA_09062004F_032020,1,2022828131,sarah.brown.001200@gmail.com,2025-01-14
CNT_EMMOTA_02112002F_052023,ADM_EMMOTA_02112002F_052023,EMMOTA_02112002F_052023,1,2025863920,,2023-10-03
CNT_JETAJO_02062010F_022020,ADM_JETAJO_02062010F_022020,JETAJO_02062010F_022020,1,12024363348,jennifer.taylor.002227@gmail.com,2025-11-12
CNT_GXDARO_10012023M_032023,ADM_GXDARO_10012023M_032023,GXDARO_10012023M_032023,1,2025837621,george.davis.000325@hospitalmail.com,2025-07-02
CNT_THROWI_23021951M_032023,ADM_THROWI_23021951M_032023,THROWI_23021951M_032023,1,12026813203,thomas.rodriguez.000796@gmail.com,2025-10-01
CNT_GEBRTA_13061984M_042021,ADM_GEBRTA_13061984M_042021,GEBRTA_13061984M_042021,1,2027699391,george.brown.001629@mail.com,2025-01-22
CNT_JEGARO_10042012F_112020,ADM_JEGARO_10042012F_112020,JEGARO_10042012F_112020,1,2020536786,jessica.garcia.001123@gmail.com,2024-12-16
CNT_JAJOJO_13081937M_022023,ADM_JAJOJO_13081937M_022023,JAJOJO_13081937M_022023,1,2021594,james.johnson.001683@gmail.com,2023-10-12
CNT_LAGAGA_12041997F_092023,ADM_LAGAGA_12041997F_092023,LAGAGA_12041997F_092023,1,2027141376,laura.garcia.001685@outlook.com,2025-08-01
CNT_NATASM_12011971F_102021,ADM_NATASM_12011971F_102021,NATASM_12011971F_102021,1,2026911879,nancy.taylor.001122@gmail.com,2024-09-30
CNT_ANDAAN_26111984M_102022,ADM_ANDAAN_26111984M_102022,ANDAAN_26111984M_102022,1,2027738081,anthony.davis.001890@hospitalmail.com,2025-07-04
CNT_JOJOAN_24091998M_122023,ADM_JOJOAN_24091998M_122023,JOJOAN_24091998M_122023,1,2026839935,joseph.johnson.002180@mail.com,2024-12-03
CNT_DASMAN_25071993M_042021,ADM_DASMAN_25071993M_042021,DASMAN_25071993M_042021,1,2024685,david.smith.001213@hospitalmail.com,2024-10-04
CNT_ELBODA_20101979F_072022,ADM_ELBODA_20101979F_072022,ELBODA_20101979F_072022,1,2025775727,elizabeth.brown.001728@gmail.com,2023-03-10
CNT_KAMOBR_14061982F_082020,ADM_KAMOBR_14061982F_082020,KAMOBR_14061982F_082020,1,2027348907,karen.moore.000634@outlook.com,2024-10-12
CNT_WIWITA_17081968M_072023,ADM_WIWITA_17081968M_072023,WIWITA_17081968M_072023,1,2021052518,william.williams.001320@outlook.com,2023-10-04
CNT_WIMITA_28101986M_032022,ADM_WIMITA_28101986M_032022,WIMITA_28101986M_032022,1,2026226175,william.miller.001465@mail.com,2023-05-09
CNT_ROMIGA_05092006M_122022,ADM_ROMIGA_05092006M_122022,ROMIGA_05092006M_122022,1,12025513632,robert.miller.001505@hospitalmail.com,2023-10-31
CNT_SAROMI_18121976F_092021,ADM_SAROMI_18121976F_092021,SAROMI_18121976F_092021,1,2021495,sarah.rodriguez.001121@mail.com,2024-03-07
CNT_ANROBR_18112021M_012023,ADM_ANROBR_18112021M_012023,ANROBR_18112021M_012023,1,2025675085,anthony.rodriguez.001023@gmail.com,2025-11-05
CNT_KATAJO_08061944F_092022,ADM_KATAJO_08061944F_092022,KATAJO_08061944F_092022,1,2023850152,karen.taylor.001402@gmail.com,2023-06-15
CNT_DAMAMO_15111981M_082023,ADM_DAMAMO_15111981M_082023,DAMAMO_15111981M_082023,1,2027933898,daniel.martinez.000007@gmail.com,2023-08-30
CNT_SAJODA_31071987F_042023,ADM_SAJODA_31071987F_042023,SAJODA_31071987F_042023,1,2023929043,sarah.jones.001847@gmail.com,2023-06-19
CNT_THMOWI_22091974M_052022,ADM_THMOWI_22091974M_052022,THMOWI_22091974M_052022,1,2029742284,thomas.moore.001824@hospitalmail.com,2024-09-13
CNT_JEBRDA_20111957F_032020,ADM_JEBRDA_20111957F_032020,JEBRDA_20111957F_032020,1,12023487749,jennifer.brown.002182@outlook.com,2025-05-19
CNT_JABRXX_24111958M_052021,ADM_JABRXX_24111958M_052021,JABRXX_24111958M_052021,1,2025652475,,2023-05-16
CNT_NABRGA_27061991F_112021,ADM_NABRGA_27061991F_112021,NABRGA_27061991F_112021,1,2027540225,nancy.brown.000860@gmail.com,2024-09-21
CNT_MIWIWI_21081988M_052023,ADM_MIWIWI_21081988M_052023,MIWIWI_21081988M_052023,1,2024413914,,2023-05-12
CNT_NARORO_07121985F_092021,ADM_NARORO_07121985F_092021,NARORO_07121985F_092021,1,2025091937,nancy.rodriguez.001324@gmail.com,2023-03-03
CNT_WIJODA_16022005M_062021,ADM_WIJODA_16022005M_062021,WIJODA_16022005M_062021,1,12029541421,william.johnson.001935@mail.com,2023-09-07
CNT_ELWIAN_07071976F_082022,ADM_ELWIAN_07071976F_082022,ELWIAN_07071976F_082022,1,2022074742,elizabeth.williams.001341@hospitalmail.com,2025-09-28
CNT_ANWIJO_06101989M_052020,ADM_ANWIJO_06101989M_052020,ANWIJO_06101989M_052020,1,2027491397,anthony.williams.001131@mail.com,2024-11-13
CNT_JAMOBR_20121967M_082021,ADM_JAMOBR_20121967M_082021,JAMOBR_20121967M_082021,1,2022078893,james.moore.001373@gmail.com,2024-06-08
CNT_SXGADA_27121965F_072023,ADM_SXGADA_27121965F_072023,SXGADA_27121965F_072023,1,2022078242,sarah.garcia.000929@hospitalmail.com,2023-07-08
CNT_THMAWI_05031973M_042022,ADM_THMAWI_05031973M_042022,THMAWI_05031973M_042022,1,2028577497,thomas.martinez.001711@gmail.com,2025-05-22
CNT_SAROAN_07051976F_102021,ADM_SAROAN_07051976F_102021,SAROAN_07051976F_102021,1,2028589389,sarah.rodriguez.000831@mail.com,2024-07-20
CNT_ELWIWI_02121990F_082023,ADM_ELWIWI_02121990F_082023,ELWIWI_02121990F_082023,1,2028321532,elizabeth.wilson.002029@outlook.com,2025-12-27
CNT_LABRMI_11061967F_022020,ADM_LABRMI_11061967F_022020,LABRMI_11061967F_022020,1,12026805414,laura.brown.000919@hospitalmail.com,2025-01-30
CNT_CHMOTA_30121969M_032021,ADM_CHMOTA_30121969M_032021,CHMOTA_30121969M_032021,1,2029283615,charles.moore.000836@gmail.com,2024-07-30
CNT_JETAWI_12092009F_032023,ADM_JETAWI_12092009F_032023,JETAWI_12092009F_032023,1,2024686027,jessica.taylor.001658@gmail.com,2023-06-10
CNT_JAANTA_04072018M_092023,ADM_JAANTA_04072018M_092023,JAANTA_04072018M_092023,1,2021164450,james.anderson.000344@hospitalmail.com,2024-09-06
CNT_ROMOMO_28092001M_082023,ADM_ROMOMO_28092001M_082023,ROMOMO_28092001M_082023,1,2021716220,robert.moore.000293@mail.com,2025-11-29
CNT_JETAGA_05031995F_032023,ADM_JETAGA_05031995F_032023,JETAGA_05031995F_032023,1,2029293176,jessica.taylor.000341@hospitalmail.com,2023-03-16
CNT_LARORO_03122006F_032022,ADM_LARORO_03122006F_032022,LARORO_03122006F_032022,1,12025577064,laura.rodriguez.001749@mail.com,2023-12-01
CNT_THWIRO_02091990M_072023,ADM_THWIRO_02091990M_072023,THWIRO_02091990M_072023,1,2028663491,thomas.wilson.000553@gmail.com,2025-07-27
CNT_GXMIMI_21051972M_062023,ADM_GXMIMI_21051972M_062023,GXMIMI_21051972M_062023,1,2027987740,george.miller.000460@hospitalmail.com,2023-06-02
CNT_ANDAMI_31101944M_032021,ADM_ANDAMI_31101944M_032021,ANDAMI_31101944M_032021,1,20233361,anthony.davis.000417@gmail.com,2023-09-17
CNT_JAWIMA_30031990M_032023,ADM_JAWIMA_30031990M_032023,JAWIMA_30031990M_032023,1,2022871779,james.williams.002043@outlook.com,2025-07-18
CNT_PAROTA_13091993F_082021,ADM_PAROTA_13091993F_082021,PAROTA_13091993F_082021,1,2023592254,patricia.rodriguez.001047@outlook.com,2024-04-18
CNT_GEJOAN_15091994M_102020,ADM_GEJOAN_15091994M_102020,GEJOAN_15091994M_102020,1,12026606440,george.johnson.001177@hospitalmail.com,2025-05-16
CNT_PXANMO_05041999F_062021,ADM_PXANMO_05041999F_062021,PXANMO_05041999F_062021,1,2025249089,patricia.anderson.001897@mail.com,2023-10-31
CNT_EMGAMI_12111979F_032020,ADM_EMGAMI_12111979F_032020,EMGAMI_12111979F_032020,1,2026936889,emily.garcia.000851@mail.com,2023-08-17
CNT_JEBRRO_29121980F_082021,ADM_JEBRRO_29121980F_082021,JEBRRO_29121980F_082021,1,2024507702,jennifer.brown.000795@outlook.com,2024-08-23
CNT_DATAWI_04071964M_062023,ADM_DATAWI_04071964M_062023,DATAWI_04071964M_062023,1,12024009220,david.taylor.001243@gmail.com,2023-06-10
CNT_NABRAN_16071938F_092023,ADM_NABRAN_16071938F_092023,NABRAN_16071938F_092023,1,2021420114,nancy.brown.001323@gmail.com,2025-10-11
CNT_CHJORO_26041975M_032023,ADM_CHJORO_26041975M_032023,CHJORO_26041975M_032023,1,2020090763,charles.jones.001198@mail.com,2023-06-04
CNT_JAMAMA_30112006M_082020,ADM_JAMAMA_30112006M_082020,JAMAMA_30112006M_082020,1,2029021860,james.martinez.002013@mail.com,2025-10-07
CNT_JOMAJO_06012012M_072022,ADM_JOMAJO_06012012M_072022,JOMAJO_06012012M_072022,1,2026701131,john.martinez.001836@hospitalmail.com,2024-10-07
CNT_DABRMO_23111992M_122021,ADM_DABRMO_23111992M_122021,DABRMO_23111992M_122021,1,2026512456,david.brown.001868@mail.com,2025-01-29
CNT_JEWIMA_28111963F_102023,ADM_JEWIMA_28111963F_102023,JEWIMA_28111963F_102023,1,12022178004,jennifer.williams.000073@mail.com,2025-05-09
CNT_CHROJO_31071995M_122020,ADM_CHROJO_31071995M_122020,CHROJO_31071995M_122020,1,2026105076,charles.rodriguez.001646@outlook.com,2025-05-13
CNT_KAMIBR_18081982F_032021,ADM_KAMIBR_18081982F_032021,KAMIBR_18081982F_032021,1,2024185107,karen.miller.000285@mail.com,2025-11-17
CNT_ROJOJO_25101988M_122023,ADM_ROJOJO_25101988M_122023,ROJOJO_25101988M_122023,1,2028348628,robert.johnson.000683@gmail.com,2024-10-27
CNT_GEROWI_23101984M_092020,ADM_GEROWI_23101984M_092020,GEROWI_23101984M_092020,1,2021300467,george.rodriguez.000832@hospitalmail.com,2025-06-13
CNT_JAMIWI_09121978M_072023,ADM_JAMIWI_09121978M_072023,JAMIWI_09121978M_072023,1,2026037856,james.miller.002021@mail.com,2025-01-06
CNT_LAJOBR_18011993F_052023,ADM_LAJOBR_18011993F_052023,LAJOBR_18011993F_052023,1,2023878533,laura.jones.001021@hospitalmail.com,2024-01-10
CNT_CHMAWI_06111973M_012023,ADM_CHMAWI_06111973M_012023,CHMAWI_06111973M_012023,1,2025221159,charles.martinez.000331@hospitalmail.com,2025-01-10
CNT_PARODA_09041999F_012022,ADM_PARODA_09041999F_012022,PARODA_09041999F_012022,1,2022091836,patricia.rodriguez.001395@mail.com,2024-05-14
CNT_JOWIRO_25031968M_012023,ADM_JOWIRO_25031968M_012023,JOWIRO_25031968M_012023,1,12023940179,joseph.wilson.000597@mail.com,2024-10-10
CNT_ROMAMA_18071997M_092020,ADM_ROMAMA_18071997M_092020,ROMAMA_18071997M_092020,1,2026264735,robert.martinez.001591@outlook.com,2024-12-25
CNT_ELBRTA_29061974F_102023,ADM_ELBRTA_29061974F_102023,ELBRTA_29061974F_102023,1,2020229591,elizabeth.brown.001355@hospitalmail.com,2025-04-19
CNT_NAMOMI_15122005F_012023,ADM_NAMOMI_15122005F_012023,NAMOMI_15122005F_012023,1,2021272135,nancy.moore.000891@mail.com,2025-08-20
CNT_THMOMO_16121987M_112022,ADM_THMOMO_16121987M_112022,THMOMO_16121987M_112022,1,12024261481,thomas.moore.000876@hospitalmail.com,2023-12-22
CNT_SUSMJO_25061980F_012021,ADM_SUSMJO_25061980F_012021,SUSMJO_25061980F_012021,1,2025054832,susan.smith.001134@mail.com,2024-10-30
CNT_JAMOXX_31031986M_092023,ADM_JAMOXX_31031986M_092023,JAMOXX_31031986M_092023,1,2020484193,james.moore.002095@hospitalmail.com,2023-09-13
CNT_MIMAWI_18121995M_022023,ADM_MIMAWI_18121995M_022023,MIMAWI_18121995M_022023,1,2023867179,michael.martinez.000441@gmail.com,2023-12-06
CNT_LAJOBR_09101992F_062020,ADM_LAJOBR_09101992F_062020,LAJOBR_09101992F_062020,1,2025225412,laura.jones.000942@hospitalmail.com,2024-12-15
CNT_ELANJO_03041935F_032023,ADM_ELANJO_03041935F_032023,ELANJO_03041935F_032023,1,20261590,elizabeth.anderson.000587@mail.com,2024-10-01
CNT_JXANBR_18101991M_072020,ADM_JXANBR_18101991M_072020,JXANBR_18101991M_072020,1,2025387407,,2023-12-01
CNT_THJOWI_17041998M_062020,ADM_THJOWI_17041998M_062020,THJOWI_17041998M_062020,1,20204723,thomas.johnson.001837@outlook.com,2025-11-21
CNT_SAANMI_27111968F_022023,ADM_SAANMI_27111968F_022023,SAANMI_27111968F_022023,1,2028435974,sarah.anderson.002239@outlook.com,2024-11-24
CNT_PAROMI_12022003F_122020,ADM_PAROMI_12022003F_122020,PAROMI_12022003F_122020,1,2022387721,patricia.rodriguez.000049@mail.com,2025-07-19
CNT_CHBRWI_09091994M_122023,ADM_CHBRWI_09091994M_122023,CHBRWI_09091994M_122023,1,2024629973,charles.brown.000991@mail.com,2023-12-01
CNT_JAGAMO_18041980M_082021,ADM_JAGAMO_18041980M_082021,JAGAMO_18041980M_082021,1,2022549137,james.garcia.000849@outlook.com,2025-05-19
CNT_ANJORO_05011977M_062021,ADM_ANJORO_05011977M_062021,ANJORO_05011977M_062021,1,2028064661,anthony.johnson.000721@hospitalmail.com,2025-08-31
CNT_ANGAMA_21021963M_112020,ADM_ANGAMA_21021963M_112020,ANGAMA_21021963M_112020,1,2029892943,anthony.garcia.001257@hospitalmail.com,2024-08-27
CNT_KAMOWI_29101942F_092023,ADM_KAMOWI_29101942F_092023,KAMOWI_29101942F_092023,1,2021742542,karen.moore.000197@hospitalmail.com,2023-09-06
CNT_KAWISM_24011997F_052023,ADM_KAWISM_24011997F_052023,KAWISM_24011997F_052023,1,12021146824,karen.wilson.000181@gmail.com,2023-05-25
CNT_SAMIAN_27101972F_012022,ADM_SAMIAN_27101972F_012022,SAMIAN_27101972F_012022,1,2026811843,sarah.miller.000526@mail.com,2025-12-10
CNT_DAMAMI_21101986M_052023,ADM_DAMAMI_21101986M_052023,DAMAMI_21101986M_052023,1,2025306488,david.martinez.002091@hospitalmail.com,2023-05-29
CNT_GEJODA_14032003M_022023,ADM_GEJODA_14032003M_022023,GEJODA_14032003M_022023,1,2022256398,george.jones.002185@mail.com,2024-12-03
CNT_NAANWI_11032005F_102023,ADM_NAANWI_11032005F_102023,NAANWI_11032005F_102023,1,2021344400,nancy.anderson.000674@gmail.com,2023-10-13
CNT_LIJOMA_16091971F_092020,ADM_LIJOMA_16091971F_092020,LIJOMA_16091971F_092020,1,12023912469,linda.johnson.002074@outlook.com,2023-06-13
CNT_JEMODA_20031997F_062020,ADM_JEMODA_20031997F_062020,JEMODA_20031997F_062020,1,2026286078,jessica.moore.000336@mail.com,2025-10-29
CNT_LASMJO_25072007F_032020,ADM_LASMJO_25072007F_032020,LASMJO_25072007F_032020,1,2029006195,laura.smith.002002@outlook.com,2025-08-23
CNT_MATARO_09061966F_042021,ADM_MATARO_09061966F_042021,MATARO_09061966F_042021,1,2027677822,mary.taylor.001551@mail.com,2025-06-20
CNT_ROWIRO_30011957M_082023,ADM_ROWIRO_30011957M_082023,ROWIRO_30011957M_082023,1,2023019153,robert.williams.001678@outlook.com,2023-08-17
CNT_MIJOBR_15092004M_122023,ADM_MIJOBR_15092004M_122023,MIJOBR_15092004M_122023,1,2027312803,michael.johnson.001082@hospitalmail.com,2024-10-05
CNT_PASMRO_04082005F_032021,ADM_PASMRO_04082005F_032021,PASMRO_04082005F_032021,1,12023054159,patricia.smith.000732@gmail.com,2024-03-20
CNT_KAROMA_26081984F_112021,ADM_KAROMA_26081984F_112021,KAROMA_26081984F_112021,1,2020277778,karen.rodriguez.000473@hospitalmail.com,2024-11-25
CNT_GEMIJO_10061958M_112023,ADM_GEMIJO_10061958M_112023,GEMIJO_10061958M_112023,1,2028149746,george.miller.002178@mail.com,2023-11-27
CNT_SAMATA_08121970F_112023,ADM_SAMATA_08121970F_112023,SAMATA_08121970F_112023,1,2027724635,sarah.martinez.000610@mail.com,2025-10-14
CNT_PAJOGA_14042024F_012022,ADM_PAJOGA_14042024F_012022,PAJOGA_14042024F_012022,1,12027815052,patricia.johnson.000271@outlook.com,2025-10-21
CNT_SABRTA_29041940F_102021,ADM_SABRTA_29041940F_102021,SABRTA_29041940F_102021,1,2021475608,sarah.brown.001791@gmail.com,2025-12-18
CNT_THJODA_23041962M_062023,ADM_THJODA_23041962M_062023,THJODA_23041962M_062023,1,2021007856,thomas.jones.001601@hospitalmail.com,2024-02-24
CNT_MAWIDA_01021948F_102020,ADM_MAWIDA_01021948F_102020,MAWIDA_01021948F_102020,1,2029673144,mary.wilson.001614@hospitalmail.com,2025-02-15
CNT_LISMJO_01032004F_092023,ADM_LISMJO_01032004F_092023,LISMJO_01032004F_092023,1,12028727252,linda.smith.000630@gmail.com,2023-11-17
CNT_DASMAN_29112010M_062023,ADM_DASMAN_29112010M_062023,DASMAN_29112010M_062023,1,2026020235,daniel.smith.000198@outlook.com,2025-10-16
CNT_JAWIMI_04121946M_032022,ADM_JAWIMI_04121946M_032022,JAWIMI_04121946M_032022,1,2022981203,james.williams.000591@hospitalmail.com,2024-09-24
CNT_SAWITA_10021962F_072023,ADM_SAWITA_10021962F_072023,SAWITA_10021962F_072023,1,12028425483,sarah.williams.001235@mail.com,2024-04-13
CNT_JXROWI_12031979M_012023,ADM_JXROWI_12031979M_012023,JXROWI_12031979M_012023,1,2027349487,james.rodriguez.002134@hospitalmail.com,2023-01-17
CNT_THDAAN_18021979M_042023,ADM_THDAAN_18021979M_042023,THDAAN_18021979M_042023,1,2022389920,thomas.davis.000807@outlook.com,2025-02-10
CNT_SXJORO_17122021F_032022,ADM_SXJORO_17122021F_032022,SXJORO_17122021F_032022,1,2025326485,susan.jones.000208@gmail.com,2023-05-25
CNT_CHROTA_12121991M_022024,ADM_CHROTA_12121991M_022024,CHROTA_12121991M_022024,1,12027137849,charles.rodriguez.001802@gmail.com,2024-02-04
CNT_MIJOMI_18121964M_072020,ADM_MIJOMI_18121964M_072020,MIJOMI_18121964M_072020,1,2024086252,michael.johnson.000416@outlook.com,2024-11-01
CNT_ANTAMO_12052000M_012020,ADM_ANTAMO_12052000M_012020,ANTAMO_12052000M_012020,1,2020654464,anthony.taylor.000059@outlook.com,2023-04-11
CNT_JAMITA_20012004M_012023,ADM_JAMITA_20012004M_012023,JAMITA_20012004M_012023,1,2023314747,james.miller.000579@gmail.com,2023-09-01
CNT_THJOMA_14101998M_052020,ADM_THJOMA_14101998M_052020,THJOMA_14101998M_052020,1,2027017314,thomas.jones.001854@hospitalmail.com,2023-01-28
CNT_THMAWI_08121980M_022020,ADM_THMAWI_08121980M_022020,THMAWI_08121980M_022020,1,2022578478,thomas.martinez.001583@mail.com,2024-09-13
CNT_DAANWI_07032000M_042021,ADM_DAANWI_07032000M_042021,DAANWI_07032000M_042021,1,12024877819,daniel.anderson.001748@mail.com,2024-07-29
CNT_THWIWI_11061944M_042021,ADM_THWIWI_11061944M_042021,THWIWI_11061944M_042021,1,2022351689,thomas.wilson.000814@outlook.com,2025-01-23
CNT_THGAMI_29061986M_082020,ADM_THGAMI_29061986M_082020,THGAMI_29061986M_082020,1,20223227,thomas.garcia.001834@outlook.com,2025-05-21
CNT_DAWIDA_19051962M_022023,ADM_DAWIDA_19051962M_022023,DAWIDA_19051962M_022023,1,2024965463,daniel.williams.001416@hospitalmail.com,2025-02-23
CNT_KABRBR_26042002F_042022,ADM_KABRBR_26042002F_042022,KABRBR_26042002F_042022,1,12025999504,karen.brown.000598@hospitalmail.com,2025-03-20
CNT_JODAWI_11041993M_052023,ADM_JODAWI_11041993M_052023,JODAWI_11041993M_052023,1,202701725,,2023-05-19
CNT_JOMIMI_27101977M_122020,ADM_JOMIMI_27101977M_122020,JOMIMI_27101977M_122020,1,12025610497,john.miller.002151@hospitalmail.com,2023-04-22
CNT_THANMA_10032003M_052021,ADM_THANMA_10032003M_052021,THANMA_10032003M_052021,1,2021792505,thomas.anderson.001712@outlook.com,2024-10-08
CNT_MIMORO_04081960M_042023,ADM_MIMORO_04081960M_042023,MIMORO_04081960M_042023,1,202192713,michael.moore.002201@outlook.com,2023-04-29
CNT_JEWIMI_26031999F_122020,ADM_JEWIMI_26031999F_122020,JEWIMI_26031999F_122020,1,2024600090,jennifer.williams.001966@mail.com,2025-11-12
CNT_LAWIMI_30101961F_102023,ADM_LAWIMI_30101961F_102023,LAWIMI_30101961F_102023,1,2029539392,laura.wilson.000248@hospitalmail.com,2024-10-02
CNT_LIMIAN_13061990F_122021,ADM_LIMIAN_13061990F_122021,LIMIAN_13061990F_122021,1,12029748759,linda.miller.001489@gmail.com,2023-08-20
CNT_DADAMI_28021968M_032023,ADM_DADAMI_28021968M_032023,DADAMI_28021968M_032023,1,2020860633,daniel.davis.000338@outlook.com,2025-09-09
CNT_ROANJO_13101956M_012023,ADM_ROANJO_13101956M_012023,ROANJO_13101956M_012023,1,2027843634,robert.anderson.001905@hospitalmail.com,2025-09-09
CNT_JEMAJO_26051974F_062021,ADM_JEMAJO_26051974F_062021,JEMAJO_26051974F_062021,1,2025692732,jessica.martinez.000129@gmail.com,2025-07-13
CNT_JOWIMI_29071965M_102021,ADM_JOWIMI_29071965M_102021,JOWIMI_29071965M_102021,1,2025994416,joseph.williams.001742@mail.com,2024-11-20
CNT_SAMIXX_12031965F_102023,ADM_SAMIXX_12031965F_102023,SAMIXX_12031965F_102023,1,12027199790,,2023-10-06
CNT_ELJOTA_11041965F_032023,ADM_ELJOTA_11041965F_032023,ELJOTA_11041965F_032023,1,2022621270,elizabeth.jones.000816@gmail.com,2023-03-10
CNT_ANWITA_05082023M_082021,ADM_ANWITA_05082023M_082021,ANWITA_05082023M_082021,1,2023767935,anthony.wilson.000569@hospitalmail.com,2024-06-21
CNT_THBRSM_14011982M_052021,ADM_THBRSM_14011982M_052021,THBRSM_14011982M_052021,1,12020410665,thomas.brown.000974@hospitalmail.com,2024-12-09
CNT_SADAMA_05032019F_092023,ADM_SADAMA_05032019F_092023,SADAMA_05032019F_092023,1,2026489022,sarah.davis.002199@mail.com,2024-10-26
CNT_NAWISM_02041936F_112023,ADM_NAWISM_02041936F_112023,NAWISM_02041936F_112023,1,12029565760,nancy.williams.001770@outlook.com,2023-11-07
CNT_MAMODA_07071972F_122020,ADM_MAMODA_07071972F_122020,MAMODA_07071972F_122020,1,,mary.moore.000697@hospitalmail.com,2023-02-21
CNT_MAMOMA_08072001F_012023,ADM_MAMOMA_08072001F_012023,MAMOMA_08072001F_012023,1,2020923042,mary.moore.000410@hospitalmail.com,2025-08-29
CNT_PAANWI_20111993F_072023,ADM_PAANWI_20111993F_072023,PAANWI_20111993F_072023,1,2028938086,patricia.anderson.001982@gmail.com,2023-06-08
CNT_PAMAMI_08121973F_082022,ADM_PAMAMI_08121973F_082022,PAMAMI_08121973F_082022,1,2020006998,patricia.martinez.001108@hospitalmail.com,2025-05-22
CNT_PAMAGA_09111988F_052021,ADM_PAMAGA_09111988F_052021,PAMAGA_09111988F_052021,1,12029007217,patricia.martinez.000281@outlook.com,2024-11-13
CNT_THBRSM_19011999M_112022,ADM_THBRSM_19011999M_112022,THBRSM_19011999M_112022,1,2024023130,thomas.brown.000878@hospitalmail.com,2025-11-24
CNT_TXGAJO_27121968M_062023,ADM_TXGAJO_27121968M_062023,TXGAJO_27121968M_062023,1,2021813458,thomas.garcia.001056@mail.com,2023-06-26
CNT_MASMMI_28091970F_052023,ADM_MASMMI_28091970F_052023,MASMMI_28091970F_052023,1,,mary.smith.001731@outlook.com,2023-07-21
CNT_THMIWI_01062003M_072022,ADM_THMIWI_01062003M_072022,THMIWI_01062003M_072022,1,2027994306,thomas.miller.001067@mail.com,2025-06-10
CNT_GEROJO_05121965M_042023,ADM_GEROJO_05121965M_042023,GEROJO_05121965M_042023,1,12025262012,george.rodriguez.000261@gmail.com,2025-07-17
CNT_JEANBR_24112004F_042020,ADM_JEANBR_24112004F_042020,JEANBR_24112004F_042020,1,2022192549,jessica.anderson.001969@outlook.com,2025-10-01
CNT_JOJOGA_29071994M_012021,ADM_JOJOGA_29071994M_012021,JOJOGA_29071994M_012021,1,2029014077,john.jones.001784@outlook.com,2025-11-25
CNT_GESMRO_01011982M_042020,ADM_GESMRO_01011982M_042020,GESMRO_01011982M_042020,1,12025214170,george.smith.000042@outlook.com,2025-04-30
CNT_NATARO_03121995F_012023,ADM_NATARO_03121995F_012023,NATARO_03121995F_012023,1,2028176354,nancy.taylor.001977@mail.com,2024-12-23
CNT_MIWIAN_04051976M_032023,ADM_MIWIAN_04051976M_032023,MIWIAN_04051976M_032023,1,2027114089,michael.williams.000737@outlook.com,2024-10-05
CNT_PAJOWI_30082024F_112020,ADM_PAJOWI_30082024F_112020,PAJOWI_30082024F_112020,1,2023205938,patricia.johnson.000008@mail.com,2025-11-07
CNT_NASMTA_21041961F_042023,ADM_NASMTA_21041961F_042023,NASMTA_21041961F_042023,1,12023919953,nancy.smith.000644@gmail.com,2024-03-26
CNT_THSMTA_26031990M_062021,ADM_THSMTA_26031990M_062021,THSMTA_26031990M_062021,1,2020600732,thomas.smith.001322@outlook.com,2023-05-06
CNT_SUJOTA_29081958F_042022,ADM_SUJOTA_29081958F_042022,SUJOTA_29081958F_042022,1,2024657513,susan.johnson.002119@hospitalmail.com,2024-07-04
CNT_EMMOWI_09121991F_042023,ADM_EMMOWI_09121991F_042023,EMMOWI_09121991F_042023,1,2026520868,emily.moore.000657@gmail.com,2025-12-01
CNT_CHJOGA_07061979M_122021,ADM_CHJOGA_07061979M_122021,CHJOGA_07061979M_122021,1,12023908713,charles.jones.000899@hospitalmail.com,2025-07-07
CNT_SXTAAN_31011996F_112020,ADM_SXTAAN_31011996F_112020,SXTAAN_31011996F_112020,1,12025584759,sarah.taylor.000289@mail.com,2024-04-11
CNT_RODAMO_08021965M_092023,ADM_RODAMO_08021965M_092023,RODAMO_08021965M_092023,1,2022543304,robert.davis.001995@outlook.com,2023-12-29
CNT_GEWIGA_20021979M_032023,ADM_GEWIGA_20021979M_032023,GEWIGA_20021979M_032023,1,2027017058,george.williams.001360@mail.com,2023-03-17
CNT_WIMIMO_11121999M_042023,ADM_WIMIMO_11121999M_042023,WIMIMO_11121999M_042023,1,12027919937,william.miller.001485@gmail.com,2025-03-11
CNT_ROJOMA_28101974M_012023,ADM_ROJOMA_28101974M_012023,ROJOMA_28101974M_012023,1,2023748908,robert.johnson.002172@hospitalmail.com,2023-12-27
CNT_EMJOWI_21101965F_092020,ADM_EMJOWI_21101965F_092020,EMJOWI_21101965F_092020,1,2028754554,emily.jones.001079@hospitalmail.com,2025-02-03
CNT_MASMJO_29101983F_092023,ADM_MASMJO_29101983F_092023,MASMJO_29101983F_092023,1,2021659253,mary.smith.000709@hospitalmail.com,2025-05-08
CNT_MAWIMI_04081977F_072020,ADM_MAWIMI_04081977F_072020,MAWIMI_04081977F_072020,1,2022781637,mary.wilson.000176@hospitalmail.com,2024-01-24
CNT_KAJOBR_02111999F_032023,ADM_KAJOBR_02111999F_032023,KAJOBR_02111999F_032023,1,2028464562,karen.jones.001727@gmail.com,2025-11-07
CNT_LIANBR_30032004F_102023,ADM_LIANBR_30032004F_102023,LIANBR_30032004F_102023,1,12029025921,linda.anderson.000418@hospitalmail.com,2024-02-19
CNT_JABRGA_22021990M_052021,ADM_JABRGA_22021990M_052021,JABRGA_22021990M_052021,1,2023235484,james.brown.000351@hospitalmail.com,2023-11-04
CNT_MITAAN_07122012M_072023,ADM_MITAAN_07122012M_072023,MITAAN_07122012M_072023,1,2021154889,michael.taylor.000273@gmail.com,2025-10-12
CNT_MIMIMA_01022000M_052022,ADM_MIMIMA_01022000M_052022,MIMIMA_01022000M_052022,1,2028299250,michael.miller.000946@hospitalmail.com,2025-12-26
CNT_WIMOJO_05072003M_092020,ADM_WIMOJO_05072003M_092020,WIMOJO_05072003M_092020,1,2020069117,william.moore.000961@gmail.com,2025-09-16
CNT_SAWIBR_21011993F_072022,ADM_SAWIBR_21011993F_072022,SAWIBR_21011993F_072022,1,2025365260,sarah.williams.001911@gmail.com,2025-10-25
CNT_SAWITA_28061954F_062020,ADM_SAWITA_28061954F_062020,SAWITA_28061954F_062020,1,2021492689,sarah.wilson.000777@gmail.com,2024-04-12
CNT_DAMIMA_15041946M_122022,ADM_DAMIMA_15041946M_122022,DAMIMA_15041946M_122022,1,2027098668,daniel.miller.000907@hospitalmail.com,2025-12-30
CNT_LABRTA_22091967F_092020,ADM_LABRTA_22091967F_092020,LABRTA_22091967F_092020,1,12026540876,laura.brown.000976@hospitalmail.com,2023-11-14
CNT_SUDAWI_15051980F_042020,ADM_SUDAWI_15051980F_042020,SUDAWI_15051980F_042020,1,2021669417,susan.davis.000157@hospitalmail.com,2024-03-01
CNT_MIWIMA_30121942M_052023,ADM_MIWIMA_30121942M_052023,MIWIMA_30121942M_052023,1,20274869,michael.wilson.001573@gmail.com,2023-10-01
CNT_ELMODA_30052006F_012023,ADM_ELMODA_30052006F_012023,ELMODA_30052006F_012023,1,12023326242,elizabeth.moore.000259@outlook.com,2023-01-22
CNT_JOANJO_29102023M_052020,ADM_JOANJO_29102023M_052020,JOANJO_29102023M_052020,1,2027196612,joseph.anderson.001506@outlook.com,2024-09-15
CNT_WIMASM_16091962M_072023,ADM_WIMASM_16091962M_072023,WIMASM_16091962M_072023,1,2024280890,william.martinez.001898@mail.com,2023-12-08
CNT_THANMI_12122020M_011900,ADM_THANMI_12122020M_011900,THANMI_12122020M_011900,1,2023171391,thomas.anderson.000236@outlook.com,2023-05-22
CNT_DADABR_06061962M_062023,ADM_DADABR_06061962M_062023,DADABR_06061962M_062023,1,2022939090,david.davis.000364@hospitalmail.com,2025-08-02
CNT_MAGAMA_06062006F_022020,ADM_MAGAMA_06062006F_022020,MAGAMA_06062006F_022020,1,12021609338,mary.garcia.001319@outlook.com,2025-11-07
CNT_CHJOMI_18051968M_122020,ADM_CHJOMI_18051968M_122020,CHJOMI_18051968M_122020,1,2028068192,charles.jones.001561@mail.com,2025-10-17
CNT_KAMIGA_26051995F_032021,ADM_KAMIGA_26051995F_032021,KAMIGA_26051995F_032021,1,12021335213,karen.miller.001193@hospitalmail.com,2025-12-05
CNT_CHMIWI_15111943M_042021,ADM_CHMIWI_15111943M_042021,CHMIWI_15111943M_042021,1,2024038627,charles.miller.000857@gmail.com,2024-12-31
CNT_LIMIGA_16071942F_012020,ADM_LIMIGA_16071942F_012020,LIMIGA_16071942F_012020,1,2028494391,linda.miller.002042@gmail.com,2025-05-31
CNT_ROANSM_16091967M_052021,ADM_ROANSM_16091967M_052021,ROANSM_16091967M_052021,1,2020707363,robert.anderson.001071@outlook.com,2025-11-22
CNT_GEWIMI_24061983M_042020,ADM_GEWIMI_24061983M_042020,GEWIMI_24061983M_042020,1,202220586,george.williams.002062@outlook.com,2024-09-01
CNT_LAJOMO_21101983F_082023,ADM_LAJOMO_21101983F_082023,LAJOMO_21101983F_082023,1,12025238764,,2023-08-01
CNT_SUBRJO_17091973F_022020,ADM_SUBRJO_17091973F_022020,SUBRJO_17091973F_022020,1,2020921937,susan.brown.001860@outlook.com,2025-03-17
CNT_GEJOWI_11021949M_082022,ADM_GEJOWI_11021949M_082022,GEJOWI_11021949M_082022,1,2029261559,george.jones.001651@mail.com,2025-08-27
CNT_JASMDA_28021973M_052023,ADM_JASMDA_28021973M_052023,JASMDA_28021973M_052023,1,2029953899,james.smith.000455@mail.com,2025-11-06
CNT_TXMIRO_31121964M_092023,ADM_TXMIRO_31121964M_092023,TXMIRO_31121964M_092023,1,12025987502,thomas.miller.000128@outlook.com,2023-09-06
CNT_KABRDA_11031987F_122020,ADM_KABRDA_11031987F_122020,KABRDA_11031987F_122020,1,12022709750,karen.brown.001864@hospitalmail.com,2025-12-07
CNT_ELBRBR_16031950F_072021,ADM_ELBRBR_16031950F_072021,ELBRBR_16031950F_072021,1,2021961238,elizabeth.brown.000647@hospitalmail.com,2025-06-20
CNT_DAWIWI_29031954M_032022,ADM_DAWIWI_29031954M_032022,DAWIWI_29031954M_032022,1,2028451905,daniel.wilson.002094@hospitalmail.com,2025-11-04
CNT_LIROAN_24101988F_082021,ADM_LIROAN_24101988F_082021,LIROAN_24101988F_082021,1,2022591100,linda.rodriguez.000193@mail.com,2023-07-09
CNT_CHBRJO_23051970M_062021,ADM_CHBRJO_23051970M_062021,CHBRJO_23051970M_062021,1,12023590576,charles.brown.001167@mail.com,2024-12-28
CNT_JEANJO_01121987F_102021,ADM_JEANJO_01121987F_102021,JEANJO_01121987F_102021,1,2029329755,jennifer.anderson.000648@gmail.com,2024-03-13
CNT_PAROMI_25091979F_072022,ADM_PAROMI_25091979F_072022,PAROMI_25091979F_072022,1,2022885380,patricia.rodriguez.000320@gmail.com,2023-05-01
CNT_ELGARO_22061972F_032020,ADM_ELGARO_22061972F_032020,ELGARO_22061972F_032020,1,2020094734,elizabeth.garcia.001578@outlook.com,2024-07-30
CNT_JOMIBR_17041996M_112021,ADM_JOMIBR_17041996M_112021,JOMIBR_17041996M_112021,1,2027190494,john.miller.001751@gmail.com,2025-05-14
CNT_JOROBR_27101959M_012023,ADM_JOROBR_27101959M_012023,JOROBR_27101959M_012023,1,2028689115,john.rodriguez.000084@gmail.com,2025-10-13
CNT_CHMOJO_01012004M_032020,ADM_CHMOJO_01012004M_032020,CHMOJO_01012004M_032020,1,2025751253,charles.moore.002221@mail.com,2024-06-23
CNT_CHDASM_28012002M_042023,ADM_CHDASM_28012002M_042023,CHDASM_28012002M_042023,1,2025820132,charles.davis.001210@hospitalmail.com,2024-07-11
CNT_JOSMWI_01031966M_062020,ADM_JOSMWI_01031966M_062020,JOSMWI_01031966M_062020,1,2029691268,joseph.smith.001344@gmail.com,2025-01-28
CNT_CHWIRO_14111955M_062023,ADM_CHWIRO_14111955M_062023,CHWIRO_14111955M_062023,1,2023178316,charles.wilson.000171@gmail.com,2025-11-04
CNT_JEMOMA_19021976F_102023,ADM_JEMOMA_19021976F_102023,JEMOMA_19021976F_102023,1,12023569696,jessica.moore.000661@outlook.com,2023-10-08
CNT_GEWIBR_18051995M_072023,ADM_GEWIBR_18051995M_072023,GEWIBR_18051995M_072023,1,12024576620,george.williams.002023@hospitalmail.com,2023-07-29
CNT_MIMASM_16042002M_122023,ADM_MIMASM_16042002M_122023,MIMASM_16042002M_122023,1,2022193142,michael.martinez.002016@gmail.com,2024-12-23
CNT_JEJODA_17072018F_052022,ADM_JEJODA_17072018F_052022,JEJODA_17072018F_052022,1,2028910375,jessica.jones.002102@gmail.com,2025-08-26
CNT_ELSMGA_27092015F_052021,ADM_ELSMGA_27092015F_052021,ELSMGA_27092015F_052021,1,2022233770,elizabeth.smith.001874@outlook.com,2025-09-15
CNT_LIJOMA_20061996F_082023,ADM_LIJOMA_20061996F_082023,LIJOMA_20061996F_082023,1,2029171049,linda.jones.002216@mail.com,2023-09-24
CNT_ROMIMO_21111992M_102023,ADM_ROMIMO_21111992M_102023,ROMIMO_21111992M_102023,1,2029923715,robert.miller.000957@hospitalmail.com,2023-09-24
CNT_LIWIWI_26081941F_092020,ADM_LIWIWI_26081941F_092020,LIWIWI_26081941F_092020,1,12029159477,linda.wilson.000151@hospitalmail.com,2025-06-28
CNT_JEWIMA_08071982F_022023,ADM_JEWIMA_08071982F_022023,JEWIMA_08071982F_022023,1,2021804435,jennifer.wilson.001775@gmail.com,2025-12-01
CNT_JOTAJO_29111936M_052021,ADM_JOTAJO_29111936M_052021,JOTAJO_29111936M_052021,1,2020174865,joseph.taylor.000060@outlook.com,2023-05-07
CNT_GEGAMO_28042002M_052021,ADM_GEGAMO_28042002M_052021,GEGAMO_28042002M_052021,1,12029120560,george.garcia.000069@gmail.com,2023-05-23
CNT_LIWIMO_04101961F_102023,ADM_LIWIMO_04101961F_102023,LIWIMO_04101961F_102023,1,2021627387,linda.wilson.000031@outlook.com,2025-12-07
CNT_JEDAMI_12071991F_072022,ADM_JEDAMI_12071991F_072022,JEDAMI_12071991F_072022,1,12029712946,jennifer.davis.000714@mail.com,2024-11-08
CNT_GEWIJO_07111966M_062023,ADM_GEWIJO_07111966M_062023,GEWIJO_07111966M_062023,1,2025335481,,2023-06-20
CNT_JAGAXX_04021958M_092023,ADM_JAGAXX_04021958M_092023,JAGAXX_04021958M_092023,1,,james.garcia.001652@hospitalmail.com,2023-09-08
CNT_THANMO_20081939M_082020,ADM_THANMO_20081939M_082020,THANMO_20081939M_082020,1,2028567599,thomas.anderson.001442@outlook.com,2024-09-27
CNT_JEANRO_13062023F_072022,ADM_JEANRO_13062023F_072022,JEANRO_13062023F_072022,1,12023531600,jennifer.anderson.001950@outlook.com,2025-05-12
CNT_SADARO_20071993F_042020,ADM_SADARO_20071993F_042020,SADARO_20071993F_042020,1,2024647482,sarah.davis.002230@gmail.com,2024-09-22
CNT_WIWIWI_08011950M_062021,ADM_WIWIWI_08011950M_062021,WIWIWI_08011950M_062021,1,2027603579,william.wilson.000561@gmail.com,2023-02-24
CNT_ANJOMI_02021957M_082020,ADM_ANJOMI_02021957M_082020,ANJOMI_02021957M_082020,1,2024346995,anthony.jones.000485@outlook.com,2025-06-10
CNT_DAWIJO_09091985M_042023,ADM_DAWIJO_09091985M_042023,DAWIJO_09091985M_042023,1,2027032847,daniel.wilson.001803@hospitalmail.com,2025-01-11
CNT_WITAWI_08032002M_022023,ADM_WITAWI_08032002M_022023,WITAWI_08032002M_022023,1,12028972587,william.taylor.000555@mail.com,2023-02-15
CNT_CHROJO_28041960M_122022,ADM_CHROJO_28041960M_122022,CHROJO_28041960M_122022,1,2021196621,charles.rodriguez.000142@gmail.com,2025-06-09
CNT_ANRODA_14091984M_122020,ADM_ANRODA_14091984M_122020,ANRODA_14091984M_122020,1,2021195095,anthony.rodriguez.000154@outlook.com,2025-12-17
CNT_EMWITA_04121987F_112022,ADM_EMWITA_04121987F_112022,EMWITA_04121987F_112022,1,2025707605,emily.wilson.000856@mail.com,2025-03-31
CNT_ANTAJO_31101977M_012023,ADM_ANTAJO_31101977M_012023,ANTAJO_31101977M_012023,1,2029868474,anthony.taylor.001238@gmail.com,2024-10-22
CNT_WIMABR_26082000M_122023,ADM_WIMABR_26082000M_122023,WIMABR_26082000M_122023,1,202932851,william.martinez.000135@mail.com,2025-12-23
CNT_JAMOMA_02011982M_052023,ADM_JAMOMA_02011982M_052023,JAMOMA_02011982M_052023,1,2024469498,james.moore.000296@outlook.com,2024-03-10
CNT_JEGAAN_14082018F_102023,ADM_JEGAAN_14082018F_102023,JEGAAN_14082018F_102023,1,12027266051,jessica.garcia.001994@hospitalmail.com,2025-06-04
CNT_JEJOJO_27111986F_032022,ADM_JEJOJO_27111986F_032022,JEJOJO_27111986F_032022,1,2027047098,jennifer.johnson.001455@gmail.com,2025-12-02
CNT_EMWIJO_09062007F_032023,ADM_EMWIJO_09062007F_032023,EMWIJO_09062007F_032023,1,2022289395,emily.wilson.001577@gmail.com,2025-10-10
CNT_ELGABR_28042023F_072023,ADM_ELGABR_28042023F_072023,ELGABR_28042023F_072023,1,12027040185,elizabeth.garcia.000870@hospitalmail.com,2025-10-10
CNT_LISMTA_07052002F_032023,ADM_LISMTA_07052002F_032023,LISMTA_07052002F_032023,1,2024641066,linda.smith.001637@hospitalmail.com,2023-07-06
CNT_SAMAJO_06081983F_122023,ADM_SAMAJO_06081983F_122023,SAMAJO_06081983F_122023,1,2023348854,sarah.martinez.000163@gmail.com,2023-12-09
CNT_SAGAWI_17112003F_012023,ADM_SAGAWI_17112003F_012023,SAGAWI_17112003F_012023,1,2028207379,sarah.garcia.001520@hospitalmail.com,2025-08-26
CNT_DAJOTA_23091965M_072022,ADM_DAJOTA_23091965M_072022,DAJOTA_23091965M_072022,1,12028774553,daniel.jones.001197@gmail.com,2024-03-22
CNT_SUMAMA_07011939F_012020,ADM_SUMAMA_07011939F_012020,SUMAMA_07011939F_012020,1,2027669032,susan.martinez.000943@outlook.com,2024-05-07
CNT_LAROMA_28081983F_072021,ADM_LAROMA_28081983F_072021,LAROMA_28081983F_072021,1,2029651657,laura.rodriguez.001560@mail.com,2024-03-13
CNT_LAMIWI_03071980F_072022,ADM_LAMIWI_03071980F_072022,LAMIWI_03071980F_072022,1,2022880182,laura.miller.001367@outlook.com,2024-03-03
CNT_KAJOWI_16011981F_032021,ADM_KAJOWI_16011981F_032021,KAJOWI_16011981F_032021,1,2022268947,karen.johnson.001103@outlook.com,2024-11-15
CNT_DAWIDA_28091968M_062021,ADM_DAWIDA_28091968M_062021,DAWIDA_28091968M_062021,1,2022888409,david.wilson.000973@mail.com,2024-03-11
CNT_JEMATA_23071967F_032020,ADM_JEMATA_23071967F_032020,JEMATA_23071967F_032020,1,2025139390,jessica.martinez.000070@mail.com,2025-12-23
CNT_JOGAWI_21011978M_122022,ADM_JOGAWI_21011978M_122022,JOGAWI_21011978M_122022,1,2021585104,joseph.garcia.000009@mail.com,2025-07-14
CNT_JEJOTA_11071986F_072023,ADM_JEJOTA_11071986F_072023,JEJOTA_11071986F_072023,1,2025595478,jennifer.jones.001176@mail.com,2023-07-31
CNT_NAMAMI_02081972F_012023,ADM_NAMAMI_02081972F_012023,NAMAMI_02081972F_012023,1,2027910659,nancy.martinez.001766@hospitalmail.com,2024-02-14
CNT_ELMOJO_30112020F_082023,ADM_ELMOJO_30112020F_082023,ELMOJO_30112020F_082023,1,12022837932,,2023-08-13
CNT_ROMIWI_29101970M_022023,ADM_ROMIWI_29101970M_022023,ROMIWI_29101970M_022023,1,12025721740,robert.miller.000153@gmail.com,2025-02-28
CNT_EMDAJO_20042025F_052022,ADM_EMDAJO_20042025F_052022,EMDAJO_20042025F_052022,1,2024745874,emily.davis.000773@mail.com,2025-12-18
CNT_JADAMI_17081968M_092020,ADM_JADAMI_17081968M_092020,JADAMI_17081968M_092020,1,12023784266,james.davis.000590@outlook.com,2025-11-02
CNT_JOMIBR_19052010M_052021,ADM_JOMIBR_19052010M_052021,JOMIBR_19052010M_052021,1,2029033665,john.miller.000821@mail.com,2024-04-29
CNT_CHMARO_06061967M_112020,ADM_CHMARO_06061967M_112020,CHMARO_06061967M_112020,1,12029224909,charles.martinez.001052@hospitalmail.com,2025-07-22
CNT_KAJOTA_11011983F_072023,ADM_KAJOTA_11011983F_072023,KAJOTA_11011983F_072023,1,2026203256,karen.jones.000497@outlook.com,2025-06-27
CNT_JATAJO_09071995M_062023,ADM_JATAJO_09071995M_062023,JATAJO_09071995M_062023,1,12023422066,james.taylor.002031@hospitalmail.com,2025-04-17
CNT_SUTARO_25011970F_122021,ADM_SUTARO_25011970F_122021,SUTARO_25011970F_122021,1,2029453597,susan.taylor.001638@outlook.com,2025-09-26
CNT_NAJOWI_26061983F_102023,ADM_NAJOWI_26061983F_102023,NAJOWI_26061983F_102023,1,12027497871,nancy.jones.000327@hospitalmail.com,2023-10-20
CNT_DATAMI_22071992M_052020,ADM_DATAMI_22071992M_052020,DATAMI_22071992M_052020,1,2020308160,david.taylor.002126@gmail.com,2023-08-14
CNT_ANANMI_25072001M_012023,ADM_ANANMI_25072001M_012023,ANANMI_25072001M_012023,1,2028413398,anthony.anderson.001372@gmail.com,2024-05-13
CNT_PAMOWI_03111992F_022021,ADM_PAMOWI_03111992F_022021,PAMOWI_03111992F_022021,1,2026073162,patricia.moore.001030@gmail.com,2025-10-10
CNT_DAANBR_31011970M_012023,ADM_DAANBR_31011970M_012023,DAANBR_31011970M_012023,1,2029559815,daniel.anderson.002250@hospitalmail.com,2024-09-02
CNT_GEWIDA_22072017M_032022,ADM_GEWIDA_22072017M_032022,GEWIDA_22072017M_032022,1,12029543172,george.wilson.001011@gmail.com,2023-06-11
CNT_SAJORO_06011956F_042021,ADM_SAJORO_06011956F_042021,SAJORO_06011956F_042021,1,2022130126,sarah.jones.000335@outlook.com,2025-12-04
CNT_GEMOMA_14051967M_092021,ADM_GEMOMA_14051967M_092021,GEMOMA_14051967M_092021,1,2022191729,george.moore.000971@gmail.com,2024-06-08
CNT_GETAMI_29112015M_011900,ADM_GETAMI_29112015M_011900,GETAMI_29112015M_011900,1,2028624192,,2023-08-11
CNT_CHMOBR_18051982M_042020,ADM_CHMOBR_18051982M_042020,CHMOBR_18051982M_042020,1,2025612106,charles.moore.001957@gmail.com,2025-08-25
CNT_MAWIWI_07111975F_072020,ADM_MAWIWI_07111975F_072020,MAWIWI_07111975F_072020,1,2029279899,mary.williams.000698@outlook.com,2025-06-23
CNT_EMANDA_21052003F_072022,ADM_EMANDA_21052003F_072022,EMANDA_21052003F_072022,1,2022479905,emily.anderson.000565@gmail.com,2025-07-01
CNT_GETABR_31052006M_032023,ADM_GETABR_31052006M_032023,GETABR_31052006M_032023,1,2023033469,george.taylor.000499@outlook.com,2024-08-27
CNT_JOMOMI_30081937M_082023,ADM_JOMOMI_30081937M_082023,JOMOMI_30081937M_082023,1,2023843868,joseph.moore.001903@mail.com,2023-08-14
CNT_THGABR_07022011M_112021,ADM_THGABR_07022011M_112021,THGABR_07022011M_112021,1,12021408379,thomas.garcia.000406@hospitalmail.com,2024-04-16
CNT_ROWISM_09022005M_032023,ADM_ROWISM_09022005M_032023,ROWISM_09022005M_032023,1,2025950493,robert.williams.000533@gmail.com,2025-06-10
CNT_EMGAWI_10051973F_052023,ADM_EMGAWI_10051973F_052023,EMGAWI_10051973F_052023,1,12024600893,,2023-05-13
CNT_THANDA_09032002M_062022,ADM_THANDA_09032002M_062022,THANDA_09032002M_062022,1,2027876730,thomas.anderson.001227@outlook.com,2024-02-21
CNT_EMJOBR_20012019F_072023,ADM_EMJOBR_20012019F_072023,EMJOBR_20012019F_072023,1,2028245179,emily.jones.000429@gmail.com,2025-05-30
CNT_EMDAJO_22091950F_042023,ADM_EMDAJO_22091950F_042023,EMDAJO_22091950F_042023,1,2022359020,emily.davis.001475@mail.com,2023-04-10
CNT_EMGAMO_11042003F_012023,ADM_EMGAMO_11042003F_012023,EMGAMO_11042003F_012023,1,12025464292,emily.garcia.001441@outlook.com,2023-03-18
CNT_ELTAJO_08102005F_062022,ADM_ELTAJO_08102005F_062022,ELTAJO_08102005F_062022,1,12024077181,elizabeth.taylor.001466@outlook.com,2024-10-26
CNT_KATARO_07122007F_062023,ADM_KATARO_07122007F_062023,KATARO_07122007F_062023,1,2024033109,karen.taylor.000294@gmail.com,2023-06-20
CNT_EMWISM_29011990F_032023,ADM_EMWISM_29011990F_032023,EMWISM_29011990F_032023,1,2025494192,emily.wilson.000685@outlook.com,2025-10-20
CNT_LAJOTA_27102011F_112023,ADM_LAJOTA_27102011F_112023,LAJOTA_27102011F_112023,1,12028160404,laura.jones.000225@mail.com,2024-09-16
CNT_MABRJO_02051947F_052022,ADM_MABRJO_02051947F_052022,MABRJO_02051947F_052022,1,2027106961,mary.brown.001184@mail.com,2025-03-26
CNT_SATAWI_06012004F_012021,ADM_SATAWI_06012004F_012021,SATAWI_06012004F_012021,1,2020393172,sarah.taylor.000017@outlook.com,2024-12-28
CNT_MAMOMO_20011937F_122022,ADM_MAMOMO_20011937F_122022,MAMOMO_20011937F_122022,1,2029782548,mary.moore.002181@hospitalmail.com,2025-06-20
CNT_DAMODA_30061949M_092020,ADM_DAMODA_30061949M_092020,DAMODA_30061949M_092020,1,2025608028,daniel.moore.001064@hospitalmail.com,2025-05-28
CNT_DABRGA_04041943M_082023,ADM_DABRGA_04041943M_082023,DABRGA_04041943M_082023,1,2025465192,david.brown.001559@gmail.com,2025-05-30
CNT_LIMOGA_05031998F_062023,ADM_LIMOGA_05031998F_062023,LIMOGA_05031998F_062023,1,12023279486,,2025-10-02
CNT_JEROJO_03061961F_012021,ADM_JEROJO_03061961F_012021,JEROJO_03061961F_012021,1,2029074562,jessica.rodriguez.001095@hospitalmail.com,2024-12-24
CNT_SATAMA_19071980F_062021,ADM_SATAMA_19071980F_062021,SATAMA_19071980F_062021,1,2029376589,sarah.taylor.001771@hospitalmail.com,2024-08-07
CNT_SUSMAN_27061972F_022020,ADM_SUSMAN_27061972F_022020,SUSMAN_27061972F_022020,1,2025876909,susan.smith.001702@outlook.com,2025-12-06
CNT_KAWIXX_14091980F_112022,ADM_KAWIXX_14091980F_112022,KAWIXX_14091980F_112022,1,2027070581,karen.wilson.002228@mail.com,2023-06-13
CNT_JEMITA_22081938F_122021,ADM_JEMITA_22081938F_122021,JEMITA_22081938F_122021,1,2023748699,jessica.miller.000692@mail.com,2023-04-13
CNT_CHGAAN_21071983M_042023,ADM_CHGAAN_21071983M_042023,CHGAAN_21071983M_042023,1,2026114586,charles.garcia.000620@hospitalmail.com,2025-01-02
CNT_JOMOMI_19101986M_102022,ADM_JOMOMI_19101986M_102022,JOMOMI_19101986M_102022,1,2023734960,joseph.moore.002092@mail.com,2024-03-14
CNT_SAMIWI_16091955F_102021,ADM_SAMIWI_16091955F_102021,SAMIWI_16091955F_102021,1,12026675871,sarah.miller.001003@gmail.com,2023-09-14
CNT_DAMASM_12011961M_122020,ADM_DAMASM_12011961M_122020,DAMASM_12011961M_122020,1,2026194906,daniel.martinez.000442@outlook.com,2024-09-14
CNT_NATAJO_25031965F_052022,ADM_NATAJO_25031965F_052022,NATAJO_25031965F_052022,1,12020776222,,2023-09-08
CNT_ROMIMI_17022025M_122023,ADM_ROMIMI_17022025M_122023,ROMIMI_17022025M_122023,1,2026858002,,2023-12-18
CNT_JOJODA_16081987M_102023,ADM_JOJODA_16081987M_102023,JOJODA_16081987M_102023,1,2021737572,joseph.jones.000672@hospitalmail.com,2024-01-12
CNT_LAANAN_20061961F_082021,ADM_LAANAN_20061961F_082021,LAANAN_20061961F_082021,1,2026480750,laura.anderson.000750@hospitalmail.com,2025-03-01
CNT_JEJOTA_15121943F_042021,ADM_JEJOTA_15121943F_042021,JEJOTA_15121943F_042021,1,2026673051,jessica.johnson.001376@gmail.com,2024-10-05
CNT_PAMIWI_24012006F_052021,ADM_PAMIWI_24012006F_052021,PAMIWI_24012006F_052021,1,2022609324,patricia.miller.000431@outlook.com,2024-11-08
CNT_JOBRBR_08052000M_092022,ADM_JOBRBR_08052000M_092022,JOBRBR_08052000M_092022,1,2020926015,joseph.brown.002077@mail.com,2025-08-27
CNT_KAANBR_03111984F_032021,ADM_KAANBR_03111984F_032021,KAANBR_03111984F_032021,1,2024819026,karen.anderson.000994@hospitalmail.com,2024-12-10
CNT_JOJOWI_24032002M_052020,ADM_JOJOWI_24032002M_052020,JOJOWI_24032002M_052020,1,2022153498,john.johnson.000134@outlook.com,2023-03-05
CNT_MIMOTA_24121970M_052020,ADM_MIMOTA_24121970M_052020,MIMOTA_24121970M_052020,1,12028756703,michael.moore.001589@outlook.com,2025-02-01
CNT_KXDABR_03091971F_012023,ADM_KXDABR_03091971F_012023,KXDABR_03091971F_012023,1,2025848554,karen.davis.000665@mail.com,2023-01-01
CNT_LADAXX_06042003F_082020,ADM_LADAXX_06042003F_082020,LADAXX_06042003F_082020,1,2024490400,,2023-04-24
CNT_WIROMI_05081978M_082022,ADM_WIROMI_05081978M_082022,WIROMI_05081978M_082022,1,12023148164,william.rodriguez.002086@mail.com,2023-07-22
CNT_JEROJO_28091992F_062023,ADM_JEROJO_28091992F_062023,JEROJO_28091992F_062023,1,2022653649,jennifer.rodriguez.001314@gmail.com,2024-06-15
CNT_CHANXX_29071975M_082023,ADM_CHANXX_29071975M_082023,CHANXX_29071975M_082023,1,2023516417,charles.anderson.000515@hospitalmail.com,2024-07-20
CNT_MADADA_02032001F_122023,ADM_MADADA_02032001F_122023,MADADA_02032001F_122023,1,2023109840,mary.davis.002054@outlook.com,2025-08-17
CNT_DAJOWI_09111959M_032020,ADM_DAJOWI_09111959M_032020,DAJOWI_09111959M_032020,1,2023560210,daniel.jones.000913@hospitalmail.com,2025-10-12
CNT_PAWISM_13091937F_032022,ADM_PAWISM_13091937F_032022,PAWISM_13091937F_032022,1,2021692557,patricia.wilson.000693@gmail.com,2024-03-19
CNT_MAJORO_29022016F_042023,ADM_MAJORO_29022016F_042023,MAJORO_29022016F_042023,1,2020231087,mary.johnson.001808@gmail.com,2024-06-21
CNT_EMWIMA_07121949F_072022,ADM_EMWIMA_07121949F_072022,EMWIMA_07121949F_072022,1,2020680771,emily.wilson.000945@gmail.com,2025-11-04
CNT_DAROBR_15022001M_082023,ADM_DAROBR_15022001M_082023,DAROBR_15022001M_082023,1,2025316614,daniel.rodriguez.001825@mail.com,2025-09-15
CNT_MAGAGA_02101967F_052023,ADM_MAGAGA_02101967F_052023,MAGAGA_02101967F_052023,1,2023896367,mary.garcia.001394@outlook.com,2025-06-24
CNT_MIWIJO_11031971M_082023,ADM_MIWIJO_11031971M_082023,MIWIJO_11031971M_082023,1,2022054768,michael.williams.001013@outlook.com,2023-11-22
CNT_GETAJO_22051963M_122023,ADM_GETAJO_22051963M_122023,GETAJO_22051963M_122023,1,2020736379,george.taylor.001185@gmail.com,2025-02-26
CNT_LAROGA_09081990F_062023,ADM_LAROGA_09081990F_062023,LAROGA_09081990F_062023,1,2020937359,laura.rodriguez.000985@mail.com,2024-06-14
CNT_JETAAN_30041999F_022023,ADM_JETAAN_30041999F_022023,JETAAN_30041999F_022023,1,2024948714,jennifer.taylor.001420@hospitalmail.com,2025-08-09
CNT_LIBRDA_26021962F_102021,ADM_LIBRDA_26021962F_102021,LIBRDA_26021962F_102021,1,2026135961,linda.brown.001691@mail.com,2025-01-22
CNT_PAMIMI_15121990F_092022,ADM_PAMIMI_15121990F_092022,PAMIMI_15121990F_092022,1,2029728552,patricia.miller.000928@outlook.com,2025-12-31
CNT_PAROMO_16052016F_112023,ADM_PAROMO_16052016F_112023,PAROMO_16052016F_112023,1,12023562507,patricia.rodriguez.002025@hospitalmail.com,2025-10-01
CNT_ELJOMO_20012005F_122022,ADM_ELJOMO_20012005F_122022,ELJOMO_20012005F_122022,1,2029752997,elizabeth.johnson.000936@hospitalmail.com,2025-07-08
CNT_SAGAJO_03011995F_112021,ADM_SAGAJO_03011995F_112021,SAGAJO_03011995F_112021,1,2020407337,sarah.garcia.002083@hospitalmail.com,2024-09-24
CNT_DAWIJO_20091939M_052023,ADM_DAWIJO_20091939M_052023,DAWIJO_20091939M_052023,1,2028608037,david.wilson.002220@hospitalmail.com,2024-05-09
CNT_EMBRTA_20081952F_102020,ADM_EMBRTA_20081952F_102020,EMBRTA_20081952F_102020,1,2026577736,emily.brown.000286@hospitalmail.com,2025-01-04
CNT_WIWIDA_01091998M_082023,ADM_WIWIDA_01091998M_082023,WIWIDA_01091998M_082023,1,2025655824,william.williams.000133@outlook.com,2023-06-18
CNT_JEBRAN_11012010F_052021,ADM_JEBRAN_11012010F_052021,JEBRAN_11012010F_052021,1,2026064427,jennifer.brown.001076@outlook.com,2025-07-05
CNT_ANWIRO_21051966M_082023,ADM_ANWIRO_21051966M_082023,ANWIRO_21051966M_082023,1,12029327588,anthony.williams.000695@mail.com,2024-07-05
CNT_KAJOWI_18051969F_062023,ADM_KAJOWI_18051969F_062023,KAJOWI_18051969F_062023,1,2020424301,karen.johnson.001929@outlook.com,2023-12-20
CNT_PAJOWI_12011999F_102023,ADM_PAJOWI_12011999F_102023,PAJOWI_12011999F_102023,1,2024976252,patricia.johnson.002108@mail.com,2023-10-18
CNT_ELMAAN_06121949F_022023,ADM_ELMAAN_06121949F_022023,ELMAAN_06121949F_022023,1,2022145095,elizabeth.martinez.000467@outlook.com,2025-05-26
CNT_DADARO_21051994M_112023,ADM_DADARO_21051994M_112023,DADARO_21051994M_112023,1,2021042711,daniel.davis.001915@hospitalmail.com,2025-12-29
CNT_MIJOMI_22061961M_092022,ADM_MIJOMI_22061961M_092022,MIJOMI_22061961M_092022,1,2022393347,michael.jones.002072@mail.com,2025-09-01
CNT_GESMBR_18061952M_042023,ADM_GESMBR_18061952M_042023,GESMBR_18061952M_042023,1,2026880996,george.smith.001596@outlook.com,2023-04-18
CNT_PASMWI_31081962F_012023,ADM_PASMWI_31081962F_012023,PASMWI_31081962F_012023,1,2029038418,patricia.smith.001414@gmail.com,2025-11-08
CNT_JEBRTA_16012007F_122023,ADM_JEBRTA_16012007F_122023,JEBRTA_16012007F_122023,1,12020132518,jessica.brown.000951@outlook.com,2023-03-20
CNT_JEROBR_23052024F_042022,ADM_JEROBR_23052024F_042022,JEROBR_23052024F_042022,1,2026562601,jessica.rodriguez.000279@mail.com,2024-06-13
CNT_ANWIAN_11042004M_032022,ADM_ANWIAN_11042004M_032022,ANWIAN_11042004M_032022,1,2029697391,anthony.williams.000889@hospitalmail.com,2025-09-08
CNT_JOGAJO_05031952M_012023,ADM_JOGAJO_05031952M_012023,JOGAJO_05031952M_012023,1,12029368205,john.garcia.001867@gmail.com,2024-11-04
CNT_NADASM_08072006F_042023,ADM_NADASM_08072006F_042023,NADASM_08072006F_042023,1,12023832165,,2024-06-06
CNT_EMDAMO_19021961F_112023,ADM_EMDAMO_19021961F_112023,EMDAMO_19021961F_112023,1,2021510116,emily.davis.001022@mail.com,2025-11-25
CNT_GEWIWI_23091983M_122023,ADM_GEWIWI_23091983M_122023,GEWIWI_23091983M_122023,1,2026704905,george.williams.000120@gmail.com,2025-03-16
CNT_LAMIMI_04111941F_012022,ADM_LAMIMI_04111941F_012022,LAMIMI_04111941F_012022,1,2026457247,laura.miller.000058@hospitalmail.com,2023-01-13
CNT_SAROMI_30051997F_022021,ADM_SAROMI_30051997F_022021,SAROMI_30051997F_022021,1,2026179952,sarah.rodriguez.000684@mail.com,2023-07-01
CNT_SAMITA_08031971F_052020,ADM_SAMITA_08031971F_052020,SAMITA_08031971F_052020,1,12022656494,sarah.miller.000217@outlook.com,2024-11-09
CNT_LASMMI_01011988F_052020,ADM_LASMMI_01011988F_052020,LASMMI_01011988F_052020,1,2027242901,laura.smith.001468@hospitalmail.com,2025-12-28
CNT_ELANMO_22061966F_122023,ADM_ELANMO_22061966F_122023,ELANMO_22061966F_122023,1,2021141787,elizabeth.anderson.001066@gmail.com,2025-11-07
CNT_NAGAMO_29071964F_122022,ADM_NAGAMO_29071964F_122022,NAGAMO_29071964F_122022,1,2023654419,nancy.garcia.002209@hospitalmail.com,2025-11-01
CNT_JABRMA_10051956M_052022,ADM_JABRMA_10051956M_052022,JABRMA_10051956M_052022,1,12022949172,james.brown.001576@gmail.com,2025-10-01
CNT_JEROJO_30071994F_062022,ADM_JEROJO_30071994F_062022,JEROJO_30071994F_062022,1,2026876565,jennifer.rodriguez.000656@mail.com,2024-06-08
CNT_PAGAAN_31011951F_042021,ADM_PAGAAN_31011951F_042021,PAGAAN_31011951F_042021,1,2025367849,patricia.garcia.001910@gmail.com,2024-11-24
CNT_GEWIJO_03041978M_112023,ADM_GEWIJO_03041978M_112023,GEWIJO_03041978M_112023,1,2023907986,george.williams.002138@gmail.com,2024-03-17
CNT_JAJOMI_22122022M_102021,ADM_JAJOMI_22122022M_102021,JAJOMI_22122022M_102021,1,2028153794,james.johnson.000967@mail.com,2023-08-26
CNT_NAWISM_25081999F_062023,ADM_NAWISM_25081999F_062023,NAWISM_25081999F_062023,1,2025612566,nancy.wilson.001604@gmail.com,2025-09-19
CNT_SAMOWI_26051959F_112020,ADM_SAMOWI_26051959F_112020,SAMOWI_26051959F_112020,1,2020306131,sarah.moore.001072@hospitalmail.com,2025-10-29
CNT_MIMAMI_19121945M_112021,ADM_MIMAMI_19121945M_112021,MIMAMI_19121945M_112021,1,2026715062,michael.martinez.000728@gmail.com,2023-12-27
CNT_KAMOWI_04121947F_072023,ADM_KAMOWI_04121947F_072023,KAMOWI_04121947F_072023,1,12024973842,karen.moore.001262@outlook.com,2024-07-22
CNT_WIWIJO_14031970M_032023,ADM_WIWIJO_14031970M_032023,WIWIJO_14031970M_032023,1,2024979698,william.williams.000362@hospitalmail.com,2025-07-28
CNT_JESMBR_12012013F_042022,ADM_JESMBR_12012013F_042022,JESMBR_12012013F_042022,1,2020029078,jessica.smith.001562@outlook.com,2025-09-03
CNT_MAJOMI_17121963F_032022,ADM_MAJOMI_17121963F_032022,MAJOMI_17121963F_032022,1,2024486653,mary.johnson.000461@hospitalmail.com,2023-10-20
CNT_LIGAWI_29011990F_092023,ADM_LIGAWI_29011990F_092023,LIGAWI_29011990F_092023,1,2024766788,linda.garcia.001370@hospitalmail.com,2025-10-22
CNT_JEROMO_26071952F_082021,ADM_JEROMO_26071952F_082021,JEROMO_26071952F_082021,1,12024400664,jennifer.rodriguez.000319@gmail.com,2025-04-04
CNT_CHANRO_24031974M_052023,ADM_CHANRO_24031974M_052023,CHANRO_24031974M_052023,1,12025544962,charles.anderson.000563@mail.com,2023-04-20
CNT_JASMMO_14101949M_052020,ADM_JASMMO_14101949M_052020,JASMMO_14101949M_052020,1,2020936393,james.smith.000645@outlook.com,2025-02-05
CNT_WIMASM_28011954M_072020,ADM_WIMASM_28011954M_072020,WIMASM_28011954M_072020,1,12025919533,william.martinez.000979@hospitalmail.com,2024-10-28
CNT_LIJOMI_04011969F_112023,ADM_LIJOMI_04011969F_112023,LIJOMI_04011969F_112023,1,2022374136,linda.jones.000754@outlook.com,2025-03-17
CNT_SADAMI_08021992F_062021,ADM_SADAMI_08021992F_062021,SADAMI_08021992F_062021,1,2025744053,sarah.davis.001499@gmail.com,2025-02-13
CNT_JAWIRO_05111963M_032020,ADM_JAWIRO_05111963M_032020,JAWIRO_05111963M_032020,1,2023500863,james.williams.000426@outlook.com,2024-12-14
CNT_DAWIAN_27061990M_082023,ADM_DAWIAN_27061990M_082023,DAWIAN_27061990M_082023,1,202943314,david.williams.001273@hospitalmail.com,2025-09-21
CNT_KAROBR_14051976F_092023,ADM_KAROBR_14051976F_092023,KAROBR_14051976F_092023,1,2023328053,karen.rodriguez.000244@gmail.com,2023-11-18
CNT_JAGARO_24121990M_032023,ADM_JAGARO_24121990M_032023,JAGARO_24121990M_032023,1,2024095845,james.garcia.001448@gmail.com,2024-12-01
CNT_GEGAMI_20111934M_022023,ADM_GEGAMI_20111934M_022023,GEGAMI_20111934M_022023,1,2023373163,george.garcia.000531@mail.com,2025-08-26
CNT_ANSMJO_22062017M_102023,ADM_ANSMJO_22062017M_102023,ANSMJO_22062017M_102023,1,2022878238,anthony.smith.001378@gmail.com,2025-06-01
CNT_JOJOJO_23061952M_122021,ADM_JOJOJO_23061952M_122021,JOJOJO_23061952M_122021,1,2026637783,joseph.jones.000635@mail.com,2024-09-20
CNT_JOANAN_29041976M_082022,ADM_JOANAN_29041976M_082022,JOANAN_29041976M_082022,1,2027768466,joseph.anderson.000234@outlook.com,2025-05-04
CNT_LAMIRO_25101956F_092021,ADM_LAMIRO_25101956F_092021,LAMIRO_25101956F_092021,1,12025636333,laura.miller.002232@hospitalmail.com,2024-03-24
CNT_MAJODA_19051986F_112021,ADM_MAJODA_19051986F_112021,MAJODA_19051986F_112021,1,2021379867,mary.johnson.001166@outlook.com,2025-11-22
CNT_JOMOTA_27041953M_072023,ADM_JOMOTA_27041953M_072023,JOMOTA_27041953M_072023,1,2029983253,joseph.moore.000483@gmail.com,2025-11-13
CNT_JOJOMI_20041935M_032023,ADM_JOJOMI_20041935M_032023,JOJOMI_20041935M_032023,1,2023432551,john.jones.001777@mail.com,2023-03-20
CNT_EMMOSM_27071994F_102023,ADM_EMMOSM_27071994F_102023,EMMOSM_27071994F_102023,1,2025326828,emily.moore.002060@mail.com,2023-07-08
CNT_JEWIJO_04061988F_082022,ADM_JEWIJO_04061988F_082022,JEWIJO_04061988F_082022,1,20298411,jennifer.williams.000948@hospitalmail.com,2025-02-13
CNT_MIWIDA_19052005M_022022,ADM_MIWIDA_19052005M_022022,MIWIDA_19052005M_022022,1,2024424764,michael.williams.000199@gmail.com,2025-12-02
CNT_GXROMO_03052007M_032023,ADM_GXROMO_03052007M_032023,GXROMO_03052007M_032023,1,,george.rodriguez.001965@gmail.com,2023-01-09
CNT_ROJOTA_23121997M_012023,ADM_ROJOTA_23121997M_012023,ROJOTA_23121997M_012023,1,2026473739,robert.jones.002007@hospitalmail.com,2025-08-24
CNT_JOMOBR_21092006M_042021,ADM_JOMOBR_21092006M_042021,JOMOBR_21092006M_042021,1,12023469643,,2023-01-05
CNT_KAGAAN_02081987F_022021,ADM_KAGAAN_02081987F_022021,KAGAAN_02081987F_022021,1,12026744337,karen.garcia.000263@hospitalmail.com,2025-09-05
CNT_DAJOTA_14081951M_102021,ADM_DAJOTA_14081951M_102021,DAJOTA_14081951M_102021,1,2024172530,daniel.johnson.000423@hospitalmail.com,2025-12-09
CNT_CHBRRO_21061945M_072023,ADM_CHBRRO_21061945M_072023,CHBRRO_21061945M_072023,1,12024279859,charles.brown.000444@gmail.com,2025-12-18
CNT_MXJOBR_16031996M_072023,ADM_MXJOBR_16031996M_072023,MXJOBR_16031996M_072023,1,2026281165,michael.jones.000310@mail.com,2023-07-23
CNT_LAMAWI_14031992F_092021,ADM_LAMAWI_14031992F_092021,LAMAWI_14031992F_092021,1,2028600016,laura.martinez.002121@gmail.com,2025-12-11
CNT_JAGAAN_19061985M_012023,ADM_JAGAAN_19061985M_012023,JAGAAN_19061985M_012023,1,12026637794,james.garcia.001336@mail.com,2025-03-28
CNT_JOJOSM_18061983M_032022,ADM_JOJOSM_18061983M_032022,JOJOSM_18061983M_032022,1,12024823884,joseph.johnson.000543@outlook.com,2024-01-01
CNT_LIBRMO_19072006F_122023,ADM_LIBRMO_19072006F_122023,LIBRMO_19072006F_122023,1,12024883215,linda.brown.001340@gmail.com,2023-12-12
CNT_SUBRTA_20081947F_112023,ADM_SUBRTA_20081947F_112023,SUBRTA_20081947F_112023,1,2026756448,susan.brown.001270@gmail.com,2025-09-29
CNT_JAJOTA_12062009M_112021,ADM_JAJOTA_12062009M_112021,JAJOTA_12062009M_112021,1,2022837803,james.johnson.001091@gmail.com,2025-06-08
CNT_JOMOAN_27102000M_082021,ADM_JOMOAN_27102000M_082021,JOMOAN_27102000M_082021,1,2027062288,john.moore.000380@mail.com,2024-12-15
CNT_MIROTA_21071951M_072022,ADM_MIROTA_21071951M_072022,MIROTA_21071951M_072022,1,2025254163,michael.rodriguez.001313@gmail.com,2023-07-15
CNT_MAJOBR_26011965F_042022,ADM_MAJOBR_26011965F_042022,MAJOBR_26011965F_042022,1,2025605796,mary.johnson.000768@mail.com,2025-11-16
CNT_KXJOWI_08062008F_082023,ADM_KXJOWI_08062008F_082023,KXJOWI_08062008F_082023,1,2022748215,karen.jones.000794@gmail.com,2023-08-12
CNT_ELANRO_02051999F_102023,ADM_ELANRO_02051999F_102023,ELANRO_02051999F_102023,1,2028304376,elizabeth.anderson.001687@mail.com,2024-09-12
CNT_MIWIGA_05081980M_122022,ADM_MIWIGA_05081980M_122022,MIWIGA_05081980M_122022,1,2026720093,michael.wilson.000394@gmail.com,2025-04-21
CNT_ROMABR_02012020M_052022,ADM_ROMABR_02012020M_052022,ROMABR_02012020M_052022,1,2027372531,robert.martinez.000161@mail.com,2025-11-16
CNT_THBRWI_28031983M_092021,ADM_THBRWI_28031983M_092021,THBRWI_28031983M_092021,1,2025287011,,2025-05-03
CNT_SUMOBR_06021976F_052020,ADM_SUMOBR_06021976F_052020,SUMOBR_06021976F_052020,1,12026360753,susan.moore.000895@hospitalmail.com,2024-02-27
CNT_LASMMI_08121985F_082023,ADM_LASMMI_08121985F_082023,LASMMI_08121985F_082023,1,12020811364,laura.smith.000673@hospitalmail.com,2023-08-08
CNT_EMROBR_20081954F_012023,ADM_EMROBR_20081954F_012023,EMROBR_20081954F_012023,1,2024505523,emily.rodriguez.000047@gmail.com,2025-12-15
CNT_LAMIWI_06041967F_022023,ADM_LAMIWI_06041967F_022023,LAMIWI_06041967F_022023,1,12020283373,laura.miller.000063@hospitalmail.com,2023-06-27
CNT_KAJOJO_27041956F_122022,ADM_KAJOJO_27041956F_122022,KAJOJO_27041956F_122022,1,2028323073,karen.johnson.000220@gmail.com,2025-03-16
CNT_SUDAWI_01071949F_072022,ADM_SUDAWI_01071949F_072022,SUDAWI_01071949F_072022,1,2022492496,susan.davis.001682@outlook.com,2025-01-18
CNT_LIGAMO_26081975F_122020,ADM_LIGAMO_26081975F_122020,LIGAMO_26081975F_122020,1,2020726214,linda.garcia.001422@hospitalmail.com,2025-09-17
CNT_MAMAWI_15101952F_122023,ADM_MAMAWI_15101952F_122023,MAMAWI_15101952F_122023,1,2025232794,mary.martinez.001829@outlook.com,2025-09-28
CNT_DAWIDA_03021993M_082023,ADM_DAWIDA_03021993M_082023,DAWIDA_03021993M_082023,1,2025728828,daniel.wilson.002214@outlook.com,2024-02-05
CNT_DASMMI_22041970M_032020,ADM_DASMMI_22041970M_032020,DASMMI_22041970M_032020,1,2028850446,david.smith.000314@mail.com,2024-06-23
CNT_JETAMA_11091984F_042023,ADM_JETAMA_11091984F_042023,JETAMA_11091984F_042023,1,2025731214,jessica.taylor.000391@mail.com,2025-08-04
CNT_KAROMA_19122006F_022023,ADM_KAROMA_19122006F_022023,KAROMA_19122006F_022023,1,12028381748,karen.rodriguez.000167@gmail.com,2025-12-07
CNT_ANGADA_31072020M_062023,ADM_ANGADA_31072020M_062023,ANGADA_31072020M_062023,1,2027508875,anthony.garcia.000470@outlook.com,2025-02-26
CNT_CHMIJO_22082013M_072021,ADM_CHMIJO_22082013M_072021,CHMIJO_22082013M_072021,1,2029368980,charles.miller.000763@outlook.com,2024-09-18
CNT_JABRSM_09061973M_022023,ADM_JABRSM_09061973M_022023,JABRSM_09061973M_022023,1,202251110,james.brown.000541@outlook.com,2023-02-15
CNT_JEWIWI_18111964F_072023,ADM_JEWIWI_18111964F_072023,JEWIWI_18111964F_072023,1,2023236203,,2023-07-29
CNT_PAGAMI_12061966F_102023,ADM_PAGAMI_12061966F_102023,PAGAMI_12061966F_102023,1,12027590483,patricia.garcia.001277@hospitalmail.com,2023-10-30
CNT_LAJOMI_02031986F_102022,ADM_LAJOMI_02031986F_102022,LAJOMI_02031986F_102022,1,2025223043,laura.jones.000730@outlook.com,2023-06-13
CNT_DAJOMO_10081993M_082022,ADM_DAJOMO_10081993M_082022,DAJOMO_10081993M_082022,1,12025855053,david.johnson.000166@gmail.com,2024-03-05
CNT_JASMSM_11011991M_112020,ADM_JASMSM_11011991M_112020,JASMSM_11011991M_112020,1,2027995821,,2025-03-03
CNT_EMSMMA_06021979F_042023,ADM_EMSMMA_06021979F_042023,EMSMMA_06021979F_042023,1,12022950023,emily.smith.001917@gmail.com,2023-04-23
CNT_KAMOMO_11091998F_062020,ADM_KAMOMO_11091998F_062020,KAMOMO_11091998F_062020,1,2029294387,karen.moore.001259@mail.com,2025-08-06
CNT_ANWITA_21071985M_052023,ADM_ANWITA_21071985M_052023,ANWITA_21071985M_052023,1,2022451754,anthony.williams.001500@outlook.com,2024-11-30
CNT_JEMOBR_30121955F_032023,ADM_JEMOBR_30121955F_032023,JEMOBR_30121955F_032023,1,12029711072,jessica.moore.001643@mail.com,2025-05-28
CNT_MARORO_07101987F_092023,ADM_MARORO_07101987F_092023,MARORO_07101987F_092023,1,2021733858,mary.rodriguez.000507@gmail.com,2023-04-30
CNT_MIMAMA_17021951M_012020,ADM_MIMAMA_17021951M_012020,MIMAMA_17021951M_012020,1,12029416139,michael.martinez.001327@mail.com,2023-05-26
CNT_MAANRO_02021975F_032023,ADM_MAANRO_02021975F_032023,MAANRO_02021975F_032023,1,12022474646,mary.anderson.001849@mail.com,2025-04-04
CNT_SUANMO_26072000F_062023,ADM_SUANMO_26072000F_062023,SUANMO_26072000F_062023,1,12022350221,susan.anderson.000266@hospitalmail.com,2024-04-15
CNT_SAROTA_23061991F_022021,ADM_SAROTA_23061991F_022021,SAROTA_23061991F_022021,1,12025975152,sarah.rodriguez.001275@hospitalmail.com,2023-03-30
CNT_LIJOAN_05101993F_022021,ADM_LIJOAN_05101993F_022021,LIJOAN_05101993F_022021,1,2023077554,linda.jones.001693@outlook.com,2024-08-19
CNT_CHROGA_03111964M_052023,ADM_CHROGA_03111964M_052023,CHROGA_03111964M_052023,1,12022506114,charles.rodriguez.000811@gmail.com,2023-05-06
CNT_NAMIGA_16071964F_082021,ADM_NAMIGA_16071964F_082021,NAMIGA_16071964F_082021,1,2023037938,nancy.miller.000708@outlook.com,2023-08-05
CNT_KAANAN_17111998F_022023,ADM_KAANAN_17111998F_022023,KAANAN_17111998F_022023,1,2029608986,karen.anderson.000756@outlook.com,2025-09-04
CNT_PAMORO_26032001F_112020,ADM_PAMORO_26032001F_112020,PAMORO_26032001F_112020,1,2022778873,patricia.moore.000703@gmail.com,2024-08-17
CNT_WIMOMO_29011981M_092020,ADM_WIMOMO_29011981M_092020,WIMOMO_29011981M_092020,1,2029034637,william.moore.001668@mail.com,2025-09-08
CNT_DATAGA_16082010M_052022,ADM_DATAGA_16082010M_052022,DATAGA_16082010M_052022,1,2026224137,david.taylor.001101@hospitalmail.com,2023-09-29
CNT_EMJOBR_03101938F_052023,ADM_EMJOBR_03101938F_052023,EMJOBR_03101938F_052023,1,20243460,emily.johnson.000700@outlook.com,2025-10-27
CNT_CHSMSM_22041944M_062020,ADM_CHSMSM_22041944M_062020,CHSMSM_22041944M_062020,1,2023500777,charles.smith.001861@outlook.com,2025-03-21
CNT_JXBRRO_05061955F_062021,ADM_JXBRRO_05061955F_062021,JXBRRO_05061955F_062021,1,2025401966,jennifer.brown.000502@gmail.com,2023-07-22
CNT_JAANGA_20101968M_042020,ADM_JAANGA_20101968M_042020,JAANGA_20101968M_042020,1,2020745449,james.anderson.001231@gmail.com,2025-05-27
CNT_WITADA_06101978M_032021,ADM_WITADA_06101978M_032021,WITADA_06101978M_032021,1,2022253835,william.taylor.001357@hospitalmail.com,2024-07-19
CNT_JOANJO_04022023M_062023,ADM_JOANJO_04022023M_062023,JOANJO_04022023M_062023,1,2023741441,john.anderson.000514@hospitalmail.com,2023-06-21
CNT_NAGAWI_05121996F_042020,ADM_NAGAWI_05121996F_042020,NAGAWI_05121996F_042020,1,2024198550,nancy.garcia.001363@hospitalmail.com,2025-06-03
CNT_MIJODA_17061997M_122023,ADM_MIJODA_17061997M_122023,MIJODA_17061997M_122023,1,2025313282,michael.johnson.001962@mail.com,2023-12-22
CNT_ANTAJO_12031983M_102022,ADM_ANTAJO_12031983M_102022,ANTAJO_12031983M_102022,1,2025893340,anthony.taylor.001673@mail.com,2023-11-12
CNT_PASMWI_25071936F_082023,ADM_PASMWI_25071936F_082023,PASMWI_25071936F_082023,1,2020638813,patricia.smith.001507@outlook.com,2025-06-13
CNT_SAJORO_22041971F_012023,ADM_SAJORO_22041971F_012023,SAJORO_22041971F_012023,1,2027712677,sarah.jones.000284@outlook.com,2024-03-19
CNT_THSMTA_09082015M_032022,ADM_THSMTA_09082015M_032022,THSMTA_09082015M_032022,1,2020011423,thomas.smith.000769@outlook.com,2025-09-24
CNT_MIANMA_10061999M_122021,ADM_MIANMA_10061999M_122021,MIANMA_10061999M_122021,1,12021229295,michael.anderson.001768@outlook.com,2024-04-04
CNT_LIGAAN_06111974F_062023,ADM_LIGAAN_06111974F_062023,LIGAAN_06111974F_062023,1,2029737581,linda.garcia.000825@outlook.com,2023-06-24
CNT_SAMOMA_12022006F_022023,ADM_SAMOMA_12022006F_022023,SAMOMA_12022006F_022023,1,12020874828,sarah.moore.000107@hospitalmail.com,2023-02-14
CNT_PAMORO_03061958F_022023,ADM_PAMORO_03061958F_022023,PAMORO_03061958F_022023,1,2029166790,patricia.moore.001427@outlook.com,2024-07-28
CNT_JEMAAN_08022015F_062020,ADM_JEMAAN_08022015F_062020,JEMAAN_08022015F_062020,1,2025791573,jessica.martinez.001541@outlook.com,2024-10-07
CNT_LIDAWI_27051955F_022020,ADM_LIDAWI_27051955F_022020,LIDAWI_27051955F_022020,1,2023040635,linda.davis.002210@gmail.com,2025-06-27
CNT_ROMIJO_16052004M_032020,ADM_ROMIJO_16052004M_032020,ROMIJO_16052004M_032020,1,2021873594,robert.miller.000517@gmail.com,2025-12-06
CNT_DAMOTA_27101977M_042022,ADM_DAMOTA_27101977M_042022,DAMOTA_27101977M_042022,1,12022507881,david.moore.000204@mail.com,2025-12-23
CNT_ELANMI_25032001F_082021,ADM_ELANMI_25032001F_082021,ELANMI_25032001F_082021,1,2027820060,elizabeth.anderson.000237@mail.com,2024-05-07
CNT_LIJOBR_19081985F_012023,ADM_LIJOBR_19081985F_012023,LIJOBR_19081985F_012023,1,2029242438,,2023-01-05
CNT_DAWIXX_18051962M_052023,ADM_DAWIXX_18051962M_052023,DAWIXX_18051962M_052023,1,2023419692,,2023-05-09
CNT_KAANGA_10052006F_122023,ADM_KAANGA_10052006F_122023,KAANGA_10052006F_122023,1,12029290787,karen.anderson.000522@mail.com,2023-12-19
CNT_NAWIMA_21041965F_052022,ADM_NAWIMA_21041965F_052022,NAWIMA_21041965F_052022,1,2027155823,nancy.williams.000537@mail.com,2025-10-14
CNT_DAGAGA_08101996M_072020,ADM_DAGAGA_08101996M_072020,DAGAGA_08101996M_072020,1,12024203605,david.garcia.001251@mail.com,2025-11-29
CNT_WIBRSM_14101999M_112020,ADM_WIBRSM_14101999M_112020,WIBRSM_14101999M_112020,1,2027008953,william.brown.000632@mail.com,2024-02-09
CNT_ANWIGA_12061966M_112020,ADM_ANWIGA_12061966M_112020,ANWIGA_12061966M_112020,1,2020034976,anthony.wilson.000638@hospitalmail.com,2023-09-22
CNT_JEJOBR_29091962F_112022,ADM_JEJOBR_29091962F_112022,JEJOBR_29091962F_112022,1,12024249520,jennifer.jones.002164@gmail.com,2024-12-27
CNT_MIWIBR_10112001M_122021,ADM_MIWIBR_10112001M_122021,MIWIBR_10112001M_122021,1,2023694324,,2024-03-20
CNT_MIGATA_12051969M_042023,ADM_MIGATA_12051969M_042023,MIGATA_12051969M_042023,1,12027187861,michael.garcia.000595@mail.com,2023-04-06
CNT_JOGAJO_22081975M_042023,ADM_JOGAJO_22081975M_042023,JOGAJO_22081975M_042023,1,2029170397,john.garcia.000912@hospitalmail.com,2024-03-19
CNT_SADARO_10121975F_082023,ADM_SADARO_10121975F_082023,SADARO_10121975F_082023,1,2020778041,sarah.davis.002205@gmail.com,2025-11-01
CNT_KAJOMI_16061972F_082021,ADM_KAJOMI_16061972F_082021,KAJOMI_16061972F_082021,1,2024355723,karen.jones.001564@mail.com,2025-12-20
CNT_DAMARO_19051994M_042021,ADM_DAMARO_19051994M_042021,DAMARO_19051994M_042021,1,2020772284,david.martinez.000783@outlook.com,2024-07-06
CNT_GEJODA_17101998M_062020,ADM_GEJODA_17101998M_062020,GEJODA_17101998M_062020,1,2025801264,george.jones.001667@mail.com,2025-05-14
CNT_NAANAN_10082003F_042022,ADM_NAANAN_10082003F_042022,NAANAN_10082003F_042022,1,12029484341,nancy.anderson.000101@outlook.com,2025-08-07
CNT_PAJOWI_28031961F_082023,ADM_PAJOWI_28031961F_082023,PAJOWI_28031961F_082023,1,12029450549,,2023-08-21
CNT_MIANWI_20051958M_012023,ADM_MIANWI_20051958M_012023,MIANWI_20051958M_012023,1,2021100586,michael.anderson.000731@hospitalmail.com,2024-11-23
CNT_EMBRRO_16071961F_042021,ADM_EMBRRO_16071961F_042021,EMBRRO_16071961F_042021,1,2027112844,emily.brown.002097@hospitalmail.com,2025-11-20
CNT_WIWIAN_24021965M_052021,ADM_WIWIAN_24021965M_052021,WIWIAN_24021965M_052021,1,2027217308,william.williams.002110@outlook.com,2025-11-20
CNT_MAANJO_14021989F_082020,ADM_MAANJO_14021989F_082020,MAANJO_14021989F_082020,1,2023045792,mary.anderson.001348@mail.com,2024-10-09
CNT_MAMOWI_30042000F_082022,ADM_MAMOWI_30042000F_082022,MAMOWI_30042000F_082022,1,2026018059,mary.moore.000222@gmail.com,2025-08-05
CNT_JAJOBR_11101974M_112023,ADM_JAJOBR_11101974M_112023,JAJOBR_11101974M_112023,1,2028772633,james.jones.000402@mail.com,2025-04-06
CNT_PXJOWI_14032007F_052021,ADM_PXJOWI_14032007F_052021,PXJOWI_14032007F_052021,1,20214823,patricia.johnson.001258@gmail.com,2023-06-05
CNT_JEWISM_18121991F_012020,ADM_JEWISM_18121991F_012020,JEWISM_18121991F_012020,1,2024757,jessica.williams.000770@mail.com,2025-10-06
CNT_SATAJO_18101945F_022021,ADM_SATAJO_18101945F_022021,SATAJO_18101945F_022021,1,2026914583,sarah.taylor.000681@gmail.com,2023-07-12
CNT_GEMAGA_25081950M_012023,ADM_GEMAGA_25081950M_012023,GEMAGA_25081950M_012023,1,2024719427,george.martinez.001424@gmail.com,2025-07-23
CNT_JEMOAN_06101985F_102020,ADM_JEMOAN_06101985F_102020,JEMOAN_06101985F_102020,1,2026075417,jennifer.moore.001263@hospitalmail.com,2024-02-05
CNT_ROMOJO_07071994M_012022,ADM_ROMOJO_07071994M_012022,ROMOJO_07071994M_012022,1,2024402039,robert.moore.001510@gmail.com,2025-01-16
CNT_GEROWI_18061935M_122023,ADM_GEROWI_18061935M_122023,GEROWI_18061935M_122023,1,12026191755,george.rodriguez.000582@mail.com,2024-11-13
CNT_LITAJO_06111988F_012023,ADM_LITAJO_06111988F_012023,LITAJO_06111988F_012023,1,2020486140,linda.taylor.001793@hospitalmail.com,2023-01-20
CNT_NAWITA_25111995F_082020,ADM_NAWITA_25111995F_082020,NAWITA_25111995F_082020,1,2029092450,nancy.williams.000411@mail.com,2025-10-06
CNT_ELDASM_22021978F_082022,ADM_ELDASM_22021978F_082022,ELDASM_22021978F_082022,1,20201335,elizabeth.davis.001753@outlook.com,2025-06-18
CNT_LAMAAN_01122009F_112022,ADM_LAMAAN_01122009F_112022,LAMAAN_01122009F_112022,1,12022626605,laura.martinez.000371@mail.com,2023-09-05
CNT_EMMIRO_22111979F_112023,ADM_EMMIRO_22111979F_112023,EMMIRO_22111979F_112023,1,12028076419,emily.miller.000996@gmail.com,2025-05-26
CNT_JEJOTA_10041980F_072023,ADM_JEJOTA_10041980F_072023,JEJOTA_10041980F_072023,1,12023737814,jessica.johnson.000829@hospitalmail.com,2024-09-22
CNT_PASMTA_08102006F_092023,ADM_PASMTA_08102006F_092023,PASMTA_08102006F_092023,1,2029131229,patricia.smith.002057@gmail.com,2025-08-29
CNT_ANMAMA_25081975M_092023,ADM_ANMAMA_25081975M_092023,ANMAMA_25081975M_092023,1,2022527455,anthony.martinez.001818@hospitalmail.com,2024-08-11
CNT_ELJOAN_23031935F_112021,ADM_ELJOAN_23031935F_112021,ELJOAN_23031935F_112021,1,2025183012,elizabeth.jones.000880@mail.com,2024-06-01
CNT_CHTASM_10061966M_012022,ADM_CHTASM_10061966M_012022,CHTASM_10061966M_012022,1,2022598090,charles.taylor.001816@mail.com,2025-07-23
CNT_LIDAGA_06111941F_112022,ADM_LIDAGA_06111941F_112022,LIDAGA_06111941F_112022,1,2029226181,linda.davis.001661@hospitalmail.com,2024-09-04
CNT_SADAJO_04072005F_092023,ADM_SADAJO_04072005F_092023,SADAJO_04072005F_092023,1,12021110464,sarah.davis.002017@mail.com,2024-01-06
CNT_ROWIMO_14092003M_062022,ADM_ROWIMO_14092003M_062022,ROWIMO_14092003M_062022,1,12029811670,robert.williams.001948@hospitalmail.com,2024-12-20
CNT_NAMOWI_26081975F_092023,ADM_NAMOWI_26081975F_092023,NAMOWI_26081975F_092023,1,2023511832,nancy.moore.001192@hospitalmail.com,2024-11-30
CNT_JAWIBR_26052007M_112023,ADM_JAWIBR_26052007M_112023,JAWIBR_26052007M_112023,1,2027958113,james.wilson.000252@outlook.com,2024-03-27
CNT_JOSMAN_31101989M_042020,ADM_JOSMAN_31101989M_042020,JOSMAN_31101989M_042020,1,2023105827,john.smith.001118@gmail.com,2023-08-01
CNT_WIWIGA_11032020M_092023,ADM_WIWIGA_11032020M_092023,WIWIGA_11032020M_092023,1,2023494723,william.wilson.001821@outlook.com,2023-09-06
CNT_THTAGA_15121961M_072022,ADM_THTAGA_15121961M_072022,THTAGA_15121961M_072022,1,2021988443,thomas.taylor.001757@mail.com,2025-10-20
CNT_GEMAJO_23122003M_092022,ADM_GEMAJO_23122003M_092022,GEMAJO_23122003M_092022,1,12027850857,george.martinez.001892@mail.com,2023-09-30
CNT_JEWIJO_02031971F_072020,ADM_JEWIJO_02031971F_072020,JEWIJO_02031971F_072020,1,2029038469,jennifer.williams.001726@outlook.com,2025-08-23
CNT_JOJOMI_06111978M_052023,ADM_JOJOMI_06111978M_052023,JOJOMI_06111978M_052023,1,2026108842,john.jones.000746@outlook.com,2025-04-22
CNT_ROGAJO_25072006M_032023,ADM_ROGAJO_25072006M_032023,ROGAJO_25072006M_032023,1,2029365992,robert.garcia.001353@hospitalmail.com,2023-03-17
CNT_SAANWI_30031981F_052023,ADM_SAANWI_30031981F_052023,SAANWI_30031981F_052023,1,2023814101,sarah.anderson.001617@mail.com,2023-11-03
CNT_GEBRWI_25121977M_102023,ADM_GEBRWI_25121977M_102023,GEBRWI_25121977M_102023,1,12028504448,george.brown.000173@hospitalmail.com,2025-12-25
CNT_JODASM_25011994M_102023,ADM_JODASM_25011994M_102023,JODASM_25011994M_102023,1,12028978307,john.davis.001579@gmail.com,2025-05-15
CNT_KAJOWI_15101940F_122023,ADM_KAJOWI_15101940F_122023,KAJOWI_15101940F_122023,1,2020400,karen.johnson.001369@mail.com,2023-12-18
CNT_ROBRMA_09111953M_032023,ADM_ROBRMA_09111953M_032023,ROBRMA_09111953M_032023,1,2023578398,robert.brown.000954@mail.com,2025-11-07
CNT_EMANJO_03031983F_032023,ADM_EMANJO_03031983F_032023,EMANJO_03031983F_032023,1,2025041297,emily.anderson.001242@outlook.com,2023-03-04
CNT_GETAMI_27051967M_092020,ADM_GETAMI_27051967M_092020,GETAMI_27051967M_092020,1,2022001660,george.taylor.002034@outlook.com,2024-10-07
CNT_LIGAGA_01101971F_062023,ADM_LIGAGA_01101971F_062023,LIGAGA_01101971F_062023,1,12020117219,linda.garcia.002233@mail.com,2025-12-21
CNT_JOMIWI_22021956M_012022,ADM_JOMIWI_22021956M_012022,JOMIWI_22021956M_012022,1,12028990898,john.miller.000413@hospitalmail.com,2024-03-31
CNT_CHMOJO_15041963M_012022,ADM_CHMOJO_15041963M_012022,CHMOJO_15041963M_012022,1,2029423622,charles.moore.000301@outlook.com,2025-12-30
CNT_JEDAGA_20031976F_112022,ADM_JEDAGA_20031976F_112022,JEDAGA_20031976F_112022,1,2028029019,jessica.davis.000557@mail.com,2025-10-16
CNT_LIMAGA_23101969F_052022,ADM_LIMAGA_23101969F_052022,LIMAGA_23101969F_052022,1,20280447,linda.martinez.000790@outlook.com,2023-01-29
CNT_ROTADA_03071972M_112020,ADM_ROTADA_03071972M_112020,ROTADA_03071972M_112020,1,2020007168,robert.taylor.000436@outlook.com,2024-03-24
CNT_DATAWI_27051962M_072023,ADM_DATAWI_27051962M_072023,DATAWI_27051962M_072023,1,2023396902,david.taylor.001534@outlook.com,2024-01-22
CNT_WIMIAN_30071996M_112023,ADM_WIMIAN_30071996M_112023,WIMIAN_30071996M_112023,1,2026525622,william.miller.000639@outlook.com,2023-12-04
CNT_LIMIMA_11061979F_072022,ADM_LIMIMA_11061979F_072022,LIMIMA_11061979F_072022,1,2021660953,linda.miller.000459@outlook.com,2024-12-14
CNT_JOGAJO_06111962M_012023,ADM_JOGAJO_06111962M_012023,JOGAJO_06111962M_012023,1,12022629252,joseph.garcia.001460@outlook.com,2023-01-24
CNT_CHJOXX_28051947M_082023,ADM_CHJOXX_28051947M_082023,CHJOXX_28051947M_082023,1,2021926620,charles.jones.000532@gmail.com,2023-08-22
CNT_SAWIMO_31082022F_062021,ADM_SAWIMO_31082022F_062021,SAWIMO_31082022F_062021,1,2028250347,sarah.williams.000745@gmail.com,2025-09-02
CNT_MAMOBR_25022004F_102022,ADM_MAMOBR_25022004F_102022,MAMOBR_25022004F_102022,1,2022590505,mary.moore.001060@mail.com,2024-09-10
CNT_GEDAGA_08031969M_102023,ADM_GEDAGA_08031969M_102023,GEDAGA_08031969M_102023,1,2023578292,,2023-10-22
CNT_THMAJO_31011983M_022022,ADM_THMAJO_31011983M_022022,THMAJO_31011983M_022022,1,12025632968,thomas.martinez.001514@hospitalmail.com,2023-06-01
CNT_GEMOMI_13022007M_072023,ADM_GEMOMI_13022007M_072023,GEMOMI_13022007M_072023,1,2027349015,george.moore.002241@hospitalmail.com,2023-07-08
CNT_EMGAJO_04122019F_122021,ADM_EMGAJO_04122019F_122021,EMGAJO_04122019F_122021,0,,,
CNT_ELJOWI_16012019F_092020,ADM_ELJOWI_16012019F_092020,ELJOWI_16012019F_092020,1,12027732626,elizabeth.jones.000292@gmail.com,2025-10-01
CNT_SAMADA_14041976F_052023,ADM_SAMADA_14041976F_052023,SAMADA_14041976F_052023,1,2025377407,sarah.martinez.000833@hospitalmail.com,2025-04-26
CNT_MAMOWI_01031988F_052021,ADM_MAMOWI_01031988F_052021,MAMOWI_01031988F_052021,1,2029389827,mary.moore.001080@mail.com,2025-11-16
CNT_SXWIBR_20111981F_072023,ADM_SXWIBR_20111981F_072023,SXWIBR_20111981F_072023,1,2027122,sarah.williams.001692@hospitalmail.com,2023-10-10
CNT_PAMASM_15121979F_092023,ADM_PAMASM_15121979F_092023,PAMASM_15121979F_092023,1,2023644793,patricia.martinez.000719@hospitalmail.com,2023-09-16
CNT_GEDAMI_11091965M_022021,ADM_GEDAMI_11091965M_022021,GEDAMI_11091965M_022021,1,12026810765,george.davis.001942@outlook.com,2023-12-04
CNT_KAJOMA_05011967F_092020,ADM_KAJOMA_05011967F_092020,KAJOMA_05011967F_092020,1,12021946755,karen.jones.001417@hospitalmail.com,2025-01-11
CNT_ANSMGA_10041981M_072020,ADM_ANSMGA_10041981M_072020,ANSMGA_10041981M_072020,1,12021452619,anthony.smith.000480@mail.com,2023-03-04
CNT_SAROMI_10091975F_092022,ADM_SAROMI_10091975F_092022,SAROMI_10091975F_092022,1,2021566217,sarah.rodriguez.000921@mail.com,2024-09-13
CNT_JAJOWI_04061970M_082023,ADM_JAJOWI_04061970M_082023,JAJOWI_04061970M_082023,1,2021766864,james.jones.001488@gmail.com,2024-10-21
CNT_JXMOMI_31011940F_042023,ADM_JXMOMI_31011940F_042023,JXMOMI_31011940F_042023,1,2021802358,jessica.moore.001706@outlook.com,2024-11-17
CNT_GEMOWI_27071972M_112020,ADM_GEMOWI_27071972M_112020,GEMOWI_27071972M_112020,1,2022035932,george.moore.001240@mail.com,2024-07-19
CNT_ELWIRO_02111980F_072021,ADM_ELWIRO_02111980F_072021,ELWIRO_02111980F_072021,1,2029684,elizabeth.williams.001250@outlook.com,2025-03-11
CNT_NAWIJO_18072006F_092020,ADM_NAWIJO_18072006F_092020,NAWIJO_18072006F_092020,1,2022876240,nancy.wilson.001893@hospitalmail.com,2024-02-19
CNT_THWIWI_10041935M_092021,ADM_THWIWI_10041935M_092021,THWIWI_10041935M_092021,1,2026598347,thomas.williams.001236@outlook.com,2024-07-22
CNT_JERODA_26101996F_062020,ADM_JERODA_26101996F_062020,JERODA_26101996F_062020,1,12029035476,jennifer.rodriguez.000780@gmail.com,2024-11-12
CNT_JAJOSM_01121940M_062023,ADM_JAJOSM_01121940M_062023,JAJOSM_01121940M_062023,1,2026641770,james.jones.001406@gmail.com,2025-06-27
CNT_DATAMI_24121957M_082023,ADM_DATAMI_24121957M_082023,DATAMI_24121957M_082023,1,12027127652,daniel.taylor.000593@outlook.com,2023-08-11
CNT_LIMOMO_02122023F_062022,ADM_LIMOMO_02122023F_062022,LIMOMO_02122023F_062022,1,2021301,linda.moore.002046@outlook.com,2025-06-07
CNT_THMISM_29031956M_112023,ADM_THMISM_29031956M_112023,THMISM_29031956M_112023,1,2024979375,,2023-11-15
CNT_ROTAJO_12061978M_012023,ADM_ROTAJO_12061978M_012023,ROTAJO_12061978M_012023,1,12026114084,,2023-01-20
CNT_WIWIMA_07112005M_052020,ADM_WIWIMA_07112005M_052020,WIWIMA_07112005M_052020,1,2022486925,william.wilson.001249@hospitalmail.com,2023-12-12
CNT_LAWIRO_13121990F_122020,ADM_LAWIRO_13121990F_122020,LAWIRO_13121990F_122020,1,2024179755,laura.wilson.002192@hospitalmail.com,2024-09-06
CNT_GEGAWI_11081965M_062021,ADM_GEGAWI_11081965M_062021,GEGAWI_11081965M_062021,1,20289117,george.garcia.000549@outlook.com,2025-10-19
CNT_JAMIJO_31011984M_092021,ADM_JAMIJO_31011984M_092021,JAMIJO_31011984M_092021,1,2020538157,james.miller.001396@outlook.com,2024-07-27
CNT_JOWIRO_07031993M_032021,ADM_JOWIRO_07031993M_032021,JOWIRO_07031993M_032021,1,12025959509,joseph.williams.002231@hospitalmail.com,2024-11-26
CNT_LIANGA_21031984F_032022,ADM_LIANGA_21031984F_032022,LIANGA_21031984F_032022,1,2021185762,linda.anderson.001610@mail.com,2025-10-26
CNT_JOBRGA_06091974M_092020,ADM_JOBRGA_06091974M_092020,JOBRGA_06091974M_092020,1,12025631284,joseph.brown.001065@mail.com,2025-12-28
CNT_LADAWI_06121970F_082022,ADM_LADAWI_06121970F_082022,LADAWI_06121970F_082022,1,2029322916,laura.davis.001191@mail.com,2025-09-17
CNT_GEMOSM_05041978M_082023,ADM_GEMOSM_05041978M_082023,GEMOSM_05041978M_082023,1,12025270217,george.moore.000953@gmail.com,2025-11-20
CNT_THMORO_02091977M_032023,ADM_THMORO_02091977M_032023,THMORO_02091977M_032023,1,2023570737,thomas.moore.000430@mail.com,2023-03-07
CNT_LIDAMO_09071990F_012023,ADM_LIDAMO_09071990F_012023,LIDAMO_09071990F_012023,1,2021927455,linda.davis.000343@hospitalmail.com,2023-01-15
CNT_ROJOMO_28011962M_122020,ADM_ROJOMO_28011962M_122020,ROJOMO_28011962M_122020,1,2029193094,robert.jones.000424@mail.com,2025-04-02
CNT_DASMWI_09092021M_082023,ADM_DASMWI_09092021M_082023,DASMWI_09092021M_082023,1,12027871880,daniel.smith.000032@outlook.com,2025-02-08
CNT_MIROSM_30082019M_022023,ADM_MIROSM_30082019M_022023,MIROSM_30082019M_022023,1,2029901028,michael.rodriguez.001276@outlook.com,2024-12-14
CNT_MAANRO_21011961F_012023,ADM_MAANRO_21011961F_012023,MAANRO_21011961F_012023,1,2026823283,mary.anderson.002156@mail.com,2024-03-27
CNT_MIJOAN_02112006M_022022,ADM_MIJOAN_02112006M_022022,MIJOAN_02112006M_022022,1,12020281764,,2023-09-30
CNT_JAMIDA_14031951M_032022,ADM_JAMIDA_14031951M_032022,JAMIDA_14031951M_032022,1,2020802887,james.miller.000186@outlook.com,2025-10-02
CNT_GXWIDA_04021991M_102021,ADM_GXWIDA_04021991M_102021,GXWIDA_04021991M_102021,1,2026516021,george.wilson.000357@outlook.com,2025-11-15
CNT_ELROMA_25111975F_072023,ADM_ELROMA_25111975F_072023,ELROMA_25111975F_072023,1,2025085705,elizabeth.rodriguez.001632@gmail.com,2025-08-22
CNT_JEWIGA_08021998F_072021,ADM_JEWIGA_08021998F_072021,JEWIGA_08021998F_072021,1,2025398743,jessica.wilson.000349@mail.com,2023-09-29
CNT_JOWIGA_24091987M_042022,ADM_JOWIGA_24091987M_042022,JOWIGA_24091987M_042022,1,2025114551,john.williams.000972@outlook.com,2025-09-25
CNT_JAWIGA_22012018M_112020,ADM_JAWIGA_22012018M_112020,JAWIGA_22012018M_112020,1,12021923226,james.wilson.000845@mail.com,2025-06-18
CNT_ELWIGA_15122003F_072021,ADM_ELWIGA_15122003F_072021,ELWIGA_15122003F_072021,1,2020322939,elizabeth.williams.000686@hospitalmail.com,2025-10-16
CNT_NAMITA_08082000F_112023,ADM_NAMITA_08082000F_112023,NAMITA_08082000F_112023,1,2027081374,nancy.miller.001710@outlook.com,2025-08-06
CNT_DASMBR_09021968M_092022,ADM_DASMBR_09021968M_092022,DASMBR_09021968M_092022,1,2027893708,daniel.smith.000405@hospitalmail.com,2024-08-19
CNT_JAROJO_11111984M_112021,ADM_JAROJO_11111984M_112021,JAROJO_11111984M_112021,1,2023112437,james.rodriguez.002087@gmail.com,2025-10-15
CNT_MIMAJO_18111959M_032020,ADM_MIMAJO_18111959M_032020,MIMAJO_18111959M_032020,1,12027717531,michael.martinez.001602@hospitalmail.com,2025-06-29
CNT_GEWIMO_17051955M_072021,ADM_GEWIMO_17051955M_072021,GEWIMO_17051955M_072021,1,2023761,george.wilson.000619@gmail.com,2024-03-02
CNT_GEGAMO_27072023M_042020,ADM_GEGAMO_27072023M_042020,GEGAMO_27072023M_042020,1,2028056325,george.garcia.001872@gmail.com,2024-05-09
CNT_JOJOMI_30041990M_122021,ADM_JOJOMI_30041990M_122021,JOJOMI_30041990M_122021,1,2026294591,joseph.jones.000333@gmail.com,2025-05-23
CNT_SUMOGA_26111979F_022021,ADM_SUMOGA_26111979F_022021,SUMOGA_26111979F_022021,1,2026811333,susan.moore.000118@outlook.com,2025-06-04
CNT_LIMIWI_31052018F_062023,ADM_LIMIWI_31052018F_062023,LIMIWI_31052018F_062023,1,12024579090,linda.miller.001105@mail.com,2025-12-09
CNT_LAMOJO_14051977F_102023,ADM_LAMOJO_14051977F_102023,LAMOJO_14051977F_102023,1,2021237142,laura.moore.000428@outlook.com,2024-09-03
CNT_DAMAJO_14051994M_122022,ADM_DAMAJO_14051994M_122022,DAMAJO_14051994M_122022,1,2028440219,,2023-12-05
CNT_GEMOTA_19041992M_052020,ADM_GEMOTA_19041992M_052020,GEMOTA_19041992M_052020,1,2025923759,george.moore.001096@outlook.com,2025-12-03
CNT_JEDAMA_29121990F_062023,ADM_JEDAMA_29121990F_062023,JEDAMA_29121990F_062023,1,2020103148,jessica.davis.001697@gmail.com,2024-10-17
CNT_SAWITA_16042005F_082021,ADM_SAWITA_16042005F_082021,SAWITA_16042005F_082021,1,2025627449,sarah.wilson.001925@hospitalmail.com,2024-07-18
CNT_GEROTA_29111975M_102020,ADM_GEROTA_29111975M_102020,GEROTA_29111975M_102020,1,12024550498,george.rodriguez.001863@mail.com,2025-10-18
CNT_CHWISM_26031963M_012021,ADM_CHWISM_26031963M_012021,CHWISM_26031963M_012021,1,12020945377,charles.wilson.001019@mail.com,2025-04-03
CNT_ELJOJO_06042018F_102022,ADM_ELJOJO_06042018F_102022,ELJOJO_06042018F_102022,1,2025734455,elizabeth.johnson.001681@outlook.com,2025-06-09
CNT_SUANDA_08082005F_092022,ADM_SUANDA_08082005F_092022,SUANDA_08082005F_092022,1,2024414574,susan.anderson.000618@gmail.com,2025-01-29
CNT_JAJOSM_13081957M_012023,ADM_JAJOSM_13081957M_012023,JAJOSM_13081957M_012023,1,20236904,james.jones.001563@gmail.com,2023-01-05
CNT_JOJOWI_05041975M_082022,ADM_JOJOWI_05041975M_082022,JOJOWI_05041975M_082022,1,2020689439,john.jones.001036@hospitalmail.com,2024-12-13
CNT_JEMAXX_27091975F_052020,ADM_JEMAXX_27091975F_052020,JEMAXX_27091975F_052020,1,12022686026,,2023-10-01
CNT_ANDAMA_24111936M_042021,ADM_ANDAMA_24111936M_042021,ANDAMA_24111936M_042021,1,12025196686,anthony.davis.000082@gmail.com,2025-12-24
CNT_PADABR_17121981F_042021,ADM_PADABR_17121981F_042021,PADABR_17121981F_042021,1,2021358413,patricia.davis.002176@outlook.com,2025-07-10
CNT_JOGASM_21101993M_122022,ADM_JOGASM_21101993M_122022,JOGASM_21101993M_122022,1,2026435940,joseph.garcia.002125@hospitalmail.com,2024-08-24
CNT_MAMASM_02082003F_012021,ADM_MAMASM_02082003F_012021,MAMASM_02082003F_012021,1,12020628109,mary.martinez.002069@hospitalmail.com,2025-01-07
CNT_MAMIRO_19081939F_042020,ADM_MAMIRO_19081939F_042020,MAMIRO_19081939F_042020,1,2021675319,mary.miller.001020@outlook.com,2025-02-02
CNT_ROBRMA_31011991M_072020,ADM_ROBRMA_31011991M_072020,ROBRMA_31011991M_072020,1,2022219598,robert.brown.000959@gmail.com,2023-06-25
CNT_SUMOTA_16081972F_022023,ADM_SUMOTA_16081972F_022023,SUMOTA_16081972F_022023,1,2025238461,susan.moore.000631@outlook.com,2025-06-23
CNT_RODAJO_22011961M_022021,ADM_RODAJO_22011961M_022021,RODAJO_22011961M_022021,1,2027316813,robert.davis.002238@gmail.com,2025-12-21
CNT_JEWIJO_02112012F_042023,ADM_JEWIJO_02112012F_042023,JEWIJO_02112012F_042023,1,2023279104,jessica.williams.001233@mail.com,2025-07-17
CNT_JOMOTA_09012003M_092024,ADM_JOMOTA_09012003M_092024,JOMOTA_09012003M_092024,1,2024527416,joseph.moore.001708@gmail.com,2024-11-23
CNT_JOMAJO_21102006M_112023,ADM_JOMAJO_21102006M_112023,JOMAJO_21102006M_112023,1,12020467010,john.martinez.001057@outlook.com,2025-02-18
CNT_JOMIWI_24022005M_062023,ADM_JOMIWI_24022005M_062023,JOMIWI_24022005M_062023,1,12023665293,joseph.miller.001649@outlook.com,2025-10-12
CNT_EMANMO_26031991F_052023,ADM_EMANMO_26031991F_052023,EMANMO_26031991F_052023,1,2023623059,emily.anderson.001883@mail.com,2025-08-11
CNT_DAANJO_02071989M_082023,ADM_DAANJO_02071989M_082023,DAANJO_02071989M_082023,1,2022580007,daniel.anderson.001274@hospitalmail.com,2025-08-28
CNT_JOADRO_18091998M_072022,ADM_JOADRO_18091998M_072022,JOADRO_18091998M_072022,1,2021946815,john.anderson.000848@hospitalmail.com,2024-11-24
CNT_LXBRTA_16031981F_082022,ADM_LXBRTA_16031981F_082022,LXBRTA_16031981F_082022,1,2024805497,,2024-01-15
CNT_MABRSM_29031985F_022023,ADM_MABRSM_29031985F_022023,MABRSM_29031985F_022023,1,2026816264,mary.brown.001569@mail.com,2024-12-19
CNT_JAWIMI_22121974M_102024,ADM_JAWIMI_22121974M_102024,JAWIMI_22121974M_102024,1,2027620922,james.wilson.001713@mail.com,2024-10-19
CNT_SUWIMI_28091991F_112022,ADM_SUWIMI_28091991F_112022,SUWIMI_28091991F_112022,1,20242051,susan.williams.000471@gmail.com,2025-12-26
CNT_ANJOMA_24041972M_122022,ADM_ANJOMA_24041972M_122022,ANJOMA_24041972M_122022,1,2020303699,anthony.jones.001582@outlook.com,2024-10-20
CNT_KASMJO_21091991F_022024,ADM_KASMJO_21091991F_022024,KASMJO_21091991F_022024,1,2028994589,karen.smith.000146@mail.com,2025-07-19
CNT_MAJOBR_30041998F_102020,ADM_MAJOBR_30041998F_102020,MAJOBR_30041998F_102020,1,2029275383,mary.jones.001763@hospitalmail.com,2025-01-24
CNT_GEJODA_04101978M_102024,ADM_GEJODA_04101978M_102024,GEJODA_04101978M_102024,1,2027708448,george.johnson.000682@hospitalmail.com,2024-10-06
CNT_JEMOMA_06021987F_052023,ADM_JEMOMA_06021987F_052023,JEMOMA_06021987F_052023,1,2020845875,jennifer.moore.001228@hospitalmail.com,2024-05-05
CNT_SADADA_01072005F_092020,ADM_SADADA_01072005F_092020,SADADA_01072005F_092020,1,12022092753,sarah.davis.001440@mail.com,2024-12-20
CNT_RXDAMI_27041965M_092022,ADM_RXDAMI_27041965M_092022,RXDAMI_27041965M_092022,1,2020358091,robert.davis.001720@gmail.com,2024-10-13
CNT_PAJOJO_18051978F_072024,ADM_PAJOJO_18051978F_072024,PAJOJO_18051978F_072024,1,2029130961,patricia.jones.000981@hospitalmail.com,2024-07-16
CNT_ROSMWI_24011946M_062020,ADM_ROSMWI_24011946M_062020,ROSMWI_24011946M_062020,1,2025253380,robert.smith.000753@outlook.com,2024-09-15
CNT_CXMAMI_15031947M_032024,ADM_CXMAMI_15031947M_032024,CXMAMI_15031947M_032024,1,2029544291,charles.martinez.001512@mail.com,2024-03-04
CNT_DAMAWI_18112022M_102024,ADM_DAMAWI_18112022M_102024,DAMAWI_18112022M_102024,1,2023360241,daniel.martinez.001087@mail.com,2024-10-29
CNT_NADAJO_07042005F_052021,ADM_NADAJO_07042005F_052021,NADAJO_07042005F_052021,1,2022467419,nancy.davis.000014@hospitalmail.com,2024-05-01
CNT_ANANGA_26091987M_072022,ADM_ANANGA_26091987M_072022,ANANGA_26091987M_072022,1,2027771023,anthony.anderson.001364@mail.com,2025-08-03
CNT_EMDADA_26031947F_032022,ADM_EMDADA_26031947F_032022,EMDADA_26031947F_032022,1,2027288452,emily.davis.000001@hospitalmail.com,2024-12-06
CNT_MAMOAN_15011986F_102020,ADM_MAMOAN_15011986F_102020,MAMOAN_15011986F_102020,1,12024807196,mary.moore.001642@outlook.com,2024-12-27
CNT_EMMOJO_04111993F_122020,ADM_EMMOJO_04111993F_122020,EMMOJO_04111993F_122020,1,2025747953,emily.moore.002149@mail.com,2024-09-19
CNT_LAWITA_16092004F_072022,ADM_LAWITA_16092004F_072022,LAWITA_16092004F_072022,1,2022779557,laura.williams.002212@outlook.com,2025-08-15
CNT_GEROWI_05102009M_012020,ADM_GEROWI_05102009M_012020,GEROWI_05102009M_012020,1,12020226593,george.rodriguez.001168@hospitalmail.com,2024-12-12
CNT_LITADA_29081988F_112020,ADM_LITADA_29081988F_112020,LITADA_29081988F_112020,1,12020424454,linda.taylor.000599@hospitalmail.com,2024-11-23
CNT_JOTAMI_14071972M_062020,ADM_JOTAMI_14071972M_062020,JOTAMI_14071972M_062020,1,2028265488,john.taylor.001189@hospitalmail.com,2025-11-29
CNT_JOWIXX_22022001M_062022,ADM_JOWIXX_22022001M_062022,JOWIXX_22022001M_062022,1,12023961302,joseph.wilson.000781@gmail.com,2024-10-07
CNT_WIJOWI_24021987M_032024,ADM_WIJOWI_24021987M_032024,WIJOWI_24021987M_032024,1,12027344514,,2024-03-25
CNT_JABRMA_16031938M_112020,ADM_JABRMA_16031938M_112020,JABRMA_16031938M_112020,1,2027106514,james.brown.002152@outlook.com,2024-12-01
CNT_PAGAMI_22051964F_062024,ADM_PAGAMI_22051964F_062024,PAGAMI_22051964F_062024,1,2022575806,patricia.garcia.000787@mail.com,2025-08-29
CNT_ELWIRO_02111976F_052020,ADM_ELWIRO_02111976F_052020,ELWIRO_02111976F_052020,1,2025906423,elizabeth.williams.002011@outlook.com,2024-10-29
CNT_DAJODA_14061981M_052020,ADM_DAJODA_14061981M_052020,DAJODA_14061981M_052020,1,2029008,david.jones.000662@gmail.com,2025-01-06
CNT_JOTATA_18092016M_022020,ADM_JOTATA_18092016M_022020,JOTATA_18092016M_022020,1,12023669926,john.taylor.001265@mail.com,2025-12-09
CNT_GEMOMI_30121963M_072022,ADM_GEMOMI_30121963M_072022,GEMOMI_30121963M_072022,1,2028897327,george.moore.001716@gmail.com,2025-11-22
CNT_GESMWI_11101950M_072024,ADM_GESMWI_11101950M_072024,GESMWI_11101950M_072024,1,2025150997,george.smith.001906@outlook.com,2024-07-01
CNT_JASMMI_20031985M_092022,ADM_JASMMI_20031985M_092022,JASMMI_20031985M_092022,1,2023750531,james.smith.001205@gmail.com,2025-12-30
CNT_PAMIWI_24071982F_072021,ADM_PAMIWI_24071982F_072021,PAMIWI_24071982F_072021,1,2020323427,patricia.miller.001812@gmail.com,2025-02-04
CNT_MIMOWI_14102003M_082024,ADM_MIMOWI_14102003M_082024,MIMOWI_14102003M_082024,1,,michael.moore.001744@gmail.com,2024-08-30
CNT_JEBRWI_03112024F_112020,ADM_JEBRWI_03112024F_112020,JEBRWI_03112024F_112020,1,2029224884,jessica.brown.000664@outlook.com,2025-11-12
CNT_JODAJO_21082008M_052022,ADM_JODAJO_21082008M_052022,JODAJO_21082008M_052022,1,2020810226,john.davis.000766@hospitalmail.com,2024-12-28
CNT_CHROAN_07081975M_112020,ADM_CHROAN_07081975M_112020,CHROAN_07081975M_112020,1,12021330360,charles.rodriguez.000544@gmail.com,2024-12-10
CNT_JEGAMO_19111967F_052022,ADM_JEGAMO_19111967F_052022,JEGAMO_19111967F_052022,1,12024209617,,2025-06-09
CNT_EMMOBR_13071994F_062021,ADM_EMMOBR_13071994F_062021,EMMOBR_13071994F_062021,1,2025231286,emily.moore.000759@mail.com,2024-09-15
CNT_MAMATA_04081993F_112024,ADM_MAMATA_04081993F_112024,MAMATA_04081993F_112024,1,2023474221,,2024-11-05
CNT_SAMABR_22121978F_032021,ADM_SAMABR_22121978F_032021,SAMABR_22121978F_032021,1,2024380496,sarah.martinez.000837@gmail.com,2024-10-24
CNT_EMDADA_24061980F_012024,ADM_EMDADA_24061980F_012024,EMDADA_24061980F_012024,1,2028115580,emily.davis.000375@mail.com,2025-10-27
CNT_THMIMA_20071964M_052024,ADM_THMIMA_20071964M_052024,THMIMA_20071964M_052024,1,20212421,,2024-05-24
CNT_JODAWI_01051966M_092023,ADM_JODAWI_01051966M_092023,JODAWI_01051966M_092023,1,2028404031,joseph.davis.001968@hospitalmail.com,2024-09-05
CNT_JOMOJO_20101979M_072020,ADM_JOMOJO_20101979M_072020,JOMOJO_20101979M_072020,1,2025209219,john.moore.001138@gmail.com,2024-06-13
CNT_ANJOJO_20081991M_012020,ADM_ANJOJO_20081991M_012020,ANJOJO_20081991M_012020,1,12022940623,anthony.johnson.001988@hospitalmail.com,2024-11-17
CNT_CHSMAN_05071989M_012021,ADM_CHSMAN_05071989M_012021,CHSMAN_05071989M_012021,1,2024349000,charles.smith.000735@gmail.com,2025-03-20
CNT_WXANMO_14031946M_102022,ADM_WXANMO_14031946M_102022,WXANMO_14031946M_102022,1,20283574,william.anderson.002070@mail.com,2024-08-03
CNT_AXJODA_23071989M_102020,ADM_AXJODA_23071989M_102020,AXJODA_23071989M_102020,1,2023848161,anthony.jones.000347@outlook.com,2024-10-24
CNT_JOSMJO_15092000M_022020,ADM_JOSMJO_15092000M_022020,JOSMJO_15092000M_022020,1,2023289340,joseph.smith.000671@mail.com,2024-11-11
CNT_SUMIJO_30051958F_032020,ADM_SUMIJO_30051958F_032020,SUMIJO_30051958F_032020,1,2028710029,susan.miller.000305@outlook.com,2024-12-14
CNT_CHSMMO_29081967M_042020,ADM_CHSMMO_29081967M_042020,CHSMMO_29081967M_042020,1,12025794566,charles.smith.002010@gmail.com,2024-10-20
CNT_ELTAMO_30121963F_072024,ADM_ELTAMO_30121963F_072024,ELTAMO_30121963F_072024,1,2024248332,elizabeth.taylor.000646@mail.com,2024-07-18
CNT_JEJOTA_06051988F_092024,ADM_JEJOTA_06051988F_092024,JEJOTA_06051988F_092024,1,2026959095,jessica.jones.001504@outlook.com,2024-09-13
CNT_WIGAMI_21052007M_092022,ADM_WIGAMI_21052007M_092022,WIGAMI_21052007M_092022,1,2025878807,william.garcia.001600@hospitalmail.com,2025-09-03
CNT_SAROWI_21032007F_022023,ADM_SAROWI_21032007F_022023,SAROWI_21032007F_022023,1,12021714809,sarah.rodriguez.000809@mail.com,2025-11-06
CNT_JEWIJO_06051986F_112024,ADM_JEWIJO_06051986F_112024,JEWIJO_06051986F_112024,1,2022473366,jessica.wilson.000363@outlook.com,2025-05-11
CNT_LATABR_27021991F_052020,ADM_LATABR_27021991F_052020,LATABR_27021991F_052020,1,12024974524,laura.taylor.000235@gmail.com,2024-09-21
CNT_DAJOWI_04021947M_122023,ADM_DAJOWI_04021947M_122023,DAJOWI_04021947M_122023,1,12025192658,david.johnson.001005@gmail.com,2024-12-07
CNT_EMWISM_10111963F_052021,ADM_EMWISM_10111963F_052021,EMWISM_10111963F_052021,1,2025232739,emily.williams.000616@outlook.com,2025-12-03
CNT_MIRORO_18011981M_092023,ADM_MIRORO_18011981M_092023,MIRORO_18011981M_092023,1,2024976085,michael.rodriguez.001054@hospitalmail.com,2025-04-10
CNT_ELROGA_13042025F_102024,ADM_ELROGA_13042025F_102024,ELROGA_13042025F_102024,1,2029824611,elizabeth.rodriguez.000291@hospitalmail.com,2025-01-26
CNT_LIBRAN_25021981F_072023,ADM_LIBRAN_25021981F_072023,LIBRAN_25021981F_072023,1,2023240734,linda.brown.001343@hospitalmail.com,2025-07-11
CNT_JOMABR_03121990M_062020,ADM_JOMABR_03121990M_062020,JOMABR_03121990M_062020,1,2021271421,joseph.martinez.002188@mail.com,2024-10-23
CNT_MIJOMI_01102006M_052020,ADM_MIJOMI_01102006M_052020,MIJOMI_01102006M_052020,1,2028157179,michael.jones.001983@gmail.com,2024-02-28
CNT_LIMOBR_13121955F_092020,ADM_LIMOBR_13121955F_092020,LIMOBR_13121955F_092020,1,2021386242,linda.moore.000968@gmail.com,2025-04-22
CNT_WIJOWI_10041987M_022024,ADM_WIJOWI_10041987M_022024,WIJOWI_10041987M_022024,1,12028110421,william.jones.001130@outlook.com,2025-06-16
CNT_JADABR_08031937M_072024,ADM_JADABR_08031937M_072024,JADABR_08031937M_072024,1,,james.davis.001480@hospitalmail.com,2024-07-07
CNT_LIDAAN_19111958F_122021,ADM_LIDAAN_19111958F_122021,LIDAAN_19111958F_122021,1,2022790451,linda.davis.002207@hospitalmail.com,2024-07-28
CNT_SAWIWI_01121974F_102023,ADM_SAWIWI_01121974F_102023,SAWIWI_01121974F_102023,1,12021432456,sarah.wilson.000243@hospitalmail.com,2024-08-15
CNT_EMTAWI_19021998F_092021,ADM_EMTAWI_19021998F_092021,EMTAWI_19021998F_092021,1,2022318101,emily.taylor.001207@gmail.com,2025-06-08
CNT_JADATA_29031975M_012020,ADM_JADATA_29031975M_012020,JADATA_29031975M_012020,1,2025857104,james.davis.001350@outlook.com,2025-09-22
CNT_DAJOWI_08061988M_102022,ADM_DAJOWI_08061988M_102022,DAJOWI_08061988M_102022,1,2028509979,david.jones.001256@outlook.com,2025-11-11
CNT_JEANSM_17091983F_112020,ADM_JEANSM_17091983F_112020,JEANSM_17091983F_112020,1,2027850513,jennifer.anderson.001143@gmail.com,2024-10-01
CNT_LAMIMA_12121954F_022020,ADM_LAMIMA_12121954F_022020,LAMIMA_12121954F_022020,1,12028135175,laura.miller.001298@mail.com,2024-10-22
CNT_NAJOAN_21031967F_112020,ADM_NAJOAN_21031967F_112020,NAJOAN_21031967F_112020,1,2027238730,nancy.jones.001811@gmail.com,2024-05-07
CNT_LIBRXX_27061967F_122024,ADM_LIBRXX_27061967F_122024,LIBRXX_27061967F_122024,1,2027269,linda.brown.001565@mail.com,2024-12-20
CNT_DABRAN_02052020M_102021,ADM_DABRAN_02052020M_102021,DABRAN_02052020M_102021,1,2023275566,david.brown.001804@hospitalmail.com,2025-12-09
CNT_LIWIAN_16021944F_012024,ADM_LIWIAN_16021944F_012024,LIWIAN_16021944F_012024,1,2028674639,linda.williams.002076@hospitalmail.com,2025-08-31
CNT_KAGARO_26112004F_022020,ADM_KAGARO_26112004F_022020,KAGARO_26112004F_022020,1,2026005696,karen.garcia.000313@outlook.com,2024-03-27
CNT_LAJOTA_01011987F_062022,ADM_LAJOTA_01011987F_062022,LAJOTA_01011987F_062022,1,2029381747,laura.jones.002173@outlook.com,2024-12-25
CNT_MIWIMA_06061989M_022021,ADM_MIWIMA_06061989M_022021,MIWIMA_06061989M_022021,1,2029817975,michael.wilson.000691@gmail.com,2024-10-13
CNT_JOTAXX_03031963M_122022,ADM_JOTAXX_03031963M_122022,JOTAXX_03031963M_122022,1,2025031,john.taylor.001161@mail.com,2024-07-14
CNT_ANMOJO_04051963M_102021,ADM_ANMOJO_04051963M_102021,ANMOJO_04051963M_102021,1,2024027324,anthony.moore.001552@outlook.com,2025-04-25
CNT_SXBRTA_06102004F_082022,ADM_SXBRTA_06102004F_082022,SXBRTA_06102004F_082022,1,2026417494,susan.brown.001960@outlook.com,2024-02-16
CNT_ROMAAN_19071977M_102023,ADM_ROMAAN_19071977M_102023,ROMAAN_19071977M_102023,1,2021660399,robert.martinez.001380@mail.com,2024-06-27
CNT_MXMAMI_13091963F_022022,ADM_MXMAMI_13091963F_022022,MXMAMI_13091963F_022022,1,2023734693,mary.martinez.000182@mail.com,2025-12-09
CNT_WIDAWI_11021941M_092022,ADM_WIDAWI_11021941M_092022,WIDAWI_11021941M_092022,1,2029264770,,2024-08-04
CNT_WIGAJO_29031975M_102023,ADM_WIGAJO_29031975M_102023,WIGAJO_29031975M_102023,1,12022865501,william.garcia.002202@hospitalmail.com,2024-01-27
CNT_JEWIGA_23081970F_092021,ADM_JEWIGA_23081970F_092021,JEWIGA_23081970F_092021,1,20227202,jennifer.wilson.001219@mail.com,2024-05-19
CNT_JOTAWI_26011963M_102020,ADM_JOTAWI_26011963M_102020,JOTAWI_26011963M_102020,1,2020756488,john.taylor.000080@mail.com,2025-01-26
CNT_NASMBR_24031976F_112024,ADM_NASMBR_24031976F_112024,NASMBR_24031976F_112024,1,2022855805,nancy.smith.001891@hospitalmail.com,2024-11-03
CNT_MAROWI_07101965F_012021,ADM_MAROWI_07101965F_012021,MAROWI_07101965F_012021,1,2029403991,mary.rodriguez.000023@outlook.com,2024-09-20
CNT_ANROAN_03091969M_122020,ADM_ANROAN_03091969M_122020,ANROAN_03091969M_122020,1,2026680720,anthony.rodriguez.001671@hospitalmail.com,2024-08-30
CNT_JEDABR_08041988F_072020,ADM_JEDABR_08041988F_072020,JEDABR_08041988F_072020,1,2026694450,jennifer.davis.001574@mail.com,2024-11-24
CNT_JOBRAN_18011956M_112022,ADM_JOBRAN_18011956M_112022,JOBRAN_18011956M_112022,1,12027393357,joseph.brown.000934@mail.com,2024-08-19
CNT_MIMITA_13061995M_012022,ADM_MIMITA_13061995M_012022,MIMITA_13061995M_012022,1,2022410111,michael.miller.000061@outlook.com,2024-03-08
CNT_GEGASM_27101996M_022020,ADM_GEGASM_27101996M_022020,GEGASM_27101996M_022020,1,2021990617,george.garcia.002208@gmail.com,2024-09-16
CNT_ANMIMI_01061985M_122021,ADM_ANMIMI_01061985M_122021,ANMIMI_01061985M_122021,1,2026202915,anthony.miller.000538@mail.com,2025-07-19
CNT_JEDAJO_25071991F_102024,ADM_JEDAJO_25071991F_102024,JEDAJO_25071991F_102024,1,2022488517,jessica.davis.000885@mail.com,2025-02-25
CNT_SUJOWI_30081954F_032023,ADM_SUJOWI_30081954F_032023,SUJOWI_30081954F_032023,1,2022747875,susan.jones.001447@mail.com,2025-09-30
CNT_GEDAMI_19031991M_032020,ADM_GEDAMI_19031991M_032020,GEDAMI_19031991M_032020,1,2028583463,george.davis.001388@gmail.com,2025-11-19
CNT_ANJOWI_05071947M_052022,ADM_ANJOWI_05071947M_052022,ANJOWI_05071947M_052022,1,2021417202,anthony.jones.000882@mail.com,2025-02-17
CNT_SUSMMA_22111948F_032023,ADM_SUSMMA_22111948F_032023,SUSMMA_22111948F_032023,1,2028837178,susan.smith.001201@mail.com,2024-12-29
CNT_NADAJO_23111996F_032024,ADM_NADAJO_23111996F_032024,NADAJO_23111996F_032024,1,12020783037,nancy.davis.001522@outlook.com,2024-03-05
CNT_MIANJO_01091987M_032020,ADM_MIANJO_01091987M_032020,MIANJO_01091987M_032020,1,12020721713,michael.anderson.001761@outlook.com,2024-07-31
CNT_DAANAN_03052010M_032023,ADM_DAANAN_03052010M_032023,DAANAN_03052010M_032023,1,2020818300,david.anderson.000152@gmail.com,2024-05-10
CNT_WIROMO_24051987M_012021,ADM_WIROMO_24051987M_012021,WIROMO_24051987M_012021,1,2029653223,william.rodriguez.000969@mail.com,2025-08-31
CNT_SUMOMA_16092003F_122021,ADM_SUMOMA_16092003F_122021,SUMOMA_16092003F_122021,1,2027928459,susan.moore.000859@outlook.com,2025-12-09
CNT_JEROWI_23012002F_122022,ADM_JEROWI_23012002F_122022,JEROWI_23012002F_122022,1,12028048585,jennifer.rodriguez.001904@outlook.com,2025-07-17
CNT_JATASM_01011953M_042021,ADM_JATASM_01011953M_042021,JATASM_01011953M_042021,1,2029419495,james.taylor.000066@mail.com,2025-06-07
CNT_CHWIRO_24031938M_072021,ADM_CHWIRO_24031938M_072021,CHWIRO_24031938M_072021,1,12024482714,charles.wilson.002187@gmail.com,2024-10-26
CNT_DAANTA_21041987M_082020,ADM_DAANTA_21041987M_082020,DAANTA_21041987M_082020,1,12028281903,david.anderson.000432@hospitalmail.com,2024-09-18
CNT_JOROTA_20051973M_052024,ADM_JOROTA_20051973M_052024,JOROTA_20051973M_052024,1,2021949629,john.rodriguez.000601@gmail.com,2024-07-09
CNT_DABRJO_17101960M_022021,ADM_DABRJO_17101960M_022021,DABRJO_17101960M_022021,1,2028390852,david.brown.000963@hospitalmail.com,2025-12-22
CNT_LISMJO_16021986F_022020,ADM_LISMJO_16021986F_022020,LISMJO_16021986F_022020,1,2029041876,linda.smith.000383@gmail.com,2024-10-15
CNT_EMMOMI_19092005F_052021,ADM_EMMOMI_19092005F_052021,EMMOMI_19092005F_052021,1,2029588445,emily.moore.001789@outlook.com,2025-05-01
CNT_MAMIWI_22101956F_042024,ADM_MAMIWI_22101956F_042024,MAMIWI_22101956F_042024,1,12027120287,mary.miller.000174@mail.com,2025-02-19
CNT_JEWIMI_31101986F_082021,ADM_JEWIMI_31101986F_082021,JEWIMI_31101986F_082021,1,2027825871,jessica.wilson.002018@gmail.com,2024-11-06
CNT_SAJOSM_27102012F_072021,ADM_SAJOSM_27102012F_072021,SAJOSM_27102012F_072021,1,2020269509,sarah.jones.000743@hospitalmail.com,2025-10-09
CNT_JEROWI_19061971F_042021,ADM_JEROWI_19061971F_042021,JEROWI_19061971F_042021,1,2029742186,jennifer.rodriguez.001501@outlook.com,2024-06-16
CNT_ANTAMA_27101963M_082021,ADM_ANTAMA_27101963M_082021,ANTAMA_27101963M_082021,1,2027726431,anthony.taylor.000155@outlook.com,2024-02-11
CNT_CHJOJO_21101960M_062024,ADM_CHJOJO_21101960M_062024,CHJOJO_21101960M_062024,1,12029728419,charles.jones.001346@hospitalmail.com,2024-06-20
CNT_NAMAMA_22121943F_062020,ADM_NAMAMA_22121943F_062020,NAMAMA_22121943F_062020,1,2029929781,nancy.martinez.001987@outlook.com,2024-08-23
CNT_MAJOSM_07121971F_042023,ADM_MAJOSM_07121971F_042023,MAJOSM_07121971F_042023,1,12025293203,mary.jones.001043@gmail.com,2024-07-29
CNT_MAGAJO_15092007F_122023,ADM_MAGAJO_15092007F_122023,MAGAJO_15092007F_122023,1,2029063968,mary.garcia.001517@gmail.com,2025-06-27
CNT_JETAMA_07061961F_092023,ADM_JETAMA_07061961F_092023,JETAMA_07061961F_092023,1,2023699330,jessica.taylor.001549@hospitalmail.com,2025-08-30
CNT_WITABR_30071971M_032023,ADM_WITABR_30071971M_032023,WITABR_30071971M_032023,1,2028095889,william.taylor.001456@mail.com,2024-04-03
CNT_DAMOJO_14041985M_012021,ADM_DAMOJO_14041985M_012021,DAMOJO_14041985M_012021,1,12025082206,daniel.moore.000037@hospitalmail.com,2025-12-03
CNT_JOWIDA_06112002M_022020,ADM_JOWIDA_06112002M_022020,JOWIDA_06112002M_022020,1,12020793745,john.williams.000144@hospitalmail.com,2024-10-01
CNT_PAROSM_26092000F_022023,ADM_PAROSM_26092000F_022023,PAROSM_26092000F_022023,1,2023438668,patricia.rodriguez.001509@hospitalmail.com,2025-02-13
CNT_DAWIMI_11061940M_092023,ADM_DAWIMI_11061940M_092023,DAWIMI_11061940M_092023,1,2026663637,david.williams.001421@gmail.com,2024-12-04
CNT_WITASM_28061989M_092022,ADM_WITASM_28061989M_092022,WITASM_28061989M_092022,1,2020923942,william.taylor.001159@outlook.com,2024-09-29
CNT_JAJOWI_18071940M_052020,ADM_JAJOWI_18071940M_052020,JAJOWI_18071940M_052020,1,2025203302,james.johnson.000468@mail.com,2025-04-28
CNT_DXMAJO_02032002M_072024,ADM_DXMAJO_02032002M_072024,DXMAJO_02032002M_072024,1,2029832536,david.martinez.001645@outlook.com,2024-07-15
CNT_DASMRO_29031976M_122022,ADM_DASMRO_29031976M_122022,DASMRO_29031976M_122022,1,2021471126,david.smith.002204@mail.com,2024-05-07
CNT_JERORO_03032013F_012022,ADM_JERORO_03032013F_012022,JERORO_03032013F_012022,1,2026654353,jennifer.rodriguez.000295@hospitalmail.com,2025-02-08
CNT_KAANDA_26082005F_042024,ADM_KAANDA_26082005F_042024,KAANDA_26082005F_042024,1,2027652940,karen.anderson.002244@gmail.com,2024-04-24
CNT_GEWIXX_17051955M_072021,ADM_GEWIXX_17051955M_072021,GEWIXX_17051955M_072021,1,2023761715,,2024-03-03
CNT_MIDAGA_04071994M_072021,ADM_MIDAGA_04071994M_072021,MIDAGA_04071994M_072021,1,2029927816,michael.davis.001622@hospitalmail.com,2025-07-10
CNT_DAMOMI_03122006M_062021,ADM_DAMOMI_03122006M_062021,DAMOMI_03122006M_062021,1,2020466125,david.moore.000076@gmail.com,2025-09-26
CNT_ELGAWI_11031967F_042020,ADM_ELGAWI_11031967F_042020,ELGAWI_11031967F_042020,1,12023536199,elizabeth.garcia.000958@hospitalmail.com,2024-12-30
CNT_DAWIJO_12121990M_082024,ADM_DAWIJO_12121990M_082024,DAWIJO_12121990M_082024,1,2028973162,david.wilson.000982@outlook.com,2025-12-02
CNT_LAWIRO_01101946F_102023,ADM_LAWIRO_01101946F_102023,LAWIRO_01101946F_102023,1,,laura.williams.001415@outlook.com,2024-03-13
CNT_MXMITA_18121954F_022024,ADM_MXMITA_18121954F_022024,MXMITA_18121954F_022024,1,2021329171,mary.miller.001695@hospitalmail.com,2024-02-22
CNT_THRODA_13012003M_072021,ADM_THRODA_13012003M_072021,THRODA_13012003M_072021,1,12028413801,thomas.rodriguez.001062@hospitalmail.com,2025-12-26
CNT_LIGAMA_06031988F_102023,ADM_LIGAMA_06031988F_102023,LIGAMA_06031988F_102023,1,12025789090,linda.garcia.000304@hospitalmail.com,2025-02-03
CNT_JOMOWI_28091961M_082021,ADM_JOMOWI_28091961M_082021,JOMOWI_28091961M_082021,1,12026875454,joseph.moore.000268@mail.com,2024-09-02
CNT_DADAAN_24111992M_122023,ADM_DADAAN_24111992M_122023,DADAAN_24111992M_122023,1,2020236731,david.davis.001287@gmail.com,2024-11-20
CNT_JETARO_22011966F_102020,ADM_JETARO_22011966F_102020,JETARO_22011966F_102020,1,2028590437,jennifer.taylor.001165@outlook.com,2025-08-10
CNT_JOSMWI_23041988M_062020,ADM_JOSMWI_23041988M_062020,JOSMWI_23041988M_062020,1,2025428900,john.smith.001839@hospitalmail.com,2025-09-03
CNT_JODAGA_16031940M_122020,ADM_JODAGA_16031940M_122020,JODAGA_16031940M_122020,1,2027262681,john.davis.000904@mail.com,2024-04-17
CNT_EXWIMO_17101981F_062021,ADM_EXWIMO_17101981F_062021,EXWIMO_17101981F_062021,1,12022717468,,2024-07-07
CNT_MIWIWI_17081991M_022024,ADM_MIWIWI_17081991M_022024,MIWIWI_17081991M_022024,1,2022758,michael.williams.001026@outlook.com,2024-12-29
CNT_PAWIJO_21121973F_112024,ADM_PAWIJO_21121973F_112024,PAWIJO_21121973F_112024,1,2021940656,patricia.wilson.001721@hospitalmail.com,2025-06-14
CNT_SAJOXX_18071966F_052021,ADM_SAJOXX_18071966F_052021,SAJOXX_18071966F_052021,1,2021383137,sarah.jones.001142@gmail.com,2024-10-23
CNT_LIJOWI_28081936F_042024,ADM_LIJOWI_28081936F_042024,LIJOWI_28081936F_042024,1,2023242955,linda.jones.000727@mail.com,2025-09-21
CNT_SUJOBR_13062022F_012022,ADM_SUJOBR_13062022F_012022,SUJOBR_13062022F_012022,1,12021347232,susan.jones.000964@mail.com,2024-09-28
CNT_ROJODA_27121982M_052024,ADM_ROJODA_27121982M_052024,ROJODA_27121982M_052024,1,2023884412,robert.jones.000282@gmail.com,2024-05-07
CNT_ELMAJO_26051964F_032022,ADM_ELMAJO_26051964F_032022,ELMAJO_26051964F_032022,1,2027227306,elizabeth.martinez.001603@outlook.com,2025-12-11
CNT_THJOMI_06071939M_022020,ADM_THJOMI_06071939M_022020,THJOMI_06071939M_022020,1,2027558219,thomas.johnson.001780@hospitalmail.com,2025-04-02
CNT_THJOJO_03051971M_042021,ADM_THJOJO_03051971M_042021,THJOJO_03051971M_042021,1,12027007200,thomas.jones.001457@outlook.com,2025-05-22
CNT_EMGABR_07041938F_012021,ADM_EMGABR_07041938F_012021,EMGABR_07041938F_012021,1,2024119352,,2024-08-21
CNT_NAWISM_19071987F_012021,ADM_NAWISM_19071987F_012021,NAWISM_19071987F_012021,1,2020270139,nancy.williams.000911@hospitalmail.com,2025-07-08
CNT_ELJOGA_27091984F_102023,ADM_ELJOGA_27091984F_102023,ELJOGA_27091984F_102023,1,2026235521,elizabeth.johnson.001075@outlook.com,2024-10-02
CNT_JODAMA_16011989M_052020,ADM_JODAMA_16011989M_052020,JODAMA_16011989M_052020,1,2029560816,john.davis.001647@gmail.com,2025-12-08
CNT_SUJOTA_13031964F_062024,ADM_SUJOTA_13031964F_062024,SUJOTA_13031964F_062024,1,2021388167,susan.jones.001624@outlook.com,2024-06-05
CNT_JEJOMO_06081947F_082021,ADM_JEJOMO_06081947F_082021,JEJOMO_06081947F_082021,1,2023451970,jessica.jones.000940@gmail.com,2025-12-07
CNT_PASMWI_02052016F_082023,ADM_PASMWI_02052016F_082023,PASMWI_02052016F_082023,1,2021543587,patricia.smith.001674@hospitalmail.com,2025-11-19
CNT_SUMISM_01122002F_102024,ADM_SUMISM_01122002F_102024,SUMISM_01122002F_102024,1,2022120955,susan.miller.000211@outlook.com,2024-10-29
CNT_KXMIMA_05101937F_012024,ADM_KXMIMA_05101937F_012024,KXMIMA_05101937F_012024,1,2020864208,,2024-01-25
CNT_JEBRWI_20101967F_122024,ADM_JEBRWI_20101967F_122024,JEBRWI_20101967F_122024,1,2024999365,jennifer.brown.001993@gmail.com,2025-10-07
CNT_LIMOJO_22092000F_062022,ADM_LIMOJO_22092000F_062022,LIMOJO_22092000F_062022,1,2023298933,linda.moore.001435@mail.com,2024-06-06
CNT_MIWIDA_19111980M_032020,ADM_MIWIDA_19111980M_032020,MIWIDA_19111980M_032020,1,2022549598,michael.williams.001630@outlook.com,2025-07-19
CNT_DATADA_13031961M_102021,ADM_DATADA_13031961M_102021,DATADA_13031961M_102021,1,12026739369,david.taylor.000388@gmail.com,2025-06-16
CNT_JAWIAN_10072000M_022024,ADM_JAWIAN_10072000M_022024,JAWIAN_10072000M_022024,1,2028493208,james.wilson.000872@outlook.com,2024-02-24
CNT_JEMAAN_27121971F_112023,ADM_JEMAAN_27121971F_112023,JEMAAN_27121971F_112023,1,2021788267,jennifer.martinez.001310@outlook.com,2024-12-06
CNT_DAWIJO_17031965M_012020,ADM_DAWIJO_17031965M_012020,DAWIJO_17031965M_012020,1,12024346306,david.wilson.000670@outlook.com,2024-08-29
CNT_DAJOJO_23081997M_082021,ADM_DAJOJO_23081997M_082021,DAJOJO_23081997M_082021,1,2024913217,,2024-11-06
CNT_JXWISM_03021972M_022024,ADM_JXWISM_03021972M_022024,JXWISM_03021972M_022024,1,2023580084,joseph.wilson.000283@outlook.com,2024-02-12
CNT_JOWIWI_22022001M_012024,ADM_JOWIWI_22022001M_012024,JOWIWI_22022001M_012024,1,2023961302,,2024-01-23
CNT_LAMOMI_01122005F_072023,ADM_LAMOMI_01122005F_072023,LAMOMI_01122005F_072023,1,12023513388,laura.moore.001293@hospitalmail.com,2024-07-10
CNT_EXMISM_22101982F_092021,ADM_EXMISM_22101982F_092021,EXMISM_22101982F_092021,1,2025986122,emily.miller.000035@outlook.com,2025-12-21
CNT_DAJOMO_20091978M_042022,ADM_DAJOMO_20091978M_042022,DAJOMO_20091978M_042022,1,2025268713,daniel.johnson.000918@mail.com,2025-09-26
CNT_JAMASM_30101979M_042021,ADM_JAMASM_30101979M_042021,JAMASM_30101979M_042021,1,2025802780,james.martinez.000775@mail.com,2024-11-08
CNT_PAMOXX_04071941F_122024,ADM_PAMOXX_04071941F_122024,PAMOXX_04071941F_122024,1,2020413917,,2024-12-22
CNT_MIMARO_21092004M_102020,ADM_MIMARO_21092004M_102020,MIMARO_21092004M_102020,1,2021407067,michael.martinez.000260@hospitalmail.com,2025-06-25
CNT_LAJOWI_04071953F_052024,ADM_LAJOWI_04071953F_052024,LAJOWI_04071953F_052024,1,2029247290,laura.johnson.001978@mail.com,2024-05-28
CNT_ANJODA_29101947M_062024,ADM_ANJODA_29101947M_062024,ANJODA_29101947M_062024,1,2021629617,anthony.jones.000094@gmail.com,2025-04-27
CNT_DAMIMO_17021989M_082022,ADM_DAMIMO_17021989M_082022,DAMIMO_17021989M_082022,1,2022211757,daniel.miller.000993@mail.com,2024-01-13
CNT_SAANRO_08121978F_062021,ADM_SAANRO_08121978F_062021,SAANRO_08121978F_062021,1,12023286196,sarah.anderson.000900@mail.com,2024-11-22
CNT_THJORO_14091978M_042022,ADM_THJORO_14091978M_042022,THJORO_14091978M_042022,1,2021068805,thomas.jones.000861@gmail.com,2025-11-08
CNT_ROSMBR_03042013M_022021,ADM_ROSMBR_03042013M_022021,ROSMBR_03042013M_022021,1,12022455504,robert.smith.001068@mail.com,2025-11-17
CNT_ELDAMO_02062021F_011900,ADM_ELDAMO_02062021F_011900,ELDAMO_02062021F_011900,1,2020451199,elizabeth.davis.000212@gmail.com,2024-01-02
CNT_THJORO_21111953M_022024,ADM_THJORO_21111953M_022024,THJORO_21111953M_022024,1,2026953672,thomas.johnson.001244@gmail.com,2024-11-03
CNT_NAROTA_01081972F_052024,ADM_NAROTA_01081972F_052024,NAROTA_01081972F_052024,1,12022007431,nancy.rodriguez.001938@outlook.com,2025-12-27
CNT_LAJOWI_10021979F_062021,ADM_LAJOWI_10021979F_062021,LAJOWI_10021979F_062021,1,12020720818,laura.johnson.000877@hospitalmail.com,2024-01-28
CNT_PADASM_14111982F_032021,ADM_PADASM_14111982F_032021,PADASM_14111982F_032021,1,2027109380,patricia.davis.001859@outlook.com,2025-11-04
CNT_JOWIJO_25021997M_122022,ADM_JOWIJO_25021997M_122022,JOWIJO_25021997M_122022,1,12028104038,john.wilson.001999@hospitalmail.com,2024-11-11
CNT_PAMAWI_23011986F_062020,ADM_PAMAWI_23011986F_062020,PAMAWI_23011986F_062020,1,2026146731,patricia.martinez.000761@hospitalmail.com,2025-02-16
CNT_ELJOXX_13121951F_122024,ADM_ELJOXX_13121951F_122024,ELJOXX_13121951F_122024,1,2023605854,elizabeth.johnson.000025@outlook.com,2024-12-03
CNT_EMMAWI_16031962F_042020,ADM_EMMAWI_16031962F_042020,EMMAWI_16031962F_042020,1,2023406091,emily.martinez.002215@gmail.com,2025-06-28
CNT_WIJOMA_26021946M_062020,ADM_WIJOMA_26021946M_062020,WIJOMA_26021946M_062020,1,12020526219,william.jones.000789@mail.com,2025-11-24
CNT_DAMAWI_18081998M_042023,ADM_DAMAWI_18081998M_042023,DAMAWI_18081998M_042023,1,2021404277,david.martinez.000815@gmail.com,2025-09-13
CNT_ELROXX_18111934F_052021,ADM_ELROXX_18111934F_052021,ELROXX_18111934F_052021,1,2023668934,elizabeth.rodriguez.001842@mail.com,2025-10-24
CNT_WIANSM_11071978M_052022,ADM_WIANSM_11071978M_052022,WIANSM_11071978M_052022,1,2022856815,william.anderson.000016@outlook.com,2025-10-15
CNT_SURORO_10121973F_032023,ADM_SURORO_10121973F_032023,SURORO_10121973F_032023,1,12029874075,susan.rodriguez.000947@outlook.com,2025-11-20
CNT_GEJOTA_06012019M_102020,ADM_GEJOTA_06012019M_102020,GEJOTA_06012019M_102020,1,2027201665,george.johnson.001135@outlook.com,2024-08-29
CNT_GEWITA_08031994M_032021,ADM_GEWITA_08031994M_032021,GEWITA_08031994M_032021,1,2023491638,george.wilson.001434@mail.com,2025-11-13
CNT_DAMAMI_13051965M_032024,ADM_DAMAMI_13051965M_032024,DAMAMI_13051965M_032024,1,12026673039,daniel.martinez.001530@outlook.com,2025-12-08
CNT_SUMOAN_30061983F_012020,ADM_SUMOAN_30061983F_012020,SUMOAN_30061983F_012020,1,2028789407,susan.moore.001790@gmail.com,2024-06-17
CNT_SUDAJO_18091963F_042023,ADM_SUDAJO_18091963F_042023,SUDAJO_18091963F_042023,1,2020560976,susan.davis.002249@gmail.com,2025-01-01
CNT_SUDATA_01032003F_062021,ADM_SUDATA_01032003F_062021,SUDATA_01032003F_062021,1,2020988740,susan.davis.001921@gmail.com,2024-11-18
CNT_JEWIXX_28111994F_052024,ADM_JEWIXX_28111994F_052024,JEWIXX_28111994F_052024,1,2026042860,jessica.wilson.001953@hospitalmail.com,2024-05-05
CNT_LIMADA_15021957F_122023,ADM_LIMADA_15021957F_122023,LIMADA_15021957F_122023,1,2022196013,linda.martinez.000905@gmail.com,2025-02-23
CNT_ELWIMO_17111967F_122020,ADM_ELWIMO_17111967F_122020,ELWIMO_17111967F_122020,1,2029205792,elizabeth.williams.001472@hospitalmail.com,2025-06-25
CNT_JETABR_02081945F_092023,ADM_JETABR_02081945F_092023,JETABR_02081945F_092023,1,2025648789,jennifer.taylor.000925@mail.com,2024-06-10
CNT_JOWIBR_20112004M_022024,ADM_JOWIBR_20112004M_022024,JOWIBR_20112004M_022024,1,2026642628,joseph.wilson.001715@outlook.com,2025-02-09
CNT_DADABR_05072005M_122021,ADM_DADABR_05072005M_122021,DADABR_05072005M_122021,1,12025311692,daniel.davis.001326@gmail.com,2025-10-16
CNT_SUROMI_11052002F_082024,ADM_SUROMI_11052002F_082024,SUROMI_11052002F_082024,1,2026582131,susan.rodriguez.000998@mail.com,2025-08-06
CNT_ROJORO_12081996M_032023,ADM_ROJORO_12081996M_032023,ROJORO_12081996M_032023,1,2029602988,robert.jones.000241@mail.com,2025-04-19
CNT_JETAJO_16011972F_022024,ADM_JETAJO_16011972F_022024,JETAJO_16011972F_022024,1,12022510720,jessica.taylor.000758@mail.com,2024-02-18
CNT_ELDAMI_23071962F_092020,ADM_ELDAMI_23071962F_092020,ELDAMI_23071962F_092020,1,2026680833,elizabeth.davis.001813@mail.com,2025-03-15
CNT_GEMIMA_28111953M_122021,ADM_GEMIMA_28111953M_122021,GEMIMA_28111953M_122021,1,2021837446,george.miller.001933@gmail.com,2025-07-01
CNT_CHMAGA_29031980M_072023,ADM_CHMAGA_29031980M_072023,CHMAGA_29031980M_072023,1,2026406059,charles.martinez.000353@gmail.com,2025-05-06
CNT_LAWIAN_14071949F_112024,ADM_LAWIAN_14071949F_112024,LAWIAN_14071949F_112024,1,2028089505,laura.wilson.000323@mail.com,2024-11-02
CNT_JOWIJO_19061973M_072024,ADM_JOWIJO_19061973M_072024,JOWIJO_19061973M_072024,1,2023743327,,2024-07-31
CNT_ELTABR_24021948F_062024,ADM_ELTABR_24021948F_062024,ELTABR_24021948F_062024,1,2023137861,elizabeth.taylor.001830@hospitalmail.com,2024-06-26
CNT_GEJOMO_12111955M_082022,ADM_GEJOMO_12111955M_082022,GEJOMO_12111955M_082022,1,2029420345,george.jones.001347@gmail.com,2025-02-23
CNT_JAGAGA_29091951M_052021,ADM_JAGAGA_29091951M_052021,JAGAGA_29091951M_052021,1,12022253014,james.garcia.002177@hospitalmail.com,2025-09-23
CNT_WIWISM_10041945M_012023,ADM_WIWISM_10041945M_012023,WIWISM_10041945M_012023,1,2020289146,william.williams.001669@outlook.com,2024-08-01
CNT_ROMIDA_25081990M_092024,ADM_ROMIDA_25081990M_092024,ROMIDA_25081990M_092024,1,2020363032,,2024-09-01
CNT_EMMABR_29031987F_011900,ADM_EMMABR_29031987F_011900,EMMABR_29031987F_011900,1,202351887,emily.martinez.001760@gmail.com,2024-12-10
CNT_THMAGA_25061972M_032021,ADM_THMAGA_25061972M_032021,THMAGA_25061972M_032021,1,12028913130,thomas.martinez.000448@hospitalmail.com,2025-05-14
CNT_NAJOSM_06042007F_122022,ADM_NAJOSM_06042007F_122022,NAJOSM_06042007F_122022,1,2024630052,nancy.johnson.001368@mail.com,2024-09-16
CNT_KAGAMO_11081961F_072020,ADM_KAGAMO_11081961F_072020,KAGAMO_11081961F_072020,1,2025413208,karen.garcia.000239@mail.com,2025-08-31
CNT_DATAWI_02101954M_092024,ADM_DATAWI_02101954M_092024,DATAWI_02101954M_092024,1,2021499550,daniel.taylor.000175@gmail.com,2024-09-09
CNT_NAMABR_25091994F_122022,ADM_NAMABR_25091994F_122022,NAMABR_25091994F_122022,1,2029541309,nancy.martinez.000149@outlook.com,2024-12-04
CNT_EXDARO_25071985F_032022,ADM_EXDARO_25071985F_032022,EXDARO_25071985F_032022,1,2021505025,emily.davis.001110@hospitalmail.com,2024-12-02
CNT_PAANJO_09101999F_062024,ADM_PAANJO_09101999F_062024,PAANJO_09101999F_062024,0,,,
CNT_LAANAN_18011957F_052022,ADM_LAANAN_18011957F_052022,LAANAN_18011957F_052022,1,2027448079,laura.anderson.000275@outlook.com,2025-06-05
CNT_THSMGA_01011963M_092020,ADM_THSMGA_01011963M_092020,THSMGA_01011963M_092020,1,2025303924,thomas.smith.001832@hospitalmail.com,2025-06-14
CNT_SUWITA_14111999F_092020,ADM_SUWITA_14111999F_092020,SUWITA_14111999F_092020,1,12027362117,susan.wilson.001261@gmail.com,2025-12-24
CNT_MIROGA_08052003M_092022,ADM_MIROGA_08052003M_092022,MIROGA_08052003M_092022,1,2028487535,michael.rodriguez.002148@mail.com,2024-09-15
CNT_ELDAJO_11112004F_072022,ADM_ELDAJO_11112004F_072022,ELDAJO_11112004F_072022,1,2020959947,,2024-06-01
CNT_DAJOAN_23012007M_092023,ADM_DAJOAN_23012007M_092023,DAJOAN_23012007M_092023,1,2028156146,,2024-11-19
CNT_JAJOTA_15031992M_042020,ADM_JAJOTA_15031992M_042020,JAJOTA_15031992M_042020,1,2025428440,james.johnson.001913@outlook.com,2024-02-27
CNT_WIWIAN_06111978M_092024,ADM_WIWIAN_06111978M_092024,WIWIAN_06111978M_092024,1,2022381015,william.williams.000085@outlook.com,2024-12-16
CNT_THMOJO_04021977M_082020,ADM_THMOJO_04021977M_082020,THMOJO_04021977M_082020,1,2029163618,thomas.moore.000399@hospitalmail.com,2024-11-18
CNT_ELANXX_04081982F_032024,ADM_ELANXX_04081982F_032024,ELANXX_04081982F_032024,1,2023383542,elizabeth.anderson.001922@hospitalmail.com,2024-03-08
CNT_JXDABR_20021966F_122020,ADM_JXDABR_20021966F_122020,JXDABR_20021966F_122020,1,2022931031,jessica.davis.002131@hospitalmail.com,2024-12-09
CNT_PAMODA_14031973F_042022,ADM_PAMODA_14031973F_042022,PAMODA_14031973F_042022,1,2024055787,patricia.moore.001405@mail.com,2024-09-06
CNT_GEGAWI_08092004M_092022,ADM_GEGAWI_08092004M_092022,GEGAWI_08092004M_092022,1,2022636467,george.garcia.002006@mail.com,2025-10-08
CNT_NATASM_25021976F_112023,ADM_NATASM_25021976F_112023,NATASM_25021976F_112023,1,2026908023,nancy.taylor.002089@mail.com,2024-09-08
CNT_CHGAMO_27071994M_102024,ADM_CHGAMO_27071994M_102024,CHGAMO_27071994M_102024,1,2026799022,charles.garcia.001895@mail.com,2024-10-08
CNT_KADABR_17091983F_082023,ADM_KADABR_17091983F_082023,KADABR_17091983F_082023,1,2022751177,karen.davis.001754@outlook.com,2025-08-10
CNT_SUGAJO_17011982F_052021,ADM_SUGAJO_17011982F_052021,SUGAJO_17011982F_052021,1,2020640687,susan.garcia.001290@mail.com,2025-07-20
CNT_SAMARO_16011978F_042021,ADM_SAMARO_16011978F_042021,SAMARO_16011978F_042021,1,2020031575,sarah.martinez.000915@hospitalmail.com,2025-09-09
CNT_DAJOTA_08082020M_032023,ADM_DAJOTA_08082020M_032023,DAJOTA_08082020M_032023,1,12021965656,david.jones.001272@mail.com,2025-11-16
CNT_JEMIMA_15071964F_072022,ADM_JEMIMA_15071964F_072022,JEMIMA_15071964F_072022,1,2024269029,jennifer.miller.001961@mail.com,2025-08-20
CNT_KADAMO_28101996F_052021,ADM_KADAMO_28101996F_052021,KADAMO_28101996F_052021,1,2024538391,karen.davis.001160@outlook.com,2024-06-22
CNT_THANMO_10121988M_092024,ADM_THANMO_10121988M_092024,THANMO_10121988M_092024,1,20237028,thomas.anderson.000892@gmail.com,2025-09-25
CNT_ANBRRO_07062001M_052021,ADM_ANBRRO_07062001M_052021,ANBRRO_07062001M_052021,1,2022137935,anthony.brown.001609@outlook.com,2024-09-18
CNT_ANJODA_31011966M_072020,ADM_ANJODA_31011966M_072020,ANJODA_31011966M_072020,1,2024313297,anthony.jones.001283@outlook.com,2025-04-15
CNT_LAMOMA_07092000F_012023,ADM_LAMOMA_07092000F_012023,LAMOMA_07092000F_012023,1,2025268531,laura.moore.000975@gmail.com,2024-11-16
CNT_PAJOWI_12051996F_102022,ADM_PAJOWI_12051996F_102022,PAJOWI_12051996F_102022,1,12021453656,patricia.johnson.001221@mail.com,2024-12-01
CNT_JEROJO_10101974F_102020,ADM_JEROJO_10101974F_102020,JEROJO_10101974F_102020,1,2026584950,jennifer.rodriguez.001773@outlook.com,2024-03-25
CNT_KAANBR_27031965F_092023,ADM_KAANBR_27031965F_092023,KAANBR_27031965F_092023,1,2021452984,karen.anderson.002194@hospitalmail.com,2025-05-29
CNT_SUMOWI_12111979F_092023,ADM_SUMOWI_12111979F_092023,SUMOWI_12111979F_092023,1,2026072696,susan.moore.001734@hospitalmail.com,2024-08-23
CNT_LIDASM_18051971F_022021,ADM_LIDASM_18051971F_022021,LIDASM_18051971F_022021,1,2028417957,linda.davis.000105@outlook.com,2024-10-20
CNT_LAJOMO_24071983F_062020,ADM_LAJOMO_24071983F_062020,LAJOMO_24071983F_062020,1,2023511564,laura.johnson.000798@gmail.com,2025-05-23
CNT_WITAJO_20111984M_052020,ADM_WITAJO_20111984M_052020,WITAJO_20111984M_052020,1,2027702923,william.taylor.000022@hospitalmail.com,2024-03-27
CNT_JEROMO_03071972F_042022,ADM_JEROMO_03071972F_042022,JEROMO_03071972F_042022,1,2029787216,jennifer.rodriguez.002033@outlook.com,2024-12-26
CNT_DAANWI_29041970M_042022,ADM_DAANWI_29041970M_042022,DAANWI_29041970M_042022,1,2027075574,daniel.anderson.000231@gmail.com,2024-12-26
CNT_EMMODA_17091983F_122024,ADM_EMMODA_17091983F_122024,EMMODA_17091983F_122024,1,2024584956,emily.moore.002169@outlook.com,2024-12-30
CNT_LIMIBR_29112003F_042022,ADM_LIMIBR_29112003F_042022,LIMIBR_29112003F_042022,1,2025964570,linda.miller.001869@mail.com,2024-12-06
CNT_WIMAMI_08091977M_022022,ADM_WIMAMI_08091977M_022022,WIMAMI_08091977M_022022,1,2024066899,william.martinez.001735@gmail.com,2024-06-12
CNT_DAROGA_12051952M_112021,ADM_DAROGA_12051952M_112021,DAROGA_12051952M_112021,1,2025403233,daniel.rodriguez.000524@gmail.com,2024-09-02
CNT_DASMWI_23091967M_032024,ADM_DASMWI_23091967M_032024,DASMWI_23091967M_032024,1,2022541259,david.smith.001882@outlook.com,2025-11-30
CNT_LATAWI_07051983F_092021,ADM_LATAWI_07051983F_092021,LATAWI_07051983F_092021,1,2029625853,laura.taylor.001334@hospitalmail.com,2025-12-23
CNT_JEJOTA_20032012F_122020,ADM_JEJOTA_20032012F_122020,JEJOTA_20032012F_122020,1,2022168253,jessica.johnson.000606@gmail.com,2024-12-30
CNT_SATAMO_26021993F_112022,ADM_SATAMO_26021993F_112022,SATAMO_26021993F_112022,1,2026413803,sarah.taylor.001592@hospitalmail.com,2024-06-14
CNT_DAMOMO_01081953M_072022,ADM_DAMOMO_01081953M_072022,DAMOMO_01081953M_072022,1,12025283886,daniel.moore.001443@mail.com,2025-01-03
CNT_DAMIJO_10011968M_072024,ADM_DAMIJO_10011968M_072024,DAMIJO_10011968M_072024,1,2025421,david.miller.002162@hospitalmail.com,2025-06-24
CNT_ANSMDA_01051969M_052022,ADM_ANSMDA_01051969M_052022,ANSMDA_01051969M_052022,1,12025555955,anthony.smith.000566@gmail.com,2024-11-18
CNT_DABRMA_06052005M_102020,ADM_DABRMA_06052005M_102020,DABRMA_06052005M_102020,1,2024405677,david.brown.000377@mail.com,2025-09-25
CNT_WIJOGA_21012012M_022022,ADM_WIJOGA_21012012M_022022,WIJOGA_21012012M_022022,1,2025197090,william.jones.000078@outlook.com,2024-04-06
CNT_WIANJO_22081987M_112022,ADM_WIANJO_22081987M_112022,WIANJO_22081987M_112022,1,2029637331,william.anderson.000666@outlook.com,2025-04-11
CNT_EMJOMO_25101939F_022024,ADM_EMJOMO_25101939F_022024,EMJOMO_25101939F_022024,1,12023569791,emily.jones.000858@mail.com,2024-02-05
CNT_SUWIRO_14041969F_102024,ADM_SUWIRO_14041969F_102024,SUWIRO_14041969F_102024,1,12023887555,susan.williams.001033@outlook.com,2025-01-04
CNT_SATAAN_29101974F_092022,ADM_SATAAN_29101974F_092022,SATAAN_29101974F_092022,1,20249591,sarah.taylor.000079@outlook.com,2024-12-14
CNT_JEBRAN_29041993F_022021,ADM_JEBRAN_29041993F_022021,JEBRAN_29041993F_022021,1,2029085883,jessica.brown.000393@mail.com,2025-02-11
CNT_MAGAGA_18031973F_092023,ADM_MAGAGA_18031973F_092023,MAGAGA_18031973F_092023,1,2025227244,mary.garcia.001876@gmail.com,2024-09-20
CNT_NADAWI_07101962F_052021,ADM_NADAWI_07101962F_052021,NADAWI_07101962F_052021,1,2024583377,nancy.davis.000100@outlook.com,2025-01-04
CNT_MAANAN_22091963F_022022,ADM_MAANAN_22091963F_022022,MAANAN_22091963F_022022,1,12021243171,mary.anderson.001264@hospitalmail.com,2025-07-19
CNT_NAMABR_12071964F_102024,ADM_NAMABR_12071964F_102024,NAMABR_12071964F_102024,1,202837748,nancy.martinez.000046@gmail.com,2024-10-07
CNT_WIWIAN_01061999M_072024,ADM_WIWIAN_01061999M_072024,WIWIAN_01061999M_072024,1,2024735443,william.wilson.002222@gmail.com,2025-03-05
CNT_CHBRXX_24021953M_122022,ADM_CHBRXX_24021953M_122022,CHBRXX_24021953M_122022,1,2026535,charles.brown.001717@gmail.com,2025-09-03
CNT_LISMMI_16071967F_032020,ADM_LISMMI_16071967F_032020,LISMMI_16071967F_032020,1,12020805049,linda.smith.001292@outlook.com,2025-10-16
CNT_NADAAN_23101962F_092024,ADM_NADAAN_23101962F_092024,NADAAN_23101962F_092024,1,2023672642,nancy.davis.001920@hospitalmail.com,2025-02-16
CNT_NAMOGA_18121938F_082022,ADM_NAMOGA_18121938F_082022,NAMOGA_18121938F_082022,1,2020751032,nancy.moore.000622@mail.com,2025-11-08
CNT_GEROTA_05112013M_082022,ADM_GEROTA_05112013M_082022,GEROTA_05112013M_082022,1,2025289660,george.rodriguez.000675@gmail.com,2024-09-09
CNT_PAMIMI_07021956F_032024,ADM_PAMIMI_07021956F_032024,PAMIMI_07021956F_032024,1,2020781455,patricia.miller.001595@hospitalmail.com,2024-11-02
CNT_AXWIMI_12121999M_052024,ADM_AXWIMI_12121999M_052024,AXWIMI_12121999M_052024,1,2020383344,anthony.wilson.001533@hospitalmail.com,2025-10-16
CNT_KAANXX_28092005F_012024,ADM_KAANXX_28092005F_012024,KAANXX_28092005F_012024,1,2025468928,,2024-01-09
CNT_CHROWI_10071992M_011900,ADM_CHROWI_10071992M_011900,CHROWI_10071992M_011900,1,2025812519,charles.rodriguez.001707@hospitalmail.com,2024-03-29
CNT_LIANWI_12071939F_012020,ADM_LIANWI_12071939F_012020,LIANWI_12071939F_012020,1,2022938438,linda.anderson.000168@outlook.com,2024-12-02
CNT_JXDAMO_11092004M_092020,ADM_JXDAMO_11092004M_092020,JXDAMO_11092004M_092020,1,2029981848,james.davis.001650@hospitalmail.com,2025-08-15
CNT_KAJOMI_08071945F_032024,ADM_KAJOMI_08071945F_032024,KAJOMI_08071945F_032024,1,2027841406,karen.jones.001870@hospitalmail.com,2024-03-16
CNT_JEJOMI_21031961F_122020,ADM_JEJOMI_21031961F_122020,JEJOMI_21031961F_122020,1,12024855728,jennifer.johnson.002032@hospitalmail.com,2025-06-08
CNT_SUJOTA_23081996F_012024,ADM_SUJOTA_23081996F_012024,SUJOTA_23081996F_012024,1,2029853749,susan.jones.002053@outlook.com,2024-01-22
CNT_NADAJO_14071991F_052024,ADM_NADAJO_14071991F_052024,NADAJO_14071991F_052024,1,12023232591,nancy.davis.000477@outlook.com,2025-09-24
CNT_JEANBR_14091963F_082023,ADM_JEANBR_14091963F_082023,JEANBR_14091963F_082023,1,20270650,jessica.anderson.001871@hospitalmail.com,2024-06-21
CNT_JOROAN_12102024M_032021,ADM_JOROAN_12102024M_032021,JOROAN_12102024M_032021,1,,joseph.rodriguez.002111@hospitalmail.com,2024-03-02
CNT_DAMIMA_21071947M_012021,ADM_DAMIMA_21071947M_012021,DAMIMA_21071947M_012021,1,12021081195,david.miller.001129@hospitalmail.com,2025-08-06
CNT_JEDAMA_24092024F_102020,ADM_JEDAMA_24092024F_102020,JEDAMA_24092024F_102020,1,2028029150,jennifer.davis.001831@mail.com,2024-11-16
CNT_THJOMI_27111996M_012023,ADM_THJOMI_27111996M_012023,THJOMI_27111996M_012023,1,2022578218,thomas.johnson.000421@mail.com,2025-01-25
CNT_SXWIMO_02112009F_112022,ADM_SXWIMO_02112009F_112022,SXWIMO_02112009F_112022,1,2020845594,susan.williams.002103@gmail.com,2025-06-15
CNT_DADAMI_18031973M_062023,ADM_DADAMI_18031973M_062023,DADAMI_18031973M_062023,1,2021738138,david.davis.000995@mail.com,2025-12-18
CNT_ANJOGA_25051985M_062020,ADM_ANJOGA_25051985M_062020,ANJOGA_25051985M_062020,1,2025666922,anthony.johnson.001877@gmail.com,2025-12-29
CNT_JEWIDA_24061999F_012024,ADM_JEWIDA_24061999F_012024,JEWIDA_24061999F_012024,1,12028066713,jennifer.wilson.001527@mail.com,2024-02-15
CNT_DAJOJO_17061961M_072020,ADM_DAJOJO_17061961M_072020,DAJOJO_17061961M_072020,1,2025803027,david.johnson.001497@hospitalmail.com,2024-12-24
CNT_ROWIJO_17011983M_042021,ADM_ROWIJO_17011983M_042021,ROWIJO_17011983M_042021,1,12027245177,robert.williams.001133@mail.com,2025-09-18
CNT_PAANBR_18122022F_012020,ADM_PAANBR_18122022F_012020,PAANBR_18122022F_012020,1,12025358748,patricia.anderson.000989@mail.com,2024-12-25
CNT_AXGAGA_18091966M_052021,ADM_AXGAGA_18091966M_052021,AXGAGA_18091966M_052021,1,202036037,anthony.garcia.002041@hospitalmail.com,2024-07-26
CNT_CHMARO_31081980M_042023,ADM_CHMARO_31081980M_042023,CHMARO_31081980M_042023,1,2024787378,charles.martinez.000987@outlook.com,2025-06-24
CNT_WXSMMA_09111994M_052020,ADM_WXSMMA_09111994M_052020,WXSMMA_09111994M_052020,1,2026216229,william.smith.001428@mail.com,2025-07-20
CNT_DADAMO_11101940M_022024,ADM_DADAMO_11101940M_022024,DADAMO_11101940M_022024,1,12024481256,david.davis.001315@gmail.com,2024-02-02
CNT_CHBRSM_17101988M_012024,ADM_CHBRSM_17101988M_012024,CHBRSM_17101988M_012024,1,2023883290,charles.brown.001482@hospitalmail.com,2024-01-24
CNT_JABRMO_21042006M_052024,ADM_JABRMO_21042006M_052024,JABRMO_21042006M_052024,1,12026674789,james.brown.000717@outlook.com,2024-05-19
CNT_EMSMDA_14091964F_112024,ADM_EMSMDA_14091964F_112024,EMSMDA_14091964F_112024,1,2029323823,,2024-11-03
CNT_DAROGA_18011999M_042020,ADM_DAROGA_18011999M_042020,DAROGA_18011999M_042020,1,2024669894,david.rodriguez.001927@gmail.com,2024-10-09
CNT_JEJOJO_05121951F_092021,ADM_JEJOJO_05121951F_092021,JEJOJO_05121951F_092021,1,202607458,jennifer.jones.001529@gmail.com,2025-02-28
CNT_JOJOMO_28051983M_012022,ADM_JOJOMO_28051983M_012022,JOJOMO_28051983M_012022,1,12020863833,,2025-11-21
CNT_GEBRGA_24012012M_102023,ADM_GEBRGA_24012012M_102023,GEBRGA_24012012M_102023,1,2027300487,george.brown.001857@mail.com,2024-05-15
CNT_PATAMA_03111995F_042022,ADM_PATAMA_03111995F_042022,PATAMA_03111995F_042022,1,2020016549,patricia.taylor.000519@outlook.com,2024-05-24
CNT_SAMASM_03031978F_112023,ADM_SAMASM_03031978F_112023,SAMASM_03031978F_112023,1,2024286881,,2024-08-29
CNT_MADAGA_09061948F_072021,ADM_MADAGA_09061948F_072021,MADAGA_09061948F_072021,1,2025333686,mary.davis.000869@gmail.com,2025-04-29
CNT_JAWIMI_13111957M_052020,ADM_JAWIMI_13111957M_052020,JAWIMI_13111957M_052020,1,12026019167,james.williams.000419@hospitalmail.com,2024-12-02
CNT_ANWIJO_26081975M_122020,ADM_ANWIJO_26081975M_122020,ANWIJO_26081975M_122020,1,2026446520,anthony.williams.001964@gmail.com,2024-04-02
CNT_DADAWI_01081999M_112024,ADM_DADAWI_01081999M_112024,DADAWI_01081999M_112024,1,12023210501,,2024-11-09
CNT_DABRRO_31051955M_112021,ADM_DABRRO_31051955M_112021,DABRRO_31051955M_112021,1,2025816654,daniel.brown.000510@hospitalmail.com,2024-04-01
CNT_EMANDA_09021967F_102023,ADM_EMANDA_09021967F_102023,EMANDA_09021967F_102023,1,2027217223,emily.anderson.001321@outlook.com,2024-12-04
CNT_MAJOBR_09032004F_032024,ADM_MAJOBR_09032004F_032024,MAJOBR_09032004F_032024,1,2023063775,mary.jones.001325@mail.com,2024-03-19
CNT_KABRJO_04101958F_122024,ADM_KABRJO_04101958F_122024,KABRJO_04101958F_122024,1,2022092428,karen.brown.000926@hospitalmail.com,2025-01-30
CNT_JEANRO_19091996F_062020,ADM_JEANRO_19091996F_062020,JEANRO_19091996F_062020,1,,jennifer.anderson.001762@gmail.com,2025-03-10
CNT_JOSMMI_11081968M_092021,ADM_JOSMMI_11081968M_092021,JOSMMI_11081968M_092021,1,,joseph.smith.000742@gmail.com,2024-05-17
CNT_ELWIRO_15052007F_082020,ADM_ELWIRO_15052007F_082020,ELWIRO_15052007F_082020,1,2029885231,elizabeth.williams.000048@gmail.com,2024-08-20
CNT_JEWIWI_14051972F_012023,ADM_JEWIWI_14051972F_012023,JEWIWI_14051972F_012023,1,2021387695,jennifer.williams.000704@hospitalmail.com,2024-05-20
CNT_WIJOMA_25051996M_072024,ADM_WIJOMA_25051996M_072024,WIJOMA_25051996M_072024,1,2029994003,william.jones.001787@gmail.com,2025-11-14
CNT_THDAMO_09062007M_042024,ADM_THDAMO_09062007M_042024,THDAMO_09062007M_042024,1,2022130343,thomas.davis.001152@mail.com,2024-04-06
CNT_SAMIRO_11071996F_022020,ADM_SAMIRO_11071996F_022020,SAMIRO_11071996F_022020,1,2026692618,sarah.miller.001092@outlook.com,2025-06-19
CNT_LIJOBR_16011978F_032023,ADM_LIJOBR_16011978F_032023,LIJOBR_16011978F_032023,1,2022271179,linda.jones.000205@gmail.com,2025-02-13
CNT_SATADA_04091969F_092023,ADM_SATADA_04091969F_092023,SATADA_04091969F_092023,1,2022135809,sarah.taylor.000355@gmail.com,2025-09-10
CNT_JOWIAN_21121980M_102024,ADM_JOWIAN_21121980M_102024,JOWIAN_21121980M_102024,1,2022655357,joseph.williams.000095@mail.com,2024-10-24
CNT_JEMOJO_22011982F_082020,ADM_JEMOJO_22011982F_082020,JEMOJO_22011982F_082020,1,2021582873,jennifer.moore.001800@outlook.com,2025-07-30
CNT_THMADA_01121964M_122023,ADM_THMADA_01121964M_122023,THMADA_01121964M_122023,1,12020776321,thomas.martinez.001093@mail.com,2024-10-14
CNT_MIGATA_22081971M_102020,ADM_MIGATA_22081971M_102020,MIGATA_22081971M_102020,1,12024382720,michael.garcia.001246@outlook.com,2025-01-08
CNT_JAWIWI_18051985M_092020,ADM_JAWIWI_18051985M_092020,JAWIWI_18051985M_092020,1,2026603089,james.wilson.000496@outlook.com,2025-09-16
CNT_MIJOSM_03021996M_052024,ADM_MIJOSM_03021996M_052024,MIJOSM_03021996M_052024,1,2022632516,michael.jones.000103@mail.com,2025-09-01
CNT_JEANRO_03121984F_022024,ADM_JEANRO_03121984F_022024,JEANRO_03121984F_022024,1,2027961015,jessica.anderson.001188@hospitalmail.com,2025-08-15
CNT_DAJOJO_26061962M_122023,ADM_DAJOJO_26061962M_122023,DAJOJO_26061962M_122023,1,2020132922,daniel.johnson.001007@hospitalmail.com,2024-11-07
CNT_KABRMO_21092003F_042023,ADM_KABRMO_21092003F_042023,KABRMO_21092003F_042023,1,2023353173,karen.brown.000547@outlook.com,2025-07-18
CNT_LIANMA_16061954F_062023,ADM_LIANMA_16061954F_062023,LIANMA_16061954F_062023,1,2026197143,linda.anderson.001531@outlook.com,2025-01-14
CNT_SAMITA_31052007F_062020,ADM_SAMITA_31052007F_062020,SAMITA_31052007F_062020,1,2025261830,sarah.miller.001446@mail.com,2024-10-15
CNT_JEBRGA_14081956F_062023,ADM_JEBRGA_14081956F_062023,JEBRGA_14081956F_062023,1,2020203437,jennifer.brown.000207@gmail.com,2025-12-16
CNT_NABRDA_03112022F_022023,ADM_NABRDA_03112022F_022023,NABRDA_03112022F_022023,1,2025256884,nancy.brown.001746@outlook.com,2024-10-11
CNT_JAMIMA_12121951M_092021,ADM_JAMIMA_12121951M_092021,JAMIMA_12121951M_092021,1,12029285003,james.miller.002123@mail.com,2024-12-05
CNT_ELMIMO_19031977F_052022,ADM_ELMIMO_19031977F_052022,ELMIMO_19031977F_052022,1,202002746,elizabeth.miller.001225@mail.com,2024-03-15
CNT_SUJOAN_19051971F_062024,ADM_SUJOAN_19051971F_062024,SUJOAN_19051971F_062024,1,202822964,susan.johnson.000797@mail.com,2024-06-19
CNT_DXANRO_27072020M_052021,ADM_DXANRO_27072020M_052021,DXANRO_27072020M_052021,1,2024263594,david.anderson.000318@outlook.com,2024-10-11
CNT_ROMORO_14011946M_122024,ADM_ROMORO_14011946M_122024,ROMORO_14011946M_122024,1,12024101956,robert.moore.002038@hospitalmail.com,2024-12-01
CNT_THSMAN_17091981M_082024,ADM_THSMAN_17091981M_082024,THSMAN_17091981M_082024,1,2022771,thomas.smith.001776@mail.com,2025-11-09
CNT_CHMADA_17051977M_032024,ADM_CHMADA_17051977M_032024,CHMADA_17051977M_032024,1,12020673885,charles.martinez.000863@gmail.com,2024-05-24
CNT_GEWIMO_14011962M_012023,ADM_GEWIMO_14011962M_012023,GEWIMO_14011962M_012023,1,2029203133,george.wilson.002203@mail.com,2025-10-16
CNT_SADARO_23071968F_102021,ADM_SADARO_23071968F_102021,SADARO_23071968F_102021,1,2026611286,sarah.davis.001575@hospitalmail.com,2024-09-07
CNT_SUROGA_23042006F_032023,ADM_SUROGA_23042006F_032023,SUROGA_23042006F_032023,1,12029242923,susan.rodriguez.000564@outlook.com,2025-04-30
CNT_ROGAAN_21101977M_032021,ADM_ROGAAN_21101977M_032021,ROGAAN_21101977M_032021,1,2023273103,robert.garcia.001827@outlook.com,2025-12-09
CNT_MIMIBR_02081984M_032020,ADM_MIMIBR_02081984M_032020,MIMIBR_02081984M_032020,1,12028475799,michael.miller.001436@mail.com,2025-07-22
CNT_THTAMI_12071951M_052021,ADM_THTAMI_12071951M_052021,THTAMI_12071951M_052021,1,2026562175,thomas.taylor.001045@outlook.com,2025-05-15
CNT_JEBRRO_20031984F_042024,ADM_JEBRRO_20031984F_042024,JEBRRO_20031984F_042024,1,2026872157,jennifer.brown.001856@hospitalmail.com,2024-04-30
CNT_GEJOGA_24081962M_062021,ADM_GEJOGA_24081962M_062021,GEJOGA_24081962M_062021,1,2025242641,george.jones.002118@hospitalmail.com,2024-03-11
CNT_EMJORO_17112001F_092021,ADM_EMJORO_17112001F_092021,EMJORO_17112001F_092021,1,2029368482,emily.johnson.001907@hospitalmail.com,2024-06-03
CNT_DAWIWI_06121997M_042022,ADM_DAWIWI_06121997M_042022,DAWIWI_06121997M_042022,1,2024794120,daniel.williams.000755@gmail.com,2025-05-15
CNT_ELSMXX_21122009F_062022,ADM_ELSMXX_21122009F_062022,ELSMXX_21122009F_062022,1,2022310195,elizabeth.smith.000823@outlook.com,2024-04-06
CNT_CHJOXX_21121962M_032024,ADM_CHJOXX_21121962M_032024,CHJOXX_21121962M_032024,1,2022762370,,2024-03-24
CNT_JEANRO_07111946F_062024,ADM_JEANRO_07111946F_062024,JEANRO_07111946F_062024,1,2027918069,jennifer.anderson.002044@outlook.com,2024-06-24
CNT_LAJOWI_01121983F_112024,ADM_LAJOWI_01121983F_112024,LAJOWI_01121983F_112024,1,12020762781,laura.jones.001352@gmail.com,2025-09-26
CNT_ELJOMA_16121971F_082022,ADM_ELJOMA_16121971F_082022,ELJOMA_16121971F_082022,1,12023753661,elizabeth.jones.000148@gmail.com,2025-09-03
CNT_GEWIJO_31071947M_072020,ADM_GEWIJO_31071947M_072020,GEWIJO_31071947M_072020,1,2022652762,george.williams.000677@gmail.com,2025-05-17
CNT_JAWIJO_21071986M_092022,ADM_JAWIJO_21071986M_092022,JAWIJO_21071986M_092022,1,2026373866,james.wilson.001709@mail.com,2024-03-03
CNT_SXTADA_26081964F_022024,ADM_SXTADA_26081964F_022024,SXTADA_26081964F_022024,1,2028591486,sarah.taylor.000586@outlook.com,2024-02-22
CNT_GEANSM_13061962M_052024,ADM_GEANSM_13061962M_052024,GEANSM_13061962M_052024,1,2027474656,george.anderson.000021@mail.com,2025-06-08
CNT_SAMOMA_04031997F_112020,ADM_SAMOMA_04031997F_112020,SAMOMA_04031997F_112020,1,2026334536,sarah.moore.000500@mail.com,2024-01-23
CNT_SXMITA_31011984F_082024,ADM_SXMITA_31011984F_082024,SXMITA_31011984F_082024,1,12023294692,sarah.miller.002051@mail.com,2024-08-06
CNT_JXJOJO_07031959M_011900,ADM_JXJOJO_07031959M_011900,JXJOJO_07031959M_011900,1,2024170360,john.johnson.000356@hospitalmail.com,2024-07-25
CNT_PAJOTA_04071965F_052022,ADM_PAJOTA_04071965F_052022,PAJOTA_04071965F_052022,1,12028941008,patricia.jones.000256@mail.com,2025-02-12
CNT_ELSMRO_23041943F_092024,ADM_ELSMRO_23041943F_092024,ELSMRO_23041943F_092024,1,2028040944,,2024-09-05
CNT_SAGAMO_15021971F_052024,ADM_SAGAMO_15021971F_052024,SAGAMO_15021971F_052024,1,2024938787,sarah.garcia.000966@outlook.com,2024-05-24
CNT_DAMISM_06081935M_102021,ADM_DAMISM_06081935M_102021,DAMISM_06081935M_102021,1,12026347405,daniel.miller.000906@outlook.com,2025-05-29
CNT_JOGABR_14061965M_042024,ADM_JOGABR_14061965M_042024,JOGABR_14061965M_042024,1,2021424027,joseph.garcia.001204@hospitalmail.com,2025-11-21
CNT_KAGAWI_10061991F_062024,ADM_KAGAWI_10061991F_062024,KAGAWI_10061991F_062024,1,2028749464,karen.garcia.001841@mail.com,2024-06-07
CNT_NAMOBR_03121998F_052020,ADM_NAMOBR_03121998F_052020,NAMOBR_03121998F_052020,1,12028785804,nancy.moore.001332@gmail.com,2025-01-09
CNT_WIDAAN_25101977M_012024,ADM_WIDAAN_25101977M_012024,WIDAAN_25101977M_012024,1,2022552331,william.davis.001521@hospitalmail.com,2025-01-30
CNT_DASMMO_03041950M_032023,ADM_DASMMO_03041950M_032023,DASMMO_03041950M_032023,1,2020324183,daniel.smith.000028@hospitalmail.com,2024-03-24
CNT_LIMAWI_03031994F_082024,ADM_LIMAWI_03031994F_082024,LIMAWI_03031994F_082024,1,2023435953,linda.martinez.000450@gmail.com,2025-07-30
CNT_LIMIAN_06061971F_122021,ADM_LIMIAN_06061971F_122021,LIMIAN_06061971F_122021,1,2020834138,linda.miller.001670@hospitalmail.com,2024-01-07
CNT_THWIMI_06021994M_102021,ADM_THWIMI_06021994M_102021,THWIMI_06021994M_102021,1,202065734,thomas.wilson.002218@outlook.com,2024-01-02
CNT_WISMWI_02122001M_072021,ADM_WISMWI_02122001M_072021,WISMWI_02122001M_072021,1,2025887055,william.smith.000608@mail.com,2025-10-21
CNT_THMADA_25022002M_092022,ADM_THMADA_25022002M_092022,THMADA_25022002M_092022,1,12020885482,thomas.martinez.000799@gmail.com,2024-11-23
CNT_WIROWI_12082003M_122021,ADM_WIROWI_12082003M_122021,WIROWI_12082003M_122021,1,2025711326,william.rodriguez.000125@mail.com,2025-08-04
CNT_ELMAWI_25022009F_022021,ADM_ELMAWI_25022009F_022021,ELMAWI_25022009F_022021,1,2025210051,elizabeth.martinez.001180@hospitalmail.com,2025-06-29
CNT_ELJOMA_04041998F_072024,ADM_ELJOMA_04041998F_072024,ELJOMA_04041998F_072024,1,2024351502,elizabeth.jones.000121@mail.com,2024-08-28
CNT_DAANJO_29081975M_062024,ADM_DAANJO_29081975M_062024,DAANJO_29081975M_062024,1,2021368600,david.anderson.000409@hospitalmail.com,2024-06-12
CNT_NAROTA_17011992F_052024,ADM_NAROTA_17011992F_052024,NAROTA_17011992F_052024,1,12020695682,nancy.rodriguez.000251@mail.com,2025-11-06
CNT_DAWIGA_02121967M_052023,ADM_DAWIGA_02121967M_052023,DAWIGA_02121967M_052023,1,2029372858,daniel.williams.000710@outlook.com,2025-11-15
CNT_NAANMA_27031994F_012023,ADM_NAANMA_27031994F_012023,NAANMA_27031994F_012023,1,2025920454,nancy.anderson.000052@mail.com,2024-09-16
CNT_JOWIWI_10041998M_062020,ADM_JOWIWI_10041998M_062020,JOWIWI_10041998M_062020,1,2023822415,john.wilson.001222@mail.com,2025-03-23
CNT_SABRXX_04031978F_082024,ADM_SABRXX_04031978F_082024,SABRXX_04031978F_082024,1,2024222258,sarah.brown.000615@outlook.com,2024-08-12
CNT_CHJOJO_15092011M_062022,ADM_CHJOJO_15092011M_062022,CHJOJO_15092011M_062022,1,2021926620,charles.jones.000532@gmail.com,2024-12-02
CNT_LAJOAN_20061986F_102021,ADM_LAJOAN_20061986F_102021,LAJOAN_20061986F_102021,1,2022834621,laura.johnson.000810@gmail.com,2025-12-12
CNT_NXTAWI_26091940F_052020,ADM_NXTAWI_26091940F_052020,NXTAWI_26091940F_052020,1,2028658259,nancy.taylor.001299@hospitalmail.com,2024-07-31
CNT_PAROMI_31121961F_062024,ADM_PAROMI_31121961F_062024,PAROMI_31121961F_062024,1,2028492944,patricia.rodriguez.001090@outlook.com,2024-06-08
CNT_MIJODA_25121966M_022021,ADM_MIJODA_25121966M_022021,MIJODA_25121966M_022021,1,2025393834,michael.johnson.000015@gmail.com,2025-06-21
CNT_ANANTA_11121961M_102020,ADM_ANANTA_11121961M_102020,ANANTA_11121961M_102020,1,12020830303,anthony.anderson.000463@outlook.com,2024-05-01
CNT_JOMAJO_26121969M_052021,ADM_JOMAJO_26121969M_052021,JOMAJO_26121969M_052021,1,202769547,john.martinez.000206@gmail.com,2024-09-04
CNT_DAMOWI_24081980M_042024,ADM_DAMOWI_24081980M_042024,DAMOWI_24081980M_042024,1,2028379707,david.moore.001289@outlook.com,2025-11-13
CNT_PAWIJO_29011993F_082020,ADM_PAWIJO_29011993F_082020,PAWIJO_29011993F_082020,1,2024310719,patricia.wilson.001782@mail.com,2025-10-21
CNT_JEDAGA_26081987F_062020,ADM_JEDAGA_26081987F_062020,JEDAGA_26081987F_062020,1,2027777242,jessica.davis.000195@outlook.com,2025-11-15
CNT_ROJOBR_10041979M_032022,ADM_ROJOBR_10041979M_032022,ROJOBR_10041979M_032022,1,2024995804,robert.johnson.000820@mail.com,2025-03-05
CNT_NADAMO_20051956F_112024,ADM_NADAMO_20051956F_112024,NADAMO_20051956F_112024,1,12027793290,nancy.davis.001743@outlook.com,2024-11-09
CNT_SAMIAN_09102016F_042024,ADM_SAMIAN_09102016F_042024,SAMIAN_09102016F_042024,1,2028859100,sarah.miller.000495@mail.com,2024-04-03
CNT_JEGABR_16061981F_062023,ADM_JEGABR_16061981F_062023,JEGABR_16061981F_062023,1,202094852,jennifer.garcia.000699@gmail.com,2024-10-20
CNT_DAWIGA_14082014M_052021,ADM_DAWIGA_14082014M_052021,DAWIGA_14082014M_052021,1,2021878593,david.wilson.001833@mail.com,2025-07-29
CNT_JASMMI_05042006M_032022,ADM_JASMMI_05042006M_032022,JASMMI_05042006M_032022,1,2028391020,james.smith.000127@gmail.com,2024-05-10
CNT_JOBRJO_11031957M_032024,ADM_JOBRJO_11031957M_032024,JOBRJO_11031957M_032024,1,2029925953,joseph.brown.000491@gmail.com,2025-05-30
CNT_WIMOAN_28022007M_072024,ADM_WIMOAN_28022007M_072024,WIMOAN_28022007M_072024,1,12020138764,william.moore.000983@gmail.com,2025-02-11
CNT_ANMAJO_20072001M_042021,ADM_ANMAJO_20072001M_042021,ANMAJO_20072001M_042021,1,12022601730,anthony.martinez.000057@outlook.com,2025-08-31
CNT_THJOTA_05121987M_082023,ADM_THJOTA_05121987M_082023,THJOTA_05121987M_082023,1,2021554730,thomas.johnson.001117@hospitalmail.com,2025-02-14
CNT_NXTARO_01091985F_092024,ADM_NXTARO_01091985F_092024,NXTARO_01091985F_092024,1,2028700004,,2024-09-29
CNT_JEMODA_25041963F_112021,ADM_JEMODA_25041963F_112021,JEMODA_25041963F_112021,1,2029271122,jennifer.moore.000690@hospitalmail.com,2024-07-19
CNT_JEJOWI_26071994F_122023,ADM_JEJOWI_26071994F_122023,JEJOWI_26071994F_122023,1,2023049403,jessica.jones.000040@outlook.com,2025-05-31
CNT_ROMAJO_25082009M_052020,ADM_ROMAJO_25082009M_052020,ROMAJO_25082009M_052020,1,2028398815,robert.martinez.001799@mail.com,2024-09-11
CNT_SUJOBR_02041945F_012021,ADM_SUJOBR_02041945F_012021,SUJOBR_02041945F_012021,1,12028128036,susan.johnson.000464@gmail.com,2025-10-22
CNT_JOSMDA_08121963M_122023,ADM_JOSMDA_08121963M_122023,JOSMDA_08121963M_122023,1,2025867567,john.smith.000117@mail.com,2024-12-13
CNT_ANJOTA_20051989M_082020,ADM_ANJOTA_20051989M_082020,ANJOTA_20051989M_082020,1,2029506542,anthony.jones.001981@gmail.com,2024-10-12
CNT_ROGASM_03071985M_082023,ADM_ROGASM_03071985M_082023,ROGASM_03071985M_082023,1,12021279239,robert.garcia.001104@mail.com,2024-04-07
CNT_JEWITA_15101941F_062022,ADM_JEWITA_15101941F_062022,JEWITA_15101941F_062022,1,2029768992,jessica.wilson.000791@gmail.com,2024-11-29
CNT_JEMATA_21042012F_082023,ADM_JEMATA_21042012F_082023,JEMATA_21042012F_082023,1,2020835710,jessica.martinez.000917@mail.com,2024-10-27
CNT_NAANDA_11041948F_052021,ADM_NAANDA_11041948F_052021,NAANDA_11041948F_052021,1,2028887886,nancy.anderson.001307@hospitalmail.com,2024-10-17
CNT_WIMORO_29111995M_062020,ADM_WIMORO_29111995M_062020,WIMORO_29111995M_062020,1,2024791088,william.moore.001291@hospitalmail.com,2025-12-14
CNT_WIMOJO_03052013M_022020,ADM_WIMOJO_03052013M_022020,WIMOJO_03052013M_022020,1,2028682193,william.moore.000081@outlook.com,2025-02-04
CNT_JEROBR_27021969F_072021,ADM_JEROBR_27021969F_072021,JEROBR_27021969F_072021,1,2022452955,jessica.rodriguez.001546@mail.com,2025-05-31
CNT_PADAJO_22072006F_082022,ADM_PADAJO_22072006F_082022,PADAJO_22072006F_082022,1,2029266310,patricia.davis.000757@hospitalmail.com,2025-08-17
CNT_DAANJO_14031944M_072022,ADM_DAANJO_14031944M_072022,DAANJO_14031944M_072022,1,2023084597,daniel.anderson.000018@gmail.com,2025-03-10
CNT_LXGATA_12041941F_052024,ADM_LXGATA_12041941F_052024,LXGATA_12041941F_052024,1,2025537333,linda.garcia.001619@mail.com,2024-12-05
CNT_WIMOAN_20021979M_102023,ADM_WIMOAN_20021979M_102023,WIMOAN_20021979M_102023,1,2025439674,william.moore.002226@outlook.com,2025-05-14
CNT_SAROJO_22081994F_052022,ADM_SAROJO_22081994F_052022,SAROJO_22081994F_052022,1,20247351,sarah.rodriguez.000126@outlook.com,2024-12-31
CNT_KAMOSM_19041989F_112021,ADM_KAMOSM_19041989F_112021,KAMOSM_19041989F_112021,1,2025948647,karen.moore.001535@mail.com,2025-08-13
CNT_DAMIDA_11011985M_012024,ADM_DAMIDA_11011985M_012024,DAMIDA_11011985M_012024,1,2025550245,daniel.miller.000923@outlook.com,2024-08-12
CNT_LAWIMO_07081970F_052020,ADM_LAWIMO_07081970F_052020,LAWIMO_07081970F_052020,1,2029156487,laura.williams.002217@gmail.com,2025-10-18
CNT_LITAGA_01062018F_062022,ADM_LITAGA_01062018F_062022,LITAGA_01062018F_062022,1,2024505950,linda.taylor.000734@hospitalmail.com,2025-07-21
CNT_PAWIDA_29062001F_122020,ADM_PAWIDA_29062001F_122020,PAWIDA_29062001F_122020,1,12023449889,patricia.wilson.001729@gmail.com,2024-04-01
CNT_DAWIBR_26041981M_032024,ADM_DAWIBR_26041981M_032024,DAWIBR_26041981M_032024,1,20226002,david.williams.001409@mail.com,2025-09-11
CNT_JAANWI_25071956M_062021,ADM_JAANWI_25071956M_062021,JAANWI_25071956M_062021,1,2020202855,james.anderson.000914@mail.com,2025-12-19
CNT_ELMAMA_25071979F_112021,ADM_ELMAMA_25071979F_112021,ELMAMA_25071979F_112021,1,12028101213,,2024-01-12
CNT_SUGAAN_22081999F_092022,ADM_SUGAAN_22081999F_092022,SUGAAN_22081999F_092022,1,2023166606,susan.garcia.001772@outlook.com,2024-04-06
CNT_ANSMAN_13021979M_052024,ADM_ANSMAN_13021979M_052024,ANSMAN_13021979M_052024,1,2026166420,anthony.smith.000215@mail.com,2025-02-21
CNT_THGAAN_21121979M_072023,ADM_THGAAN_21121979M_072023,THGAAN_21121979M_072023,1,2027860142,thomas.garcia.000679@hospitalmail.com,2024-07-19
CNT_NAGATA_10021976F_122023,ADM_NAGATA_10021976F_122023,NAGATA_10021976F_122023,1,2025926394,nancy.garcia.000361@outlook.com,2025-02-03
CNT_EXMAMO_09111984F_032024,ADM_EXMAMO_09111984F_032024,EXMAMO_09111984F_032024,1,2027449877,emily.martinez.002130@gmail.com,2024-03-27
CNT_CHBRSM_12101962M_022022,ADM_CHBRSM_12101962M_022022,CHBRSM_12101962M_022022,1,12021065057,charles.brown.000012@mail.com,2025-12-12
CNT_JEANRO_30121996F_082022,ADM_JEANRO_30121996F_082022,JEANRO_30121996F_082022,1,12025909155,jessica.anderson.001944@hospitalmail.com,2024-11-09
CNT_EMANMO_03012008F_072024,ADM_EMANMO_03012008F_072024,EMANMO_03012008F_072024,1,2026645343,emily.anderson.001195@mail.com,2024-07-03
CNT_THWITA_28021969M_102023,ADM_THWITA_28021969M_102023,THWITA_28021969M_102023,1,12020551895,thomas.wilson.001875@gmail.com,2024-02-18
CNT_SAMAMO_05042002F_022022,ADM_SAMAMO_05042002F_022022,SAMAMO_05042002F_022022,1,2029601172,sarah.martinez.001102@mail.com,2025-04-19
CNT_ELBRBR_03051949F_092022,ADM_ELBRBR_03051949F_092022,ELBRBR_03051949F_092022,1,12025478601,elizabeth.brown.000688@outlook.com,2024-12-11
CNT_JOBRRO_14031968M_072021,ADM_JOBRRO_14031968M_072021,JOBRRO_14031968M_072021,1,2021670224,john.brown.001846@outlook.com,2025-05-01
CNT_JEBRWI_01021955F_122020,ADM_JEBRWI_01021955F_122020,JEBRWI_01021955F_122020,1,2021673869,jessica.brown.001016@outlook.com,2025-08-08
CNT_ROTAXX_12061978M_122020,ADM_ROTAXX_12061978M_122020,ROTAXX_12061978M_122020,1,2026114084,robert.taylor.000649@outlook.com,2024-01-16
CNT_GEJOSM_17041985M_092020,ADM_GEJOSM_17041985M_092020,GEJOSM_17041985M_092020,1,2022124184,george.johnson.000170@hospitalmail.com,2025-06-23
CNT_JODAMO_04101992M_092022,ADM_JODAMO_04101992M_092022,JODAMO_04101992M_092022,1,12025796025,john.davis.001792@hospitalmail.com,2024-10-16
CNT_EMJOAN_18021977F_082021,ADM_EMJOAN_18021977F_082021,EMJOAN_18021977F_082021,1,2029766718,emily.jones.000607@hospitalmail.com,2024-12-21
CNT_CHROWI_08031982M_092024,ADM_CHROWI_08031982M_092024,CHROWI_08031982M_092024,1,2023459111,charles.rodriguez.000358@hospitalmail.com,2024-09-12
CNT_SUANJO_13031961F_022024,ADM_SUANJO_13031961F_022024,SUANJO_13031961F_022024,1,2029462790,susan.anderson.000337@hospitalmail.com,2025-09-16
CNT_KATADA_07072010F_082021,ADM_KATADA_07072010F_082021,KATADA_07072010F_082021,1,2024481255,karen.taylor.002082@hospitalmail.com,2025-03-16
CNT_SAWIMO_12081994F_012024,ADM_SAWIMO_12081994F_012024,SAWIMO_12081994F_012024,1,2021469412,sarah.williams.000253@hospitalmail.com,2024-05-30
CNT_WIRORO_07091982M_032022,ADM_WIRORO_07091982M_032022,WIRORO_07091982M_032022,1,12022863831,william.rodriguez.000819@mail.com,2025-11-22
CNT_WIGAGA_30082002M_052023,ADM_WIGAGA_30082002M_052023,WIGAGA_30082002M_052023,1,12022919889,william.garcia.001089@mail.com,2024-04-06
CNT_THWIDA_15111976M_012020,ADM_THWIDA_15111976M_012020,THWIDA_15111976M_012020,1,2029996213,thomas.wilson.000643@hospitalmail.com,2025-07-15
CNT_KADAJO_29081989F_102021,ADM_KADAJO_29081989F_102021,KADAJO_29081989F_102021,1,2026786473,karen.davis.002122@mail.com,2025-10-17
CNT_CXWIWI_10101966M_102024,ADM_CXWIWI_10101966M_102024,CXWIWI_10101966M_102024,1,2020239376,charles.wilson.001991@hospitalmail.com,2024-10-25
CNT_JOMAJO_12101955M_032020,ADM_JOMAJO_12101955M_032020,JOMAJO_12101955M_032020,1,2021346420,joseph.martinez.000227@mail.com,2024-09-13
CNT_LAMIMI_23061944F_112022,ADM_LAMIMI_23061944F_112022,LAMIMI_23061944F_112022,1,2028696193,laura.miller.002160@hospitalmail.com,2025-03-30
CNT_JAANSM_16041983M_012024,ADM_JAANSM_16041983M_012024,JAANSM_16041983M_012024,1,2029898090,james.anderson.001361@mail.com,2024-01-09
CNT_JOANGA_24081993M_062023,ADM_JOANGA_24081993M_062023,JOANGA_24081993M_062023,1,2021914559,john.anderson.001495@outlook.com,2025-07-19
CNT_SASMJO_06021988F_062020,ADM_SASMJO_06021988F_062020,SASMJO_06021988F_062020,1,2026443523,sarah.smith.000977@outlook.com,2025-08-17
CNT_JEMODA_30031987F_092021,ADM_JEMODA_30031987F_092021,JEMODA_30031987F_092021,1,202207902,jennifer.moore.000767@outlook.com,2024-06-15
CNT_GESMMO_01091976M_022020,ADM_GESMMO_01091976M_022020,GESMMO_01091976M_022020,1,2027439829,george.smith.001945@hospitalmail.com,2025-01-15
CNT_JEROMI_08101983F_042024,ADM_JEROMI_08101983F_042024,JEROMI_08101983F_042024,1,12021375700,jessica.rodriguez.000694@gmail.com,2024-04-23
CNT_WIJORO_05121988M_082023,ADM_WIJORO_05121988M_082023,WIJORO_05121988M_082023,1,2027912837,william.jones.001001@mail.com,2024-12-12
CNT_JEMIRO_12081946F_112024,ADM_JEMIRO_12081946F_112024,JEMIRO_12081946F_112024,1,12022798855,jennifer.miller.000617@mail.com,2025-01-07
CNT_SAWIRO_17112018F_092023,ADM_SAWIRO_17112018F_092023,SAWIRO_17112018F_092023,1,20242416,sarah.williams.002170@mail.com,2024-12-03
CNT_LIGAWI_07091982F_032024,ADM_LIGAWI_07091982F_032024,LIGAWI_07091982F_032024,1,12023038484,linda.garcia.001959@mail.com,2025-07-02
CNT_WITADA_24101963M_012024,ADM_WITADA_24101963M_012024,WITADA_24101963M_012024,1,202244283,william.taylor.000354@gmail.com,2025-07-20
CNT_SAWITA_25121988F_012024,ADM_SAWITA_25121988F_012024,SAWITA_25121988F_012024,1,2023901106,sarah.wilson.000523@hospitalmail.com,2024-01-31
CNT_NABRMO_07092005F_082020,ADM_NABRMO_07092005F_082020,NABRMO_07092005F_082020,1,2027684223,nancy.brown.000415@gmail.com,2024-12-24
CNT_ROGATA_21102010M_022023,ADM_ROGATA_21102010M_022023,ROGATA_21102010M_022023,1,,robert.garcia.001241@mail.com,2024-09-13
CNT_CHJOWI_12072006M_012023,ADM_CHJOWI_12072006M_012023,CHJOWI_12072006M_012023,1,2029327898,charles.johnson.002184@gmail.com,2025-07-23
CNT_LABRTA_04022001F_072020,ADM_LABRTA_04022001F_072020,LABRTA_04022001F_072020,1,2022600863,laura.brown.001113@hospitalmail.com,2025-05-27
CNT_SATADA_13032004F_012023,ADM_SATADA_13032004F_012023,SATADA_13032004F_012023,1,2025422131,sarah.taylor.001392@gmail.com,2024-09-26
CNT_JOJOBR_12111987M_012021,ADM_JOJOBR_12111987M_012021,JOJOBR_12111987M_012021,1,2025493649,john.jones.000887@mail.com,2025-11-10
CNT_DAMATA_30071976M_102020,ADM_DAMATA_30071976M_102020,DAMATA_30071976M_102020,1,2023996677,david.martinez.001483@mail.com,2025-08-23
CNT_LAWIJO_13071999F_102022,ADM_LAWIJO_13071999F_102022,LAWIJO_13071999F_102022,1,2029345457,laura.wilson.000637@mail.com,2024-12-12
CNT_PAJOAN_26021938F_072020,ADM_PAJOAN_26021938F_072020,PAJOAN_26021938F_072020,1,2023250706,patricia.johnson.000278@outlook.com,2024-09-25
CNT_JEJOJO_07071993F_042020,ADM_JEJOJO_07071993F_042020,JEJOJO_07071993F_042020,1,2023584135,jennifer.johnson.000258@outlook.com,2025-02-15
CNT_WITAJO_20071970M_102023,ADM_WITAJO_20071970M_102023,WITAJO_20071970M_102023,1,2024417841,william.taylor.001976@gmail.com,2024-11-20
CNT_NADAGA_28111987F_032022,ADM_NADAGA_28111987F_032022,NADAGA_28111987F_032022,1,2022246623,nancy.davis.001567@outlook.com,2024-07-24
CNT_CHGAMA_18091970M_012024,ADM_CHGAMA_18091970M_012024,CHGAMA_18091970M_012024,1,2029742743,charles.garcia.001018@mail.com,2024-10-14
CNT_DAMAWI_20061983M_102020,ADM_DAMAWI_20061983M_102020,DAMAWI_20061983M_102020,1,12026996429,david.martinez.002015@mail.com,2025-03-23
CNT_GEGASM_24121975M_022021,ADM_GEGASM_24121975M_022021,GEGASM_24121975M_022021,1,2023223426,,2024-04-13
CNT_DAMIAN_21091999M_042024,ADM_DAMIAN_21091999M_042024,DAMIAN_21091999M_042024,1,12023130045,,2024-04-04
CNT_CHJOJO_28051947M_122024,ADM_CHJOJO_28051947M_122024,CHJOJO_28051947M_122024,1,2028418689,charles.jones.001025@gmail.com,2024-12-05
CNT_CHBRGA_09081963M_122020,ADM_CHBRGA_09081963M_122020,CHBRGA_09081963M_122020,1,2025799013,charles.brown.000013@hospitalmail.com,2025-07-19
CNT_JOTAMO_18071991M_082020,ADM_JOTAMO_18071991M_082020,JOTAMO_18071991M_082020,1,2029683821,joseph.taylor.000433@gmail.com,2025-03-23
CNT_SUJOBR_19062014F_122023,ADM_SUJOBR_19062014F_122023,SUJOBR_19062014F_122023,1,2028594210,susan.jones.000102@hospitalmail.com,2025-01-05
CNT_THROJO_10041995M_011900,ADM_THROJO_10041995M_011900,THROJO_10041995M_011900,1,2021711741,thomas.rodriguez.002079@outlook.com,2024-12-10
CNT_ELWIAN_27072005F_112020,ADM_ELWIAN_27072005F_112020,ELWIAN_27072005F_112020,1,2026011749,elizabeth.wilson.000855@outlook.com,2024-02-22
CNT_DAANDA_23041993M_062021,ADM_DAANDA_23041993M_062021,DAANDA_23041993M_062021,1,2021202520,david.anderson.001038@mail.com,2025-04-12
CNT_SASMWI_28081993F_072020,ADM_SASMWI_28081993F_072020,SASMWI_28081993F_072020,1,2029612773,sarah.smith.001930@gmail.com,2025-12-24
CNT_LADAMO_04071963F_082023,ADM_LADAMO_04071963F_082023,LADAMO_04071963F_082023,1,12024956616,laura.davis.000006@gmail.com,2025-04-14
CNT_EMWIWI_19061956F_122022,ADM_EMWIWI_19061956F_122022,EMWIWI_19061956F_122022,1,2026572,emily.wilson.001041@hospitalmail.com,2024-02-02
CNT_SABRSM_29081989F_052023,ADM_SABRSM_29081989F_052023,SABRSM_29081989F_052023,1,12023729160,sarah.brown.000132@hospitalmail.com,2025-10-07
CNT_LAMAGA_27011974F_122023,ADM_LAMAGA_27011974F_122023,LAMAGA_27011974F_122023,1,2025363322,laura.martinez.001229@mail.com,2025-09-08
CNT_EMTAAN_01111980F_092025,ADM_EMTAAN_01111980F_092025,EMTAAN_01111980F_092025,1,2023099510,emily.taylor.000183@mail.com,2025-09-20
CNT_DAGAGA_19081984M_082020,ADM_DAGAGA_19081984M_082020,DAGAGA_19081984M_082020,1,12028762415,daniel.garcia.001843@hospitalmail.com,2025-10-06
CNT_JEANMI_19042002F_122020,ADM_JEANMI_19042002F_122020,JEANMI_19042002F_122020,1,2022826332,jessica.anderson.001383@outlook.com,2024-03-27
CNT_EMMOMI_02041989F_062020,ADM_EMMOMI_02041989F_062020,EMMOMI_02041989F_062020,1,2029888066,emily.moore.001525@outlook.com,2025-08-28
CNT_DAMIWI_16121971M_122021,ADM_DAMIWI_16121971M_122021,DAMIWI_16121971M_122021,1,2021852405,daniel.miller.001733@gmail.com,2024-08-09
CNT_JADAAN_13071954M_042023,ADM_JADAAN_13071954M_042023,JADAAN_13071954M_042023,1,2029630085,james.davis.000141@gmail.com,2025-11-13
CNT_EMBRJO_28041963F_052024,ADM_EMBRJO_28041963F_052024,EMBRJO_28041963F_052024,1,12029102526,emily.brown.000508@hospitalmail.com,2024-05-27
CNT_LAWISM_08021982F_062024,ADM_LAWISM_08021982F_062024,LAWISM_08021982F_062024,1,2020738542,laura.wilson.001676@outlook.com,2024-06-10
CNT_ANJOJO_18061967M_042024,ADM_ANJOJO_18061967M_042024,ANJOJO_18061967M_042024,1,12025469045,anthony.johnson.000370@outlook.com,2024-11-14
CNT_DAJOWI_27022002M_042021,ADM_DAJOWI_27022002M_042021,DAJOWI_27022002M_042021,1,12020143426,daniel.jones.000550@gmail.com,2025-06-04
CNT_EMWIMA_11061954F_112024,ADM_EMWIMA_11061954F_112024,EMWIMA_11061954F_112024,1,12027731117,emily.williams.000653@gmail.com,2025-12-18
CNT_DABRDA_23022018M_062024,ADM_DABRDA_23022018M_062024,DABRDA_23022018M_062024,1,2023721337,david.brown.002153@hospitalmail.com,2025-07-21
CNT_JORODA_23102004M_032022,ADM_JORODA_23102004M_032022,JORODA_23102004M_032022,1,2020345053,joseph.rodriguez.000398@mail.com,2024-11-27
CNT_CHTAJO_13022004M_032024,ADM_CHTAJO_13022004M_032024,CHTAJO_13022004M_032024,1,2027154375,,2024-03-07
CNT_PAGAJO_08031982F_012024,ADM_PAGAJO_08031982F_012024,PAGAJO_08031982F_012024,1,12020944211,patricia.garcia.001884@mail.com,2024-01-11
CNT_JAANWI_05111989M_032024,ADM_JAANWI_05111989M_032024,JAANWI_05111989M_032024,1,2022127781,james.anderson.000124@gmail.com,2025-07-02
CNT_LITAMO_25081994F_052022,ADM_LITAMO_25081994F_052022,LITAMO_25081994F_052022,1,2024674263,linda.taylor.001934@mail.com,2025-11-09
CNT_THWIGA_02072009M_072022,ADM_THWIGA_02072009M_072022,THWIGA_02072009M_072022,1,2020107549,thomas.wilson.001616@gmail.com,2025-01-14
CNT_DATASM_22102012M_062024,ADM_DATASM_22102012M_062024,DATASM_22102012M_062024,1,2029376757,david.taylor.000901@hospitalmail.com,2025-08-20
CNT_THJOXX_17091978M_072021,ADM_THJOXX_17091978M_072021,THJOXX_17091978M_072021,1,12022607845,thomas.jones.000067@hospitalmail.com,2024-11-25
CNT_NAWIJO_01011976F_122023,ADM_NAWIJO_01011976F_122023,NAWIJO_01011976F_122023,1,2028737619,nancy.wilson.002098@outlook.com,2025-10-11
CNT_KAMOWI_10111984F_122024,ADM_KAMOWI_10111984F_122024,KAMOWI_10111984F_122024,1,2027870600,karen.moore.000055@hospitalmail.com,2024-12-05
CNT_WIROWI_22012024M_011900,ADM_WIROWI_22012024M_011900,WIROWI_22012024M_011900,1,2020915514,william.rodriguez.000827@outlook.com,2024-06-22
CNT_DAANWI_23081942M_072021,ADM_DAANWI_23081942M_072021,DAANWI_23081942M_072021,1,12029508322,david.anderson.001156@mail.com,2025-09-16
CNT_DAWIXX_29052003M_072023,ADM_DAWIXX_29052003M_072023,DAWIXX_29052003M_072023,1,12021206968,,2024-11-03
CNT_GEROWI_25041996M_052022,ADM_GEROWI_25041996M_052022,GEROWI_25041996M_052022,1,2027069727,george.rodriguez.000741@outlook.com,2025-06-27
CNT_THJOSM_01041973M_072020,ADM_THJOSM_01041973M_072020,THJOSM_01041973M_072020,1,2024908057,thomas.johnson.001690@hospitalmail.com,2024-11-08
CNT_LABRDA_24092023F_032022,ADM_LABRDA_24092023F_032022,LABRDA_24092023F_032022,1,12021785770,laura.brown.001747@gmail.com,2025-03-17
CNT_DAWIXX_11061940M_092023,ADM_DAWIXX_11061940M_092023,DAWIXX_11061940M_092023,1,12026663637,,2024-12-15
CNT_NAJOSM_16012001F_112023,ADM_NAJOSM_16012001F_112023,NAJOSM_16012001F_112023,1,2023492081,nancy.jones.000439@hospitalmail.com,2025-02-18
CNT_LXGATA_04022017F_042024,ADM_LXGATA_04022017F_042024,LXGATA_04022017F_042024,1,2028779870,linda.garcia.002107@gmail.com,2024-04-30
CNT_JEMITA_13061979F_082024,ADM_JEMITA_13061979F_082024,JEMITA_13061979F_082024,1,12026766124,jennifer.miller.001659@hospitalmail.com,2025-08-17
CNT_CHROGA_05111988M_102021,ADM_CHROGA_05111988M_102021,CHROGA_05111988M_102021,1,2024810517,charles.rodriguez.002048@mail.com,2024-05-23
CNT_JOSMTA_06031995M_052022,ADM_JOSMTA_06031995M_052022,JOSMTA_06031995M_052022,1,2020611018,joseph.smith.000535@gmail.com,2024-12-01
CNT_CHWITA_05121993M_082023,ADM_CHWITA_05121993M_082023,CHWITA_05121993M_082023,1,12022599030,charles.wilson.001078@outlook.com,2024-08-30
CNT_THANMO_22062001M_122023,ADM_THANMO_22062001M_122023,THANMO_22062001M_122023,1,2023697135,thomas.anderson.002211@outlook.com,2024-10-25
CNT_JEDAMO_17011966F_052021,ADM_JEDAMO_17011966F_052021,JEDAMO_17011966F_052021,1,2024481985,,2024-07-26
CNT_DADAWI_29091989M_052022,ADM_DADAWI_29091989M_052022,DADAWI_29091989M_052022,1,2028739423,daniel.davis.000511@hospitalmail.com,2024-10-29
CNT_DXMAGA_19031970M_052021,ADM_DXMAGA_19031970M_052021,DXMAGA_19031970M_052021,1,12023540239,daniel.martinez.002143@hospitalmail.com,2024-06-06
CNT_MIBRWI_16041948M_032023,ADM_MIBRWI_16041948M_032023,MIBRWI_16041948M_032023,1,2029970900,,2024-01-31
CNT_JODARO_21051999M_032023,ADM_JODARO_21051999M_032023,JODARO_21051999M_032023,1,2028704792,joseph.davis.000269@gmail.com,2024-06-18
CNT_SAWIMO_25081976F_082021,ADM_SAWIMO_25081976F_082021,SAWIMO_25081976F_082021,1,2029000063,sarah.wilson.001594@mail.com,2025-01-31
CNT_LIMITA_13042000F_122020,ADM_LIMITA_13042000F_122020,LIMITA_13042000F_122020,1,2022222955,linda.miller.000465@mail.com,2024-04-15
CNT_CHBRJO_03112017M_102024,ADM_CHBRJO_03112017M_102024,CHBRJO_03112017M_102024,1,2029108821,charles.brown.001926@gmail.com,2024-10-18
CNT_LIDAMO_02011965F_082024,ADM_LIDAMO_02011965F_082024,LIDAMO_02011965F_082024,1,2029313214,linda.davis.000779@hospitalmail.com,2025-10-06
CNT_DAMIRO_03031994M_122020,ADM_DAMIRO_03031994M_122020,DAMIRO_03031994M_122020,1,2023965154,daniel.miller.001462@outlook.com,2025-08-15
CNT_JAGAWI_31071942M_062020,ADM_JAGAWI_31071942M_062020,JAGAWI_31071942M_062020,1,2024562641,james.garcia.002165@hospitalmail.com,2025-12-06
CNT_NAANTA_29101952F_022023,ADM_NAANTA_29101952F_022023,NAANTA_29101952F_022023,1,2027253371,nancy.anderson.000749@gmail.com,2025-01-20
CNT_NAJOJO_14021975F_032024,ADM_NAJOJO_14021975F_032024,NAJOJO_14021975F_032024,1,2026783668,nancy.jones.000659@outlook.com,2025-02-10
CNT_PADASM_21111985F_092024,ADM_PADASM_21111985F_092024,PADASM_21111985F_092024,1,2024024389,patricia.davis.001172@gmail.com,2024-09-22
CNT_WIROBR_15071999M_042023,ADM_WIROBR_15071999M_042023,WIROBR_15071999M_042023,1,2027782713,william.rodriguez.001547@mail.com,2025-08-15
CNT_NAGABR_06031955F_022023,ADM_NAGABR_06031955F_022023,NAGABR_06031955F_022023,1,2024974087,nancy.garcia.001128@hospitalmail.com,2025-06-09
CNT_JAMORO_17101964M_072021,ADM_JAMORO_17101964M_072021,JAMORO_17101964M_072021,1,2028704229,james.moore.001170@hospitalmail.com,2025-09-29
CNT_JOWIMA_20092005M_042023,ADM_JOWIMA_20092005M_042023,JOWIMA_20092005M_042023,1,2024627919,john.williams.000072@outlook.com,2025-05-08
CNT_DAMOJO_18111992M_032022,ADM_DAMOJO_18111992M_032022,DAMOJO_18111992M_032022,1,12023978878,daniel.moore.001149@mail.com,2024-07-13
CNT_JESMRO_02101937F_042024,ADM_JESMRO_02101937F_042024,JESMRO_02101937F_042024,1,2029496100,jennifer.smith.001099@hospitalmail.com,2025-07-20
CNT_MAANJO_28011938F_122021,ADM_MAANJO_28011938F_122021,MAANJO_28011938F_122021,1,12029517120,,2024-11-12
CNT_THMIMO_04091966M_052024,ADM_THMIMO_04091966M_052024,THMIMO_04091966M_052024,1,12025221325,thomas.miller.001850@hospitalmail.com,2024-05-08
CNT_NASMMO_26091993F_072023,ADM_NASMMO_26091993F_072023,NASMMO_26091993F_072023,1,2029557851,,2024-05-11
CNT_ANDAWI_10061972M_082022,ADM_ANDAWI_10061972M_082022,ANDAWI_10061972M_082022,1,2024675179,anthony.davis.000604@mail.com,2024-08-11
CNT_DAJOJO_17081945M_082024,ADM_DAJOJO_17081945M_082024,DAJOJO_17081945M_082024,1,2023034,david.johnson.001519@hospitalmail.com,2025-03-08
CNT_GEWITA_02021965M_092021,ADM_GEWITA_02021965M_092021,GEWITA_02021965M_092021,1,2020517162,george.wilson.002065@hospitalmail.com,2024-05-24
CNT_LIJODA_02071992F_092022,ADM_LIJODA_02071992F_092022,LIJODA_02071992F_092022,1,202075535,linda.johnson.001540@outlook.com,2025-07-12
CNT_JEDATA_18051988F_062022,ADM_JEDATA_18051988F_062022,JEDATA_18051988F_062022,1,12020075601,jessica.davis.001703@hospitalmail.com,2024-12-08
CNT_DAJOMA_04082001M_102024,ADM_DAJOMA_04082001M_102024,DAJOMA_04082001M_102024,1,2020346120,daniel.johnson.000348@gmail.com,2025-04-09
CNT_ROMOMO_24042003M_032022,ADM_ROMOMO_24042003M_032022,ROMOMO_24042003M_032022,1,2028013745,robert.moore.000744@outlook.com,2025-01-20
CNT_WIMOMA_10031963M_102023,ADM_WIMOMA_10031963M_102023,WIMOMA_10031963M_102023,1,2020811405,william.moore.001391@gmail.com,2025-08-10
CNT_JAANTA_23071971M_092023,ADM_JAANTA_23071971M_092023,JAANTA_23071971M_092023,1,2027624340,james.anderson.001053@hospitalmail.com,2025-12-28
CNT_KXDARO_07071965F_112024,ADM_KXDARO_07071965F_112024,KXDARO_07071965F_112024,1,2026034275,karen.davis.000446@mail.com,2024-11-30
CNT_ANTAMO_05081974M_082021,ADM_ANTAMO_05081974M_082021,ANTAMO_05081974M_082021,1,2028280168,,2025-07-21
CNT_MAJOMI_03052000F_092021,ADM_MAJOMI_03052000F_092021,MAJOMI_03052000F_092021,1,2022498160,mary.jones.000830@mail.com,2025-10-12
CNT_SAJODA_07081970F_122024,ADM_SAJODA_07081970F_122024,SAJODA_07081970F_122024,1,2020968067,sarah.johnson.001822@outlook.com,2024-12-07
CNT_JODABR_20061998M_092024,ADM_JODABR_20061998M_092024,JODABR_20061998M_092024,1,,joseph.davis.002186@gmail.com,2024-09-28
CNT_JOMOAN_07121967M_122023,ADM_JOMOAN_07121967M_122023,JOMOAN_07121967M_122023,1,2024651696,john.moore.000740@mail.com,2025-04-15
CNT_SAJORO_11031999F_082024,ADM_SAJORO_11031999F_082024,SAJORO_11031999F_082024,1,2022944732,sarah.jones.001297@outlook.com,2024-08-16
CNT_SAWIAN_27051974F_072024,ADM_SAWIAN_27051974F_072024,SAWIAN_27051974F_072024,1,2025899225,sarah.wilson.001437@outlook.com,2024-07-13
CNT_JOGABR_03061961M_072020,ADM_JOGABR_03061961M_072020,JOGABR_03061961M_072020,1,12027253494,joseph.garcia.000352@hospitalmail.com,2025-01-12
CNT_THTARO_26032019M_092024,ADM_THTARO_26032019M_092024,THTARO_26032019M_092024,1,2026403698,thomas.taylor.000548@mail.com,2024-09-14
CNT_NAWIRO_17051975F_032022,ADM_NAWIRO_17051975F_032022,NAWIRO_17051975F_032022,1,2027161268,nancy.wilson.001796@gmail.com,2025-03-13
CNT_LAWIWI_17062000F_032024,ADM_LAWIWI_17062000F_032024,LAWIWI_17062000F_032024,1,2024886696,laura.wilson.002050@mail.com,2025-02-21
CNT_CHROMO_07051983M_052024,ADM_CHROMO_07051983M_052024,CHROMO_07051983M_052024,1,2026118127,charles.rodriguez.000177@gmail.com,2024-05-11
CNT_WIJOTA_26101973M_022020,ADM_WIJOTA_26101973M_022020,WIJOTA_26101973M_022020,1,2029809920,william.johnson.002036@gmail.com,2025-12-23
CNT_LAWIMA_27021999F_122020,ADM_LAWIMA_27021999F_122020,LAWIMA_27021999F_122020,1,2020472655,laura.williams.000065@gmail.com,2025-10-20
CNT_JAWIMA_21081981M_022024,ADM_JAWIMA_21081981M_022024,JAWIMA_21081981M_022024,1,20232650,james.wilson.002248@hospitalmail.com,2025-03-14
CNT_JEBRMI_13071975F_012023,ADM_JEBRMI_13071975F_012023,JEBRMI_13071975F_012023,1,2026343712,jessica.brown.000288@hospitalmail.com,2025-09-25
CNT_DAWIDA_07071989M_122024,ADM_DAWIDA_07071989M_122024,DAWIDA_07071989M_122024,1,2026999402,,2024-12-30
CNT_ANWISM_05051946M_062022,ADM_ANWISM_05051946M_062022,ANWISM_05051946M_062022,1,2023202558,anthony.williams.001615@mail.com,2024-10-11
CNT_JOBRDA_16021992M_122024,ADM_JOBRDA_16021992M_122024,JOBRDA_16021992M_122024,1,2020115004,john.brown.001141@outlook.com,2025-07-03
CNT_GEGAMA_19031976M_052024,ADM_GEGAMA_19031976M_052024,GEGAMA_19031976M_052024,1,2025401575,george.garcia.000334@gmail.com,2025-09-22
CNT_JODAJO_08011972M_042021,ADM_JODAJO_08011972M_042021,JODAJO_08011972M_042021,1,2021280955,john.davis.001580@outlook.com,2024-02-27
CNT_DADATA_30091938M_042022,ADM_DADATA_30091938M_042022,DADATA_30091938M_042022,1,2022774976,daniel.davis.000793@gmail.com,2025-03-09
CNT_GETABR_05011990M_052020,ADM_GETABR_05011990M_052020,GETABR_05011990M_052020,1,2023696374,george.taylor.001190@hospitalmail.com,2025-04-26
CNT_ROROXX_30011988M_022020,ADM_ROROXX_30011988M_022020,ROROXX_30011988M_022020,1,2028688549,robert.rodriguez.000412@mail.com,2025-11-22
CNT_MIMAMA_22011984M_112024,ADM_MIMAMA_22011984M_112024,MIMAMA_22011984M_112024,1,2027170239,michael.martinez.000843@outlook.com,2024-11-22
CNT_GEMAWI_04051995M_072023,ADM_GEMAWI_04051995M_072023,GEMAWI_04051995M_072023,1,12028554175,george.martinez.000716@hospitalmail.com,2025-09-13
CNT_CHJOBR_29011964M_032021,ADM_CHJOBR_29011964M_032021,CHJOBR_29011964M_032021,1,2022955495,charles.jones.001885@hospitalmail.com,2025-06-20
CNT_DAROBR_11032011M_072023,ADM_DAROBR_11032011M_072023,DAROBR_11032011M_072023,1,2026556485,daniel.rodriguez.000454@hospitalmail.com,2025-08-24
CNT_ROROWI_26051998M_102022,ADM_ROROWI_26051998M_102022,ROROWI_26051998M_102022,1,12024390799,robert.rodriguez.001044@outlook.com,2025-07-13
CNT_NAROJO_07021950F_052023,ADM_NAROJO_07021950F_052023,NAROJO_07021950F_052023,1,2021398901,nancy.rodriguez.001295@hospitalmail.com,2025-09-21
CNT_WIJOWI_24081981M_082024,ADM_WIJOWI_24081981M_082024,WIJOWI_24081981M_082024,1,12020209789,william.jones.001419@hospitalmail.com,2025-01-28
CNT_ELANRO_22071941F_022023,ADM_ELANRO_22071941F_022023,ELANRO_22071941F_022023,1,2025577107,elizabeth.anderson.001484@gmail.com,2024-07-25
CNT_SABRSM_11031935F_112024,ADM_SABRSM_11031935F_112024,SABRSM_11031935F_112024,1,12024064531,sarah.brown.001730@hospitalmail.com,2024-11-19
CNT_JOWIAN_03121983M_032020,ADM_JOWIAN_03121983M_032020,JOWIAN_03121983M_032020,1,2020330228,john.wilson.001788@hospitalmail.com,2024-08-01
CNT_KAJORO_12031962F_102020,ADM_KAJORO_12031962F_102020,KAJORO_12031962F_102020,1,2020136416,karen.jones.000944@gmail.com,2025-10-11
CNT_MIJOWI_11111967M_092024,ADM_MIJOWI_11111967M_092024,MIJOWI_11111967M_092024,1,2027296778,michael.jones.000075@outlook.com,2024-09-08
CNT_CHDAMO_11091971M_072020,ADM_CHDAMO_11091971M_072020,CHDAMO_11091971M_072020,1,2021541652,charles.davis.000408@gmail.com,2025-10-28
CNT_PAJHWI_14032007F_082024,ADM_PAJHWI_14032007F_082024,PAJHWI_14032007F_082024,1,2021482306,,2024-08-14
CNT_THDAMO_28032019M_032022,ADM_THDAMO_28032019M_032022,THDAMO_28032019M_032022,1,2024409705,thomas.davis.001032@mail.com,2025-02-25
CNT_GEWIGA_12031967M_082022,ADM_GEWIGA_12031967M_082022,GEWIGA_12031967M_082022,1,2021928148,george.wilson.000844@hospitalmail.com,2024-07-02
CNT_SAMIJO_12031965F_052021,ADM_SAMIJO_12031965F_052021,SAMIJO_12031965F_052021,1,2027199,sarah.miller.001389@outlook.com,2024-11-08
CNT_AXJOAN_06021971M_022020,ADM_AXJOAN_06021971M_022020,AXJOAN_06021971M_022020,1,2021939120,anthony.johnson.001936@outlook.com,2024-05-29
CNT_THJOWI_03101993M_022024,ADM_THJOWI_03101993M_022024,THJOWI_03101993M_022024,1,2020882897,thomas.jones.001924@mail.com,2024-02-20
CNT_DAMIAN_10052007M_112021,ADM_DAMIAN_10052007M_112021,DAMIAN_10052007M_112021,1,2026522523,david.miller.001010@gmail.com,2025-07-20
CNT_JEWIJO_04101979F_082020,ADM_JEWIJO_04101979F_082020,JEWIJO_04101979F_082020,1,2021712462,jessica.williams.000311@outlook.com,2024-11-06
CNT_MIWIBR_22071966M_042020,ADM_MIWIBR_22071966M_042020,MIWIBR_22071966M_042020,1,2021553604,michael.williams.002189@hospitalmail.com,2025-06-25
CNT_SUANMO_12111966F_102020,ADM_SUANMO_12111966F_102020,SUANMO_12111966F_102020,1,2027928973,susan.anderson.001758@hospitalmail.com,2025-09-24
CNT_SUMOXX_20081960F_112024,ADM_SUMOXX_20081960F_112024,SUMOXX_20081960F_112024,1,2024979785,susan.moore.001680@mail.com,2024-11-02
CNT_CHDADA_03031972M_022020,ADM_CHDADA_03031972M_022020,CHDADA_03031972M_022020,1,2027162331,charles.davis.001359@outlook.com,2025-08-12
CNT_LAGABR_11081961F_122023,ADM_LAGABR_11081961F_122023,LAGABR_11081961F_122023,1,2026226467,laura.garcia.001474@hospitalmail.com,2025-11-08
CNT_KAMOJO_30101949F_052020,ADM_KAMOJO_30101949F_052020,KAMOJO_30101949F_052020,1,2026882901,karen.moore.001677@outlook.com,2025-10-12
CNT_KAMIMI_25011993F_122023,ADM_KAMIMI_25011993F_122023,KAMIMI_25011993F_122023,1,2029202508,karen.miller.002141@hospitalmail.com,2025-03-30
CNT_MAANXX_28011938F_122021,ADM_MAANXX_28011938F_122021,MAANXX_28011938F_122021,1,2029517120,mary.anderson.000897@hospitalmail.com,2025-12-16
CNT_NABRTA_27051946F_092022,ADM_NABRTA_27051946F_092022,NABRTA_27051946F_092022,1,2027587577,nancy.brown.000782@hospitalmail.com,2025-09-20
CNT_DAROTA_10051938M_052025,ADM_DAROTA_10051938M_052025,DAROTA_10051938M_052025,1,2026476539,daniel.rodriguez.001528@gmail.com,2025-05-02
CNT_JEMIJO_13092000F_022025,ADM_JEMIJO_13092000F_022025,JEMIJO_13092000F_022025,1,2020094183,jessica.miller.000245@outlook.com,2025-05-22
CNT_JABRWI_24061984M_092025,ADM_JABRWI_24061984M_092025,JABRWI_24061984M_092025,1,2028077331,james.brown.000902@gmail.com,2025-09-10
CNT_ROJOWI_21062020M_022023,ADM_ROJOWI_21062020M_022023,ROJOWI_21062020M_022023,1,2028717469,robert.johnson.001494@outlook.com,2025-12-16
CNT_MIMOJO_05031969M_052020,ADM_MIMOJO_05031969M_052020,MIMOJO_05031969M_052020,1,2022769152,michael.moore.001654@outlook.com,2025-09-08
CNT_CHMITA_02031984M_042023,ADM_CHMITA_02031984M_042023,CHMITA_02031984M_042023,1,2026489914,charles.miller.001245@hospitalmail.com,2025-08-06
CNT_THJOAN_28071986M_062020,ADM_THJOAN_28071986M_062020,THJOAN_28071986M_062020,1,2025271459,thomas.jones.000609@mail.com,2025-06-15
CNT_JAMAMI_22031988M_052021,ADM_JAMAMI_22031988M_052021,JAMAMI_22031988M_052021,1,2024795212,james.martinez.002128@hospitalmail.com,2025-05-24
CNT_SAMIGA_28011982F_032023,ADM_SAMIGA_28011982F_032023,SAMIGA_28011982F_032023,1,12021614135,sarah.miller.001042@mail.com,2025-11-23
CNT_MXJOJO_08101941M_122023,ADM_MXJOJO_08101941M_122023,MXJOJO_08101941M_122023,1,20290831,michael.johnson.001252@outlook.com,2025-11-22
CNT_GEANJO_06072002M_032022,ADM_GEANJO_06072002M_032022,GEANJO_06072002M_032022,1,2024700943,george.anderson.001736@gmail.com,2025-12-07
CNT_JAJOTA_10022017M_112022,ADM_JAJOTA_10022017M_112022,JAJOTA_10022017M_112022,1,2029114470,james.jones.001039@mail.com,2025-12-16
CNT_WITAWI_12021938M_102025,ADM_WITAWI_12021938M_102025,WITAWI_12021938M_102025,1,12023221875,william.taylor.000712@mail.com,2025-11-15
CNT_JXWIRO_09071954F_112025,ADM_JXWIRO_09071954F_112025,JXWIRO_09071954F_112025,1,2023707556,jessica.williams.001035@outlook.com,2025-11-06
CNT_DAMIBR_08101987M_052020,ADM_DAMIBR_08101987M_052020,DAMIBR_08101987M_052020,1,2024822519,david.miller.000462@outlook.com,2025-12-26
CNT_NADAMO_01041992F_062023,ADM_NADAMO_01041992F_062023,NADAMO_01041992F_062023,1,2024850916,nancy.davis.000404@hospitalmail.com,2025-08-27
CNT_MIRODA_17091983M_092025,ADM_MIRODA_17091983M_092025,MIRODA_17091983M_092025,1,2022917494,michael.rodriguez.001571@gmail.com,2025-09-04
CNT_CHMIAN_15071961M_011900,ADM_CHMIAN_15071961M_011900,CHMIAN_15071961M_011900,1,2029723392,charles.miller.000188@hospitalmail.com,2025-02-19
CNT_ANTARO_21031986M_042023,ADM_ANTARO_21031986M_042023,ANTARO_21031986M_042023,1,2023140993,anthony.taylor.000115@outlook.com,2025-05-18
CNT_JEDAWI_03071979F_072021,ADM_JEDAWI_03071979F_072021,JEDAWI_03071979F_072021,1,2025243497,jessica.davis.000808@outlook.com,2025-06-06
CNT_JAMOXX_26051945M_082023,ADM_JAMOXX_26051945M_082023,JAMOXX_26051945M_082023,1,12027113441,james.moore.000594@mail.com,2025-02-01
CNT_LAMOSM_04052024F_022025,ADM_LAMOSM_04052024F_022025,LAMOSM_04052024F_022025,1,2026104020,laura.moore.000096@gmail.com,2025-09-14
CNT_SAWIRO_30051973F_092021,ADM_SAWIRO_30051973F_092021,SAWIRO_30051973F_092021,1,2024617025,sarah.williams.001002@mail.com,2025-02-05
CNT_ROJOMA_24081982M_102025,ADM_ROJOMA_24081982M_102025,ROJOMA_24081982M_102025,1,2028422865,robert.jones.000019@hospitalmail.com,2025-10-05
CNT_THDAMI_27092024M_102025,ADM_THDAMI_27092024M_102025,THDAMI_27092024M_102025,1,202096397,thomas.davis.002245@hospitalmail.com,2025-10-17
CNT_KAJOAN_14091957F_102025,ADM_KAJOAN_14091957F_102025,KAJOAN_14091957F_102025,1,2020422410,karen.johnson.001425@mail.com,2025-10-22
CNT_JEWIWI_23041982F_122025,ADM_JEWIWI_23041982F_122025,JEWIWI_23041982F_122025,1,12027402416,jessica.williams.000457@gmail.com,2025-12-31
CNT_GEWIBR_24061958M_122025,ADM_GEWIBR_24061958M_122025,GEWIBR_24061958M_122025,1,2021301831,george.williams.001611@gmail.com,2025-12-22
CNT_JEMIJO_15101982F_072020,ADM_JEMIJO_15101982F_072020,JEMIJO_15101982F_072020,1,2023786337,jennifer.miller.001554@hospitalmail.com,2025-10-18
CNT_LIBRJO_27031968F_012021,ADM_LIBRJO_27031968F_012021,LIBRJO_27031968F_012021,1,12020492531,linda.brown.001280@gmail.com,2025-08-06
CNT_JESMSM_28021966F_122025,ADM_JESMSM_28021966F_122025,JESMSM_28021966F_122025,1,2024839907,jennifer.smith.000835@outlook.com,2025-12-02
CNT_SUWLMA_22101986F_042022,ADM_SUWLMA_22101986F_042022,SUWLMA_22101986F_042022,1,20202583,susan.williams.000112@gmail.com,2025-09-16
CNT_LAMIJO_08081980F_122020,ADM_LAMIJO_08081980F_122020,LAMIJO_08081980F_122020,1,2027004791,laura.miller.000403@gmail.com,2025-08-30
CNT_JEMIXX_25011969F_012025,ADM_JEMIXX_25011969F_012025,JEMIXX_25011969F_012025,1,2023278512,jennifer.miller.001345@hospitalmail.com,2025-01-14
CNT_SABRMI_16031974F_011900,ADM_SABRMI_16031974F_011900,SABRMI_16031974F_011900,1,2028392033,,2025-04-13
CNT_JOMIMA_15111952M_112021,ADM_JOMIMA_15111952M_112021,JOMIMA_15111952M_112021,1,2021642791,john.miller.001253@gmail.com,2025-11-20
CNT_SUWIMA_18071972F_122023,ADM_SUWIMA_18071972F_122023,SUWIMA_18071972F_122023,1,2028840205,susan.wilson.000257@outlook.com,2025-08-26
CNT_SUWIJO_01061985F_122021,ADM_SUWIJO_01061985F_122021,SUWIJO_01061985F_122021,1,2020828404,susan.wilson.001169@mail.com,2025-10-25
CNT_KAWIMO_01021946F_062021,ADM_KAWIMO_01021946F_062021,KAWIMO_01021946F_062021,1,2029549396,,2025-06-16
CNT_MIWIWI_01011973M_022020,ADM_MIWIWI_01011973M_022020,MIWIWI_01011973M_022020,1,2023588413,michael.wilson.000136@gmail.com,2025-07-23
CNT_JADARO_12081992M_092022,ADM_JADARO_12081992M_092022,JADARO_12081992M_092022,1,2022559086,james.davis.001618@hospitalmail.com,2025-05-09
CNT_JEDAXX_26021974F_102022,ADM_JEDAXX_26021974F_102022,JEDAXX_26021974F_102022,1,2024872103,jessica.davis.000401@gmail.com,2025-06-16
CNT_JEWIGA_21032014F_082022,ADM_JEWIGA_21032014F_082022,JEWIGA_21032014F_082022,1,12028489444,jennifer.williams.001914@gmail.com,2025-06-26
CNT_NAWIXX_25111995F_072025,ADM_NAWIXX_25111995F_072025,NAWIXX_25111995F_072025,1,2029092,,2025-07-23
CNT_DABRDA_14071979M_112023,ADM_DABRDA_14071979M_112023,DABRDA_14071979M_112023,1,12023304742,david.brown.001471@gmail.com,2025-03-05
CNT_JETAMI_01122013F_062020,ADM_JETAMI_01122013F_062020,JETAMI_01122013F_062020,1,12024339492,jessica.taylor.001398@gmail.com,2025-11-13
CNT_NAMOJO_08041987F_062020,ADM_NAMOJO_08041987F_062020,NAMOJO_08041987F_062020,1,2023046622,nancy.moore.001597@hospitalmail.com,2025-11-21
CNT_SAMIJO_08081988F_102025,ADM_SAMIJO_08081988F_102025,SAMIJO_08081988F_102025,1,12029554014,sarah.miller.001845@outlook.com,2025-10-29
CNT_ELMOAN_30052005F_042025,ADM_ELMOAN_30052005F_042025,ELMOAN_30052005F_042025,1,12029464148,elizabeth.moore.001548@mail.com,2025-06-25
CNT_DAWISM_07071963M_102025,ADM_DAWISM_07071963M_102025,DAWISM_07071963M_102025,1,2029050843,david.williams.000131@hospitalmail.com,2025-10-01
CNT_DAMISM_27101988M_052025,ADM_DAMISM_27101988M_052025,DAMISM_27101988M_052025,1,2021695053,david.miller.000113@outlook.com,2025-09-13
CNT_WIJOMI_23121997M_092020,ADM_WIJOMI_23121997M_092020,WIJOMI_23121997M_092020,1,2023767895,,2025-07-30
CNT_KAMOGA_30051978F_032022,ADM_KAMOGA_30051978F_032022,KAMOGA_30051978F_032022,1,2026791003,karen.moore.000862@outlook.com,2025-11-24
CNT_DASMXX_22041970M_032020,ADM_DASMXX_22041970M_032020,DASMXX_22041970M_032020,0,,,
CNT_SURORO_02111965F_092020,ADM_SURORO_02111965F_092020,SURORO_02111965F_092020,1,12020973231,susan.rodriguez.000050@mail.com,2025-06-25
CNT_NAJOBR_11122005F_032025,ADM_NAJOBR_11122005F_032025,NAJOBR_11122005F_032025,1,12027581146,nancy.jones.002163@hospitalmail.com,2025-09-24
CNT_SAMODA_24022003F_062025,ADM_SAMODA_24022003F_062025,SAMODA_24022003F_062025,1,2026228417,sarah.moore.000034@mail.com,2025-11-29
CNT_CHROMA_13111993M_052022,ADM_CHROMA_13111993M_052022,CHROMA_13111993M_052022,1,2025179317,charles.rodriguez.000621@hospitalmail.com,2025-12-17
CNT_JEANMO_10081949F_072025,ADM_JEANMO_10081949F_072025,JEANMO_10081949F_072025,1,2026299886,jessica.anderson.001941@mail.com,2025-07-10
CNT_NAANBR_12081988F_122020,ADM_NAANBR_12081988F_122020,NAANBR_12081988F_122020,1,2020764951,nancy.anderson.000651@outlook.com,2025-12-03
CNT_JXANJO_03031978M_052021,ADM_JXANJO_03031978M_052021,JXANJO_03031978M_052021,1,2020985042,john.anderson.001342@hospitalmail.com,2025-01-29
CNT_WIMOAN_02032015M_102023,ADM_WIMOAN_02032015M_102023,WIMOAN_02032015M_102023,1,2021910711,william.moore.001316@outlook.com,2025-12-06
CNT_LIMOAN_31101940F_112023,ADM_LIMOAN_31101940F_112023,LIMOAN_31101940F_112023,1,12028733420,linda.moore.001526@gmail.com,2025-12-18
CNT_ROSMMA_24071978M_022023,ADM_ROSMMA_24071978M_022023,ROSMMA_24071978M_022023,1,2029956725,robert.smith.000512@mail.com,2025-12-24
CNT_KAANRO_13011963F_042025,ADM_KAANRO_13011963F_042025,KAANRO_13011963F_042025,1,12022300806,karen.anderson.000342@gmail.com,2025-04-07
CNT_JOANDA_29111998M_062023,ADM_JOANDA_29111998M_062023,JOANDA_29111998M_062023,1,12023569341,joseph.anderson.001125@mail.com,2025-05-31
CNT_JAWIAN_25091994M_062025,ADM_JAWIAN_25091994M_062025,JAWIAN_25091994M_062025,1,2026443578,james.wilson.000871@outlook.com,2025-06-16
CNT_GEMOWI_17112011M_102022,ADM_GEMOWI_17112011M_102022,GEMOWI_17112011M_102022,1,2022049481,george.moore.000570@hospitalmail.com,2025-10-06
CNT_THTAMI_04081967M_032020,ADM_THTAMI_04081967M_032020,THTAMI_04081967M_032020,1,2023930267,thomas.taylor.002129@outlook.com,2025-05-26
CNT_DASMRO_10032006M_112025,ADM_DASMRO_10032006M_112025,DASMRO_10032006M_112025,1,2024528415,daniel.smith.001937@mail.com,2025-11-23
CNT_LIJOWI_25081972F_012021,ADM_LIJOWI_25081972F_012021,LIJOWI_25081972F_012021,1,2026250841,linda.jones.000826@gmail.com,2025-12-31
CNT_JXMIWI_02081966M_022020,ADM_JXMIWI_02081966M_022020,JXMIWI_02081966M_022020,1,2027861172,joseph.miller.000453@hospitalmail.com,2025-03-10
CNT_ELBRDA_11101979F_042023,ADM_ELBRDA_11101979F_042023,ELBRDA_11101979F_042023,1,2029920208,elizabeth.brown.000909@outlook.com,2025-12-09
CNT_JAMOJO_13122006M_012025,ADM_JAMOJO_13122006M_012025,JAMOJO_13122006M_012025,1,12022915400,james.moore.000270@hospitalmail.com,2025-02-07
CNT_DAANTA_18081993M_032023,ADM_DAANTA_18081993M_032023,DAANTA_18081993M_032023,1,2024234128,daniel.anderson.000937@hospitalmail.com,2025-02-27
CNT_CHMORO_31051976M_122020,ADM_CHMORO_31051976M_122020,CHMORO_31051976M_122020,1,12023733908,charles.moore.001656@outlook.com,2025-10-17
CNT_MXTATA_07091955M_022023,ADM_MXTATA_07091955M_022023,MXTATA_07091955M_022023,1,2027414565,,2025-12-08
CNT_EMSMDA_23041970F_012025,ADM_EMSMDA_23041970F_012025,EMSMDA_23041970F_012025,1,2024474715,emily.smith.000414@outlook.com,2025-11-02
CNT_ANJOBR_01021981M_032023,ADM_ANJOBR_01021981M_032023,ANJOBR_01021981M_032023,1,2026581308,anthony.johnson.001814@gmail.com,2025-05-26
CNT_JEJOWI_09101956F_072023,ADM_JEJOWI_09101956F_072023,JEJOWI_09101956F_072023,1,20295012,,2025-06-11
CNT_MABRAN_16082012F_082022,ADM_MABRAN_16082012F_082022,MABRAN_16082012F_082022,1,2028407792,mary.brown.002009@hospitalmail.com,2025-09-02
CNT_CHDAMA_07101983M_122022,ADM_CHDAMA_07101983M_122022,CHDAMA_07101983M_122022,1,2021383296,charles.davis.000536@mail.com,2025-08-31
CNT_KAJOAN_07061962F_122020,ADM_KAJOAN_07061962F_122020,KAJOAN_07061962F_122020,1,2023651102,karen.johnson.001532@gmail.com,2025-05-02
CNT_EXMIJO_21101974F_022025,ADM_EXMIJO_21101974F_022025,EXMIJO_21101974F_022025,1,12028298726,elizabeth.miller.001412@hospitalmail.com,2025-07-16
CNT_NARODA_15041989F_092023,ADM_NARODA_15041989F_092023,NARODA_15041989F_092023,1,20258146,nancy.rodriguez.000804@outlook.com,2025-08-13
CNT_DAMIAN_03031963M_092021,ADM_DAMIAN_03031963M_092021,DAMIAN_03031963M_092021,1,2027992150,david.miller.001916@hospitalmail.com,2025-08-20
CNT_JOMIDA_28051999M_052021,ADM_JOMIDA_28051999M_052021,JOMIDA_28051999M_052021,1,2025712253,joseph.miller.001640@outlook.com,2025-02-20
CNT_NAMISM_01111963F_062021,ADM_NAMISM_01111963F_062021,NAMISM_01111963F_062021,1,2025600012,nancy.miller.000772@outlook.com,2025-09-11
CNT_JOGAWI_17072011M_112023,ADM_JOGAWI_17072011M_112023,JOGAWI_17072011M_112023,1,2024260924,john.garcia.001202@mail.com,2025-03-08
CNT_THGAWI_11102002M_032025,ADM_THGAWI_11102002M_032025,THGAWI_11102002M_032025,1,2022139813,thomas.garcia.001069@outlook.com,2025-10-14
CNT_ROSMWI_03092004M_032025,ADM_ROSMWI_03092004M_032025,ROSMWI_03092004M_032025,1,12028229582,,2025-03-11
CNT_SUJOXX_19051971F_082020,ADM_SUJOXX_19051971F_082020,SUJOXX_19051971F_082020,1,2028229646,,2025-03-03
CNT_LAWIGA_16071990F_092025,ADM_LAWIGA_16071990F_092025,LAWIGA_16071990F_092025,1,12025821814,,2025-09-15
CNT_JETAJO_18101990F_052025,ADM_JETAJO_18101990F_052025,JETAJO_18101990F_052025,1,2023249598,jennifer.taylor.002088@outlook.com,2025-10-12
CNT_MASMMO_17021970F_122025,ADM_MASMMO_17021970F_122025,MASMMO_17021970F_122025,1,2029985429,mary.smith.001858@mail.com,2025-12-04
CNT_WIMAWI_11061953M_122022,ADM_WIMAWI_11061953M_122022,WIMAWI_11061953M_122022,1,2021664840,william.martinez.001158@gmail.com,2025-12-10
CNT_LISMDA_16111985F_022025,ADM_LISMDA_16111985F_022025,LISMDA_16111985F_022025,1,2029789410,linda.smith.002081@mail.com,2025-02-14
CNT_ANTAMI_24091964M_012020,ADM_ANTAMI_24091964M_012020,ANTAMI_24091964M_012020,1,2024921898,anthony.taylor.002223@outlook.com,2025-11-14
CNT_CHGARO_25091940M_042021,ADM_CHGARO_25091940M_042021,CHGARO_25091940M_042021,1,2028558462,charles.garcia.002183@gmail.com,2025-09-02
CNT_THWIAN_10091981M_022025,ADM_THWIAN_10091981M_022025,THWIAN_10091981M_022025,1,2021551606,thomas.williams.000785@mail.com,2025-06-11
CNT_SUMAAN_01071998F_112025,ADM_SUMAAN_01071998F_112025,SUMAAN_01071998F_112025,0,,,
CNT_ROJOMI_15021944M_062020,ADM_ROJOMI_15021944M_062020,ROJOMI_15021944M_062020,1,12023494033,robert.jones.000840@mail.com,2025-07-03
CNT_GEWIJO_25061980M_072023,ADM_GEWIJO_25061980M_072023,GEWIJO_25061980M_072023,1,2025900498,george.williams.000219@gmail.com,2025-09-17
CNT_EMJOAN_29121958F_062022,ADM_EMJOAN_29121958F_062022,EMJOAN_29121958F_062022,1,12023182707,emily.johnson.001116@outlook.com,2025-12-14
CNT_ROTATA_21111990M_072022,ADM_ROTATA_21111990M_072022,ROTATA_21111990M_072022,1,2024130213,robert.taylor.001631@hospitalmail.com,2025-11-02
CNT_THJOTA_04021981M_012020,ADM_THJOTA_04021981M_012020,THJOTA_04021981M_012020,1,2024832814,thomas.johnson.000422@outlook.com,2025-11-23
CNT_ELSMTA_06111936F_092023,ADM_ELSMTA_06111936F_092023,ELSMTA_06111936F_092023,1,2020193818,elizabeth.smith.000053@hospitalmail.com,2025-12-26
CNT_SUBRDA_15111962F_012020,ADM_SUBRDA_15111962F_012020,SUBRDA_15111962F_012020,1,2028857900,susan.brown.001556@mail.com,2025-08-02
CNT_SUROJO_01031941F_072023,ADM_SUROJO_01031941F_072023,SUROJO_01031941F_072023,1,2028737234,susan.rodriguez.000083@gmail.com,2025-06-13
CNT_KAGAXX_18121997F_022022,ADM_KAGAXX_18121997F_022022,KAGAXX_18121997F_022022,1,202762774,karen.garcia.001438@outlook.com,2025-09-30
CNT_PAMATA_05081993F_042021,ADM_PAMATA_05081993F_042021,PAMATA_05081993F_042021,1,2023912792,patricia.martinez.001774@gmail.com,2025-11-13
CNT_LIJOMO_09092003F_122023,ADM_LIJOMO_09092003F_122023,LIJOMO_09092003F_122023,1,2025930693,linda.jones.000572@mail.com,2025-11-29
CNT_CHANMA_19121936M_032025,ADM_CHANMA_19121936M_032025,CHANMA_19121936M_032025,1,2026522932,charles.anderson.001605@hospitalmail.com,2025-03-04
CNT_THSMMO_27021962M_092025,ADM_THSMMO_27021962M_092025,THSMMO_27021962M_092025,1,2022584801,thomas.smith.001767@mail.com,2025-09-29
CNT_JOJOGA_12071985M_072025,ADM_JOJOGA_12071985M_072025,JOJOGA_12071985M_072025,1,12027390203,joseph.jones.000584@mail.com,2025-07-01
CNT_SASMRO_08101968F_042025,ADM_SASMRO_08101968F_042025,SASMRO_08101968F_042025,1,2022216903,sarah.smith.000379@outlook.com,2025-04-24
CNT_DAMIJO_03021975M_072025,ADM_DAMIJO_03021975M_072025,DAMIJO_03021975M_072025,1,2025918956,daniel.miller.000039@hospitalmail.com,2025-08-13
CNT_SAMIXX_16091955F_102025,ADM_SAMIXX_16091955F_102025,SAMIXX_16091955F_102025,0,,,
CNT_DAROMI_08021997M_072023,ADM_DAROMI_08021997M_072023,DAROMI_08021997M_072023,1,2024785226,david.rodriguez.001899@outlook.com,2025-04-29
CNT_SAGAJO_23042000F_052022,ADM_SAGAJO_23042000F_052022,SAGAJO_23042000F_052022,1,2025708821,,2025-01-20
CNT_JOWIMI_17101977M_042025,ADM_JOWIMI_17101977M_042025,JOWIMI_17101977M_042025,1,2027915833,john.williams.000228@hospitalmail.com,2025-04-10
CNT_LAMOBR_26031981F_042020,ADM_LAMOBR_26031981F_042020,LAMOBR_26031981F_042020,1,2029785510,laura.moore.000185@outlook.com,2025-12-14
CNT_GEWIGA_22031966M_042025,ADM_GEWIGA_22031966M_042025,GEWIGA_22031966M_042025,1,12028211230,george.wilson.002124@gmail.com,2025-04-11
CNT_SUJOWI_02052001F_082021,ADM_SUJOWI_02052001F_082021,SUJOWI_02052001F_082021,1,2026337932,susan.johnson.000392@mail.com,2025-02-26
CNT_DAANRO_15031981M_092025,ADM_DAANRO_15031981M_092025,DAANRO_15031981M_092025,1,2024313686,daniel.anderson.001980@outlook.com,2025-09-23
CNT_SUANAN_27081969F_012020,ADM_SUANAN_27081969F_012020,SUANAN_27081969F_012020,1,2026656359,susan.anderson.000002@mail.com,2025-11-07
CNT_KAGAGA_03051991F_022020,ADM_KAGAGA_03051991F_022020,KAGAGA_03051991F_022020,1,2023628686,karen.garcia.000838@gmail.com,2025-07-31
CNT_RODAWI_08101994M_052022,ADM_RODAWI_08101994M_052022,RODAWI_08101994M_052022,1,12028566718,robert.davis.001550@mail.com,2025-12-06
CNT_WIBRMI_27041983M_012025,ADM_WIBRMI_27041983M_012025,WIBRMI_27041983M_012025,1,2025905402,william.brown.002195@mail.com,2025-01-21
CNT_EMDAWI_03061980F_092022,ADM_EMDAWI_03061980F_092022,EMDAWI_03061980F_092022,1,2020283393,emily.davis.001317@mail.com,2025-12-22
CNT_NAWISM_08112011F_022021,ADM_NAWISM_08112011F_022021,NAWISM_08112011F_022021,1,202995522,nancy.williams.001144@outlook.com,2025-08-01
CNT_DAMARO_19051946M_122023,ADM_DAMARO_19051946M_122023,DAMARO_19051946M_122023,1,2025162,david.martinez.001714@gmail.com,2025-07-05
CNT_KAWIDA_11041978F_092023,ADM_KAWIDA_11041978F_092023,KAWIDA_11041978F_092023,1,2024843701,karen.wilson.000702@hospitalmail.com,2025-07-14
CNT_MIANAN_18051964M_102020,ADM_MIANAN_18051964M_102020,MIANAN_18051964M_102020,1,2020093656,michael.anderson.001972@gmail.com,2025-08-27
CNT_LADAAN_09031988F_112025,ADM_LADAAN_09031988F_112025,LADAAN_09031988F_112025,1,12028100414,laura.davis.000138@hospitalmail.com,2025-12-05
CNT_PAANWI_08071982F_102020,ADM_PAANWI_08071982F_102020,PAANWI_08071982F_102020,1,202158794,patricia.anderson.000020@gmail.com,2025-06-13
CNT_NADAJO_14021970F_012025,ADM_NADAJO_14021970F_012025,NADAJO_14021970F_012025,1,2024212103,nancy.davis.000668@hospitalmail.com,2025-01-06
CNT_JOJOMI_19091967M_122023,ADM_JOJOMI_19091967M_122023,JOJOMI_19091967M_122023,1,2023601339,john.johnson.001732@hospitalmail.com,2025-11-28
CNT_GEMIDA_01101943M_092025,ADM_GEMIDA_01101943M_092025,GEMIDA_01101943M_092025,1,2024737143,george.miller.002147@outlook.com,2025-09-06
CNT_DAJOJO_26082007M_052025,ADM_DAJOJO_26082007M_052025,DAJOJO_26082007M_052025,1,2024379360,,2025-05-30
CNT_JOMOMI_17121996M_022020,ADM_JOMOMI_17121996M_022020,JOMOMI_17121996M_022020,1,12026013483,john.moore.001820@hospitalmail.com,2025-08-13
CNT_JABRBR_21082005M_082025,ADM_JABRBR_21082005M_082025,JABRBR_21082005M_082025,1,12023138633,james.brown.000898@gmail.com,2025-08-11
CNT_JEANXX_28021988F_042025,ADM_JEANXX_28021988F_042025,JEANXX_28021988F_042025,1,2026440720,jessica.anderson.002157@mail.com,2025-04-09
CNT_EMROBR_12091989F_102022,ADM_EMROBR_12091989F_102022,EMROBR_12091989F_102022,1,2024477446,emily.rodriguez.000386@hospitalmail.com,2025-09-29
CNT_WITAWI_04042004M_112021,ADM_WITAWI_04042004M_112021,WITAWI_04042004M_112021,1,12027127769,william.taylor.001004@mail.com,2025-12-02
CNT_MATATA_21082019F_022021,ADM_MATATA_21082019F_022021,MATATA_21082019F_022021,1,2022784524,mary.taylor.001328@gmail.com,2025-07-14
CNT_CHJOXX_16071994M_052025,ADM_CHJOXX_16071994M_052025,CHJOXX_16071994M_052025,1,2022738307,charles.jones.002071@gmail.com,2025-12-31
CNT_KAJOMA_25081989F_052022,ADM_KAJOMA_25081989F_052022,KAJOMA_25081989F_052022,1,2026315934,karen.johnson.001542@hospitalmail.com,2025-11-29
CNT_GEANRO_30011983M_052025,ADM_GEANRO_30011983M_052025,GEANRO_30011983M_052025,1,2025249151,george.anderson.000143@hospitalmail.com,2025-08-12
CNT_PASMDA_13061961F_122021,ADM_PASMDA_13061961F_122021,PASMDA_13061961F_122021,1,202770268,patricia.smith.002247@mail.com,2025-04-25
CNT_LIMOWI_14081955F_012020,ADM_LIMOWI_14081955F_012020,LIMOWI_14081955F_012020,1,12024988708,linda.moore.001627@outlook.com,2025-11-08
CNT_SAJOSM_26061970F_062023,ADM_SAJOSM_26061970F_062023,SAJOSM_26061970F_062023,1,2021869507,sarah.johnson.001381@gmail.com,2025-09-07
CNT_WIROGA_19061985M_022022,ADM_WIROGA_19061985M_022022,WIROGA_19061985M_022022,1,2029206535,william.rodriguez.000611@hospitalmail.com,2025-11-07
CNT_DATAMA_15021948M_052025,ADM_DATAMA_15021948M_052025,DATAMA_15021948M_052025,1,2028315316,daniel.taylor.001939@outlook.com,2025-05-12
CNT_SUGAWI_29101938F_122025,ADM_SUGAWI_29101938F_122025,SUGAWI_29101938F_122025,1,2025618772,susan.garcia.000654@outlook.com,2025-12-07
CNT_RXSMMO_21021990M_112025,ADM_RXSMMO_21021990M_112025,RXSMMO_21021990M_112025,1,2029435540,robert.smith.000970@outlook.com,2025-11-17
CNT_ROJOSM_11112000M_052021,ADM_ROJOSM_11112000M_052021,ROJOSM_11112000M_052021,1,2026047230,robert.johnson.000104@outlook.com,2025-03-12
CNT_JESMXX_18062010F_122025,ADM_JESMXX_18062010F_122025,JESMXX_18062010F_122025,1,12025363681,jennifer.smith.001536@gmail.com,2025-12-07
CNT_MAJOXX_07121971F_082025,ADM_MAJOXX_07121971F_082025,MAJOXX_07121971F_082025,1,2025293203,,2025-08-03
CNT_EMTAMO_29101997F_042025,ADM_EMTAMO_29101997F_042025,EMTAMO_29101997F_042025,1,2029445257,emily.taylor.001653@hospitalmail.com,2025-05-31
CNT_LABRSM_26032018F_112025,ADM_LABRSM_26032018F_112025,LABRSM_26032018F_112025,1,20253198,laura.brown.000122@hospitalmail.com,2025-11-03
CNT_MXMOJO_29092006F_072025,ADM_MXMOJO_29092006F_072025,MXMOJO_29092006F_072025,1,2022425097,mary.moore.000764@hospitalmail.com,2025-07-03
CNT_SUWIAN_18041959F_032023,ADM_SUWIAN_18041959F_032023,SUWIAN_18041959F_032023,1,2025034141,susan.wilson.000574@outlook.com,2025-05-23
CNT_EMWIAN_15102004F_062025,ADM_EMWIAN_15102004F_062025,EMWIAN_15102004F_062025,1,2029435634,emily.wilson.001163@hospitalmail.com,2025-06-12
CNT_ROWIMO_31011961M_022020,ADM_ROWIMO_31011961M_022020,ROWIMO_31011961M_022020,1,2024205379,robert.wilson.001496@hospitalmail.com,2025-08-27
CNT_LXRODA_26111977F_122025,ADM_LXRODA_26111977F_122025,LXRODA_26111977F_122025,1,12027573802,linda.rodriguez.001309@outlook.com,2025-12-13
CNT_SAROMO_22061997F_122023,ADM_SAROMO_22061997F_122023,SAROMO_22061997F_122023,1,2022107899,sarah.rodriguez.001115@outlook.com,2025-10-14
CNT_LATATA_25022006F_072022,ADM_LATATA_25022006F_072022,LATATA_25022006F_072022,1,2023241479,laura.taylor.000321@gmail.com,2025-08-26
CNT_JEGAWI_16101985F_062022,ADM_JEGAWI_16101985F_062022,JEGAWI_16101985F_062022,1,12029575705,,2025-03-12
CNT_ROWISM_14071960M_082022,ADM_ROWISM_14071960M_082022,ROWISM_14071960M_082022,1,2024735537,robert.williams.000890@outlook.com,2025-08-24
CNT_DAGASM_30051984M_062020,ADM_DAGASM_30051984M_062020,DAGASM_30051984M_062020,1,2029218175,david.garcia.001946@gmail.com,2025-04-15
CNT_SUWIWI_19072002F_022025,ADM_SUWIWI_19072002F_022025,SUWIWI_19072002F_022025,1,2020133868,susan.williams.000867@outlook.com,2025-05-13
CNT_NAGAAN_10022006F_052020,ADM_NAGAAN_10022006F_052020,NAGAAN_10022006F_052020,1,12021675750,nancy.garcia.001086@outlook.com,2025-07-31
CNT_CHMATA_15041961M_022020,ADM_CHMATA_15041961M_022020,CHMATA_15041961M_022020,1,2028812666,charles.martinez.001586@outlook.com,2025-03-01
CNT_CHGAJO_30011937M_122023,ADM_CHGAJO_30011937M_122023,CHGAJO_30011937M_122023,1,2024841399,charles.garcia.001608@hospitalmail.com,2025-07-27
CNT_CHJOMA_15102006M_022025,ADM_CHJOMA_15102006M_022025,CHJOMA_15102006M_022025,1,2023518954,charles.jones.001826@mail.com,2025-02-02
CNT_JEROMA_07051968F_092023,ADM_JEROMA_07051968F_092023,JEROMA_07051968F_092023,1,2023409855,jessica.rodriguez.000788@outlook.com,2025-10-09
CNT_ROJOXX_18071990M_062020,ADM_ROJOXX_18071990M_062020,ROJOXX_18071990M_062020,1,2026662645,robert.jones.000575@outlook.com,2025-09-11
CNT_WXWIBR_28101960M_042023,ADM_WXWIBR_28101960M_042023,WXWIBR_28101960M_042023,1,,william.williams.000841@outlook.com,2025-06-30
CNT_JETAWI_29091939F_022023,ADM_JETAWI_29091939F_022023,JETAWI_29091939F_022023,1,2022694009,jennifer.taylor.000092@outlook.com,2025-12-18
CNT_LIWIWI_20031978F_092020,ADM_LIWIWI_20031978F_092020,LIWIWI_20031978F_092020,1,2021626977,linda.williams.001215@hospitalmail.com,2025-09-30
CNT_ANGADA_29011957M_082023,ADM_ANGADA_29011957M_082023,ANGADA_29011957M_082023,1,2022987615,anthony.garcia.001801@gmail.com,2025-05-05
CNT_MAWIAN_28031996F_042020,ADM_MAWIAN_28031996F_042020,MAWIAN_28031996F_042020,1,2024382992,mary.wilson.001339@outlook.com,2025-05-19
CNT_JAGASM_29081989M_032025,ADM_JAGASM_29081989M_032025,JAGASM_29081989M_032025,1,2023565601,james.garcia.000376@gmail.com,2025-03-16
CNT_KADAMO_14121945F_062025,ADM_KADAMO_14121945F_062025,KADAMO_14121945F_062025,1,12025427001,karen.davis.001487@outlook.com,2025-12-01
CNT_WIWIWI_20071993M_122020,ADM_WIWIWI_20071993M_122020,WIWIWI_20071993M_122020,1,2022766794,william.williams.000874@mail.com,2025-05-14
CNT_DAMARO_30051986M_012022,ADM_DAMARO_30051986M_012022,DAMARO_30051986M_012022,1,2028729960,david.martinez.000778@outlook.com,2025-11-29
CNT_GEJODA_08102017M_032025,ADM_GEJODA_08102017M_032025,GEJODA_08102017M_032025,1,2028084086,,2025-03-13
CNT_EMTASM_06061982F_072020,ADM_EMTASM_06061982F_072020,EMTASM_06061982F_072020,1,2026339172,emily.taylor.000303@outlook.com,2025-05-27
CNT_EMJOAN_14091997F_062025,ADM_EMJOAN_14091997F_062025,EMJOAN_14091997F_062025,1,2026413479,emily.jones.001984@gmail.com,2025-06-17
CNT_JOJOJO_30041954M_012020,ADM_JOJOJO_30041954M_012020,JOJOJO_30041954M_012020,1,12025150083,john.johnson.000939@hospitalmail.com,2025-07-06
CNT_GXWITA_18052020M_102020,ADM_GXWITA_18052020M_102020,GXWITA_18052020M_102020,1,2027846218,,2025-08-02
CNT_GEGASM_19022001M_062023,ADM_GEGASM_19022001M_062023,GEGASM_19022001M_062023,1,2025040719,george.garcia.002142@outlook.com,2025-02-08
CNT_LADAXX_07121987F_022023,ADM_LADAXX_07121987F_022023,LADAXX_07121987F_022023,1,2023584187,laura.davis.000950@outlook.com,2025-03-28
CNT_MAWIJO_09051937F_062021,ADM_MAWIJO_09051937F_062021,MAWIJO_09051937F_062021,1,2020634860,mary.wilson.001572@gmail.com,2025-12-21
CNT_JEDASM_02051996F_042020,ADM_JEDASM_02051996F_042020,JEDASM_02051996F_042020,1,2022080,jennifer.davis.001279@outlook.com,2025-09-06
CNT_DXMISM_03011957M_032025,ADM_DXMISM_03011957M_032025,DXMISM_03011957M_032025,1,12028151587,david.miller.000910@mail.com,2025-03-01
CNT_LATAWI_09082006F_052022,ADM_LATAWI_09082006F_052022,LATAWI_09082006F_052022,1,2022765066,laura.taylor.001403@gmail.com,2025-03-24
CNT_EMSMJO_24072021F_122020,ADM_EMSMJO_24072021F_122020,EMSMJO_24072021F_122020,1,2025479454,,2025-10-21
CNT_JXMAWI_16061965M_062022,ADM_JXMAWI_16061965M_062022,JXMAWI_16061965M_062022,1,2027652752,,2025-05-15
CNT_ROGAXX_27031994M_112021,ADM_ROGAXX_27031994M_112021,ROGAXX_27031994M_112021,1,2028098772,robert.garcia.000984@hospitalmail.com,2025-03-22
CNT_JODAMO_03121966M_022025,ADM_JODAMO_03121966M_022025,JODAMO_03121966M_022025,1,2029530805,joseph.davis.000374@gmail.com,2025-05-13
CNT_JOMOJO_30071952M_112023,ADM_JOMOJO_30071952M_112023,JOMOJO_30071952M_112023,1,2027226015,joseph.moore.000924@outlook.com,2025-09-06
CNT_MAGADA_16032003F_092022,ADM_MAGADA_16032003F_092022,MAGADA_16032003F_092022,1,2028233382,mary.garcia.000427@gmail.com,2025-10-23
CNT_LIWIAN_01051974F_092025,ADM_LIWIAN_01051974F_092025,LIWIAN_01051974F_092025,1,2029296181,linda.williams.000552@gmail.com,2025-09-02
CNT_ROBRDA_21091946M_082023,ADM_ROBRDA_21091946M_082023,ROBRDA_21091946M_082023,1,2027455246,robert.brown.001555@gmail.com,2025-06-03
CNT_JAJOBR_28051983M_102025,ADM_JAJOBR_28051983M_102025,JAJOBR_28051983M_102025,1,12023272737,james.johnson.001009@outlook.com,2025-10-02
CNT_SUROBR_18031967F_102025,ADM_SUROBR_18031967F_102025,SUROBR_18031967F_102025,1,12020287919,,2025-10-24
CNT_ROMODA_13041988M_082025,ADM_ROMODA_13041988M_082025,ROMODA_13041988M_082025,1,2020328354,robert.moore.001451@outlook.com,2025-08-29
CNT_MIROMI_09081975M_062022,ADM_MIROMI_09081975M_062022,MIROMI_09081975M_062022,1,2028908312,michael.rodriguez.001209@outlook.com,2025-10-07
CNT_JEDAWI_29101952F_022020,ADM_JEDAWI_29101952F_022020,JEDAWI_29101952F_022020,1,2021889643,jennifer.davis.001331@gmail.com,2025-01-30
CNT_SAROMI_15101976F_062020,ADM_SAROMI_15101976F_062020,SAROMI_15101976F_062020,1,2022729628,sarah.rodriguez.001955@gmail.com,2025-04-04
CNT_NAJOXX_14021994F_012021,ADM_NAJOXX_14021994F_012021,NAJOXX_14021994F_012021,1,2028496205,nancy.jones.001878@outlook.com,2025-05-05
CNT_JOANMA_10121984M_072020,ADM_JOANMA_10121984M_072020,JOANMA_10121984M_072020,1,2028680562,john.anderson.000509@outlook.com,2025-06-17
CNT_LISMSM_18101944F_092021,ADM_LISMSM_18101944F_092021,LISMSM_18101944F_092021,1,2020555706,linda.smith.002028@gmail.com,2025-05-20
CNT_DAANMI_02081979M_112023,ADM_DAANMI_02081979M_112023,DAANMI_02081979M_112023,1,2025731135,daniel.anderson.001410@gmail.com,2025-11-25
CNT_THDATA_29031972M_102022,ADM_THDATA_29031972M_102022,THDATA_29031972M_102022,1,12022915961,thomas.davis.001477@hospitalmail.com,2025-12-05
CNT_ANWIJO_12091993M_032020,ADM_ANWIJO_12091993M_032020,ANWIJO_12091993M_032020,1,2020555470,anthony.wilson.001223@gmail.com,2025-05-20
CNT_JEJOAN_03121954F_062022,ADM_JEJOAN_03121954F_062022,JEJOAN_03121954F_062022,1,12024800607,jessica.johnson.000801@gmail.com,2025-06-18
CNT_THJOMI_16081960M_052025,ADM_THJOMI_16081960M_052025,THJOMI_16081960M_052025,1,2023925925,thomas.johnson.000302@hospitalmail.com,2025-05-27
CNT_LATAWI_19081953F_062023,ADM_LATAWI_19081953F_062023,LATAWI_19081953F_062023,1,2028177246,laura.taylor.001588@hospitalmail.com,2025-08-23
CNT_THANTA_02011989M_062023,ADM_THANTA_02011989M_062023,THANTA_02011989M_062023,1,2020612008,thomas.anderson.002099@mail.com,2025-12-13
CNT_JEDAWI_05012006F_052025,ADM_JEDAWI_05012006F_052025,JEDAWI_05012006F_052025,1,2024881439,jennifer.davis.001570@hospitalmail.com,2025-05-07
CNT_JOMOMI_05032020M_052021,ADM_JOMOMI_05032020M_052021,JOMOMI_05032020M_052021,1,2025586648,john.moore.002139@mail.com,2025-05-12
CNT_ANMATA_19051984M_042022,ADM_ANMATA_19051984M_042022,ANMATA_19051984M_042022,1,2027563731,anthony.martinez.001463@outlook.com,2025-11-18
CNT_LIDASM_30051985F_062025,ADM_LIDASM_30051985F_062025,LIDASM_30051985F_062025,1,12020136953,linda.davis.001725@gmail.com,2025-06-16
CNT_CHWIAN_01011968M_022021,ADM_CHWIAN_01011968M_022021,CHWIAN_01011968M_022021,1,2025449341,charles.wilson.001518@gmail.com,2025-06-09
CNT_LAJOTA_09112009F_072022,ADM_LAJOTA_09112009F_072022,LAJOTA_09112009F_072022,1,2020105510,laura.johnson.002012@gmail.com,2025-10-17
CNT_JEDAWI_10011936F_082020,ADM_JEDAWI_10011936F_082020,JEDAWI_10011936F_082020,1,2025331906,jessica.davis.000518@hospitalmail.com,2025-01-21
CNT_DAGAMI_09051967M_042023,ADM_DAGAMI_09051967M_042023,DAGAMI_09051967M_042023,1,2028848032,daniel.garcia.000986@outlook.com,2025-06-08
CNT_GEGAJO_21091991M_112022,ADM_GEGAJO_21091991M_112022,GEGAJO_21091991M_112022,1,12025129843,george.garcia.000425@hospitalmail.com,2025-09-27
CNT_CHJOMA_17051939M_102022,ADM_CHJOMA_17051939M_102022,CHJOMA_17051939M_102022,1,2023712375,charles.johnson.002090@gmail.com,2025-01-22
CNT_MABRMI_12121999F_102022,ADM_MABRMI_12121999F_102022,MABRMI_12121999F_102022,1,2020164932,mary.brown.000542@hospitalmail.com,2025-10-07
CNT_JOMOMI_21022002M_022021,ADM_JOMOMI_21022002M_022021,JOMOMI_21022002M_022021,1,2027552858,john.moore.002085@hospitalmail.com,2025-12-19
CNT_KAJOAN_23042003F_122025,ADM_KAJOAN_23042003F_122025,KAJOAN_23042003F_122025,1,12026197102,karen.jones.000529@hospitalmail.com,2025-12-24
CNT_KAROAN_25031987F_062020,ADM_KAROAN_25031987F_062020,KAROAN_25031987F_062020,1,2027231182,karen.rodriguez.001400@mail.com,2025-11-28
CNT_EMROJO_26091950F_122025,ADM_EMROJO_26091950F_122025,EMROJO_26091950F_122025,1,2025098758,emily.rodriguez.001470@gmail.com,2025-12-30
CNT_JOMOTA_25071990M_072025,ADM_JOMOTA_25071990M_072025,JOMOTA_25071990M_072025,1,12022487093,john.moore.000381@outlook.com,2025-11-10
CNT_PXMOMI_22011970F_092025,ADM_PXMOMI_22011970F_092025,PXMOMI_22011970F_092025,1,2024247553,patricia.moore.001599@gmail.com,2025-09-28
CNT_MAJOMA_13012015F_022021,ADM_MAJOMA_13012015F_022021,MAJOMA_13012015F_022021,1,2022158523,mary.johnson.000540@outlook.com,2025-03-22
CNT_EMTAWI_30081993F_022020,ADM_EMTAWI_30081993F_022020,EMTAWI_30081993F_022020,1,2029408103,emily.taylor.001492@gmail.com,2025-06-25
CNT_JOJOWI_23062020M_122020,ADM_JOJOWI_23062020M_122020,JOJOWI_23062020M_122020,1,2020479493,,2025-09-20
CNT_GEDAWI_26022010M_082021,ADM_GEDAWI_26022010M_082021,GEDAWI_26022010M_082021,1,2020390917,george.davis.001741@outlook.com,2025-09-18
CNT_MIMIJO_05101966M_032025,ADM_MIMIJO_05101966M_032025,MIMIJO_05101966M_032025,1,2023532059,michael.miller.001217@mail.com,2025-03-05
CNT_SUGAMO_05051994F_052020,ADM_SUGAMO_05051994F_052020,SUGAMO_05051994F_052020,1,2026100430,susan.garcia.002080@hospitalmail.com,2025-08-25
CNT_JOSMGA_28052001M_112020,ADM_JOSMGA_28052001M_112020,JOSMGA_28052001M_112020,1,12024744785,john.smith.000583@hospitalmail.com,2025-07-09
CNT_JOJORO_12021959M_012023,ADM_JOJORO_12021959M_012023,JOJORO_12021959M_012023,1,2024116343,john.johnson.001450@gmail.com,2025-07-23
CNT_ANDAJO_01061983M_012025,ADM_ANDAJO_01061983M_012025,ANDAJO_01061983M_012025,1,2020925375,anthony.davis.001111@gmail.com,2025-01-09
CNT_JAROMO_01041937M_122022,ADM_JAROMO_01041937M_122022,JAROMO_01041937M_122022,1,2025417151,james.rodriguez.001384@outlook.com,2025-07-14
CNT_WIMOAN_18071977M_062020,ADM_WIMOAN_18071977M_062020,WIMOAN_18071977M_062020,1,2026800224,,2025-09-12
CNT_JOMOJO_06061979M_012025,ADM_JOMOJO_06061979M_012025,JOMOJO_06061979M_012025,1,12026708699,john.moore.000718@outlook.com,2025-01-04
CNT_EMMOTA_02112002F_042025,ADM_EMMOTA_02112002F_042025,EMMOTA_02112002F_042025,1,20258639,emily.moore.001781@hospitalmail.com,2025-04-03
CNT_GEMATA_18121945M_012020,ADM_GEMATA_18121945M_012020,GEMATA_18121945M_012020,1,2022566738,george.martinez.000640@hospitalmail.com,2025-04-12
CNT_CHJOMA_21121962M_122023,ADM_CHJOMA_21121962M_122023,CHJOMA_21121962M_122023,1,12022762370,charles.jones.000486@hospitalmail.com,2025-03-11
CNT_JETATA_22011963F_042025,ADM_JETATA_22011963F_042025,JETATA_22011963F_042025,1,2028806022,jennifer.taylor.000099@hospitalmail.com,2025-04-13
CNT_JEANMI_10082018F_042025,ADM_JEANMI_10082018F_042025,JEANMI_10082018F_042025,1,2025970092,jennifer.anderson.000812@mail.com,2025-04-20
CNT_THWISM_18061949M_062025,ADM_THWISM_18061949M_062025,THWISM_18061949M_062025,1,,thomas.wilson.001881@hospitalmail.com,2025-06-22
CNT_THGABR_20032001M_092020,ADM_THGABR_20032001M_092020,THGABR_20032001M_092020,1,2022577133,thomas.garcia.000123@hospitalmail.com,2025-03-24
CNT_JAMOBR_25052007M_042020,ADM_JAMOBR_25052007M_042020,JAMOBR_25052007M_042020,1,12028098284,james.moore.001974@outlook.com,2025-01-31
CNT_JOWITA_20081948M_052025,ADM_JOWITA_20081948M_052025,JOWITA_20081948M_052025,1,2026215787,john.wilson.001756@hospitalmail.com,2025-05-16
CNT_WIBRMI_08101986M_072022,ADM_WIBRMI_08101986M_072022,WIBRMI_08101986M_072022,1,2022712919,william.brown.002236@gmail.com,2025-12-16
CNT_DAMIDA_07011999M_072023,ADM_DAMIDA_07011999M_072023,DAMIDA_07011999M_072023,1,2022427537,david.miller.000776@mail.com,2025-08-18
CNT_JOWIAN_19021968M_092025,ADM_JOWIAN_19021968M_092025,JOWIAN_19021968M_092025,1,2027118433,,2025-09-22
CNT_THBRMA_17022002M_092025,ADM_THBRMA_17022002M_092025,THBRMA_17022002M_092025,1,2025062332,thomas.brown.000873@hospitalmail.com,2025-09-04
CNT_PADAWI_11092001F_102020,ADM_PADAWI_11092001F_102020,PADAWI_11092001F_102020,1,2027281306,patricia.davis.001979@gmail.com,2025-02-25
CNT_JOMOJO_11121989M_052023,ADM_JOMOJO_11121989M_052023,JOMOJO_11121989M_052023,1,12025160769,joseph.moore.001432@gmail.com,2025-05-25
CNT_ROMAJO_15092008M_122022,ADM_ROMAJO_15092008M_122022,ROMAJO_15092008M_122022,1,2025038964,robert.martinez.001136@outlook.com,2025-11-07
CNT_DADAWI_17051987M_092021,ADM_DADAWI_17051987M_092021,DADAWI_17051987M_092021,1,2021279981,daniel.davis.000724@hospitalmail.com,2025-10-12
CNT_JEMORO_30101999F_052020,ADM_JEMORO_30101999F_052020,JEMORO_30101999F_052020,1,2028341381,jessica.moore.002061@outlook.com,2025-11-08
CNT_SUJOMO_09081977F_032025,ADM_SUJOMO_09081977F_032025,SUJOMO_09081977F_032025,1,12029492655,susan.jones.001896@gmail.com,2025-03-12
CNT_PADAJO_09102006F_092022,ADM_PADAJO_09102006F_092022,PADAJO_09102006F_092022,1,202609639,patricia.davis.002045@hospitalmail.com,2025-03-28
CNT_THJOMI_13091986M_072022,ADM_THJOMI_13091986M_072022,THJOMI_13091986M_072022,1,2027231511,thomas.johnson.001663@hospitalmail.com,2025-11-06
CNT_SAWISM_08051984F_012021,ADM_SAWISM_08051984F_012021,SAWISM_08051984F_012021,1,2022189898,sarah.williams.000726@mail.com,2025-02-07
CNT_PXMOMO_23091964F_082025,ADM_PXMOMO_23091964F_082025,PXMOMO_23091964F_082025,1,2028460180,patricia.moore.001641@outlook.com,2025-08-16
CNT_ELJOWI_30031983F_022025,ADM_ELJOWI_30031983F_022025,ELJOWI_30031983F_022025,1,2026767569,elizabeth.jones.000955@gmail.com,2025-02-24
CNT_LXTAMO_23121992F_042025,ADM_LXTAMO_23121992F_042025,LXTAMO_23121992F_042025,1,2021756861,laura.taylor.000568@gmail.com,2025-04-08
CNT_JAMAGA_03071945M_092020,ADM_JAMAGA_03071945M_092020,JAMAGA_03071945M_092020,1,2027359930,james.martinez.000479@hospitalmail.com,2025-10-15
CNT_KATAMI_25081938F_092025,ADM_KATAMI_25081938F_092025,KATAMI_25081938F_092025,1,2021183409,karen.taylor.001584@outlook.com,2025-09-08
CNT_ANJOMI_18061945M_092025,ADM_ANJOMI_18061945M_092025,ANJOMI_18061945M_092025,1,,anthony.jones.000738@hospitalmail.com,2025-09-14
CNT_EMWIBR_25112003F_032020,ADM_EMWIBR_25112003F_032020,EMWIBR_25112003F_032020,1,2025041070,emily.wilson.000312@mail.com,2025-05-07
CNT_JEANSM_03042021F_092025,ADM_JEANSM_03042021F_092025,JEANSM_03042021F_092025,1,20293977,jennifer.anderson.001765@mail.com,2025-09-17
CNT_MXROMA_29051997M_012022,ADM_MXROMA_29051997M_012022,MXROMA_29051997M_012022,1,2025123539,michael.rodriguez.000297@hospitalmail.com,2025-12-09
CNT_ELANMA_20052012F_102022,ADM_ELANMA_20052012F_102022,ELANMA_20052012F_102022,1,12024207228,elizabeth.anderson.001081@outlook.com,2025-07-22
CNT_EMWLMO_17101981F_062021,ADM_EMWLMO_17101981F_062021,EMWLMO_17101981F_062021,1,2022717,emily.wilson.001516@hospitalmail.com,2025-08-29
CNT_MIJOWI_17071993M_011900,ADM_MIJOWI_17071993M_011900,MIJOWI_17071993M_011900,1,2029564571,michael.johnson.001194@gmail.com,2025-11-15
CNT_SUSMAN_30122024F_072023,ADM_SUSMAN_30122024F_072023,SUSMAN_30122024F_072023,1,2028296949,susan.smith.002235@hospitalmail.com,2025-01-05
CNT_SUROWI_27111963F_072025,ADM_SUROWI_27111963F_072025,SUROWI_27111963F_072025,1,2025394646,susan.rodriguez.000504@outlook.com,2025-07-31
CNT_ANMOMA_05011961M_092023,ADM_ANMOMA_05011961M_092023,ANMOMA_05011961M_092023,1,20294130,anthony.moore.000752@outlook.com,2025-02-28
CNT_LIROWI_25042008F_112023,ADM_LIROWI_25042008F_112023,LIROWI_25042008F_112023,1,202940377,,2025-03-27
CNT_JOJOBR_15082021M_052021,ADM_JOJOBR_15082021M_052021,JOJOBR_15082021M_052021,1,12025290798,joseph.johnson.000705@gmail.com,2025-10-05
CNT_LAMIAN_11061941F_022025,ADM_LAMIAN_11061941F_022025,LAMIAN_11061941F_022025,1,2023101327,laura.miller.001701@gmail.com,2025-02-07
CNT_NAANSM_25062001F_022021,ADM_NAANSM_25062001F_022021,NAANSM_25062001F_022021,1,12022321749,,2025-08-29
CNT_ROJOXX_26081943M_092025,ADM_ROJOXX_26081943M_092025,ROJOXX_26081943M_092025,1,2026524749,robert.jones.002014@mail.com,2025-09-13
CNT_THGAWI_26111997M_042023,ADM_THGAWI_26111997M_042023,THGAWI_26111997M_042023,1,12028913789,thomas.garcia.002206@gmail.com,2025-05-01
CNT_JXMITA_14102003M_092020,ADM_JXMITA_14102003M_092020,JXMITA_14102003M_092020,1,2029998556,joseph.miller.000567@gmail.com,2025-04-28
CNT_ELANJO_02071936F_012020,ADM_ELANJO_02071936F_012020,ELANJO_02071936F_012020,1,12023450336,elizabeth.anderson.001051@hospitalmail.com,2025-04-17
CNT_NAMIRO_23031971F_082022,ADM_NAMIRO_23031971F_082022,NAMIRO_23031971F_082022,1,2029697701,,2025-03-29
CNT_KAJOWI_10061954F_022025,ADM_KAJOWI_10061954F_022025,KAJOWI_10061954F_022025,1,2029732521,karen.jones.001338@hospitalmail.com,2025-02-03
CNT_DAJOMI_27011978M_052025,ADM_DAJOMI_27011978M_052025,DAJOMI_27011978M_052025,1,2023220487,david.johnson.001150@hospitalmail.com,2025-05-26
CNT_JAANGA_25042005M_082023,ADM_JAANGA_25042005M_082023,JAANGA_25042005M_082023,1,2024683650,james.anderson.001666@outlook.com,2025-03-07
CNT_JOBRWI_31071968M_012025,ADM_JOBRWI_31071968M_012025,JOBRWI_31071968M_012025,1,2022535127,john.brown.001330@outlook.com,2025-01-14
CNT_CHMAMA_02121997M_092021,ADM_CHMAMA_02121997M_092021,CHMAMA_02121997M_092021,1,2028836434,charles.martinez.000847@mail.com,2025-04-07
CNT_DAANBR_15012000M_122021,ADM_DAANBR_15012000M_122021,DAANBR_15012000M_122021,1,2026692736,daniel.anderson.001301@outlook.com,2025-08-21
CNT_LATAWI_25081990F_022021,ADM_LATAWI_25081990F_022021,LATAWI_25081990F_022021,1,2021968193,laura.taylor.001633@outlook.com,2025-11-21
CNT_JAMIJO_30042015M_102025,ADM_JAMIJO_30042015M_102025,JAMIJO_30042015M_102025,1,2020982726,,2025-10-30
CNT_SXMARO_13052023F_082025,ADM_SXMARO_13052023F_082025,SXMARO_13052023F_082025,1,2020365369,susan.martinez.001203@hospitalmail.com,2025-08-19
CNT_SAWIGA_21071988F_012025,ADM_SAWIGA_21071988F_012025,SAWIGA_21071988F_012025,1,12021477927,sarah.wilson.001655@mail.com,2025-01-28
CNT_KAJOMI_22052003F_122020,ADM_KAJOMI_22052003F_122020,KAJOMI_22052003F_122020,1,2028408337,karen.jones.000938@gmail.com,2025-02-22
CNT_KADAMI_20062013F_062025,ADM_KADAMI_20062013F_062025,KADAMI_20062013F_062025,1,2020521929,,2025-06-29
CNT_JEJOJO_28091992F_112022,ADM_JEJOJO_28091992F_112022,JEJOJO_28091992F_112022,1,2025934302,jessica.johnson.001689@outlook.com,2025-06-06
CNT_DAMORO_19051955M_092025,ADM_DAMORO_19051955M_092025,DAMORO_19051955M_092025,1,12020839947,daniel.moore.002064@hospitalmail.com,2025-09-01
CNT_JOGADA_29102002M_092025,ADM_JOGADA_29102002M_092025,JOGADA_29102002M_092025,1,12025548693,joseph.garcia.000576@gmail.com,2025-09-23
CNT_WIMOJO_13101983M_052025,ADM_WIMOJO_13101983M_052025,WIMOJO_13101983M_052025,1,,william.moore.000111@mail.com,2025-05-29
CNT_ROJODA_20032013M_092022,ADM_ROJODA_20032013M_092022,ROJODA_20032013M_092022,1,2027793565,robert.jones.000813@gmail.com,2025-03-22
CNT_DAWIXX_28112000M_032022,ADM_DAWIXX_28112000M_032022,DAWIXX_28112000M_032022,1,2024985801,david.williams.001752@outlook.com,2025-10-18
CNT_MAANMO_20091953F_072021,ADM_MAANMO_20091953F_072021,MAANMO_20091953F_072021,1,2027961785,,2025-09-11
CNT_ANMOXX_04051963M_102021,ADM_ANMOXX_04051963M_102021,ANMOXX_04051963M_102021,1,12024027324,,2025-08-20
CNT_EMTADA_02072012F_122023,ADM_EMTADA_02072012F_122023,EMTADA_02072012F_122023,1,2024599758,emily.taylor.000866@gmail.com,2025-02-21
CNT_WITYMO_11031968M_092020,ADM_WITYMO_11031968M_092020,WITYMO_11031968M_092020,1,12027977948,william.taylor.001318@mail.com,2025-01-09
CNT_JXDADA_22082011F_012021,ADM_JXDADA_22082011F_012021,JXDADA_22082011F_012021,1,2026969189,jessica.davis.001553@hospitalmail.com,2025-09-12
CNT_PADATA_03122001F_062020,ADM_PADATA_03122001F_062020,PADATA_03122001F_062020,1,12025409907,patricia.davis.000026@gmail.com,2025-08-28
CNT_ANMOXX_05011961M_052025,ADM_ANMOXX_05011961M_052025,ANMOXX_05011961M_052025,1,2029413029,,2025-05-16
CNT_CHSMMO_22072005M_092022,ADM_CHSMMO_22072005M_092022,CHSMMO_22072005M_092022,1,12029463804,charles.smith.001797@outlook.com,2025-05-05
CNT_SUBRGA_21031957F_052025,ADM_SUBRGA_21031957F_052025,SUBRGA_21031957F_052025,1,12028078915,susan.brown.001719@mail.com,2025-05-18
CNT_NAJOBR_06051992F_052020,ADM_NAJOBR_06051992F_052020,NAJOBR_06051992F_052020,1,2024331799,,2025-11-01
CNT_ANMOMO_01092020M_042021,ADM_ANMOMO_01092020M_042021,ANMOMO_01092020M_042021,1,2029114912,anthony.moore.001083@gmail.com,2025-07-26
CNT_ROJODA_26081943M_062020,ADM_ROJODA_26081943M_062020,ROJODA_26081943M_062020,1,12026662645,robert.jones.000575@outlook.com,2025-01-17
CNT_SAJOMI_09101956F_062023,ADM_SAJOMI_09101956F_062023,SAJOMI_09101956F_062023,1,2027676457,sarah.johnson.001282@gmail.com,2025-12-01
CNT_AXANJO_31071990M_012020,ADM_AXANJO_31071990M_012020,AXANJO_31071990M_012020,1,2020111593,anthony.anderson.000200@gmail.com,2025-07-16
CNT_LIBRWI_12051987F_092020,ADM_LIBRWI_12051987F_092020,LIBRWI_12051987F_092020,1,12027480437,linda.brown.000530@gmail.com,2025-09-08
CNT_DADADA_07091962M_122020,ADM_DADADA_07091962M_122020,DADADA_07091962M_122020,1,2025941677,daniel.davis.001268@mail.com,2025-09-23
CNT_SASMTA_18101976F_012025,ADM_SASMTA_18101976F_012025,SASMTA_18101976F_012025,1,2022082047,,2025-01-10
CNT_DAROMA_09031984M_062025,ADM_DAROMA_09031984M_062025,DAROMA_09031984M_062025,1,2029758150,daniel.rodriguez.000592@gmail.com,2025-06-12
CNT_WIDARO_29101968M_022025,ADM_WIDARO_29101968M_022025,WIDARO_29101968M_022025,1,2029957012,william.davis.001635@outlook.com,2025-02-11
CNT_ELMIRO_13061977F_082020,ADM_ELMIRO_13061977F_082020,ELMIRO_13061977F_082020,1,2024868730,elizabeth.miller.000172@gmail.com,2025-09-19
CNT_WIMIAN_02091978M_072025,ADM_WIMIAN_02091978M_072025,WIMIAN_02091978M_072025,1,2021463550,william.miller.000908@gmail.com,2025-07-16
CNT_EXMIBR_15052001F_062025,ADM_EXMIBR_15052001F_062025,EXMIBR_15052001F_062025,1,2022641660,elizabeth.miller.000382@hospitalmail.com,2025-06-22
CNT_GEWLDA_22072017M_032022,ADM_GEWLDA_22072017M_032022,GEWLDA_22072017M_032022,1,2029543172,,2025-10-21
CNT_CHMAWI_28052005M_072021,ADM_CHMAWI_28052005M_072021,CHMAWI_28052005M_072021,1,2022490725,charles.martinez.001992@gmail.com,2025-10-10
CNT_MIMIMI_06091948M_022025,ADM_MIMIMI_06091948M_022025,MIMIMI_06091948M_022025,1,2029795199,michael.miller.000612@gmail.com,2025-02-21
CNT_KAGARO_18121997F_022022,ADM_KAGARO_18121997F_022022,KAGARO_18121997F_022022,1,2027627,,2025-05-18
CNT_SAJORO_12092005F_012022,ADM_SAJORO_12092005F_012022,SAJORO_12092005F_012022,1,2024774,sarah.jones.000232@mail.com,2025-02-16
CNT_ANDAAN_18111992M_122020,ADM_ANDAAN_18111992M_122020,ANDAAN_18111992M_122020,1,2023294141,anthony.davis.000062@mail.com,2025-04-25
CNT_JOMIJO_20121943M_072020,ADM_JOMIJO_20121943M_072020,JOMIJO_20121943M_072020,1,2027967866,joseph.miller.001696@outlook.com,2025-03-02
CNT_LXMOMI_01122005F_072023,ADM_LXMOMI_01122005F_072023,LXMOMI_01122005F_072023,1,2023513388,,2025-07-04
CNT_MISMRO_05121966M_062022,ADM_MISMRO_05121966M_062022,MISMRO_05121966M_062022,1,12024895226,michael.smith.001049@mail.com,2025-11-25
CNT_NAWIRO_05011979F_092025,ADM_NAWIRO_05011979F_092025,NAWIRO_05011979F_092025,1,2028082310,nancy.wilson.001628@mail.com,2025-09-09
CNT_LABRJO_21032023F_072025,ADM_LABRJO_21032023F_072025,LABRJO_21032023F_072025,1,2028948906,laura.brown.001931@hospitalmail.com,2025-07-06
CNT_MAMIMO_04071970F_082022,ADM_MAMIMO_04071970F_082022,MAMIMO_04071970F_082022,1,20234033,mary.miller.002237@outlook.com,2025-10-17
CNT_JEANWI_28021988F_112021,ADM_JEANWI_28021988F_112021,JEANWI_28021988F_112021,1,12026440720,,2025-08-21
CNT_LIMIMO_25021999F_032025,ADM_LIMIMO_25021999F_032025,LIMIMO_25021999F_032025,1,2027199837,linda.miller.000400@outlook.com,2025-03-04
CNT_JEANXX_09021961F_082021,ADM_JEANXX_09021961F_082021,JEANXX_09021961F_082021,1,2025794,jennifer.anderson.000498@hospitalmail.com,2025-10-27
CNT_JUVAGA_17092001M_072023,ADM_JUVAGA_17092001M_072023,JUVAGA_17092001M_072023,1,5574808361,juan.vargas.001341@mail.com,2025-12-16
CNT_VAGACA_11021958F_052021,ADM_VAGACA_11021958F_052021,VAGACA_11021958F_052021,1,5563568118,valeria.garcia.001787@outlook.com,2024-08-25
CNT_RITOLO_19111996M_012021,ADM_RITOLO_19111996M_012021,RITOLO_19111996M_012021,1,5573036732,ricardo.torres.000447@hospitalmail.com,2024-03-04
CNT_ALHEGA_24091969M_072020,ADM_ALHEGA_24091969M_072020,ALHEGA_24091969M_072020,1,5541110738,alejandro.hernandez.000225@mail.com,2025-07-30
CNT_ELHEGA_02041977F_062022,ADM_ELHEGA_02041977F_062022,ELHEGA_02041977F_062022,1,5508070784,elena.hernandez.000777@gmail.com,2024-05-15
CNT_FECRTO_03101995F_032021,ADM_FECRTO_03101995F_032021,FECRTO_03101995F_032021,1,5543135,fernanda.cruz.001264@gmail.com,2024-04-28
CNT_RIRORO_29031978M_032022,ADM_RIRORO_29031978M_032022,RIRORO_29031978M_032022,1,525553593771,ricardo.rodriguez.002187@outlook.com,2023-12-07
CNT_MIPESA_21011999M_102023,ADM_MIPESA_21011999M_102023,MIPESA_21011999M_102023,1,5538657594,miguel.perez.000988@outlook.com,2025-11-22
CNT_MICRSA_18121961M_112023,ADM_MICRSA_18121961M_112023,MICRSA_18121961M_112023,1,5594852756,miguel.cruz.000260@mail.com,2025-12-08
CNT_SOVAPE_16021961F_042023,ADM_SOVAPE_16021961F_042023,SOVAPE_16021961F_042023,1,5524233383,sofia.vargas.000681@gmail.com,2023-08-21
CNT_RILOCA_31032004M_022020,ADM_RILOCA_31032004M_022020,RILOCA_31032004M_022020,1,5514328255,ricardo.lopez.001193@outlook.com,2025-03-18
CNT_CARALO_02081949M_122022,ADM_CARALO_02081949M_122022,CARALO_02081949M_122022,1,5530916201,carlos.ramirez.000717@outlook.com,2025-07-03
CNT_DAGOSA_09051963M_092022,ADM_DAGOSA_09051963M_092022,DAGOSA_09051963M_092022,1,5535370773,daniel.gonzalez.001911@outlook.com,2024-03-17
CNT_EDFLCR_09082006M_042020,ADM_EDFLCR_09082006M_042020,EDFLCR_09082006M_042020,1,5501330383,eduardo.flores.001882@gmail.com,2023-11-27
CNT_MIHECA_06102005M_122020,ADM_MIHECA_06102005M_122020,MIHECA_06102005M_122020,1,5507448397,miguel.hernandez.002181@hospitalmail.com,2024-03-14
CNT_ANSAHE_01111939F_032022,ADM_ANSAHE_01111939F_032022,ANSAHE_01111939F_032022,1,5530300664,ana.sanchez.000149@hospitalmail.com,2025-11-17
CNT_JUROGO_22041974M_022022,ADM_JUROGO_22041974M_022022,JUROGO_22041974M_022022,1,525577429464,juan.rodriguez.001415@mail.com,2025-06-18
CNT_JOROSA_30091972M_112022,ADM_JOROSA_30091972M_112022,JOROSA_30091972M_112022,1,5576072320,jorge.rodriguez.000983@mail.com,2023-05-12
CNT_ELVAMA_22071969F_082023,ADM_ELVAMA_22071969F_082023,ELVAMA_22071969F_082023,1,5514281641,elena.vargas.002167@hospitalmail.com,2024-03-13
CNT_CAGAXX_26071982M_032022,ADM_CAGAXX_26071982M_032022,CAGAXX_26071982M_032022,1,5571189783,carlos.garcia.001274@mail.com,2023-09-11
CNT_CARATO_29041937F_122020,ADM_CARATO_29041937F_122020,CARATO_29041937F_122020,1,5580530550,carmen.ramirez.000720@hospitalmail.com,2024-09-05
CNT_LASAFL_26072015F_032023,ADM_LASAFL_26072015F_032023,LASAFL_26072015F_032023,1,5534033507,laura.sanchez.001082@outlook.com,2025-07-23
CNT_GALOSA_23082019F_012023,ADM_GALOSA_23082019F_012023,GALOSA_23082019F_012023,1,5535270351,gabriela.lopez.000522@hospitalmail.com,2023-10-31
CNT_CXGOSA_15041941F_022023,ADM_CXGOSA_15041941F_022023,CXGOSA_15041941F_022023,1,5591419095,carmen.gonzalez.002071@mail.com,2025-08-27
CNT_ANFLGA_23111962F_052023,ADM_ANFLGA_23111962F_052023,ANFLGA_23111962F_052023,1,5503993444,ana.flores.000008@outlook.com,2023-11-15
CNT_FEPERA_23101940M_022022,ADM_FEPERA_23101940M_022022,FEPERA_23101940M_022022,1,5532555875,fernando.perez.001573@outlook.com,2025-01-23
CNT_JUGORO_21061992M_032022,ADM_JUGORO_21061992M_032022,JUGORO_21061992M_032022,1,5532700392,juan.gonzalez.000083@outlook.com,2025-11-02
CNT_GALOLO_14081951F_102022,ADM_GALOLO_14081951F_102022,GALOLO_14081951F_102022,1,5533424278,gabriela.lopez.001485@gmail.com,2024-12-12
CNT_EDGACA_29041999M_052023,ADM_EDGACA_29041999M_052023,EDGACA_29041999M_052023,1,5597098279,eduardo.garcia.000863@outlook.com,2024-06-15
CNT_CXHEVA_17121953M_042022,ADM_CXHEVA_17121953M_042022,CXHEVA_17121953M_042022,1,525583213889,carlos.hernandez.001818@gmail.com,2023-10-19
CNT_MAVACA_19011994M_032022,ADM_MAVACA_19011994M_032022,MAVACA_19011994M_032022,1,5543741845,manuel.vargas.001539@gmail.com,2025-05-03
CNT_LULOGA_08011940F_082021,ADM_LULOGA_08011940F_082021,LULOGA_08011940F_082021,1,5591619228,lucia.lopez.001213@hospitalmail.com,2025-10-12
CNT_DAFLGA_06122001F_012021,ADM_DAFLGA_06122001F_012021,DAFLGA_06122001F_012021,1,5586290578,daniela.flores.001672@mail.com,2024-11-30
CNT_MATOLO_04081987M_102022,ADM_MATOLO_04081987M_102022,MATOLO_04081987M_102022,1,5518871122,manuel.torres.002072@gmail.com,2023-06-18
CNT_JOSAXX_24011986M_082023,ADM_JOSAXX_24011986M_082023,JOSAXX_24011986M_082023,1,5542732746,jorge.sanchez.001621@mail.com,2023-08-11
CNT_MIROMA_13021985M_022023,ADM_MIROMA_13021985M_022023,MIROMA_13021985M_022023,1,525531607360,miguel.rodriguez.000072@gmail.com,2024-03-25
CNT_LAGOTO_25101966F_012023,ADM_LAGOTO_25101966F_012023,LAGOTO_25101966F_012023,1,55063018,laura.gonzalez.000117@outlook.com,2025-12-23
CNT_RIFLVA_03031968M_032023,ADM_RIFLVA_03031968M_032023,RIFLVA_03031968M_032023,1,5534205851,ricardo.flores.001156@mail.com,2023-06-14
CNT_ANSATO_14011995F_092022,ADM_ANSATO_14011995F_092022,ANSATO_14011995F_092022,1,5571920,ana.sanchez.000695@gmail.com,2025-04-21
CNT_GAFLCA_17102001F_052023,ADM_GAFLCA_17102001F_052023,GAFLCA_17102001F_052023,1,5553870991,gabriela.flores.002159@hospitalmail.com,2025-01-09
CNT_MAROGA_01111961F_112023,ADM_MAROGA_01111961F_112023,MAROGA_01111961F_112023,1,5593674207,maria.rodriguez.000299@mail.com,2023-11-27
CNT_PAPERA_19052010F_012020,ADM_PAPERA_19052010F_012020,PAPERA_19052010F_012020,1,55077887,,2023-02-12
CNT_MILOSA_19021945M_082020,ADM_MILOSA_19021945M_082020,MILOSA_19021945M_082020,1,5548792054,miguel.lopez.000241@mail.com,2025-09-13
CNT_CARAMA_08091990F_102023,ADM_CARAMA_08091990F_102023,CARAMA_08091990F_102023,1,525523086043,carmen.ramirez.000538@mail.com,2025-05-22
CNT_PXRARA_05121943F_072023,ADM_PXRARA_05121943F_072023,PXRARA_05121943F_072023,1,5502556035,,2025-05-30
CNT_MIMACA_24091982M_032023,ADM_MIMACA_24091982M_032023,MIMACA_24091982M_032023,1,5560851925,miguel.martinez.000095@gmail.com,2023-03-22
CNT_DAGOSA_15041973M_022023,ADM_DAGOSA_15041973M_022023,DAGOSA_15041973M_022023,1,5584733193,daniel.gonzalez.002050@mail.com,2025-11-06
CNT_PALOCA_13081989F_062022,ADM_PALOCA_13081989F_062022,PALOCA_13081989F_062022,1,5529257843,patricia.lopez.001101@outlook.com,2023-11-05
CNT_MAVATO_29121974M_082020,ADM_MAVATO_29121974M_082020,MAVATO_29121974M_082020,1,5562032975,manuel.vargas.000558@mail.com,2025-07-31
CNT_LUCAXX_15121967F_092023,ADM_LUCAXX_15121967F_092023,LUCAXX_15121967F_092023,1,5517507057,,2023-09-21
CNT_CAGAXX_28121991F_112023,ADM_CAGAXX_28121991F_112023,CAGAXX_28121991F_112023,1,5542135920,carmen.garcia.001230@gmail.com,2023-08-29
CNT_MAROMA_15011993F_112022,ADM_MAROMA_15011993F_112022,MAROMA_15011993F_112022,1,5506547941,maria.rodriguez.002174@hospitalmail.com,2025-10-03
CNT_ALTOSA_05091958M_032023,ADM_ALTOSA_05091958M_032023,ALTOSA_05091958M_032023,1,5514024613,alejandro.torres.000416@gmail.com,2025-10-24
CNT_EDGAGA_10021987M_112023,ADM_EDGAGA_10021987M_112023,EDGAGA_10021987M_112023,1,5576665527,eduardo.garcia.002035@gmail.com,2025-08-26
CNT_GXRACA_11081977F_102023,ADM_GXRACA_11081977F_102023,GXRACA_11081977F_102023,1,5532575215,,2023-10-04
CNT_CACRMA_21092002F_032020,ADM_CACRMA_21092002F_032020,CACRMA_21092002F_032020,1,5579610200,carmen.cruz.001839@gmail.com,2024-11-11
CNT_GATOSA_21011970F_102022,ADM_GATOSA_21011970F_102022,GATOSA_21011970F_102022,1,5521727681,gabriela.torres.001015@outlook.com,2024-11-29
CNT_ELROHE_14072004F_022023,ADM_ELROHE_14072004F_022023,ELROHE_14072004F_022023,1,5505800177,elena.rodriguez.000107@hospitalmail.com,2025-10-11
CNT_LUTOTO_26031992F_012023,ADM_LUTOTO_26031992F_012023,LUTOTO_26031992F_012023,1,5592858241,lucia.torres.000554@outlook.com,2023-07-26
CNT_SOMAGA_12021988F_042022,ADM_SOMAGA_12021988F_042022,SOMAGA_12021988F_042022,1,5571020048,sofia.martinez.000482@gmail.com,2025-05-30
CNT_MIVACA_16011992M_042023,ADM_MIVACA_16011992M_042023,MIVACA_16011992M_042023,1,5515027905,miguel.vargas.001814@gmail.com,2023-09-20
CNT_EDFLSA_15081981M_022020,ADM_EDFLSA_15081981M_022020,EDFLSA_15081981M_022020,1,5589886897,eduardo.flores.001593@gmail.com,2025-03-28
CNT_ALCRSA_14091975M_112023,ADM_ALCRSA_14091975M_112023,ALCRSA_14091975M_112023,1,5512558537,alejandro.cruz.001733@hospitalmail.com,2025-06-22
CNT_RITOFL_20112003M_012023,ADM_RITOFL_20112003M_012023,RITOFL_20112003M_012023,1,5526051843,ricardo.torres.001285@mail.com,2023-01-26
CNT_EDSACA_15111991M_102021,ADM_EDSACA_15111991M_102021,EDSACA_15111991M_102021,1,5525159324,eduardo.sanchez.000736@hospitalmail.com,2023-09-02
CNT_GAPEGO_15011978F_022021,ADM_GAPEGO_15011978F_022021,GAPEGO_15011978F_022021,1,5596663947,gabriela.perez.001282@hospitalmail.com,2023-09-24
CNT_FERAXX_18061996M_052022,ADM_FERAXX_18061996M_052022,FERAXX_18061996M_052022,1,5528285142,fernando.ramirez.000668@gmail.com,2023-08-02
CNT_MAPESA_09061999F_012023,ADM_MAPESA_09061999F_012023,MAPESA_09061999F_012023,1,5576109052,maria.perez.000184@mail.com,2025-07-08
CNT_MAHEMA_23081998M_122023,ADM_MAHEMA_23081998M_122023,MAHEMA_23081998M_122023,1,5510074057,manuel.hernandez.000186@mail.com,2025-01-27
CNT_CALOSA_20031980F_122021,ADM_CALOSA_20031980F_122021,CALOSA_20031980F_122021,1,5519981575,carmen.lopez.001011@mail.com,2024-12-16
CNT_SOVALO_17032003F_032020,ADM_SOVALO_17032003F_032020,SOVALO_17032003F_032020,1,5574398187,sofia.vargas.001581@gmail.com,2025-11-25
CNT_SOFLHE_06052007F_032020,ADM_SOFLHE_06052007F_032020,SOFLHE_06052007F_032020,1,5538678875,sofia.flores.001778@gmail.com,2025-03-22
CNT_JOLORO_11111969M_012022,ADM_JOLORO_11111969M_012022,JOLORO_11111969M_012022,1,5528803419,jorge.lopez.001739@gmail.com,2025-10-18
CNT_SOGOCR_13112020F_092023,ADM_SOGOCR_13112020F_092023,SOGOCR_13112020F_092023,1,5597368249,sofia.gonzalez.002225@hospitalmail.com,2023-10-19
CNT_MACACA_27071944F_122020,ADM_MACACA_27071944F_122020,MACACA_27071944F_122020,1,525525697084,maria.castillo.000643@hospitalmail.com,2023-08-06
CNT_MACRRO_02012021F_072021,ADM_MACRRO_02012021F_072021,MACRRO_02012021F_072021,1,5566705591,maria.cruz.001242@mail.com,2025-12-08
CNT_SOFLMA_24081990F_052023,ADM_SOFLMA_24081990F_052023,SOFLMA_24081990F_052023,1,525592189085,sofia.flores.000650@outlook.com,2023-08-14
CNT_ALRACR_29041990M_072023,ADM_ALRACR_29041990M_072023,ALRACR_29041990M_072023,1,5521436729,alejandro.ramirez.002042@outlook.com,2025-10-22
CNT_ELHEGO_15091971F_062021,ADM_ELHEGO_15091971F_062021,ELHEGO_15091971F_062021,1,5592072390,elena.hernandez.000787@outlook.com,2025-12-11
CNT_LASACR_23112019F_082023,ADM_LASACR_23112019F_082023,LASACR_23112019F_082023,1,525585371098,laura.sanchez.000612@mail.com,2025-07-25
CNT_LUFLVA_16111977M_072022,ADM_LUFLVA_16111977M_072022,LUFLVA_16111977M_072022,1,5589690658,luis.flores.002027@hospitalmail.com,2025-10-20
CNT_MITOVA_02081995M_092023,ADM_MITOVA_02081995M_092023,MITOVA_02081995M_092023,1,5536838201,miguel.torres.001035@mail.com,2024-06-06
CNT_PAMAMA_03031996F_032023,ADM_PAMAMA_03031996F_032023,PAMAMA_03031996F_032023,1,5591613292,patricia.martinez.001963@hospitalmail.com,2025-03-08
CNT_GAPESA_22091942F_112021,ADM_GAPESA_22091942F_112021,GAPESA_22091942F_112021,1,5560019,gabriela.perez.000275@mail.com,2023-12-26
CNT_ALSAFL_28012022M_122021,ADM_ALSAFL_28012022M_122021,ALSAFL_28012022M_122021,1,525527974162,alejandro.sanchez.001460@mail.com,2025-07-12
CNT_DAVACR_25041975M_022022,ADM_DAVACR_25041975M_022022,DAVACR_25041975M_022022,1,5552977193,daniel.vargas.001602@gmail.com,2025-12-02
CNT_FETORO_14112000F_082022,ADM_FETORO_14112000F_082022,FETORO_14112000F_082022,1,5564741912,fernanda.torres.001223@outlook.com,2023-11-30
CNT_LAMACR_10091957F_032023,ADM_LAMACR_10091957F_032023,LAMACR_10091957F_032023,1,5547375090,laura.martinez.001487@gmail.com,2025-07-09
CNT_ANCRVA_09041992F_062022,ADM_ANCRVA_09041992F_062022,ANCRVA_09041992F_062022,1,5530883481,ana.cruz.001005@gmail.com,2024-10-31
CNT_FEFLCR_28032002M_082023,ADM_FEFLCR_28032002M_082023,FEFLCR_28032002M_082023,1,5533844013,fernando.flores.001225@hospitalmail.com,2024-07-23
CNT_JOCARO_06072013M_072022,ADM_JOCARO_06072013M_072022,JOCARO_06072013M_072022,1,5515100789,jorge.castillo.002126@mail.com,2024-05-23
CNT_CAGOVA_26011977F_092022,ADM_CAGOVA_26011977F_092022,CAGOVA_26011977F_092022,1,5579762752,carmen.gonzalez.002127@mail.com,2023-10-17
CNT_CAGAGA_15081967F_022020,ADM_CAGAGA_15081967F_022020,CAGAGA_15081967F_022020,1,5589727359,carmen.garcia.001924@mail.com,2025-01-13
CNT_FESAGO_10121996M_032022,ADM_FESAGO_10121996M_032022,FESAGO_10121996M_032022,1,5594914974,fernando.sanchez.000958@mail.com,2025-03-09
CNT_FERALO_06051980F_042023,ADM_FERALO_06051980F_042023,FERALO_06051980F_042023,1,5555539087,fernanda.ramirez.000011@hospitalmail.com,2025-07-14
CNT_MAGARO_14101941M_011900,ADM_MAGARO_14101941M_011900,MAGARO_14101941M_011900,1,525520651213,manuel.garcia.001522@mail.com,2023-03-08
CNT_GARARO_21061941F_092021,ADM_GARARO_21061941F_092021,GARARO_21061941F_092021,1,5572288116,gabriela.ramirez.000943@hospitalmail.com,2024-02-06
CNT_LUFLGO_16051973F_012020,ADM_LUFLGO_16051973F_012020,LUFLGO_16051973F_012020,1,5508047168,lucia.flores.000201@outlook.com,2025-08-21
CNT_JOSARO_27041949M_012021,ADM_JOSARO_27041949M_012021,JOSARO_27041949M_012021,1,5561358822,jose.sanchez.001249@outlook.com,2025-02-22
CNT_JORARO_17112017M_032022,ADM_JORARO_17112017M_032022,JORARO_17112017M_032022,1,5539611340,jose.ramirez.000721@hospitalmail.com,2025-12-07
CNT_PAHELO_28011964F_052023,ADM_PAHELO_28011964F_052023,PAHELO_28011964F_052023,1,525529439784,patricia.hernandez.000725@mail.com,2024-02-04
CNT_DAHECR_16121983F_032023,ADM_DAHECR_16121983F_032023,DAHECR_16121983F_032023,1,525511841107,daniela.hernandez.002229@outlook.com,2024-09-05
CNT_JOVAGO_10061998M_072022,ADM_JOVAGO_10061998M_072022,JOVAGO_10061998M_072022,1,5516189533,jose.vargas.001558@outlook.com,2024-06-28
CNT_GACRRA_23091972F_042023,ADM_GACRRA_23091972F_042023,GACRRA_23091972F_042023,1,525531481345,gabriela.cruz.001523@hospitalmail.com,2025-05-31
CNT_MAGOLO_06061976F_022020,ADM_MAGOLO_06061976F_022020,MAGOLO_06061976F_022020,1,525521834005,maria.gonzalez.002156@hospitalmail.com,2025-12-15
CNT_LAPERA_31051965F_092022,ADM_LAPERA_31051965F_092022,LAPERA_31051965F_092022,1,5534522894,laura.perez.000572@gmail.com,2023-07-22
CNT_JOGOLO_09021970M_052020,ADM_JOGOLO_09021970M_052020,JOGOLO_09021970M_052020,1,5512924716,jorge.gonzalez.001751@hospitalmail.com,2025-04-06
CNT_LURORA_27042008M_102022,ADM_LURORA_27042008M_102022,LURORA_27042008M_102022,1,5597545981,luis.rodriguez.000165@gmail.com,2025-09-05
CNT_MACRCR_30031993F_052021,ADM_MACRCR_30031993F_052021,MACRCR_30031993F_052021,1,5530999128,maria.cruz.001276@mail.com,2025-10-27
CNT_RIGACA_16051977M_082023,ADM_RIGACA_16051977M_082023,RIGACA_16051977M_082023,1,5563675544,ricardo.garcia.001986@hospitalmail.com,2025-08-02
CNT_JUFLHE_09091971M_012020,ADM_JUFLHE_09091971M_012020,JUFLHE_09091971M_012020,1,5507947954,juan.flores.002021@gmail.com,2025-12-22
CNT_ELHEGO_31071948F_092020,ADM_ELHEGO_31071948F_092020,ELHEGO_31071948F_092020,1,551500991,elena.hernandez.001138@mail.com,2023-01-04
CNT_MATOLO_08021981F_062022,ADM_MATOLO_08021981F_062022,MATOLO_08021981F_062022,1,55322975,maria.torres.000998@gmail.com,2024-06-07
CNT_EDLOMA_12021966M_012020,ADM_EDLOMA_12021966M_012020,EDLOMA_12021966M_012020,1,5567873080,eduardo.lopez.001756@outlook.com,2024-07-29
CNT_MIRACR_24021998M_112022,ADM_MIRACR_24021998M_112022,MIRACR_24021998M_112022,1,5575029674,miguel.ramirez.001701@mail.com,2023-11-07
CNT_MAVAHE_29081947F_122021,ADM_MAVAHE_29081947F_122021,MAVAHE_29081947F_122021,1,5578602860,maria.vargas.002164@gmail.com,2025-06-14
CNT_LUGACR_20081987M_022023,ADM_LUGACR_20081987M_022023,LUGACR_20081987M_022023,1,5574288443,luis.garcia.000170@hospitalmail.com,2023-09-03
CNT_MAFLRA_16071948F_112023,ADM_MAFLRA_16071948F_112023,MAFLRA_16071948F_112023,1,5576826797,maria.flores.000994@hospitalmail.com,2023-11-22
CNT_ANGOVA_20042014F_062022,ADM_ANGOVA_20042014F_062022,ANGOVA_20042014F_062022,1,525537377727,ana.gonzalez.001599@gmail.com,2024-03-17
CNT_LUPERA_16011978F_102021,ADM_LUPERA_16011978F_102021,LUPERA_16011978F_102021,1,5567484903,lucia.perez.001192@gmail.com,2023-12-13
CNT_DACARA_06011996F_092022,ADM_DACARA_06011996F_092022,DACARA_06011996F_092022,1,55548164,daniela.castillo.002157@mail.com,2025-09-26
CNT_ANSALO_26011992F_042023,ADM_ANSALO_26011992F_042023,ANSALO_26011992F_042023,1,551195947,ana.sanchez.001968@gmail.com,2025-03-16
CNT_ANGAGA_02062020F_072020,ADM_ANGAGA_02062020F_072020,ANGAGA_02062020F_072020,1,5516785455,ana.garcia.002019@mail.com,2023-08-28
CNT_DACRCA_17101991M_012021,ADM_DACRCA_17101991M_012021,DACRCA_17101991M_012021,1,5590435882,daniel.cruz.001516@hospitalmail.com,2025-09-13
CNT_FEGOCR_30101986F_072023,ADM_FEGOCR_30101986F_072023,FEGOCR_30101986F_072023,1,,fernanda.gonzalez.001393@outlook.com,2023-07-11
CNT_JOMALO_15041970M_052020,ADM_JOMALO_15041970M_052020,JOMALO_15041970M_052020,1,5561893697,jose.martinez.000336@outlook.com,2024-11-20
CNT_ANFLCA_31031995F_122022,ADM_ANFLCA_31031995F_122022,ANFLCA_31031995F_122022,1,5596712958,ana.flores.000074@outlook.com,2024-11-23
CNT_LALOTO_12041940F_112020,ADM_LALOTO_12041940F_112020,LALOTO_12041940F_112020,1,5501815517,laura.lopez.001867@gmail.com,2025-09-07
CNT_LUHELO_26111952M_102022,ADM_LUHELO_26111952M_102022,LUHELO_26111952M_102022,1,525515638908,luis.hernandez.001796@hospitalmail.com,2025-07-04
CNT_ELPEMA_15051987F_062023,ADM_ELPEMA_15051987F_062023,ELPEMA_15051987F_062023,1,525508208461,elena.perez.000364@mail.com,2025-11-17
CNT_EDGOSA_09101978M_052023,ADM_EDGOSA_09101978M_052023,EDGOSA_09101978M_052023,1,525525887259,eduardo.gonzalez.001902@outlook.com,2024-07-30
CNT_CALOGO_30061981F_112022,ADM_CALOGO_30061981F_112022,CALOGO_30061981F_112022,1,5528937743,carmen.lopez.000466@outlook.com,2025-10-12
CNT_LAGAGA_09051997F_072023,ADM_LAGAGA_09051997F_072023,LAGAGA_09051997F_072023,1,5525934224,laura.garcia.000262@hospitalmail.com,2024-12-11
CNT_CAGOCA_18061988F_122023,ADM_CAGOCA_18061988F_122023,CAGOCA_18061988F_122023,1,525525891993,carmen.gonzalez.000741@outlook.com,2024-11-05
CNT_FERACR_02042005F_092021,ADM_FERACR_02042005F_092021,FERACR_02042005F_092021,1,5526000924,fernanda.ramirez.001511@hospitalmail.com,2023-09-23
CNT_JUVATO_28011970M_052021,ADM_JUVATO_28011970M_052021,JUVATO_28011970M_052021,1,5531912054,juan.vargas.002170@outlook.com,2025-06-27
CNT_VATOGA_07031980F_042022,ADM_VATOGA_07031980F_042022,VATOGA_07031980F_042022,1,5539764741,valeria.torres.000433@hospitalmail.com,2025-08-14
CNT_VAGOGA_03051937F_092020,ADM_VAGOGA_03051937F_092020,VAGOGA_03051937F_092020,1,5529119808,valeria.gonzalez.000530@mail.com,2023-07-19
CNT_JOGATO_26101998M_012023,ADM_JOGATO_26101998M_012023,JOGATO_26101998M_012023,1,525522980699,jorge.garcia.001559@outlook.com,2024-06-15
CNT_ELLOFL_12081953F_042022,ADM_ELLOFL_12081953F_042022,ELLOFL_12081953F_042022,1,5524831945,elena.lopez.000363@outlook.com,2025-11-03
CNT_ALPEGO_10071972M_082021,ADM_ALPEGO_10071972M_082021,ALPEGO_10071972M_082021,1,5534133954,alejandro.perez.000952@mail.com,2025-12-29
CNT_DAPEGO_12021989F_102021,ADM_DAPEGO_12021989F_102021,DAPEGO_12021989F_102021,1,5599538749,daniela.perez.001188@outlook.com,2023-12-24
CNT_DACASA_07061964M_062023,ADM_DACASA_07061964M_062023,DACASA_07061964M_062023,1,5521489908,daniel.castillo.000714@hospitalmail.com,2023-11-28
CNT_MICAPE_06092024M_042022,ADM_MICAPE_06092024M_042022,MICAPE_06092024M_042022,1,5598426465,miguel.castillo.001498@mail.com,2025-02-23
CNT_RIVARO_16091937M_092021,ADM_RIVARO_16091937M_092021,RIVARO_16091937M_092021,1,5569533826,ricardo.vargas.000722@mail.com,2023-10-17
CNT_MAGOGO_30071965F_052023,ADM_MAGOGO_30071965F_052023,MAGOGO_30071965F_052023,1,5561249960,maria.gonzalez.000076@hospitalmail.com,2024-03-17
CNT_EDCACR_21021957M_072023,ADM_EDCACR_21021957M_072023,EDCACR_21021957M_072023,1,5586914964,eduardo.castillo.000938@gmail.com,2024-07-27
CNT_ANFLPE_08071982F_032023,ADM_ANFLPE_08071982F_032023,ANFLPE_08071982F_032023,1,5581559965,ana.flores.001221@outlook.com,2025-11-20
CNT_MASARO_16111934M_112022,ADM_MASARO_16111934M_112022,MASARO_16111934M_112022,1,5539411387,,2023-08-18
CNT_JOCACA_14051959M_072020,ADM_JOCACA_14051959M_072020,JOCACA_14051959M_072020,1,525587720330,jose.castillo.000644@hospitalmail.com,2025-12-12
CNT_LUGOGA_07051981M_022023,ADM_LUGOGA_07051981M_022023,LUGOGA_07051981M_022023,1,525538553904,luis.gonzalez.000054@mail.com,2024-11-21
CNT_GAPEPE_30062023F_022022,ADM_GAPEPE_30062023F_022022,GAPEPE_30062023F_022022,1,5576147295,gabriela.perez.002044@mail.com,2025-07-31
CNT_JUPEVA_05062008M_012023,ADM_JUPEVA_05062008M_012023,JUPEVA_05062008M_012023,1,5563734476,juan.perez.001708@outlook.com,2024-07-22
CNT_MARARA_12071940F_102022,ADM_MARARA_12071940F_102022,MARARA_12071940F_102022,1,5530669635,maria.ramirez.001304@mail.com,2025-03-21
CNT_PACRPE_06091997F_112021,ADM_PACRPE_06091997F_112021,PACRPE_06091997F_112021,1,5545107139,patricia.cruz.000043@outlook.com,2024-06-25
CNT_RIRATO_22072005M_062020,ADM_RIRATO_22072005M_062020,RIRATO_22072005M_062020,1,5581533641,ricardo.ramirez.000168@mail.com,2025-10-14
CNT_MIRACR_05091940M_022023,ADM_MIRACR_05091940M_022023,MIRACR_05091940M_022023,1,5529091747,miguel.ramirez.001299@gmail.com,2025-11-03
CNT_GACRCA_28121971F_012023,ADM_GACRCA_28121971F_012023,GACRCA_28121971F_012023,1,5594965402,gabriela.cruz.001107@mail.com,2024-12-10
CNT_FEROXX_04091995F_092023,ADM_FEROXX_04091995F_092023,FEROXX_04091995F_092023,1,525543900663,fernanda.rodriguez.000525@hospitalmail.com,2023-09-03
CNT_JOGAVA_01031972M_052020,ADM_JOGAVA_01031972M_052020,JOGAVA_01031972M_052020,1,5538481643,jose.garcia.001579@outlook.com,2023-08-27
CNT_JOCAHE_16121961M_082023,ADM_JOCAHE_16121961M_082023,JOCAHE_16121961M_082023,1,525514794590,jose.castillo.000727@hospitalmail.com,2024-11-13
CNT_EXSARA_19121968F_042022,ADM_EXSARA_19121968F_042022,EXSARA_19121968F_042022,1,525516392471,elena.sanchez.001766@outlook.com,2023-06-06
CNT_LAPEGA_24122014F_082020,ADM_LAPEGA_24122014F_082020,LAPEGA_24122014F_082020,1,525544092851,laura.perez.001478@gmail.com,2025-10-29
CNT_DAPEFL_05051977M_122021,ADM_DAPEFL_05051977M_122021,DAPEFL_05051977M_122021,1,5564178740,daniel.perez.000982@hospitalmail.com,2025-01-04
CNT_JOVAFL_07101968M_042020,ADM_JOVAFL_07101968M_042020,JOVAFL_07101968M_042020,1,5533879349,jose.vargas.001642@mail.com,2025-09-30
CNT_CAHEPE_24041985M_052022,ADM_CAHEPE_24041985M_052022,CAHEPE_24041985M_052022,1,525531533123,carlos.hernandez.001504@mail.com,2025-08-23
CNT_JOLOTO_28022019M_022022,ADM_JOLOTO_28022019M_022022,JOLOTO_28022019M_022022,1,5573026135,jose.lopez.001652@hospitalmail.com,2025-11-16
CNT_ALLOTO_10112001M_042023,ADM_ALLOTO_10112001M_042023,ALLOTO_10112001M_042023,1,5504809631,alejandro.lopez.001520@outlook.com,2025-06-13
CNT_LUTOHE_15051998F_112022,ADM_LUTOHE_15051998F_112022,LUTOHE_15051998F_112022,1,5572663451,lucia.torres.000749@mail.com,2025-06-05
CNT_LUHEGO_15031938F_092021,ADM_LUHEGO_15031938F_092021,LUHEGO_15031938F_092021,1,525599622720,lucia.hernandez.001371@hospitalmail.com,2024-12-15
CNT_FESARA_12102024F_032022,ADM_FESARA_12102024F_032022,FESARA_12102024F_032022,1,525574535515,fernanda.sanchez.002007@gmail.com,2024-05-18
CNT_LUFLRA_09102000F_012021,ADM_LUFLRA_09102000F_012021,LUFLRA_09102000F_012021,1,5575280334,lucia.flores.001453@gmail.com,2024-11-14
CNT_CARAPE_15071982M_122020,ADM_CARAPE_15071982M_122020,CARAPE_15071982M_122020,1,525597513729,carlos.ramirez.000280@gmail.com,2025-11-11
CNT_VARALO_27071973F_022023,ADM_VARALO_27071973F_022023,VARALO_27071973F_022023,1,5520944925,valeria.ramirez.000689@outlook.com,2025-09-04
CNT_JUTOXX_24121984M_102023,ADM_JUTOXX_24121984M_102023,JUTOXX_24121984M_102023,1,525537020734,juan.torres.001590@hospitalmail.com,2023-10-19
CNT_JOMACA_23061979M_122020,ADM_JOMACA_23061979M_122020,JOMACA_23061979M_122020,1,525588252544,jose.martinez.000669@outlook.com,2025-11-10
CNT_EDFLHE_03082008M_042023,ADM_EDFLHE_03082008M_042023,EDFLHE_03082008M_042023,1,5535896618,eduardo.flores.001217@hospitalmail.com,2025-12-17
CNT_GALOGA_03091975F_082023,ADM_GALOGA_03091975F_082023,GALOGA_03091975F_082023,1,5517540346,gabriela.lopez.001845@outlook.com,2025-11-24
CNT_CASAXX_28111987M_062021,ADM_CASAXX_28111987M_062021,CASAXX_28111987M_062021,1,5575463235,,2023-02-15
CNT_MICRLO_28111963M_112023,ADM_MICRLO_28111963M_112023,MICRLO_28111963M_112023,1,5530461033,miguel.cruz.001421@outlook.com,2023-11-20
CNT_SOSARO_14021968F_052020,ADM_SOSARO_14021968F_052020,SOSARO_14021968F_052020,1,525544462368,sofia.sanchez.002080@outlook.com,2023-11-24
CNT_JUTOGO_28081986M_032021,ADM_JUTOGO_28081986M_032021,JUTOGO_28081986M_032021,1,5521964289,juan.torres.001542@mail.com,2025-07-21
CNT_MAMAHE_06042006F_022023,ADM_MAMAHE_06042006F_022023,MAMAHE_06042006F_022023,1,525526330317,maria.martinez.000963@mail.com,2023-08-05
CNT_RILOGO_25071997M_122023,ADM_RILOGO_25071997M_122023,RILOGO_25071997M_122023,1,5547658566,ricardo.lopez.000687@mail.com,2025-07-08
CNT_JOHECR_04091962M_122021,ADM_JOHECR_04091962M_122021,JOHECR_04091962M_122021,1,5544960849,jorge.hernandez.002024@mail.com,2023-06-11
CNT_LAMACR_05052009F_072022,ADM_LAMACR_05052009F_072022,LAMACR_05052009F_072022,1,5511609809,laura.martinez.000990@mail.com,2024-08-09
CNT_JOGOXX_06121973M_092021,ADM_JOGOXX_06121973M_092021,JOGOXX_06121973M_092021,1,5534948233,,2023-11-30
CNT_LUMAVA_14061955M_052023,ADM_LUMAVA_14061955M_052023,LUMAVA_14061955M_052023,1,5510699528,luis.martinez.000342@gmail.com,2024-08-12
CNT_PAPEGO_15051977F_082022,ADM_PAPEGO_15051977F_082022,PAPEGO_15051977F_082022,1,525532946367,patricia.perez.002148@hospitalmail.com,2025-12-15
CNT_SOFLMA_24081937F_032023,ADM_SOFLMA_24081937F_032023,SOFLMA_24081937F_032023,1,5599002419,sofia.flores.001422@outlook.com,2025-02-06
CNT_MAVAGA_16111966M_032020,ADM_MAVAGA_16111966M_032020,MAVAGA_16111966M_032020,1,5578129624,manuel.vargas.002151@outlook.com,2024-04-07
CNT_JUPEPE_15111958M_122021,ADM_JUPEPE_15111958M_122021,JUPEPE_15111958M_122021,1,5563984483,juan.perez.001458@mail.com,2023-05-31
CNT_CARACA_19111937F_012023,ADM_CARACA_19111937F_012023,CARACA_19111937F_012023,1,5584635643,carmen.ramirez.000332@hospitalmail.com,2023-05-19
CNT_FEGARA_23082004F_102023,ADM_FEGARA_23082004F_102023,FEGARA_23082004F_102023,1,5588253521,fernanda.garcia.001897@outlook.com,2023-09-19
CNT_VALOFL_27092018F_122023,ADM_VALOFL_27092018F_122023,VALOFL_27092018F_122023,1,5546432913,valeria.lopez.000884@hospitalmail.com,2023-12-26
CNT_RIRALO_24031985M_012023,ADM_RIRALO_24031985M_012023,RIRALO_24031985M_012023,1,5570562599,ricardo.ramirez.001985@hospitalmail.com,2024-08-06
CNT_FERAVA_19011939M_062023,ADM_FERAVA_19011939M_062023,FERAVA_19011939M_062023,1,5566050833,fernando.ramirez.000671@outlook.com,2025-03-29
CNT_JORORO_16102019M_102021,ADM_JORORO_16102019M_102021,JORORO_16102019M_102021,1,525574394714,jose.rodriguez.001203@mail.com,2023-12-09
CNT_JUCRPE_23091979M_052023,ADM_JUCRPE_23091979M_052023,JUCRPE_23091979M_052023,1,5575934079,juan.cruz.000290@outlook.com,2025-03-08
CNT_FEHELO_02111960M_072023,ADM_FEHELO_02111960M_072023,FEHELO_02111960M_072023,1,5551547952,fernando.hernandez.000050@hospitalmail.com,2023-08-11
CNT_EDCRSA_17081965M_092023,ADM_EDCRSA_17081965M_092023,EDCRSA_17081965M_092023,1,525516718722,eduardo.cruz.000625@outlook.com,2023-10-06
CNT_LXLOGA_17072004M_062023,ADM_LXLOGA_17072004M_062023,LXLOGA_17072004M_062023,1,5546295824,luis.lopez.001348@mail.com,2023-05-09
CNT_GAHECR_11071968F_112021,ADM_GAHECR_11071968F_112021,GAHECR_11071968F_112021,1,5533590643,gabriela.hernandez.002191@outlook.com,2025-11-17
CNT_SOCASA_01021951F_122022,ADM_SOCASA_01021951F_122022,SOCASA_01021951F_122022,1,525583041928,sofia.castillo.000414@hospitalmail.com,2025-03-09
CNT_MAGOLO_16091982M_022020,ADM_MAGOLO_16091982M_022020,MAGOLO_16091982M_022020,1,5511810977,manuel.gonzalez.001054@outlook.com,2023-06-30
CNT_JOLOCA_23091992M_092023,ADM_JOLOCA_23091992M_092023,JOLOCA_23091992M_092023,1,5596577780,jorge.lopez.001740@mail.com,2025-03-10
CNT_LAGAGA_01092002F_072021,ADM_LAGAGA_01092002F_072021,LAGAGA_01092002F_072021,1,525597181449,laura.garcia.000333@outlook.com,2023-11-27
CNT_FEVACA_31101971F_032021,ADM_FEVACA_31101971F_032021,FEVACA_31101971F_032021,1,5521711838,fernanda.vargas.001321@outlook.com,2024-10-24
CNT_JURALO_08071968M_042022,ADM_JURALO_08071968M_042022,JURALO_08071968M_042022,1,5542692289,juan.ramirez.001601@mail.com,2024-09-04
CNT_SOCRTO_11071965F_092022,ADM_SOCRTO_11071965F_092022,SOCRTO_11071965F_092022,1,5554835482,sofia.cruz.000570@gmail.com,2025-05-24
CNT_JURORO_30082001M_102021,ADM_JURORO_30082001M_102021,JURORO_30082001M_102021,1,5515781994,juan.rodriguez.000548@outlook.com,2024-12-06
CNT_JUHEFL_09031991M_032022,ADM_JUHEFL_09031991M_032022,JUHEFL_09031991M_032022,1,5536352484,juan.hernandez.001464@gmail.com,2025-06-19
CNT_PAGORO_20041962F_122023,ADM_PAGORO_20041962F_122023,PAGORO_20041962F_122023,1,5541512657,patricia.gonzalez.001992@hospitalmail.com,2023-12-08
CNT_LURAGA_19101944M_072022,ADM_LURAGA_19101944M_072022,LURAGA_19101944M_072022,1,525551580710,luis.ramirez.001732@gmail.com,2024-03-21
CNT_VAHEFL_02121979F_082021,ADM_VAHEFL_02121979F_082021,VAHEFL_02121979F_082021,1,5571422377,valeria.hernandez.001207@outlook.com,2025-06-20
CNT_LUROLO_00000000F_042021,ADM_LUROLO_00000000F_042021,LUROLO_00000000F_042021,1,525538336732,lucia.rodriguez.000173@outlook.com,2025-04-07
CNT_MAMAFL_12062004M_082020,ADM_MAMAFL_12062004M_082020,MAMAFL_12062004M_082020,1,5579240332,manuel.martinez.001079@hospitalmail.com,2024-06-14
CNT_FERAHE_01102003M_042023,ADM_FERAHE_01102003M_042023,FERAHE_01102003M_042023,1,5557960367,fernando.ramirez.001479@mail.com,2025-12-31
CNT_CARAVA_28041985F_092021,ADM_CARAVA_28041985F_092021,CARAVA_28041985F_092021,1,5563464442,carmen.ramirez.001525@outlook.com,2023-04-19
CNT_JUFLCR_22051944M_032023,ADM_JUFLCR_22051944M_032023,JUFLCR_22051944M_032023,1,525543098185,juan.flores.000729@hospitalmail.com,2023-05-31
CNT_MIGAFL_12051982M_072020,ADM_MIGAFL_12051982M_072020,MIGAFL_12051982M_072020,1,5524117158,miguel.garcia.001933@outlook.com,2025-11-21
CNT_SOPEMA_04061988F_102021,ADM_SOPEMA_04061988F_102021,SOPEMA_04061988F_102021,1,5538284718,sofia.perez.000900@outlook.com,2024-08-05
CNT_ELFLMA_29041976F_112021,ADM_ELFLMA_29041976F_112021,ELFLMA_29041976F_112021,1,5519080843,elena.flores.000836@outlook.com,2025-08-20
CNT_MASAMA_01092002M_092022,ADM_MASAMA_01092002M_092022,MASAMA_01092002M_092022,1,5557750759,manuel.sanchez.001775@hospitalmail.com,2025-10-23
CNT_MAMAFL_28041962F_012021,ADM_MAMAFL_28041962F_012021,MAMAFL_28041962F_012021,1,5514988197,maria.martinez.000933@hospitalmail.com,2025-08-29
CNT_VATOSA_28011961F_112020,ADM_VATOSA_28011961F_112020,VATOSA_28011961F_112020,1,5585192251,valeria.torres.001057@mail.com,2023-10-17
CNT_MAGASA_28031964F_032022,ADM_MAGASA_28031964F_032022,MAGASA_28031964F_032022,1,5557384329,maria.garcia.000532@hospitalmail.com,2025-10-23
CNT_MAGOVA_04052022M_082021,ADM_MAGOVA_04052022M_082021,MAGOVA_04052022M_082021,1,5525061988,manuel.gonzalez.001391@mail.com,2024-09-07
CNT_LUVAFL_11041935F_082021,ADM_LUVAFL_11041935F_082021,LUVAFL_11041935F_082021,1,5597682901,lucia.vargas.000843@gmail.com,2024-05-17
CNT_LULOGO_22111964F_022020,ADM_LULOGO_22111964F_022020,LULOGO_22111964F_022020,1,5518042253,lucia.lopez.001849@hospitalmail.com,2023-04-29
CNT_CATOMA_25092021M_112020,ADM_CATOMA_25092021M_112020,CATOMA_25092021M_112020,1,525552580505,carlos.torres.000131@gmail.com,2025-01-14
CNT_VAROPE_10092008F_062022,ADM_VAROPE_10092008F_062022,VAROPE_10092008F_062022,1,5564318122,valeria.rodriguez.001087@outlook.com,2023-06-18
CNT_DAGAMA_04081955F_052023,ADM_DAGAMA_04081955F_052023,DAGAMA_04081955F_052023,1,5504241378,daniela.garcia.001761@hospitalmail.com,2024-08-25
CNT_FECACA_18031980F_082021,ADM_FECACA_18031980F_082021,FECACA_18031980F_082021,1,525565532577,fernanda.castillo.002103@gmail.com,2023-07-18
CNT_RIRAHE_26072017M_082020,ADM_RIRAHE_26072017M_082020,RIRAHE_26072017M_082020,1,5553469885,ricardo.ramirez.000431@hospitalmail.com,2023-10-23
CNT_RIMASA_23031994M_102021,ADM_RIMASA_23031994M_102021,RIMASA_23031994M_102021,1,5558191,ricardo.martinez.000109@outlook.com,2025-04-02
CNT_RIMACA_11091986M_052022,ADM_RIMACA_11091986M_052022,RIMACA_11091986M_052022,1,5507109243,ricardo.martinez.001261@hospitalmail.com,2024-12-20
CNT_JUPEMA_17021962M_082021,ADM_JUPEMA_17021962M_082021,JUPEMA_17021962M_082021,1,5582264615,juan.perez.001017@gmail.com,2025-06-02
CNT_LUGOFL_20051999M_102020,ADM_LUGOFL_20051999M_102020,LUGOFL_20051999M_102020,1,5577605564,luis.gonzalez.000888@gmail.com,2025-11-30
CNT_LUHERO_30071997M_032023,ADM_LUHERO_30071997M_032023,LUHERO_30071997M_032023,1,5542412197,luis.hernandez.000949@outlook.com,2025-10-12
CNT_DATOSA_25051999M_092020,ADM_DATOSA_25051999M_092020,DATOSA_25051999M_092020,1,5549627175,daniel.torres.001317@gmail.com,2024-07-27
CNT_DALOSA_22011983M_112022,ADM_DALOSA_22011983M_112022,DALOSA_22011983M_112022,1,5596347221,daniel.lopez.001172@hospitalmail.com,2025-04-21
CNT_PARARO_24071994F_062022,ADM_PARARO_24071994F_062022,PARARO_24071994F_062022,1,5563724273,patricia.ramirez.001201@hospitalmail.com,2025-06-03
CNT_LACRHE_30071951F_072023,ADM_LACRHE_30071951F_072023,LACRHE_30071951F_072023,1,5518941228,laura.cruz.001835@hospitalmail.com,2024-09-20
CNT_CAVATO_01112017F_072020,ADM_CAVATO_01112017F_072020,CAVATO_01112017F_072020,1,5531864363,carmen.vargas.000397@outlook.com,2025-11-20
CNT_EDTOCR_19041982M_052023,ADM_EDTOCR_19041982M_052023,EDTOCR_19041982M_052023,1,525564792967,eduardo.torres.001326@gmail.com,2023-05-27
CNT_FEGAHE_27111979M_102021,ADM_FEGAHE_27111979M_102021,FEGAHE_27111979M_102021,1,5541908527,fernando.garcia.000062@mail.com,2023-12-06
CNT_DAHECA_30011961F_022023,ADM_DAHECA_30011961F_022023,DAHECA_30011961F_022023,1,5510862965,daniela.hernandez.001769@mail.com,2024-02-11
CNT_LURAGO_07041982M_072022,ADM_LURAGO_07041982M_072022,LURAGO_07041982M_072022,1,5594626497,luis.ramirez.001484@mail.com,2025-08-09
CNT_GALOTO_25102022F_032023,ADM_GALOTO_25102022F_032023,GALOTO_25102022F_032023,1,5581041608,gabriela.lopez.000478@mail.com,2023-08-13
CNT_MARACR_14021986M_022022,ADM_MARACR_14021986M_022022,MARACR_14021986M_022022,1,5552028321,manuel.ramirez.000491@hospitalmail.com,2025-01-28
CNT_ANGOGO_20081996F_042022,ADM_ANGOGO_20081996F_042022,ANGOGO_20081996F_042022,1,5581111309,ana.gonzalez.000562@mail.com,2025-03-14
CNT_JUTOVA_18121961M_122020,ADM_JUTOVA_18121961M_122020,JUTOVA_18121961M_122020,1,5548362715,juan.torres.002194@hospitalmail.com,2025-12-05
CNT_RIFLHE_04011947M_072020,ADM_RIFLHE_04011947M_072020,RIFLHE_04011947M_072020,1,525592619913,ricardo.flores.000370@outlook.com,2023-11-15
CNT_LURAVA_17041969M_082023,ADM_LURAVA_17041969M_082023,LURAVA_17041969M_082023,1,5594785812,luis.ramirez.002136@mail.com,2023-12-19
CNT_LUVASA_24091942F_032023,ADM_LUVASA_24091942F_032023,LUVASA_24091942F_032023,1,5587773359,,2023-04-16
CNT_LUCACR_28101961F_082023,ADM_LUCACR_28101961F_082023,LUCACR_28101961F_082023,1,5563682277,lucia.castillo.000540@gmail.com,2025-10-17
CNT_VACARA_27081962F_052023,ADM_VACARA_27081962F_052023,VACARA_27081962F_052023,1,5569111728,valeria.castillo.000088@gmail.com,2025-09-18
CNT_LAVAGA_22121991F_022023,ADM_LAVAGA_22121991F_022023,LAVAGA_22121991F_022023,1,5554278664,laura.vargas.001978@outlook.com,2024-07-27
CNT_LUMACA_16071943F_082023,ADM_LUMACA_16071943F_082023,LUMACA_16071943F_082023,1,55735027,lucia.martinez.001531@hospitalmail.com,2024-04-16
CNT_DAGAGO_22041973M_102022,ADM_DAGAGO_22041973M_102022,DAGAGO_22041973M_102022,1,525522315184,daniel.garcia.000690@mail.com,2024-04-14
CNT_ALLOCA_02071992M_032021,ADM_ALLOCA_02071992M_032021,ALLOCA_02071992M_032021,1,525578996477,alejandro.lopez.000718@hospitalmail.com,2024-03-01
CNT_ANMARO_06051963F_032020,ADM_ANMARO_06051963F_032020,ANMARO_06051963F_032020,1,525552771912,ana.martinez.000233@gmail.com,2024-10-20
CNT_LUFLVA_17032005M_092023,ADM_LUFLVA_17032005M_092023,LUFLVA_17032005M_092023,1,5597326852,luis.flores.000164@mail.com,2024-03-22
CNT_ALMARA_18031975M_062022,ADM_ALMARA_18031975M_062022,ALMARA_18031975M_062022,1,5555447380,alejandro.martinez.000052@hospitalmail.com,2024-12-15
CNT_JUGOTO_17122019M_012023,ADM_JUGOTO_17122019M_012023,JUGOTO_17122019M_012023,1,525569034284,juan.gonzalez.000486@hospitalmail.com,2025-02-09
CNT_ELLOLO_17102009F_122020,ADM_ELLOLO_17102009F_122020,ELLOLO_17102009F_122020,1,5570810617,elena.lopez.001020@mail.com,2024-02-17
CNT_LUCRTO_26101988F_102020,ADM_LUCRTO_26101988F_102020,LUCRTO_26101988F_102020,1,5564054966,lucia.cruz.002092@outlook.com,2025-04-29
CNT_JORAGA_04122000M_042023,ADM_JORAGA_04122000M_042023,JORAGA_04122000M_042023,1,5515456151,jorge.ramirez.002207@mail.com,2025-04-21
CNT_EDTOCR_15091968M_032023,ADM_EDTOCR_15091968M_032023,EDTOCR_15091968M_032023,1,525581558062,eduardo.torres.001891@gmail.com,2024-06-02
CNT_CAROGO_20061969F_092020,ADM_CAROGO_20061969F_092020,CAROGO_20061969F_092020,1,5502419779,carmen.rodriguez.001031@outlook.com,2024-06-24
CNT_LARAGO_15012006F_112021,ADM_LARAGO_15012006F_112021,LARAGO_15012006F_112021,1,5567241558,laura.ramirez.001828@mail.com,2024-04-11
CNT_CAFLHE_12091989M_102023,ADM_CAFLHE_12091989M_102023,CAFLHE_12091989M_102023,1,5559097713,carlos.flores.000776@outlook.com,2025-07-18
CNT_VASAHE_14051968F_072021,ADM_VASAHE_14051968F_072021,VASAHE_14051968F_072021,1,525545700417,valeria.sanchez.001729@mail.com,2025-01-16
CNT_PAMAMA_20031998F_102020,ADM_PAMAMA_20031998F_102020,PAMAMA_20031998F_102020,1,525531268244,patricia.martinez.000182@hospitalmail.com,2025-04-17
CNT_GAFLFL_28111996F_112020,ADM_GAFLFL_28111996F_112020,GAFLFL_28111996F_112020,1,5520948147,gabriela.flores.001505@hospitalmail.com,2025-06-12
CNT_JUPECR_02091997M_012022,ADM_JUPECR_02091997M_012022,JUPECR_02091997M_012022,1,5573807271,juan.perez.001041@mail.com,2024-01-09
CNT_MATOVA_13121989M_032023,ADM_MATOVA_13121989M_032023,MATOVA_13121989M_032023,1,5581977146,manuel.torres.000357@mail.com,2024-05-26
CNT_LUROPE_10032005F_102022,ADM_LUROPE_10032005F_102022,LUROPE_10032005F_102022,1,5535250016,lucia.rodriguez.000091@hospitalmail.com,2024-06-03
CNT_LUGARA_14081977M_082021,ADM_LUGARA_14081977M_082021,LUGARA_14081977M_082021,1,551922878,luis.garcia.000498@gmail.com,2025-09-19
CNT_ALROGO_16022004M_042021,ADM_ALROGO_16022004M_042021,ALROGO_16022004M_042021,1,5519549759,alejandro.rodriguez.000871@hospitalmail.com,2025-02-21
CNT_MASAMA_12031999M_112020,ADM_MASAMA_12031999M_112020,MASAMA_12031999M_112020,1,5551061637,manuel.sanchez.002237@gmail.com,2024-06-19
CNT_MIGARO_24112003M_072020,ADM_MIGARO_24112003M_072020,MIGARO_24112003M_072020,1,5575590829,miguel.garcia.002052@outlook.com,2023-09-14
CNT_VACRCA_19041975F_042022,ADM_VACRCA_19041975F_042022,VACRCA_19041975F_042022,1,5539626643,valeria.cruz.001097@mail.com,2025-10-22
CNT_CACARA_14062023F_032022,ADM_CACARA_14062023F_032022,CACARA_14062023F_032022,1,525511526304,carmen.castillo.000176@mail.com,2024-08-06
CNT_DAFLCA_26051984F_082022,ADM_DAFLCA_26051984F_082022,DAFLCA_26051984F_082022,1,5571803318,daniela.flores.001852@mail.com,2025-07-24
CNT_PACAMA_29092003F_082022,ADM_PACAMA_29092003F_082022,PACAMA_29092003F_082022,1,5583398212,patricia.castillo.002169@gmail.com,2024-12-01
CNT_GAROFL_24101991F_102020,ADM_GAROFL_24101991F_102020,GAROFL_24101991F_102020,1,5577998181,gabriela.rodriguez.001062@mail.com,2025-12-15
CNT_LUFLSA_15072004F_112021,ADM_LUFLSA_15072004F_112021,LUFLSA_15072004F_112021,1,5534222106,lucia.flores.001492@hospitalmail.com,2025-09-17
CNT_MICAPE_11121980M_052023,ADM_MICAPE_11121980M_052023,MICAPE_11121980M_052023,1,5554803037,miguel.castillo.001396@outlook.com,2023-05-31
CNT_LUTOTO_19111965M_122023,ADM_LUTOTO_19111965M_122023,LUTOTO_19111965M_122023,1,5502174488,luis.torres.001365@hospitalmail.com,2025-08-25
CNT_PAGAPE_09071984F_102021,ADM_PAGAPE_09071984F_102021,PAGAPE_09071984F_102021,1,5588677326,patricia.garcia.002106@gmail.com,2024-05-31
CNT_MASARO_02031977F_032021,ADM_MASARO_02031977F_032021,MASARO_02031977F_032021,1,5570584811,maria.sanchez.000411@mail.com,2024-12-29
CNT_VARAVA_28101994F_042022,ADM_VARAVA_28101994F_042022,VARAVA_28101994F_042022,1,525559526713,valeria.ramirez.001366@hospitalmail.com,2025-06-27
CNT_MAFLRA_18071967M_062022,ADM_MAFLRA_18071967M_062022,MAFLRA_18071967M_062022,1,5563813038,manuel.flores.000641@mail.com,2023-03-31
CNT_JUTOGO_09011971M_062023,ADM_JUTOGO_09011971M_062023,JUTOGO_09011971M_062023,1,5517552165,juan.torres.002076@mail.com,2025-12-05
CNT_RIMAFL_04071967M_042021,ADM_RIMAFL_04071967M_042021,RIMAFL_04071967M_042021,1,5575365060,ricardo.martinez.002246@gmail.com,2023-02-20
CNT_MICRRA_28081986M_062022,ADM_MICRRA_28081986M_062022,MICRRA_28081986M_062022,1,5576978558,miguel.cruz.000816@mail.com,2023-09-19
CNT_RITOLO_29041954M_092021,ADM_RITOLO_29041954M_092021,RITOLO_29041954M_092021,1,5583745910,ricardo.torres.001151@outlook.com,2024-08-23
CNT_MASACR_27061990M_062023,ADM_MASACR_27061990M_062023,MASACR_27061990M_062023,1,5597181815,manuel.sanchez.000706@gmail.com,2024-06-22
CNT_MACRRO_11031993F_092023,ADM_MACRRO_11031993F_092023,MACRRO_11031993F_092023,1,5500580302,maria.cruz.000244@outlook.com,2024-09-04
CNT_MATORA_17071975F_062021,ADM_MATORA_17071975F_062021,MATORA_17071975F_062021,1,5582494699,maria.torres.000458@mail.com,2025-11-27
CNT_EDPEMA_21102001M_092020,ADM_EDPEMA_21102001M_092020,EDPEMA_21102001M_092020,1,5596248725,eduardo.perez.001247@hospitalmail.com,2023-05-26
CNT_DACRSA_18021998F_082020,ADM_DACRSA_18021998F_082020,DACRSA_18021998F_082020,1,525588634987,daniela.cruz.001640@outlook.com,2024-06-29
CNT_ELRORO_23021999F_102022,ADM_ELRORO_23021999F_102022,ELRORO_23021999F_102022,1,525593202673,elena.rodriguez.001689@outlook.com,2025-05-30
CNT_GATOMA_10021954F_022020,ADM_GATOMA_10021954F_022020,GATOMA_10021954F_022020,1,5505140863,gabriela.torres.001785@hospitalmail.com,2023-07-24
CNT_PATOGO_26042001F_022020,ADM_PATOGO_26042001F_022020,PATOGO_26042001F_022020,1,556153163,patricia.torres.001903@gmail.com,2025-12-23
CNT_MAGOTO_04101997M_062022,ADM_MAGOTO_04101997M_062022,MAGOTO_04101997M_062022,1,5538126090,manuel.gonzalez.001376@hospitalmail.com,2024-03-16
CNT_MITOCA_26051991M_062020,ADM_MITOCA_26051991M_062020,MITOCA_26051991M_062020,1,5589638135,miguel.torres.001881@hospitalmail.com,2025-04-08
CNT_DAGATO_00000000M_022022,ADM_DAGATO_00000000M_022022,DAGATO_00000000M_022022,1,5556147096,daniel.garcia.000881@outlook.com,2025-07-25
CNT_PAGAGA_01021970F_052022,ADM_PAGAGA_01021970F_052022,PAGAGA_01021970F_052022,1,525575956366,patricia.garcia.001913@hospitalmail.com,2024-07-06
CNT_MAVAGA_10091954F_012020,ADM_MAVAGA_10091954F_012020,MAVAGA_10091954F_012020,1,5552675525,maria.vargas.001718@outlook.com,2024-10-02
CNT_JOMALO_13071977M_012023,ADM_JOMALO_13071977M_012023,JOMALO_13071977M_012023,1,5525424416,jorge.martinez.001093@mail.com,2024-12-01
CNT_SOLORA_22041988F_012022,ADM_SOLORA_22041988F_012022,SOLORA_22041988F_012022,1,525547647037,sofia.lopez.000926@hospitalmail.com,2025-02-27
CNT_MAFLCA_19051973M_102022,ADM_MAFLCA_19051973M_102022,MAFLCA_19051973M_102022,1,5512723243,manuel.flores.000513@mail.com,2025-06-08
CNT_JOPECA_21041968M_062022,ADM_JOPECA_21041968M_062022,JOPECA_21041968M_062022,1,5529140840,jorge.perez.000882@gmail.com,2025-09-15
CNT_CACAGO_27061966F_042021,ADM_CACAGO_27061966F_042021,CACAGO_27061966F_042021,1,525523800099,carmen.castillo.000181@gmail.com,2025-01-20
CNT_FEGATO_06091979M_022023,ADM_FEGATO_06091979M_022023,FEGATO_06091979M_022023,1,5523303551,fernando.garcia.000180@mail.com,2025-08-01
CNT_LUGOVA_14081991F_032023,ADM_LUGOVA_14081991F_032023,LUGOVA_14081991F_032023,1,5540695502,lucia.gonzalez.000253@gmail.com,2024-07-28
CNT_FESAFL_09012004M_012021,ADM_FESAFL_09012004M_012021,FESAFL_09012004M_012021,1,5555390516,fernando.sanchez.001134@gmail.com,2024-06-06
CNT_ALGOPE_08122010M_062022,ADM_ALGOPE_08122010M_062022,ALGOPE_08122010M_062022,1,525525965303,alejandro.gonzalez.001260@hospitalmail.com,2024-03-26
CNT_ELVAFL_03081979F_112023,ADM_ELVAFL_03081979F_112023,ELVAFL_03081979F_112023,1,525592038648,elena.vargas.000097@hospitalmail.com,2023-11-12
CNT_LARAFL_24101999F_052021,ADM_LARAFL_24101999F_052021,LARAFL_24101999F_052021,1,55040742,laura.ramirez.000868@gmail.com,2025-10-09
CNT_ANHESA_26042014F_012022,ADM_ANHESA_26042014F_012022,ANHESA_26042014F_012022,1,5587629195,ana.hernandez.001774@mail.com,2025-12-20
CNT_VACRGA_01021956F_062021,ADM_VACRGA_01021956F_062021,VACRGA_01021956F_062021,1,5580524812,valeria.cruz.001292@mail.com,2024-07-20
CNT_GAGACR_22051978F_042023,ADM_GAGACR_22051978F_042023,GAGACR_22051978F_042023,1,5554981286,gabriela.garcia.001887@mail.com,2023-08-14
CNT_MIROGO_12041962M_032023,ADM_MIROGO_12041962M_032023,MIROGO_12041962M_032023,1,5573960451,miguel.rodriguez.001468@mail.com,2025-11-09
CNT_LUCASA_01052005M_022023,ADM_LUCASA_01052005M_022023,LUCASA_01052005M_022023,1,5567042036,luis.castillo.001746@outlook.com,2024-06-03
CNT_SOVACR_21121979F_092022,ADM_SOVACR_21121979F_092022,SOVACR_21121979F_092022,1,525500583402,sofia.vargas.001617@gmail.com,2025-09-01
CNT_DAPEPE_14032011M_042021,ADM_DAPEPE_14032011M_042021,DAPEPE_14032011M_042021,1,5592516410,daniel.perez.002193@outlook.com,2025-03-16
CNT_LUHEPE_10111953F_012022,ADM_LUHEPE_10111953F_012022,LUHEPE_10111953F_012022,1,5572968477,lucia.hernandez.001445@mail.com,2025-08-27
CNT_MASACA_24062005M_052023,ADM_MASACA_24062005M_052023,MASACA_24062005M_052023,1,5551901249,manuel.sanchez.002134@mail.com,2025-01-03
CNT_DAHELO_08021940M_032021,ADM_DAHELO_08021940M_032021,DAHELO_08021940M_032021,1,551327831,daniel.hernandez.000077@outlook.com,2025-11-26
CNT_CACAVA_07061958M_122020,ADM_CACAVA_07061958M_122020,CACAVA_07061958M_122020,1,5516341386,carlos.castillo.000158@outlook.com,2024-07-19
CNT_CAFLRO_17061988F_032022,ADM_CAFLRO_17061988F_032022,CAFLRO_17061988F_032022,1,5543120863,carmen.flores.001786@hospitalmail.com,2025-06-27
CNT_DACAGA_13032000F_092022,ADM_DACAGA_13032000F_092022,DACAGA_13032000F_092022,1,5522820608,daniela.castillo.001923@hospitalmail.com,2025-08-08
CNT_RICRCR_05102012M_012020,ADM_RICRCR_05102012M_012020,RICRCR_05102012M_012020,1,525512227334,ricardo.cruz.000178@gmail.com,2025-08-23
CNT_PAGOHE_11041976F_122020,ADM_PAGOHE_11041976F_122020,PAGOHE_11041976F_122020,1,5536806458,patricia.gonzalez.001753@outlook.com,2025-10-23
CNT_LUHECR_22101988M_022020,ADM_LUHECR_22101988M_022020,LUHECR_22101988M_022020,1,555912183,luis.hernandez.002085@outlook.com,2024-07-30
CNT_DAROVA_28011961F_072023,ADM_DAROVA_28011961F_072023,DAROVA_28011961F_072023,1,55535780,daniela.rodriguez.001233@mail.com,2024-04-30
CNT_ALFLCR_20092003M_042021,ADM_ALFLCR_20092003M_042021,ALFLCR_20092003M_042021,1,5550153118,alejandro.flores.001981@hospitalmail.com,2023-04-08
CNT_CAGARO_28051987M_052023,ADM_CAGARO_28051987M_052023,CAGARO_28051987M_052023,1,5592347933,carlos.garcia.002117@mail.com,2025-08-05
CNT_LUGOTO_04021942M_012021,ADM_LUGOTO_04021942M_012021,LUGOTO_04021942M_012021,1,525598552445,luis.gonzalez.001965@gmail.com,2025-03-13
CNT_FEGALO_17011975F_122021,ADM_FEGALO_17011975F_122021,FEGALO_17011975F_122021,1,5507401871,fernanda.garcia.001598@gmail.com,2025-10-06
CNT_EDMAGO_17111990M_112021,ADM_EDMAGO_17111990M_112021,EDMAGO_17111990M_112021,1,5534303821,eduardo.martinez.002242@hospitalmail.com,2025-07-17
CNT_VAMARO_19082015F_072022,ADM_VAMARO_19082015F_072022,VAMARO_19082015F_072022,1,5592087382,valeria.martinez.000821@outlook.com,2025-01-17
CNT_VAMAHE_30111944F_082021,ADM_VAMAHE_30111944F_082021,VAMAHE_30111944F_082021,1,525534755464,valeria.martinez.000765@gmail.com,2025-06-10
CNT_GALOGO_21101961F_062023,ADM_GALOGO_21101961F_062023,GALOGO_21101961F_062023,1,525588797460,gabriela.lopez.000574@mail.com,2025-06-23
CNT_ALRATO_06102008M_052022,ADM_ALRATO_06102008M_052022,ALRATO_06102008M_052022,1,5595114040,alejandro.ramirez.000270@hospitalmail.com,2025-07-30
CNT_LAVATO_01011939F_032023,ADM_LAVATO_01011939F_032023,LAVATO_01011939F_032023,1,5564225779,laura.vargas.001604@gmail.com,2025-08-18
CNT_RILOCA_02091961M_072023,ADM_RILOCA_02091961M_072023,RILOCA_02091961M_072023,1,5583840582,ricardo.lopez.000247@outlook.com,2023-07-02
CNT_DAHEVA_02071999M_072020,ADM_DAHEVA_02071999M_072020,DAHEVA_02071999M_072020,1,5583735988,daniel.hernandez.002171@gmail.com,2025-11-15
CNT_PAGOVA_30101971F_052023,ADM_PAGOVA_30101971F_052023,PAGOVA_30101971F_052023,1,5575430966,patricia.gonzalez.000719@gmail.com,2025-09-11
CNT_EDGOHE_03092024M_072023,ADM_EDGOHE_03092024M_072023,EDGOHE_03092024M_072023,1,525551458797,eduardo.gonzalez.001491@outlook.com,2025-06-27
CNT_JUROCA_09091963M_092022,ADM_JUROCA_09091963M_092022,JUROCA_09091963M_092022,1,5580569479,juan.rodriguez.001589@mail.com,2025-02-26
CNT_JORAMA_08011985M_082020,ADM_JORAMA_08011985M_082020,JORAMA_08011985M_082020,1,525510577324,jose.ramirez.001423@outlook.com,2025-11-02
CNT_DAFLSA_29121992M_092020,ADM_DAFLSA_29121992M_092020,DAFLSA_29121992M_092020,1,5518927179,daniel.flores.000002@outlook.com,2024-11-04
CNT_CAVARA_19091998F_052023,ADM_CAVARA_19091998F_052023,CAVARA_19091998F_052023,1,5551602293,carmen.vargas.001300@gmail.com,2023-05-01
CNT_FEGOGO_07081942F_032020,ADM_FEGOGO_07081942F_032020,FEGOGO_07081942F_032020,1,5590463677,fernanda.gonzalez.001149@hospitalmail.com,2024-07-19
CNT_DAROMA_13032023M_012020,ADM_DAROMA_13032023M_012020,DAROMA_13032023M_012020,1,525561813903,daniel.rodriguez.001883@hospitalmail.com,2025-03-15
CNT_CAMACR_26101979F_032023,ADM_CAMACR_26101979F_032023,CAMACR_26101979F_032023,1,5539401005,carmen.martinez.001435@outlook.com,2025-10-10
CNT_RITORA_03081997M_052021,ADM_RITORA_03081997M_052021,RITORA_03081997M_052021,1,5522286,ricardo.torres.000335@hospitalmail.com,2023-11-20
CNT_LAPERA_28102018F_012022,ADM_LAPERA_28102018F_012022,LAPERA_28102018F_012022,1,525579230016,laura.perez.002110@gmail.com,2024-04-12
CNT_EDGAVA_19051968M_012023,ADM_EDGAVA_19051968M_012023,EDGAVA_19051968M_012023,1,525557143077,eduardo.garcia.000897@hospitalmail.com,2023-01-21
CNT_RICARO_26101961M_042023,ADM_RICARO_26101961M_042023,RICARO_26101961M_042023,1,5556632354,ricardo.castillo.000377@gmail.com,2025-10-19
CNT_PAGOLO_29081947F_062023,ADM_PAGOLO_29081947F_062023,PAGOLO_29081947F_062023,1,525558044499,patricia.gonzalez.000945@outlook.com,2023-06-06
CNT_CAROMA_12062013F_072022,ADM_CAROMA_12062013F_072022,CAROMA_12062013F_072022,1,5572641229,carmen.rodriguez.000242@outlook.com,2023-12-31
CNT_MIFLRO_12031972M_022023,ADM_MIFLRO_12031972M_022023,MIFLRO_12031972M_022023,1,5595218081,miguel.flores.000092@hospitalmail.com,2025-08-26
CNT_LAGOCA_05121985F_042020,ADM_LAGOCA_05121985F_042020,LAGOCA_05121985F_042020,1,5536444513,laura.gonzalez.000254@hospitalmail.com,2025-02-02
CNT_VACRTO_27091979F_022023,ADM_VACRTO_27091979F_022023,VACRTO_27091979F_022023,1,5547845574,valeria.cruz.000494@gmail.com,2025-08-01
CNT_LUTOCR_28011986M_042020,ADM_LUTOCR_28011986M_042020,LUTOCR_28011986M_042020,1,5589457553,luis.torres.000937@outlook.com,2025-11-09
CNT_EDVAGO_26111968M_022023,ADM_EDVAGO_26111968M_022023,EDVAGO_26111968M_022023,1,5562266943,eduardo.vargas.001994@mail.com,2023-12-30
CNT_LACAPE_09051972F_082020,ADM_LACAPE_09051972F_082020,LACAPE_09051972F_082020,1,5527230407,,2023-09-20
CNT_JUTOTO_07012016M_122022,ADM_JUTOTO_07012016M_122022,JUTOTO_07012016M_122022,1,525512030733,juan.torres.001847@hospitalmail.com,2024-04-09
CNT_CACAPE_24041986M_102023,ADM_CACAPE_24041986M_102023,CACAPE_24041986M_102023,1,5528891906,,2023-10-19
CNT_MAMASA_25071998M_072023,ADM_MAMASA_25071998M_072023,MAMASA_25071998M_072023,1,5591968392,manuel.martinez.002176@gmail.com,2025-12-11
CNT_GASAGA_02012003F_122021,ADM_GASAGA_02012003F_122021,GASAGA_02012003F_122021,1,525597973552,,2023-05-28
CNT_DAPECA_12012012M_032023,ADM_DAPECA_12012012M_032023,DAPECA_12012012M_032023,1,5583387472,daniel.perez.000175@gmail.com,2025-12-27
CNT_MAGASA_08111999F_042020,ADM_MAGASA_08111999F_042020,MAGASA_08111999F_042020,1,5505442307,maria.garcia.001936@mail.com,2025-12-18
CNT_LUFLRO_01062010F_112021,ADM_LUFLRO_01062010F_112021,LUFLRO_01062010F_112021,1,525516404613,lucia.flores.002040@mail.com,2024-04-02
CNT_MIRATO_12011935M_052020,ADM_MIRATO_12011935M_052020,MIRATO_12011935M_052020,1,557305187,miguel.ramirez.000340@mail.com,2024-03-02
CNT_LAHEGO_13101987F_012023,ADM_LAHEGO_13101987F_012023,LAHEGO_13101987F_012023,1,5513324125,laura.hernandez.001115@mail.com,2024-06-30
CNT_CARACA_17011989M_092023,ADM_CARACA_17011989M_092023,CARACA_17011989M_092023,1,525581851337,carlos.ramirez.000027@gmail.com,2025-12-16
CNT_FEGOHE_27051968F_052022,ADM_FEGOHE_27051968F_052022,FEGOHE_27051968F_052022,1,5516330853,fernanda.gonzalez.000316@mail.com,2023-07-01
CNT_RICAFL_29032016M_062021,ADM_RICAFL_29032016M_062021,RICAFL_29032016M_062021,1,5575678431,ricardo.castillo.001578@outlook.com,2025-07-25
CNT_MIGOLO_27101987M_042022,ADM_MIGOLO_27101987M_042022,MIGOLO_27101987M_042022,1,5526737346,miguel.gonzalez.001387@outlook.com,2025-08-24
CNT_EDROFL_02061976M_082020,ADM_EDROFL_02061976M_082020,EDROFL_02061976M_082020,1,5527626114,eduardo.rodriguez.000917@outlook.com,2025-01-20
CNT_EXLOMA_27011999M_082021,ADM_EXLOMA_27011999M_082021,EXLOMA_27011999M_082021,1,5523965182,eduardo.lopez.001727@hospitalmail.com,2023-06-15
CNT_CAVACR_25111998M_072022,ADM_CAVACR_25111998M_072022,CAVACR_25111998M_072022,1,5562940683,carlos.vargas.000172@hospitalmail.com,2025-08-14
CNT_LAGOPE_02091944F_012023,ADM_LAGOPE_02091944F_012023,LAGOPE_02091944F_012023,1,5568805229,laura.gonzalez.000038@gmail.com,2023-01-08
CNT_MICRSA_03061973M_062021,ADM_MICRSA_03061973M_062021,MICRSA_03061973M_062021,1,5597951247,miguel.cruz.000064@outlook.com,2023-03-07
CNT_ELTOHE_13071973F_112022,ADM_ELTOHE_13071973F_112022,ELTOHE_13071973F_112022,1,5552803622,elena.torres.001680@outlook.com,2023-03-28
CNT_CAFLMA_23111970M_012023,ADM_CAFLMA_23111970M_012023,CAFLMA_23111970M_012023,1,525527675209,carlos.flores.001650@hospitalmail.com,2023-03-26
CNT_ALRAGO_18082016M_112021,ADM_ALRAGO_18082016M_112021,ALRAGO_18082016M_112021,1,5553043008,alejandro.ramirez.000289@gmail.com,2025-12-22
CNT_RXRARA_27051993M_122020,ADM_RXRARA_27051993M_122020,RXRARA_27051993M_122020,1,5561985671,ricardo.ramirez.000122@gmail.com,2023-05-29
CNT_LURASA_29071995M_102023,ADM_LURASA_29071995M_102023,LURASA_29071995M_102023,1,525542789770,luis.ramirez.000803@gmail.com,2025-08-21
CNT_LULOLO_16102022M_042021,ADM_LULOLO_16102022M_042021,LULOLO_16102022M_042021,1,5537474147,luis.lopez.001812@hospitalmail.com,2025-08-29
CNT_PARASA_12071947F_052021,ADM_PARASA_12071947F_052021,PARASA_12071947F_052021,1,5588613851,patricia.ramirez.001586@hospitalmail.com,2024-11-16
CNT_LAGAVA_13072004F_042022,ADM_LAGAVA_13072004F_042022,LAGAVA_13072004F_042022,1,5566368862,laura.garcia.001628@outlook.com,2024-10-19
CNT_JUGARO_22071978M_092023,ADM_JUGARO_22071978M_092023,JUGARO_22071978M_092023,1,5560552901,juan.garcia.000196@outlook.com,2023-09-28
CNT_CALOGA_22022000M_072021,ADM_CALOGA_22022000M_072021,CALOGA_22022000M_072021,1,5555654841,carlos.lopez.002069@gmail.com,2025-04-26
CNT_ALRACR_19072000M_092023,ADM_ALRACR_19072000M_092023,ALRACR_19072000M_092023,1,5588711439,alejandro.ramirez.000892@hospitalmail.com,2025-01-29
CNT_LUROHE_22101966F_042023,ADM_LUROHE_22101966F_042023,LUROHE_22101966F_042023,1,5537230325,lucia.rodriguez.000760@hospitalmail.com,2024-12-11
CNT_EDGAVA_09101949M_062020,ADM_EDGAVA_09101949M_062020,EDGAVA_09101949M_062020,1,5523481938,eduardo.garcia.000291@hospitalmail.com,2023-10-19
CNT_FECACA_06041983F_072021,ADM_FECACA_06041983F_072021,FECACA_06041983F_072021,1,5519780,fernanda.castillo.001099@outlook.com,2024-09-22
CNT_PASAGO_02072002F_092023,ADM_PASAGO_02072002F_092023,PASAGO_02072002F_092023,1,,patricia.sanchez.000875@mail.com,2023-10-10
CNT_LUFLGO_26121983M_092022,ADM_LUFLGO_26121983M_092022,LUFLGO_26121983M_092022,1,525543133831,luis.flores.002197@hospitalmail.com,2025-10-25
CNT_VAPEMA_20012004F_062023,ADM_VAPEMA_20012004F_062023,VAPEMA_20012004F_062023,1,5545855740,valeria.perez.000325@outlook.com,2025-11-09
CNT_JOCRRA_17091976M_042022,ADM_JOCRRA_17091976M_042022,JOCRRA_17091976M_042022,1,5517790614,jose.cruz.000910@outlook.com,2024-09-05
CNT_RIRATO_06101960M_082023,ADM_RIRATO_06101960M_082023,RIRATO_06101960M_082023,1,525541065363,ricardo.ramirez.000368@mail.com,2025-11-28
CNT_ALCARO_28101973M_012021,ADM_ALCARO_28101973M_012021,ALCARO_28101973M_012021,1,525511261712,alejandro.castillo.000512@gmail.com,2023-07-28
CNT_MAPEHE_02061941F_032020,ADM_MAPEHE_02061941F_032020,MAPEHE_02061941F_032020,1,525563439421,maria.perez.001551@hospitalmail.com,2025-02-09
CNT_JUHEGA_10071940M_112021,ADM_JUHEGA_10071940M_112021,JUHEGA_10071940M_112021,1,5551091196,juan.hernandez.001268@hospitalmail.com,2025-11-03
CNT_GACALO_24011940F_052023,ADM_GACALO_24011940F_052023,GACALO_24011940F_052023,1,525551487808,gabriela.castillo.001651@gmail.com,2025-01-22
CNT_MACATO_04061963F_102023,ADM_MACATO_04061963F_102023,MACATO_04061963F_102023,1,5577798087,maria.castillo.001016@mail.com,2023-03-29
CNT_LUPEMA_24072009F_122022,ADM_LUPEMA_24072009F_122022,LUPEMA_24072009F_122022,1,525522745551,lucia.perez.001297@outlook.com,2024-01-01
CNT_CAGOVA_06071968F_022021,ADM_CAGOVA_06071968F_022021,CAGOVA_06071968F_022021,1,5503496721,carmen.gonzalez.001036@outlook.com,2025-08-09
CNT_LUMATO_22021948M_112023,ADM_LUMATO_22021948M_112023,LUMATO_22021948M_112023,1,5581777074,luis.martinez.000549@hospitalmail.com,2025-03-27
CNT_ELROVA_08022007F_122023,ADM_ELROVA_08022007F_122023,ELROVA_08022007F_122023,1,5575967550,elena.rodriguez.001088@outlook.com,2025-08-26
CNT_DAPEHE_28121961M_122023,ADM_DAPEHE_28121961M_122023,DAPEHE_28121961M_122023,1,5574942479,daniel.perez.001996@gmail.com,2023-12-02
CNT_FECRRO_29071972M_012020,ADM_FECRRO_29071972M_012020,FECRRO_29071972M_012020,1,5533163296,fernando.cruz.000613@gmail.com,2025-09-30
CNT_SOTOGO_28081991F_112022,ADM_SOTOGO_28081991F_112022,SOTOGO_28081991F_112022,1,5506613871,sofia.torres.000053@mail.com,2025-03-09
CNT_DAHECA_04092005F_012023,ADM_DAHECA_04092005F_012023,DAHECA_04092005F_012023,1,5597042210,daniela.hernandez.000923@hospitalmail.com,2024-08-20
CNT_FEFLLO_25081972F_082022,ADM_FEFLLO_25081972F_082022,FEFLLO_25081972F_082022,1,5579878392,fernanda.flores.000127@mail.com,2025-01-05
CNT_DAPEHE_23061960F_042023,ADM_DAPEHE_23061960F_042023,DAPEHE_23061960F_042023,1,525524357343,daniela.perez.001912@gmail.com,2025-10-25
CNT_LUMASA_09121996F_112023,ADM_LUMASA_09121996F_112023,LUMASA_09121996F_112023,1,5598872244,lucia.martinez.001308@gmail.com,2025-04-22
CNT_EDGACR_03081984M_042023,ADM_EDGACR_03081984M_042023,EDGACR_03081984M_042023,1,525590938501,eduardo.garcia.001125@mail.com,2025-01-19
CNT_LUMACR_08061940F_072021,ADM_LUMACR_08061940F_072021,LUMACR_08061940F_072021,1,5545311256,lucia.martinez.001204@outlook.com,2023-01-24
CNT_RIGOGO_25082010M_012023,ADM_RIGOGO_25082010M_012023,RIGOGO_25082010M_012023,1,558130827,ricardo.gonzalez.000324@hospitalmail.com,2025-11-29
CNT_LUROPE_02041939M_062022,ADM_LUROPE_02041939M_062022,LUROPE_02041939M_062022,1,5542392123,,2023-11-09
CNT_LUFLRO_26011977F_102023,ADM_LUFLRO_26011977F_102023,LUFLRO_26011977F_102023,1,5578623600,lucia.flores.000419@outlook.com,2024-07-29
CNT_ELHEGO_18121966F_122020,ADM_ELHEGO_18121966F_122020,ELHEGO_18121966F_122020,1,5523044102,elena.hernandez.000544@hospitalmail.com,2025-06-11
CNT_ALCACR_19121998M_122022,ADM_ALCACR_19121998M_122022,ALCACR_19121998M_122022,1,5509815183,alejandro.castillo.000080@mail.com,2025-02-08
CNT_JOTOPE_05022023M_052023,ADM_JOTOPE_05022023M_052023,JOTOPE_05022023M_052023,1,5583234524,jorge.torres.000418@gmail.com,2023-05-08
CNT_RICAGO_13121992M_082023,ADM_RICAGO_13121992M_082023,RICAGO_13121992M_082023,1,5538726466,ricardo.castillo.000346@outlook.com,2024-09-23
CNT_MAVAPE_13031972F_082023,ADM_MAVAPE_13031972F_082023,MAVAPE_13031972F_082023,1,525592652263,maria.vargas.001394@hospitalmail.com,2023-08-02
CNT_LALOSA_01011994F_122022,ADM_LALOSA_01011994F_122022,LALOSA_01011994F_122022,1,5510829831,laura.lopez.001171@mail.com,2025-10-20
CNT_ALGAFL_26081960M_012020,ADM_ALGAFL_26081960M_012020,ALGAFL_26081960M_012020,1,5586350923,alejandro.garcia.000822@gmail.com,2025-03-06
CNT_MAMACA_27101995F_052022,ADM_MAMACA_27101995F_052022,MAMACA_27101995F_052022,1,55260296,maria.martinez.001030@outlook.com,2025-07-01
CNT_ALPERA_08122013M_042020,ADM_ALPERA_08122013M_042020,ALPERA_08122013M_042020,1,5521946373,alejandro.perez.000078@outlook.com,2023-07-31
CNT_DAFLVA_07101996F_072023,ADM_DAFLVA_07101996F_072023,DAFLVA_07101996F_072023,1,5525310305,daniela.flores.000021@mail.com,2025-06-09
CNT_FESAXX_06051981M_092023,ADM_FESAXX_06051981M_092023,FESAXX_06051981M_092023,1,525591587413,fernando.sanchez.001007@gmail.com,2025-09-30
CNT_CAPERA_06121988M_062023,ADM_CAPERA_06121988M_062023,CAPERA_06121988M_062023,1,5565277905,carlos.perez.000257@gmail.com,2023-06-09
CNT_SOFLPE_27061986F_032023,ADM_SOFLPE_27061986F_032023,SOFLPE_27061986F_032023,1,5571986914,sofia.flores.001202@outlook.com,2025-07-05
CNT_FEHEGA_05091983M_082023,ADM_FEHEGA_05091983M_082023,FEHEGA_05091983M_082023,1,5579255265,fernando.hernandez.001858@hospitalmail.com,2024-05-27
CNT_MATOMA_13012010F_042020,ADM_MATOMA_13012010F_042020,MATOMA_13012010F_042020,1,5537832770,maria.torres.000120@hospitalmail.com,2024-05-27
CNT_DAFLLO_01021947M_012021,ADM_DAFLLO_01021947M_012021,DAFLLO_01021947M_012021,1,5591734070,daniel.flores.000126@hospitalmail.com,2024-10-18
CNT_FECRFL_27062010M_032021,ADM_FECRFL_27062010M_032021,FECRFL_27062010M_032021,1,5519944144,fernando.cruz.001177@outlook.com,2025-10-27
CNT_LUFLRA_02081996M_042020,ADM_LUFLRA_02081996M_042020,LUFLRA_02081996M_042020,1,5549919501,luis.flores.000483@hospitalmail.com,2024-08-19
CNT_FESALO_22061997M_102023,ADM_FESALO_22061997M_102023,FESALO_22061997M_102023,1,525531795890,fernando.sanchez.000663@outlook.com,2025-01-16
CNT_MACAPE_16041949F_112020,ADM_MACAPE_16041949F_112020,MACAPE_16041949F_112020,1,525569146756,maria.castillo.000587@hospitalmail.com,2025-04-14
CNT_LUGAVA_11081990M_032020,ADM_LUGAVA_11081990M_032020,LUGAVA_11081990M_032020,1,5500746850,luis.garcia.000238@gmail.com,2025-08-15
CNT_FECRGO_14121993F_102023,ADM_FECRGO_14121993F_102023,FECRGO_14121993F_102023,1,5529364517,fernanda.cruz.001533@outlook.com,2023-10-22
CNT_JOMARA_05081956M_072022,ADM_JOMARA_05081956M_072022,JOMARA_05081956M_072022,1,5532388547,jose.martinez.000981@mail.com,2025-12-29
CNT_MAFLHE_17051989F_112021,ADM_MAFLHE_17051989F_112021,MAFLHE_17051989F_112021,1,525528902294,maria.flores.001091@outlook.com,2024-09-21
CNT_LAVAFL_15021996F_072020,ADM_LAVAFL_15021996F_072020,LAVAFL_15021996F_072020,1,5585616896,laura.vargas.000808@gmail.com,2025-08-10
CNT_DATORO_18021998M_052022,ADM_DATORO_18021998M_052022,DATORO_18021998M_052022,1,5516906727,daniel.torres.000111@outlook.com,2023-11-01
CNT_JOMACA_09051990M_042021,ADM_JOMACA_09051990M_042021,JOMACA_09051990M_042021,1,5549128499,jose.martinez.000177@hospitalmail.com,2025-04-09
CNT_CAROTO_26102005F_082022,ADM_CAROTO_26102005F_082022,CAROTO_26102005F_082022,1,525559793526,carmen.rodriguez.001563@outlook.com,2025-03-25
CNT_MISASA_13091965M_082020,ADM_MISASA_13091965M_082020,MISASA_13091965M_082020,1,5542283984,miguel.sanchez.001352@hospitalmail.com,2024-06-05
CNT_RIMARO_01031968M_082023,ADM_RIMARO_01031968M_082023,RIMARO_01031968M_082023,1,525538548349,ricardo.martinez.001025@mail.com,2023-06-25
CNT_DAROCR_22051981M_012021,ADM_DAROCR_22051981M_012021,DAROCR_22051981M_012021,1,555220761,,2024-11-22
CNT_DATORO_28071962M_102020,ADM_DATORO_28071962M_102020,DATORO_28071962M_102020,1,5594924583,daniel.torres.002079@hospitalmail.com,2025-09-17
CNT_EDTOFL_23062014M_112021,ADM_EDTOFL_23062014M_112021,EDTOFL_23062014M_112021,1,5549318787,eduardo.torres.001627@gmail.com,2025-12-21
CNT_EDHECR_29031987M_032021,ADM_EDHECR_29031987M_032021,EDHECR_29031987M_032021,1,5570270395,eduardo.hernandez.002204@mail.com,2024-10-31
CNT_CARORO_15012003M_042021,ADM_CARORO_15012003M_042021,CARORO_15012003M_042021,1,5526897519,carlos.rodriguez.000142@mail.com,2025-10-18
CNT_EDCRSA_18031981M_102023,ADM_EDCRSA_18031981M_102023,EDCRSA_18031981M_102023,1,5505152326,eduardo.cruz.000153@mail.com,2025-08-09
CNT_MICRTO_15111993M_122020,ADM_MICRTO_15111993M_122020,MICRTO_15111993M_122020,1,525557402214,miguel.cruz.001052@gmail.com,2024-01-27
CNT_JOPEVA_25121981M_042021,ADM_JOPEVA_25121981M_042021,JOPEVA_25121981M_042021,1,5507289238,jorge.perez.000601@hospitalmail.com,2025-12-19
CNT_CAMAMA_25081994F_012023,ADM_CAMAMA_25081994F_012023,CAMAMA_25081994F_012023,1,5535714586,carmen.martinez.000450@mail.com,2024-09-06
CNT_LAFLRO_11091969F_042021,ADM_LAFLRO_11091969F_042021,LAFLRO_11091969F_042021,1,5558586732,laura.flores.000835@hospitalmail.com,2023-08-27
CNT_MAGALO_03121997F_122020,ADM_MAGALO_03121997F_122020,MAGALO_03121997F_122020,1,5555000296,maria.garcia.001501@gmail.com,2024-04-18
CNT_DAGOMA_28061964M_042023,ADM_DAGOMA_28061964M_042023,DAGOMA_28061964M_042023,1,525535145967,daniel.gonzalez.001941@hospitalmail.com,2025-09-18
CNT_ELGOCR_30081999F_082023,ADM_ELGOCR_30081999F_082023,ELGOCR_30081999F_082023,1,5530645994,elena.gonzalez.000152@hospitalmail.com,2025-07-13
CNT_GAGAFL_23061963F_092023,ADM_GAGAFL_23061963F_092023,GAGAFL_23061963F_092023,1,525544452836,gabriela.garcia.001773@hospitalmail.com,2023-09-01
CNT_JURACR_04111965M_082023,ADM_JURACR_04111965M_082023,JURACR_04111965M_082023,1,525532430670,juan.ramirez.001110@mail.com,2023-06-26
CNT_FEGORO_10101982F_062020,ADM_FEGORO_10101982F_062020,FEGORO_10101982F_062020,1,5594746778,fernanda.gonzalez.000292@hospitalmail.com,2024-02-18
CNT_CAHEMA_09081946F_082023,ADM_CAHEMA_09081946F_082023,CAHEMA_09081946F_082023,1,5524337633,carmen.hernandez.000401@mail.com,2024-09-17
CNT_DAGOCA_03112003F_042020,ADM_DAGOCA_03112003F_042020,DAGOCA_03112003F_042020,1,5546869726,daniela.gonzalez.001956@outlook.com,2023-11-10
CNT_GAGOFL_05051960F_092023,ADM_GAGOFL_05051960F_092023,GAGOFL_05051960F_092023,1,525572710128,gabriela.gonzalez.001043@gmail.com,2024-12-10
CNT_JOVAGO_15092001M_112023,ADM_JOVAGO_15092001M_112023,JOVAGO_15092001M_112023,1,5519015307,jose.vargas.000867@gmail.com,2024-08-31
CNT_ANCAHE_26021966F_082021,ADM_ANCAHE_26021966F_082021,ANCAHE_26021966F_082021,1,5585761417,ana.castillo.000785@gmail.com,2023-05-08
CNT_PACRXX_23101983F_082022,ADM_PACRXX_23101983F_082022,PACRXX_23101983F_082022,1,5573655344,,2023-04-08
CNT_EDFLHE_16041985M_032023,ADM_EDFLHE_16041985M_032023,EDFLHE_16041985M_032023,1,5555737393,eduardo.flores.000618@hospitalmail.com,2023-12-21
CNT_JOSAXX_25071935M_112020,ADM_JOSAXX_25071935M_112020,JOSAXX_25071935M_112020,1,5534872388,jorge.sanchez.001407@mail.com,2023-03-26
CNT_ANGALO_15071980F_042023,ADM_ANGALO_15071980F_042023,ANGALO_15071980F_042023,1,5546589116,,2023-09-02
CNT_VATOMA_12112011F_032023,ADM_VATOMA_12112011F_032023,VATOMA_12112011F_032023,1,551564177,valeria.torres.001306@outlook.com,2025-07-29
CNT_VAROLO_17101971F_092022,ADM_VAROLO_17101971F_092022,VAROLO_17101971F_092022,1,5520288270,valeria.rodriguez.001896@gmail.com,2024-10-26
CNT_PAFLRO_20071972F_092022,ADM_PAFLRO_20071972F_092022,PAFLRO_20071972F_092022,1,525567389450,patricia.flores.000812@mail.com,2024-03-10
CNT_CACRGO_18101955F_012021,ADM_CACRGO_18101955F_012021,CACRGO_18101955F_012021,1,5533318385,carmen.cruz.000036@hospitalmail.com,2025-10-19
CNT_ELCRGO_21081997F_072023,ADM_ELCRGO_21081997F_072023,ELCRGO_21081997F_072023,1,5500060502,elena.cruz.000748@gmail.com,2023-08-26
CNT_EDMATO_07082012M_022023,ADM_EDMATO_07082012M_022023,EDMATO_07082012M_022023,1,5532240149,eduardo.martinez.001476@hospitalmail.com,2024-11-05
CNT_FECARO_19061998F_052023,ADM_FECARO_19061998F_052023,FECARO_19061998F_052023,1,525572522011,fernanda.castillo.001044@gmail.com,2025-11-25
CNT_ANPETO_06032000F_052020,ADM_ANPETO_06032000F_052020,ANPETO_06032000F_052020,1,525510058312,ana.perez.001255@mail.com,2025-01-08
CNT_VAHELO_18021973F_072023,ADM_VAHELO_18021973F_072023,VAHELO_18021973F_072023,1,5503988827,valeria.hernandez.000422@outlook.com,2025-01-27
CNT_CASATO_10072007M_082023,ADM_CASATO_10072007M_082023,CASATO_10072007M_082023,1,5525162734,carlos.sanchez.001301@mail.com,2025-05-02
CNT_LAMACA_18081943F_102021,ADM_LAMACA_18081943F_102021,LAMACA_18081943F_102021,1,5524367115,laura.martinez.001331@mail.com,2025-01-19
CNT_DALOFL_11081942M_042023,ADM_DALOFL_11081942M_042023,DALOFL_11081942M_042023,1,550392580,daniel.lopez.000597@outlook.com,2023-10-17
CNT_GATOCR_06071972F_072023,ADM_GATOCR_06071972F_072023,GATOCR_06071972F_072023,1,525569921817,gabriela.torres.001958@outlook.com,2024-09-26
CNT_JOTOVA_03081996M_042023,ADM_JOTOVA_03081996M_042023,JOTOVA_03081996M_042023,1,5505106,jose.torres.000215@mail.com,2023-09-23
CNT_ALCRMA_11051949M_012020,ADM_ALCRMA_11051949M_012020,ALCRMA_11051949M_012020,1,5527169082,alejandro.cruz.000349@mail.com,2025-07-20
CNT_CAPEPE_28121935F_102020,ADM_CAPEPE_28121935F_102020,CAPEPE_28121935F_102020,1,5520778622,carmen.perez.000489@mail.com,2024-10-08
CNT_CATOGO_25071996F_052023,ADM_CATOGO_25071996F_052023,CATOGO_25071996F_052023,1,525536486994,carmen.torres.000214@outlook.com,2023-06-14
CNT_PAGAGA_06051975F_122021,ADM_PAGAGA_06051975F_122021,PAGAGA_06051975F_122021,1,5597093806,patricia.garcia.000567@gmail.com,2023-10-21
CNT_DALORA_30051958M_112023,ADM_DALORA_30051958M_112023,DALORA_30051958M_112023,1,,daniel.lopez.000919@gmail.com,2023-11-27
CNT_DAFLHE_12012020F_092020,ADM_DAFLHE_12012020F_092020,DAFLHE_12012020F_092020,1,5527006351,daniela.flores.001836@outlook.com,2023-08-26
CNT_SORAFL_04041964F_012023,ADM_SORAFL_04041964F_012023,SORAFL_04041964F_012023,1,5552529467,sofia.ramirez.001136@hospitalmail.com,2025-09-19
CNT_GAFLRA_11081966F_102023,ADM_GAFLRA_11081966F_102023,GAFLRA_11081966F_102023,1,5501458470,gabriela.flores.001161@gmail.com,2023-12-06
CNT_ELGACR_08081985F_042022,ADM_ELGACR_08081985F_042022,ELGACR_08081985F_042022,1,5527120432,elena.garcia.001974@outlook.com,2025-05-24
CNT_RICRXX_01122015M_012023,ADM_RICRXX_01122015M_012023,RICRXX_01122015M_012023,1,5508850614,ricardo.cruz.000023@mail.com,2023-01-05
CNT_FEROPE_20101986M_022023,ADM_FEROPE_20101986M_022023,FEROPE_20101986M_022023,1,5543267045,fernando.rodriguez.000580@mail.com,2024-05-11
CNT_DARACR_24051954M_102021,ADM_DARACR_24051954M_102021,DARACR_24051954M_102021,1,5528680543,daniel.ramirez.001747@mail.com,2024-04-10
CNT_PAMASA_18032000F_032022,ADM_PAMASA_18032000F_032022,PAMASA_18032000F_032022,1,,patricia.martinez.000425@hospitalmail.com,2023-04-19
CNT_EDHERA_20111941M_072023,ADM_EDHERA_20111941M_072023,EDHERA_20111941M_072023,1,5543302812,eduardo.hernandez.002048@gmail.com,2025-07-06
CNT_CAMAHE_05051997M_042021,ADM_CAMAHE_05051997M_042021,CAMAHE_05051997M_042021,1,5537864024,carlos.martinez.001553@gmail.com,2025-12-16
CNT_MAHECA_15091961F_082022,ADM_MAHECA_15091961F_082022,MAHECA_15091961F_082022,1,525554459961,maria.hernandez.001637@outlook.com,2025-04-26
CNT_CAVAGO_13062008F_032023,ADM_CAVAGO_13062008F_032023,CAVAGO_13062008F_032023,1,525532188444,carmen.vargas.001771@hospitalmail.com,2023-11-17
CNT_CATOTO_07111963F_102021,ADM_CATOTO_07111963F_102021,CATOTO_07111963F_102021,1,5568051130,carmen.torres.000309@gmail.com,2025-08-07
CNT_LUHEPE_20082006F_011900,ADM_LUHEPE_20082006F_011900,LUHEPE_20082006F_011900,1,5597903274,lucia.hernandez.002065@mail.com,2024-10-25
CNT_LXSATO_04011982M_112020,ADM_LXSATO_04011982M_112020,LXSATO_04011982M_112020,1,5519648364,luis.sanchez.000137@mail.com,2023-08-05
CNT_VAPEMA_01021979F_062023,ADM_VAPEMA_01021979F_062023,VAPEMA_01021979F_062023,1,5514265614,valeria.perez.000166@outlook.com,2025-04-12
CNT_MIVALO_15041965M_042020,ADM_MIVALO_15041965M_042020,MIVALO_15041965M_042020,1,5554090729,miguel.vargas.000429@outlook.com,2025-12-10
CNT_LUVAGO_17101983M_032023,ADM_LUVAGO_17101983M_032023,LUVAGO_17101983M_032023,1,5552350554,luis.vargas.002113@outlook.com,2025-08-06
CNT_MAFLXX_22031946M_122023,ADM_MAFLXX_22031946M_122023,MAFLXX_22031946M_122023,1,5597505028,manuel.flores.000962@outlook.com,2023-12-15
CNT_FETOLO_02051982F_112023,ADM_FETOLO_02051982F_112023,FETOLO_02051982F_112023,1,525544152462,fernanda.torres.001325@gmail.com,2023-11-17
CNT_FECACR_25071945M_052023,ADM_FECACR_25071945M_052023,FECACR_25071945M_052023,1,5575269689,fernando.castillo.000015@hospitalmail.com,2025-03-09
CNT_SOCAFL_27051938F_012022,ADM_SOCAFL_27051938F_012022,SOCAFL_27051938F_012022,1,5573720484,sofia.castillo.000440@hospitalmail.com,2025-07-08
CNT_SOTOHE_25031987F_022023,ADM_SOTOHE_25031987F_022023,SOTOHE_25031987F_022023,1,5563878328,sofia.torres.002138@gmail.com,2023-12-17
CNT_JOHEGO_11101984M_072021,ADM_JOHEGO_11101984M_072021,JOHEGO_11101984M_072021,1,525524449414,jorge.hernandez.002129@mail.com,2025-03-08
CNT_FEVAGA_30061975M_022023,ADM_FEVAGA_30061975M_022023,FEVAGA_30061975M_022023,1,5524270375,fernando.vargas.001113@outlook.com,2023-02-13
CNT_DAFLVA_16061973M_092023,ADM_DAFLVA_16061973M_092023,DAFLVA_16061973M_092023,1,525517327230,daniel.flores.001150@gmail.com,2023-09-21
CNT_JUROGA_13032003M_042023,ADM_JUROGA_13032003M_042023,JUROGA_13032003M_042023,1,5540178757,juan.rodriguez.002111@gmail.com,2025-12-14
CNT_FEPESA_07071974M_052022,ADM_FEPESA_07071974M_052022,FEPESA_07071974M_052022,1,525586941289,fernando.perez.000250@hospitalmail.com,2023-03-15
CNT_JXMAVA_02031936M_082023,ADM_JXMAVA_02031936M_082023,JXMAVA_02031936M_082023,1,,jorge.martinez.001211@mail.com,2023-08-16
CNT_EDSARA_06101964M_052022,ADM_EDSARA_06101964M_052022,EDSARA_06101964M_052022,1,5533888627,eduardo.sanchez.002010@outlook.com,2025-03-06
CNT_MACARO_28102024F_022023,ADM_MACARO_28102024F_022023,MACARO_28102024F_022023,1,5500518736,maria.castillo.000711@hospitalmail.com,2025-07-13
CNT_LASAMA_14111953F_102021,ADM_LASAMA_14111953F_102021,LASAMA_14111953F_102021,1,5556698487,laura.sanchez.001560@hospitalmail.com,2024-03-20
CNT_GARAVA_02112023F_072020,ADM_GARAVA_02112023F_072020,GARAVA_02112023F_072020,1,5503853151,gabriela.ramirez.000121@hospitalmail.com,2024-10-10
CNT_LACRCR_21021986F_122020,ADM_LACRCR_21021986F_122020,LACRCR_21021986F_122020,1,5501210161,laura.cruz.000432@hospitalmail.com,2024-11-14
CNT_JURAPE_29051968M_042023,ADM_JURAPE_29051968M_042023,JURAPE_29051968M_042023,1,5537117213,juan.ramirez.001566@outlook.com,2024-09-09
CNT_ANFLFL_04071973F_102020,ADM_ANFLFL_04071973F_102020,ANFLFL_04071973F_102020,1,525574260668,ana.flores.000655@hospitalmail.com,2025-07-19
CNT_DAROXX_03011981F_052022,ADM_DAROXX_03011981F_052022,DAROXX_03011981F_052022,1,5561470442,daniela.rodriguez.001167@gmail.com,2025-11-08
CNT_MIFLCA_20111974M_022023,ADM_MIFLCA_20111974M_022023,MIFLCA_20111974M_022023,1,5552671329,miguel.flores.000660@gmail.com,2024-03-18
CNT_MACRCA_06121951M_012020,ADM_MACRCA_06121951M_012020,MACRCA_06121951M_012020,1,5544917747,manuel.cruz.001109@hospitalmail.com,2025-09-08
CNT_LUCARO_15121967F_032022,ADM_LUCARO_15121967F_032022,LUCARO_15121967F_032022,1,551750705,lucia.castillo.000903@mail.com,2024-03-02
CNT_PAGOGA_23051955F_092023,ADM_PAGOGA_23051955F_092023,PAGOGA_23051955F_092023,1,5537921060,patricia.gonzalez.000619@mail.com,2023-11-16
CNT_FEMAGA_15121968F_112020,ADM_FEMAGA_15121968F_112020,FEMAGA_15121968F_112020,1,5598324202,fernanda.martinez.001793@mail.com,2024-12-23
CNT_CAHEGO_14072000F_042021,ADM_CAHEGO_14072000F_042021,CAHEGO_14072000F_042021,1,525588808197,,2024-10-12
CNT_ANROMA_10102006F_092021,ADM_ANROMA_10102006F_092021,ANROMA_10102006F_092021,1,525502196303,ana.rodriguez.001411@hospitalmail.com,2024-10-27
CNT_MALOGA_27071983M_112020,ADM_MALOGA_27071983M_112020,MALOGA_27071983M_112020,1,5500684333,,2023-08-18
CNT_PAHEHE_03111948F_012022,ADM_PAHEHE_03111948F_012022,PAHEHE_03111948F_012022,1,5527722954,patricia.hernandez.000265@hospitalmail.com,2025-01-04
CNT_GAHESA_22061987F_012023,ADM_GAHESA_22061987F_012023,GAHESA_22061987F_012023,1,5522994,gabriela.hernandez.000459@outlook.com,2023-10-23
CNT_JOROFL_14021979M_052021,ADM_JOROFL_14021979M_052021,JOROFL_14021979M_052021,1,5590184,jorge.rodriguez.001750@gmail.com,2025-12-24
CNT_LARARA_20041988F_102022,ADM_LARARA_20041988F_102022,LARARA_20041988F_102022,1,5556650570,laura.ramirez.000392@outlook.com,2023-11-19
CNT_ALCACA_30071992M_022023,ADM_ALCACA_30071992M_022023,ALCACA_30071992M_022023,1,525559625642,alejandro.castillo.000509@outlook.com,2025-09-25
CNT_LAPEGA_02082009F_032021,ADM_LAPEGA_02082009F_032021,LAPEGA_02082009F_032021,1,5508988703,laura.perez.001370@mail.com,2023-09-21
CNT_RICRFL_17091998M_022022,ADM_RICRFL_17091998M_022022,RICRFL_17091998M_022022,1,5535394475,ricardo.cruz.000583@gmail.com,2024-06-05
CNT_GAMARO_14021977F_102023,ADM_GAMARO_14021977F_102023,GAMARO_14021977F_102023,1,525530508811,gabriela.martinez.001619@outlook.com,2025-05-31
CNT_ALRACR_02091961M_042023,ADM_ALRACR_02091961M_042023,ALRACR_02091961M_042023,1,5505093431,alejandro.ramirez.000914@outlook.com,2023-04-22
CNT_VACRCR_23042022F_032020,ADM_VACRCR_23042022F_032020,VACRCR_23042022F_032020,1,525591263120,valeria.cruz.001243@hospitalmail.com,2025-11-13
CNT_ANMACR_02011988F_102023,ADM_ANMACR_02011988F_102023,ANMACR_02011988F_102023,1,55633350,ana.martinez.000282@mail.com,2023-10-15
CNT_ANROLO_10012011F_032022,ADM_ANROLO_10012011F_032022,ANROLO_10012011F_032022,1,525583012099,ana.rodriguez.001988@outlook.com,2023-11-27
CNT_PAVACR_07021944F_042023,ADM_PAVACR_07021944F_042023,PAVACR_07021944F_042023,1,5567269119,patricia.vargas.000828@hospitalmail.com,2025-06-03
CNT_GASACA_12101982F_032022,ADM_GASACA_12101982F_032022,GASACA_12101982F_032022,1,5534055134,gabriela.sanchez.001106@mail.com,2025-06-21
CNT_FECRCA_05071993M_012023,ADM_FECRCA_05071993M_012023,FECRCA_05071993M_012023,1,525519490618,fernando.cruz.001763@hospitalmail.com,2025-05-02
CNT_FEPERO_02011997F_022021,ADM_FEPERO_02011997F_022021,FEPERO_02011997F_022021,1,5545919281,fernanda.perez.000085@outlook.com,2024-11-01
CNT_GALOGA_28051969F_072023,ADM_GALOGA_28051969F_072023,GALOGA_28051969F_072023,1,5583421397,gabriela.lopez.001683@outlook.com,2023-08-12
CNT_DARATO_04031982M_102022,ADM_DARATO_04031982M_102022,DARATO_04031982M_102022,1,5537107812,daniel.ramirez.000006@gmail.com,2025-10-28
CNT_ALRACR_18032023M_102022,ADM_ALRACR_18032023M_102022,ALRACR_18032023M_102022,1,5559374738,alejandro.ramirez.000602@mail.com,2023-04-21
CNT_CASACR_20011977F_042020,ADM_CASACR_20011977F_042020,CASACR_20011977F_042020,1,5507327934,carmen.sanchez.001572@outlook.com,2024-04-07
CNT_ELLOMA_18032007F_092020,ADM_ELLOMA_18032007F_092020,ELLOMA_18032007F_092020,1,5558467429,elena.lopez.000739@outlook.com,2025-10-20
CNT_LAGAFL_04021987F_022020,ADM_LAGAFL_04021987F_022020,LAGAFL_04021987F_022020,1,5521697771,laura.garcia.000229@outlook.com,2025-11-20
CNT_MAGOPE_17021992F_122020,ADM_MAGOPE_17021992F_122020,MAGOPE_17021992F_122020,1,5526141401,maria.gonzalez.001512@hospitalmail.com,2023-05-13
CNT_LUVASA_10051971M_052023,ADM_LUVASA_10051971M_052023,LUVASA_10051971M_052023,1,5513646895,luis.vargas.001474@mail.com,2024-11-15
CNT_JOCRGA_30061986M_112020,ADM_JOCRGA_30061986M_112020,JOCRGA_30061986M_112020,1,525543690963,jose.cruz.000995@mail.com,2025-05-19
CNT_CAFLVA_07092001F_082022,ADM_CAFLVA_07092001F_082022,CAFLVA_07092001F_082022,1,5551060004,carmen.flores.000010@gmail.com,2024-06-29
CNT_DATOGO_07111977M_022022,ADM_DATOGO_07111977M_022022,DATOGO_07111977M_022022,1,5555128586,daniel.torres.002105@gmail.com,2025-02-09
CNT_EDMAFL_18121980M_112021,ADM_EDMAFL_18121980M_112021,EDMAFL_18121980M_112021,1,525523286357,eduardo.martinez.001702@outlook.com,2025-11-04
CNT_FEMAXX_22011996F_062021,ADM_FEMAXX_22011996F_062021,FEMAXX_22011996F_062021,1,5584641,,2023-08-06
CNT_VAGOVA_29051967F_122021,ADM_VAGOVA_29051967F_122021,VAGOVA_29051967F_122021,1,5593600606,valeria.gonzalez.002139@hospitalmail.com,2023-10-07
CNT_JOCACA_20031935M_032021,ADM_JOCACA_20031935M_032021,JOCACA_20031935M_032021,1,5571194403,jose.castillo.001372@outlook.com,2025-09-07
CNT_JOGALO_05051979M_102021,ADM_JOGALO_05051979M_102021,JOGALO_05051979M_102021,1,5501825044,jorge.garcia.000680@hospitalmail.com,2025-01-20
CNT_SOSASA_01061960F_032023,ADM_SOSASA_01061960F_032023,SOSASA_01061960F_032023,1,5548432837,sofia.sanchez.000240@mail.com,2024-03-03
CNT_CAHETO_04121984M_042020,ADM_CAHETO_04121984M_042020,CAHETO_04121984M_042020,1,5562309195,carlos.hernandez.001467@gmail.com,2023-08-19
CNT_PASATO_23021976F_012022,ADM_PASATO_23021976F_012022,PASATO_23021976F_012022,1,5571364,patricia.sanchez.000924@outlook.com,2024-05-23
CNT_MAGASA_02011973F_042020,ADM_MAGASA_02011973F_042020,MAGASA_02011973F_042020,1,5599675690,maria.garcia.000192@mail.com,2025-11-15
CNT_SOTOCR_03072000F_022023,ADM_SOTOCR_03072000F_022023,SOTOCR_03072000F_022023,1,5554722179,sofia.torres.001069@gmail.com,2023-06-28
CNT_VARORA_17052011F_122022,ADM_VARORA_17052011F_122022,VARORA_17052011F_122022,1,525512754818,valeria.rodriguez.000731@hospitalmail.com,2023-11-22
CNT_MALOTO_29031975F_042023,ADM_MALOTO_29031975F_042023,MALOTO_29031975F_042023,1,525586225517,maria.lopez.001713@mail.com,2024-07-01
CNT_PATOCA_30011965F_062020,ADM_PATOCA_30011965F_062020,PATOCA_30011965F_062020,1,5551111967,,2024-09-18
CNT_ALHEHE_27091943M_112021,ADM_ALHEHE_27091943M_112021,ALHEHE_27091943M_112021,1,5582951573,alejandro.hernandez.000786@mail.com,2024-06-28
CNT_CAPECR_22041965M_082020,ADM_CAPECR_22041965M_082020,CAPECR_22041965M_082020,1,5516032449,carlos.perez.001859@mail.com,2024-01-07
CNT_GAVARA_18111993F_092022,ADM_GAVARA_18111993F_092022,GAVARA_18111993F_092022,1,5581311472,gabriela.vargas.000230@hospitalmail.com,2025-08-24
CNT_FEMACA_09101963F_082023,ADM_FEMACA_09101963F_082023,FEMACA_09101963F_082023,1,5565391654,fernanda.martinez.000378@mail.com,2024-12-11
CNT_FERALO_27101997F_082021,ADM_FERALO_27101997F_082021,FERALO_27101997F_082021,1,5583343748,fernanda.ramirez.000167@outlook.com,2023-04-17
CNT_SOGOCA_24111994F_092020,ADM_SOGOCA_24111994F_092020,SOGOCA_24111994F_092020,1,55569841,sofia.gonzalez.000058@hospitalmail.com,2025-11-20
CNT_MAFLCA_08022007M_022021,ADM_MAFLCA_08022007M_022021,MAFLCA_08022007M_022021,1,5562885839,manuel.flores.001080@gmail.com,2025-02-02
CNT_MILOTO_24101967M_022022,ADM_MILOTO_24101967M_022022,MILOTO_24101967M_022022,1,5522723644,miguel.lopez.001977@hospitalmail.com,2025-11-03
CNT_MAMATO_24051938F_112022,ADM_MAMATO_24051938F_112022,MAMATO_24051938F_112022,1,5509854454,maria.martinez.000082@gmail.com,2024-07-26
CNT_ELMAGA_26081985F_102023,ADM_ELMAGA_26081985F_102023,ELMAGA_26081985F_102023,1,5544706194,elena.martinez.000106@gmail.com,2025-05-17
CNT_EDPETO_16031997M_042023,ADM_EDPETO_16031997M_042023,EDPETO_16031997M_042023,1,525543560991,eduardo.perez.001794@mail.com,2025-11-22
CNT_EDRACA_15091986M_042021,ADM_EDRACA_15091986M_042021,EDRACA_15091986M_042021,1,5573048621,eduardo.ramirez.000101@mail.com,2025-07-21
CNT_DAPEHE_13081966F_042023,ADM_DAPEHE_13081966F_042023,DAPEHE_13081966F_042023,1,5567701088,daniela.perez.001457@hospitalmail.com,2025-12-16
CNT_CACRFL_31011990M_082021,ADM_CACRFL_31011990M_082021,CACRFL_31011990M_082021,1,525536825532,carlos.cruz.001872@hospitalmail.com,2025-06-01
CNT_ELTOTO_20121964F_082022,ADM_ELTOTO_20121964F_082022,ELTOTO_20121964F_082022,1,5538493477,elena.torres.001920@outlook.com,2025-01-28
CNT_LALOHE_05071995F_032023,ADM_LALOHE_05071995F_032023,LALOHE_05071995F_032023,1,5509098488,laura.lopez.000457@mail.com,2024-02-20
CNT_EDRACA_20121945M_102021,ADM_EDRACA_20121945M_102021,EDRACA_20121945M_102021,1,5502947099,eduardo.ramirez.002122@hospitalmail.com,2025-04-16
CNT_CAGORA_27082004M_062020,ADM_CAGORA_27082004M_062020,CAGORA_27082004M_062020,1,554370412,carlos.gonzalez.000394@mail.com,2025-10-20
CNT_GACAFL_20041982F_032023,ADM_GACAFL_20041982F_032023,GACAFL_20041982F_032023,1,5578893310,,2023-10-21
CNT_DAGOVA_03091949F_032023,ADM_DAGOVA_03091949F_032023,DAGOVA_03091949F_032023,1,5587958524,daniela.gonzalez.001515@outlook.com,2025-04-12
CNT_MIRATO_10052023M_092023,ADM_MIRATO_10052023M_092023,MIRATO_10052023M_092023,1,5523786549,miguel.ramirez.000700@outlook.com,2025-12-24
CNT_LALOLO_07111986F_122020,ADM_LALOLO_07111986F_122020,LALOLO_07111986F_122020,1,5535208068,laura.lopez.001266@mail.com,2025-02-20
CNT_FELORO_30071981M_092023,ADM_FELORO_30071981M_092023,FELORO_30071981M_092023,1,525503621941,,2023-10-11
CNT_DARALO_24052004F_112023,ADM_DARALO_24052004F_112023,DARALO_24052004F_112023,1,5592501480,daniela.ramirez.000797@mail.com,2024-09-02
CNT_LAROTO_13011955F_062023,ADM_LAROTO_13011955F_062023,LAROTO_13011955F_062023,1,5543953540,laura.rodriguez.000906@outlook.com,2023-06-11
CNT_JOFLSA_15081943M_042023,ADM_JOFLSA_15081943M_042023,JOFLSA_15081943M_042023,1,5503873460,jose.flores.000716@hospitalmail.com,2024-07-30
CNT_JOCAGA_25121973M_032021,ADM_JOCAGA_25121973M_032021,JOCAGA_25121973M_032021,1,5565796466,jose.castillo.000200@gmail.com,2024-07-17
CNT_JUROMA_12071993M_062023,ADM_JUROMA_12071993M_062023,JUROMA_12071993M_062023,1,525511521294,,2023-08-08
CNT_SOCALO_20081934F_042020,ADM_SOCALO_20081934F_042020,SOCALO_20081934F_042020,1,5579148537,sofia.castillo.000559@hospitalmail.com,2025-12-05
CNT_JOFLRO_21092006M_092023,ADM_JOFLRO_21092006M_092023,JOFLRO_21092006M_092023,1,5526692373,jorge.flores.000708@outlook.com,2023-09-15
CNT_AXHETO_25101941F_082021,ADM_AXHETO_25101941F_082021,AXHETO_25101941F_082021,1,5541555931,ana.hernandez.000287@mail.com,2023-10-19
CNT_LATOCR_08071975F_122023,ADM_LATOCR_08071975F_122023,LATOCR_08071975F_122023,1,525538810721,laura.torres.000323@mail.com,2024-03-19
CNT_ELTOTO_20112000F_092020,ADM_ELTOTO_20112000F_092020,ELTOTO_20112000F_092020,1,5582017716,elena.torres.000037@hospitalmail.com,2025-05-01
CNT_ELTOCR_25111956F_122023,ADM_ELTOCR_25111956F_122023,ELTOCR_25111956F_122023,1,5566642575,elena.torres.001947@hospitalmail.com,2023-12-08
CNT_DARORO_26101977M_012023,ADM_DARORO_26101977M_012023,DARORO_26101977M_012023,1,5526804622,daniel.rodriguez.000034@hospitalmail.com,2025-10-09
CNT_VAROGA_10062004F_042023,ADM_VAROGA_10062004F_042023,VAROGA_10062004F_042023,1,5590411878,valeria.rodriguez.000588@mail.com,2025-04-23
CNT_RIROXX_29081961M_112023,ADM_RIROXX_29081961M_112023,RIROXX_29081961M_112023,1,5519884224,ricardo.rodriguez.001734@hospitalmail.com,2024-11-07
CNT_CAGASA_06051962F_072022,ADM_CAGASA_06051962F_072022,CAGASA_06051962F_072022,1,550014912,carmen.garcia.000634@hospitalmail.com,2024-09-11
CNT_DXCRPE_01021980M_032020,ADM_DXCRPE_01021980M_032020,DXCRPE_01021980M_032020,1,5571291393,daniel.cruz.000248@gmail.com,2023-10-08
CNT_FERAMA_05111992M_052022,ADM_FERAMA_05111992M_052022,FERAMA_05111992M_052022,1,5565340740,fernando.ramirez.002160@outlook.com,2025-10-13
CNT_PAGORO_09111970F_052020,ADM_PAGORO_09111970F_052020,PAGORO_09111970F_052020,1,525589505107,patricia.gonzalez.000018@gmail.com,2024-07-14
CNT_FEGORO_11021944F_082022,ADM_FEGORO_11021944F_082022,FEGORO_11021944F_082022,1,5528324093,fernanda.gonzalez.001246@outlook.com,2024-12-25
CNT_RICAGA_26071937M_062022,ADM_RICAGA_26071937M_062022,RICAGA_26071937M_062022,1,5543187688,ricardo.castillo.001442@hospitalmail.com,2023-11-23
CNT_MAGARO_13121995F_112020,ADM_MAGARO_13121995F_112020,MAGARO_13121995F_112020,1,5546216647,maria.garcia.000678@mail.com,2025-10-02
CNT_ANGOHE_30011996F_092023,ADM_ANGOHE_30011996F_092023,ANGOHE_30011996F_092023,1,5520306029,ana.gonzalez.001962@hospitalmail.com,2025-08-08
CNT_CASAVA_27111987M_082022,ADM_CASAVA_27111987M_082022,CASAVA_27111987M_082022,1,5521446249,carlos.sanchez.001448@mail.com,2024-12-04
CNT_MAROTO_14082012M_092023,ADM_MAROTO_14082012M_092023,MAROTO_14082012M_092023,1,5547242907,,2023-09-25
CNT_ELGAXX_03091968F_032021,ADM_ELGAXX_03091968F_032021,ELGAXX_03091968F_032021,1,556968605,elena.garcia.002217@gmail.com,2024-08-28
CNT_ALFLSA_01071949M_032023,ADM_ALFLSA_01071949M_032023,ALFLSA_01071949M_032023,1,5573461309,alejandro.flores.001324@gmail.com,2023-05-27
CNT_GACAGA_05011957F_042022,ADM_GACAGA_05011957F_042022,GACAGA_05011957F_042022,1,5555200587,gabriela.castillo.000373@outlook.com,2023-11-07
CNT_JOROTO_14031947M_022020,ADM_JOROTO_14031947M_022020,JOROTO_14031947M_022020,1,5543118144,jorge.rodriguez.001730@gmail.com,2024-11-10
CNT_ANGOCR_07092003F_032021,ADM_ANGOCR_07092003F_032021,ANGOCR_07092003F_032021,1,525520034757,,2023-06-04
CNT_EDLOSA_06012004M_102023,ADM_EDLOSA_06012004M_102023,EDLOSA_06012004M_102023,1,5519083395,eduardo.lopez.001473@gmail.com,2025-12-12
CNT_DAMAPE_13021979F_052020,ADM_DAMAPE_13021979F_052020,DAMAPE_13021979F_052020,1,5506970438,,2023-09-28
CNT_ELCAVA_19051994F_122023,ADM_ELCAVA_19051994F_122023,ELCAVA_19051994F_122023,1,5579697098,elena.castillo.000830@gmail.com,2024-03-06
CNT_MAHEMA_13021983M_022023,ADM_MAHEMA_13021983M_022023,MAHEMA_13021983M_022023,1,5538124334,manuel.hernandez.001346@mail.com,2023-12-26
CNT_CALOFL_28101997M_062023,ADM_CALOFL_28101997M_062023,CALOFL_28101997M_062023,1,525572844923,carlos.lopez.001540@mail.com,2025-06-15
CNT_AXCRMA_14051992F_102021,ADM_AXCRMA_14051992F_102021,AXCRMA_14051992F_102021,1,5519788926,ana.cruz.001569@outlook.com,2023-04-17
CNT_SORASA_06111991F_082020,ADM_SORASA_06111991F_082020,SORASA_06111991F_082020,1,525567545245,sofia.ramirez.000870@gmail.com,2024-03-09
CNT_JOMAXX_05121934M_112023,ADM_JOMAXX_05121934M_112023,JOMAXX_05121934M_112023,1,525584854423,jose.martinez.001413@outlook.com,2023-11-07
CNT_LUSAFL_28061977M_122020,ADM_LUSAFL_28061977M_122020,LUSAFL_28061977M_122020,1,5545304644,luis.sanchez.001170@mail.com,2025-04-07
CNT_LUCRGA_07051973M_072020,ADM_LUCRGA_07051973M_072020,LUCRGA_07051973M_072020,1,5522745015,luis.cruz.001648@gmail.com,2024-08-11
CNT_EDFLFL_07081998M_011900,ADM_EDFLFL_07081998M_011900,EDFLFL_07081998M_011900,1,5571939315,eduardo.flores.001821@mail.com,2023-10-12
CNT_ELRACR_28081994F_102021,ADM_ELRACR_28081994F_102021,ELRACR_28081994F_102021,1,525505826116,elena.ramirez.000528@hospitalmail.com,2025-10-23
CNT_ALGOHE_20091937M_102022,ADM_ALGOHE_20091937M_102022,ALGOHE_20091937M_102022,1,5571562159,alejandro.gonzalez.000685@gmail.com,2025-11-10
CNT_PACRFL_09021976F_102023,ADM_PACRFL_09021976F_102023,PACRFL_09021976F_102023,1,55039251,patricia.cruz.001932@outlook.com,2024-06-28
CNT_CAVARO_13041964M_092020,ADM_CAVARO_13041964M_092020,CAVARO_13041964M_092020,1,5537515394,carlos.vargas.002115@outlook.com,2025-05-14
CNT_MXCATO_01101971M_122023,ADM_MXCATO_01101971M_122023,MXCATO_01101971M_122023,1,5564603281,miguel.castillo.001050@hospitalmail.com,2023-12-08
CNT_MAFLSA_17032011F_052023,ADM_MAFLSA_17032011F_052023,MAFLSA_17032011F_052023,1,525541128267,maria.flores.000555@outlook.com,2024-11-01
CNT_ANFLGO_21052001F_102023,ADM_ANFLGO_21052001F_102023,ANFLGO_21052001F_102023,1,5581561013,ana.flores.001749@gmail.com,2024-08-27
CNT_ALMACA_05091972M_062023,ADM_ALMACA_05091972M_062023,ALMACA_05091972M_062023,1,5573418243,alejandro.martinez.000847@mail.com,2024-12-26
CNT_SORAMA_04021985F_042023,ADM_SORAMA_04021985F_042023,SORAMA_04021985F_042023,1,525545083004,sofia.ramirez.000883@outlook.com,2025-05-15
CNT_JOVACR_09091979M_082021,ADM_JOVACR_09091979M_082021,JOVACR_09091979M_082021,1,5597464353,jorge.vargas.000648@mail.com,2025-12-16
CNT_GACASA_05081961F_032022,ADM_GACASA_05081961F_032022,GACASA_05081961F_032022,1,5565324504,gabriela.castillo.001437@outlook.com,2025-09-21
CNT_DAVARA_26031962M_042023,ADM_DAVARA_26031962M_042023,DAVARA_26031962M_042023,1,525584288743,daniel.vargas.000591@hospitalmail.com,2025-11-17
CNT_ELCARO_25071987F_062022,ADM_ELCARO_25071987F_062022,ELCARO_25071987F_062022,1,5559305686,elena.castillo.000955@gmail.com,2023-12-17
CNT_GARARA_03051981F_052023,ADM_GARARA_03051981F_052023,GARARA_03051981F_052023,1,5507938132,gabriela.ramirez.001731@gmail.com,2025-03-06
CNT_CAMAPE_30062003F_072023,ADM_CAMAPE_30062003F_072023,CAMAPE_30062003F_072023,1,5513998441,carmen.martinez.000545@mail.com,2025-11-11
CNT_EDRAHE_14072000M_052023,ADM_EDRAHE_14072000M_052023,EDRAHE_14072000M_052023,1,5575244141,eduardo.ramirez.001861@outlook.com,2025-04-11
CNT_MASAXX_18102013F_032023,ADM_MASAXX_18102013F_032023,MASAXX_18102013F_032023,0,,,
CNT_FEMACA_25061987F_052022,ADM_FEMACA_25061987F_052022,FEMACA_25061987F_052022,1,525539711804,fernanda.martinez.001693@mail.com,2025-05-16
CNT_GAHETO_18101975F_072023,ADM_GAHETO_18101975F_072023,GAHETO_18101975F_072023,1,5565383792,gabriela.hernandez.000025@mail.com,2024-05-31
CNT_DAHELO_29032001M_032023,ADM_DAHELO_29032001M_032023,DAHELO_29032001M_032023,1,5559873666,,2023-03-09
CNT_GAGOGO_29071946F_072022,ADM_GAGOGO_29071946F_072022,GAGOGO_29071946F_072022,1,5589994762,gabriela.gonzalez.002006@outlook.com,2024-08-14
CNT_MAFLCR_02101984F_092023,ADM_MAFLCR_02101984F_092023,MAFLCR_02101984F_092023,1,525591529091,,2023-09-21
CNT_RICACA_25071984M_022023,ADM_RICACA_25071984M_022023,RICACA_25071984M_022023,1,525551092912,ricardo.castillo.001074@outlook.com,2025-06-08
CNT_JOGACA_23092023M_092021,ADM_JOGACA_23092023M_092021,JOGACA_23092023M_092021,1,5565634222,jorge.garcia.001760@outlook.com,2025-04-11
CNT_JOTOFL_25081998M_072021,ADM_JOTOFL_25081998M_072021,JOTOFL_25081998M_072021,1,5518761497,jose.torres.001529@gmail.com,2025-11-03
CNT_ANROPE_07061962F_112022,ADM_ANROPE_07061962F_112022,ANROPE_07061962F_112022,1,5528452691,ana.rodriguez.001073@gmail.com,2024-10-27
CNT_JOGOXX_19061973M_052023,ADM_JOGOXX_19061973M_052023,JOGOXX_19061973M_052023,1,5596119965,,2025-07-11
CNT_FESAVA_26081991F_062020,ADM_FESAVA_26081991F_062020,FESAVA_26081991F_062020,1,525531722812,fernanda.sanchez.000208@gmail.com,2025-04-10
CNT_JUFLFL_27101951M_022022,ADM_JUFLFL_27101951M_022022,JUFLFL_27101951M_022022,1,525563779330,juan.flores.001706@outlook.com,2024-09-07
CNT_FEVAMA_07101999M_082020,ADM_FEVAMA_07101999M_082020,FEVAMA_07101999M_082020,1,5548109382,fernando.vargas.002123@hospitalmail.com,2025-01-04
CNT_CAGAGO_17061962F_042022,ADM_CAGAGO_17061962F_042022,CAGAGO_17061962F_042022,1,5542574094,carmen.garcia.000398@gmail.com,2025-08-15
CNT_CACATO_16081984M_062021,ADM_CACATO_16081984M_062021,CACATO_16081984M_062021,1,5571560543,carlos.castillo.002116@hospitalmail.com,2025-01-24
CNT_FEGOGO_19041984F_122023,ADM_FEGOGO_19041984F_122023,FEGOGO_19041984F_122023,1,525560711853,fernanda.gonzalez.001884@outlook.com,2023-12-28
CNT_MARAGO_03031990F_102023,ADM_MARAGO_03031990F_102023,MARAGO_03031990F_102023,1,5524900763,,2023-10-16
CNT_EDGOGO_28121965M_032022,ADM_EDGOGO_28121965M_032022,EDGOGO_28121965M_032022,1,5533177107,eduardo.gonzalez.000703@outlook.com,2025-08-02
CNT_VATOVA_01121968F_072020,ADM_VATOVA_01121968F_072020,VATOVA_01121968F_072020,1,5509183036,valeria.torres.001777@outlook.com,2025-04-29
CNT_FEPEGO_21111985F_012023,ADM_FEPEGO_21111985F_012023,FEPEGO_21111985F_012023,1,5507613844,fernanda.perez.002227@mail.com,2025-11-02
CNT_LUSARA_09031995M_012021,ADM_LUSARA_09031995M_012021,LUSARA_09031995M_012021,1,5596057989,luis.sanchez.001165@gmail.com,2025-12-21
CNT_CALOGO_30111938M_042022,ADM_CALOGO_30111938M_042022,CALOGO_30111938M_042022,1,525576732707,carlos.lopez.001791@outlook.com,2023-08-13
CNT_VASAHE_21091994F_062021,ADM_VASAHE_21091994F_062021,VASAHE_21091994F_062021,1,5577761667,valeria.sanchez.001154@mail.com,2025-10-14
CNT_MAPERA_23121953F_042022,ADM_MAPERA_23121953F_042022,MAPERA_23121953F_042022,1,5500750613,maria.perez.000001@mail.com,2024-11-13
CNT_MACRCA_05071971F_112022,ADM_MACRCA_05071971F_112022,MACRCA_05071971F_112022,1,5560298336,,2023-01-02
CNT_DAVATO_08102014M_092021,ADM_DAVATO_08102014M_092021,DAVATO_08102014M_092021,1,5585293498,daniel.vargas.001675@mail.com,2024-02-20
CNT_JOCRFL_06101992M_102022,ADM_JOCRFL_06101992M_102022,JOCRFL_06101992M_102022,1,5546928095,jose.cruz.001874@outlook.com,2023-09-10
CNT_VAFLGO_07031988F_082022,ADM_VAFLGO_07031988F_082022,VAFLGO_07031988F_082022,1,5591066219,valeria.flores.000514@hospitalmail.com,2023-09-09
CNT_FEGOLO_17061974F_022023,ADM_FEGOLO_17061974F_022023,FEGOLO_17061974F_022023,1,5578103315,fernanda.gonzalez.001220@hospitalmail.com,2025-12-09
CNT_JOLORO_02051992M_032020,ADM_JOLORO_02051992M_032020,JOLORO_02051992M_032020,1,5508881675,jose.lopez.001103@mail.com,2025-12-12
CNT_LXCRGA_09051978F_072023,ADM_LXCRGA_09051978F_072023,LXCRGA_09051978F_072023,1,525542434731,lucia.cruz.000971@hospitalmail.com,2024-10-04
CNT_JOVAMA_13061964M_122021,ADM_JOVAMA_13061964M_122021,JOVAMA_13061964M_122021,1,5587913233,jorge.vargas.001236@hospitalmail.com,2025-09-16
CNT_JOCAHE_15111962M_112023,ADM_JOCAHE_15111962M_112023,JOCAHE_15111962M_112023,1,5578891985,jorge.castillo.000217@mail.com,2025-04-05
CNT_GAVAFL_12081960F_122023,ADM_GAVAFL_12081960F_122023,GAVAFL_12081960F_122023,1,5523987214,gabriela.vargas.002154@hospitalmail.com,2024-06-25
CNT_LUCASA_01121996F_082023,ADM_LUCASA_01121996F_082023,LUCASA_01121996F_082023,1,5532437395,lucia.castillo.000633@gmail.com,2024-12-06
CNT_PASAPE_02112022F_042022,ADM_PASAPE_02112022F_042022,PASAPE_02112022F_042022,1,5545623168,patricia.sanchez.000084@hospitalmail.com,2023-11-13
CNT_CAHEPE_07102021M_011900,ADM_CAHEPE_07102021M_011900,CAHEPE_07102021M_011900,1,5512589,carlos.hernandez.001656@gmail.com,2023-11-23
CNT_ANCAGA_06011989F_022020,ADM_ANCAGA_06011989F_022020,ANCAGA_06011989F_022020,1,5534411684,ana.castillo.001829@gmail.com,2025-09-25
CNT_SOSAXX_22102005F_022023,ADM_SOSAXX_22102005F_022023,SOSAXX_22102005F_022023,1,,sofia.sanchez.001584@outlook.com,2023-03-16
CNT_PAFLRA_13071996F_112022,ADM_PAFLRA_13071996F_112022,PAFLRA_13071996F_112022,1,5504363445,patricia.flores.001928@mail.com,2025-06-06
CNT_EDCRGA_22061962M_112022,ADM_EDCRGA_22061962M_112022,EDCRGA_22061962M_112022,1,5549574358,eduardo.cruz.001384@mail.com,2025-11-28
CNT_SOHEVA_16081937F_102020,ADM_SOHEVA_16081937F_102020,SOHEVA_16081937F_102020,1,5543884107,sofia.hernandez.000022@mail.com,2024-09-20
CNT_JOLOVA_29082001M_082021,ADM_JOLOVA_29082001M_082021,JOLOVA_29082001M_082021,1,5531009826,jose.lopez.001144@outlook.com,2024-02-16
CNT_LUGORA_13052000F_032023,ADM_LUGORA_13052000F_032023,LUGORA_13052000F_032023,1,558407273,lucia.gonzalez.001792@outlook.com,2023-08-21
CNT_FEFLFL_21042001M_102021,ADM_FEFLFL_21042001M_102021,FEFLFL_21042001M_102021,1,5547121299,fernando.flores.001736@hospitalmail.com,2023-09-24
CNT_ANVAGA_28071999F_032022,ADM_ANVAGA_28071999F_032022,ANVAGA_28071999F_032022,1,5560636423,ana.vargas.000503@mail.com,2025-03-20
CNT_JOGORO_02101998M_072023,ADM_JOGORO_02101998M_072023,JOGORO_02101998M_072023,1,5590706837,jose.gonzalez.000987@mail.com,2025-06-19
CNT_PAVAMA_21022000F_022023,ADM_PAVAMA_21022000F_022023,PAVAMA_21022000F_022023,1,5572133570,patricia.vargas.000800@mail.com,2023-06-18
CNT_GAFLGO_29111989F_012023,ADM_GAFLGO_29111989F_012023,GAFLGO_29111989F_012023,1,5582419983,gabriela.flores.001614@hospitalmail.com,2023-10-14
CNT_PARACA_28022000F_062023,ADM_PARACA_28022000F_062023,PARACA_28022000F_062023,1,5540833322,patricia.ramirez.000565@outlook.com,2025-11-21
CNT_LUCRFL_27111949F_082020,ADM_LUCRFL_27111949F_082020,LUCRFL_27111949F_082020,1,5572929516,lucia.cruz.001153@outlook.com,2025-10-14
CNT_RIRAGO_31101975M_062021,ADM_RIRAGO_31101975M_062021,RIRAGO_31101975M_062021,1,525517901478,ricardo.ramirez.000907@outlook.com,2025-01-28
CNT_DASAPE_21061967M_112023,ADM_DASAPE_21061967M_112023,DASAPE_21061967M_112023,1,5569672393,daniel.sanchez.001412@mail.com,2025-09-24
CNT_FEMATO_22011996F_062021,ADM_FEMATO_22011996F_062021,FEMATO_22011996F_062021,1,558464157,fernanda.martinez.001500@outlook.com,2024-10-22
CNT_PACASA_02041995F_082023,ADM_PACASA_02041995F_082023,PACASA_02041995F_082023,1,552815100,patricia.castillo.001401@outlook.com,2024-06-27
CNT_JXCRRO_04041994M_092020,ADM_JXCRRO_04041994M_092020,JXCRRO_04041994M_092020,1,5575497887,juan.cruz.002012@hospitalmail.com,2023-05-01
CNT_JUCRSA_11072017M_112022,ADM_JUCRSA_11072017M_112022,JUCRSA_11072017M_112022,1,5573238443,juan.cruz.000707@outlook.com,2025-03-01
CNT_MARORO_31082003M_032021,ADM_MARORO_31082003M_032021,MARORO_31082003M_032021,1,5507478629,manuel.rodriguez.001784@hospitalmail.com,2023-11-05
CNT_PAPEMA_13011963F_062023,ADM_PAPEMA_13011963F_062023,PAPEMA_13011963F_062023,1,5548390895,patricia.perez.000507@outlook.com,2024-10-15
CNT_JUVARO_28011993M_032022,ADM_JUVARO_28011993M_032022,JUVARO_28011993M_032022,1,5561780048,juan.vargas.000730@hospitalmail.com,2023-08-17
CNT_FEROGO_24031971F_102021,ADM_FEROGO_24031971F_102021,FEROGO_24031971F_102021,1,525542282304,fernanda.rodriguez.000693@outlook.com,2024-12-23
CNT_MAGORA_05102005F_082020,ADM_MAGORA_05102005F_082020,MAGORA_05102005F_082020,1,5519561131,maria.gonzalez.000456@mail.com,2025-08-22
CNT_EDVAHE_01061939M_122021,ADM_EDVAHE_01061939M_122021,EDVAHE_01061939M_122021,1,5561793646,eduardo.vargas.001208@gmail.com,2023-09-21
CNT_CAVARA_04051935M_072023,ADM_CAVARA_04051935M_072023,CAVARA_04051935M_072023,1,5553680406,carlos.vargas.001638@hospitalmail.com,2023-07-09
CNT_JUGACA_21021961M_072023,ADM_JUGACA_21021961M_072023,JUGACA_21021961M_072023,1,5536114096,juan.garcia.001592@mail.com,2025-08-23
CNT_DAMAGA_21031970M_102020,ADM_DAMAGA_21031970M_102020,DAMAGA_21031970M_102020,1,5574476425,daniel.martinez.001169@outlook.com,2025-02-19
CNT_GACAGO_17091995F_022022,ADM_GACAGO_17091995F_022022,GACAGO_17091995F_022022,1,5571461507,gabriela.castillo.000426@hospitalmail.com,2025-10-09
CNT_GARORA_30111962F_012020,ADM_GARORA_30111962F_012020,GARORA_30111962F_012020,1,5535004654,gabriela.rodriguez.001441@gmail.com,2024-07-14
CNT_EDTOHE_30091985M_042023,ADM_EDTOHE_30091985M_042023,EDTOHE_30091985M_042023,1,5500282176,eduardo.torres.000030@mail.com,2024-09-09
CNT_MATOFL_22111950M_052023,ADM_MATOFL_22111950M_052023,MATOFL_22111950M_052023,1,5549950972,manuel.torres.002240@hospitalmail.com,2025-03-30
CNT_JOTOXX_25021976M_012023,ADM_JOTOXX_25021976M_012023,JOTOXX_25021976M_012023,1,525589215636,jorge.torres.000954@mail.com,2023-01-26
CNT_LUMAPE_23111997F_042020,ADM_LUMAPE_23111997F_042020,LUMAPE_23111997F_042020,1,5594085341,lucia.martinez.001402@gmail.com,2025-07-15
CNT_LUGOCR_20082000M_082021,ADM_LUGOCR_20082000M_082021,LUGOCR_20082000M_082021,1,5502492815,luis.gonzalez.000379@mail.com,2023-12-05
CNT_ALLOGO_08021961M_032023,ADM_ALLOGO_08021961M_032023,ALLOGO_08021961M_032023,1,5550822243,alejandro.lopez.001477@hospitalmail.com,2024-11-05
CNT_PACAGO_01031968F_032021,ADM_PACAGO_01031968F_032021,PACAGO_01031968F_032021,1,525534635432,patricia.castillo.002124@hospitalmail.com,2025-04-01
CNT_PACAFL_26051935F_062021,ADM_PACAFL_26051935F_062021,PACAFL_26051935F_062021,1,5543351329,patricia.castillo.002199@hospitalmail.com,2024-11-08
CNT_LARACR_06091980F_012022,ADM_LARACR_06091980F_012022,LARACR_06091980F_012022,1,5569731415,laura.ramirez.001696@mail.com,2025-06-16
CNT_EDCRXX_12021998M_112023,ADM_EDCRXX_12021998M_112023,EDCRXX_12021998M_112023,1,525503943469,,2023-12-22
CNT_ELCATO_29041974F_062023,ADM_ELCATO_29041974F_062023,ELCATO_29041974F_062023,1,5592057251,elena.castillo.000409@gmail.com,2025-04-15
CNT_FERACA_16101983F_082020,ADM_FERACA_16101983F_082020,FERACA_16101983F_082020,1,5516358242,fernanda.ramirez.002094@outlook.com,2025-04-21
CNT_DATOCA_02051984M_012023,ADM_DATOCA_02051984M_012023,DATOCA_02051984M_012023,1,5551027637,daniel.torres.001921@hospitalmail.com,2024-01-27
CNT_JOTORA_17042003M_112023,ADM_JOTORA_17042003M_112023,JOTORA_17042003M_112023,1,525583762158,jorge.torres.000556@gmail.com,2023-10-24
CNT_MAHRGO_02081996F_012023,ADM_MAHRGO_02081996F_012023,MAHRGO_02081996F_012023,1,5516383496,maria.hernandez.001425@hospitalmail.com,2023-01-30
CNT_GAVAMA_16121988F_042023,ADM_GAVAMA_16121988F_042023,GAVAMA_16121988F_042023,1,525574187076,gabriela.vargas.000049@gmail.com,2025-11-16
CNT_JUTOLO_28021995M_082022,ADM_JUTOLO_28021995M_082022,JUTOLO_28021995M_082022,1,525592303429,juan.torres.000235@mail.com,2025-11-18
CNT_FEVASA_04031952F_082021,ADM_FEVASA_04031952F_082021,FEVASA_04031952F_082021,1,525509924676,fernanda.vargas.002223@gmail.com,2024-08-28
CNT_CACRMA_18021993M_052023,ADM_CACRMA_18021993M_052023,CACRMA_18021993M_052023,1,5580492252,carlos.cruz.001513@mail.com,2025-12-22
CNT_ALROGO_19041979M_022022,ADM_ALROGO_19041979M_022022,ALROGO_19041979M_022022,1,525573149015,alejandro.rodriguez.001562@hospitalmail.com,2025-08-30
CNT_SOTOMA_26042017F_032022,ADM_SOTOMA_26042017F_032022,SOTOMA_26042017F_032022,1,5560858550,sofia.torres.001790@hospitalmail.com,2023-10-10
CNT_ELGOTO_26091977F_082022,ADM_ELGOTO_26091977F_082022,ELGOTO_26091977F_082022,1,525541980088,elena.gonzalez.001452@hospitalmail.com,2025-06-19
CNT_JXGALO_03031967M_112023,ADM_JXGALO_03031967M_112023,JXGALO_03031967M_112023,1,55174276,juan.garcia.002005@hospitalmail.com,2023-11-07
CNT_MATOHE_06051984M_052022,ADM_MATOHE_06051984M_052022,MATOHE_06051984M_052022,1,5503362205,manuel.torres.001179@gmail.com,2025-02-13
CNT_LAPEGO_19031966F_082023,ADM_LAPEGO_19031966F_082023,LAPEGO_19031966F_082023,1,5561663449,laura.perez.001534@mail.com,2024-08-01
CNT_ELVAGA_06121997F_032023,ADM_ELVAGA_06121997F_032023,ELVAGA_06121997F_032023,1,5547155248,elena.vargas.001358@outlook.com,2024-07-30
CNT_LAPEGO_08101996F_122023,ADM_LAPEGO_08101996F_122023,LAPEGO_08101996F_122023,1,5557289491,laura.perez.000039@outlook.com,2025-09-12
CNT_ALLOSA_02022012M_032020,ADM_ALLOSA_02022012M_032020,ALLOSA_02022012M_032020,1,525560773422,alejandro.lopez.001355@outlook.com,2023-03-29
CNT_LURAHE_12112006M_022023,ADM_LURAHE_12112006M_022023,LURAHE_12112006M_022023,1,525596973055,luis.ramirez.001444@hospitalmail.com,2023-02-01
CNT_LAGAHE_12032022F_092023,ADM_LAGAHE_12032022F_092023,LAGAHE_12032022F_092023,1,5567425736,laura.garcia.000465@hospitalmail.com,2024-03-09
CNT_CAGOCA_15111998M_042021,ADM_CAGOCA_15111998M_042021,CAGOCA_15111998M_042021,1,5510768182,carlos.gonzalez.001842@hospitalmail.com,2024-06-23
CNT_FECRRA_29091975M_092023,ADM_FECRRA_29091975M_092023,FECRRA_29091975M_092023,1,525529751008,fernando.cruz.000293@gmail.com,2023-10-31
CNT_CAGOGO_17102010M_072023,ADM_CAGOGO_17102010M_072023,CAGOGO_17102010M_072023,1,5541499993,,2023-07-11
CNT_EDHELO_29051965M_022023,ADM_EDHELO_29051965M_022023,EDHELO_29051965M_022023,1,5502265632,eduardo.hernandez.000296@gmail.com,2025-05-31
CNT_PAVARA_17062003F_082023,ADM_PAVARA_17062003F_082023,PAVARA_17062003F_082023,1,5560011512,patricia.vargas.001281@mail.com,2024-12-05
CNT_LULOCA_21021961M_092023,ADM_LULOCA_21021961M_092023,LULOCA_21021961M_092023,1,5588856124,luis.lopez.000654@outlook.com,2025-10-17
CNT_ALGOCR_12022021M_092023,ADM_ALGOCR_12022021M_092023,ALGOCR_12022021M_092023,1,5590053582,alejandro.gonzalez.001987@gmail.com,2025-09-03
CNT_FEGALO_10101997F_112020,ADM_FEGALO_10101997F_112020,FEGALO_10101997F_112020,1,5523581973,fernanda.garcia.000297@gmail.com,2025-02-02
CNT_CAGAPE_03071985M_012023,ADM_CAGAPE_03071985M_012023,CAGAPE_03071985M_012023,1,525549784858,carlos.garcia.001316@mail.com,2023-07-21
CNT_SOPERO_31101997F_012023,ADM_SOPERO_31101997F_012023,SOPERO_31101997F_012023,1,5534530139,sofia.perez.001799@mail.com,2023-01-10
CNT_LACRMA_21051998F_012022,ADM_LACRMA_21051998F_012022,LACRMA_21051998F_012022,1,5567255695,laura.cruz.001414@hospitalmail.com,2024-08-06
CNT_FECRVA_30011939M_092020,ADM_FECRVA_30011939M_092020,FECRVA_30011939M_092020,1,5545429931,fernando.cruz.001888@outlook.com,2023-08-23
CNT_FECRCA_04031972F_102020,ADM_FECRCA_04031972F_102020,FECRCA_04031972F_102020,1,5567196301,fernanda.cruz.001206@mail.com,2024-08-01
CNT_ELPEGA_16101976F_042023,ADM_ELPEGA_16101976F_042023,ELPEGA_16101976F_042023,1,525526234920,elena.perez.002100@mail.com,2025-11-29
CNT_GAGOCA_06041969F_022023,ADM_GAGOCA_06041969F_022023,GAGOCA_06041969F_022023,1,5541405834,gabriela.gonzalez.000852@outlook.com,2023-02-17
CNT_FECAFL_24032000M_062023,ADM_FECAFL_24032000M_062023,FECAFL_24032000M_062023,1,5555122043,fernando.castillo.001369@mail.com,2025-01-28
CNT_CAHERO_30111996M_032020,ADM_CAHERO_30111996M_032020,CAHERO_30111996M_032020,1,5542116644,carlos.hernandez.000047@outlook.com,2025-07-19
CNT_CARACR_05071964F_122023,ADM_CARACR_05071964F_122023,CARACR_05071964F_122023,1,525577491163,carmen.ramirez.001436@gmail.com,2025-09-30
CNT_MICRCR_24031969M_052022,ADM_MICRCR_24031969M_052022,MICRCR_24031969M_052022,1,5538191522,miguel.cruz.000839@mail.com,2023-08-15
CNT_PAGORO_10091979F_052020,ADM_PAGORO_10091979F_052020,PAGORO_10091979F_052020,1,525541994627,patricia.gonzalez.001315@gmail.com,2025-04-05
CNT_ALLOGO_08051963M_082022,ADM_ALLOGO_08051963M_082022,ALLOGO_08051963M_082022,1,5595661476,alejandro.lopez.001524@outlook.com,2023-02-23
CNT_MACAVA_31081991F_012022,ADM_MACAVA_31081991F_012022,MACAVA_31081991F_012022,1,5581457478,maria.castillo.001606@mail.com,2025-08-24
CNT_DAHEMA_29101960F_112020,ADM_DAHEMA_29101960F_112020,DAHEMA_29101960F_112020,1,525515111616,daniela.hernandez.000246@outlook.com,2024-06-10
CNT_JOHECA_11011967M_112023,ADM_JOHECA_11011967M_112023,JOHECA_11011967M_112023,1,5549214553,jorge.hernandez.000859@hospitalmail.com,2025-05-27
CNT_GATOPE_18121975F_032021,ADM_GATOPE_18121975F_032021,GATOPE_18121975F_032021,1,5547978457,gabriela.torres.000056@mail.com,2025-10-14
CNT_EDFLPE_19091963M_072022,ADM_EDFLPE_19091963M_072022,EDFLPE_19091963M_072022,1,5536850238,eduardo.flores.001953@gmail.com,2025-11-09
CNT_MIRAHE_16091945M_072021,ADM_MIRAHE_16091945M_072021,MIRAHE_16091945M_072021,1,525571638149,miguel.ramirez.002070@hospitalmail.com,2024-06-23
CNT_EDGOGA_21092002M_092021,ADM_EDGOGA_21092002M_092021,EDGOGA_21092002M_092021,1,5585272368,eduardo.gonzalez.001480@gmail.com,2023-11-07
CNT_DAPETO_22022007M_122020,ADM_DAPETO_22022007M_122020,DAPETO_22022007M_122020,1,5519152567,daniel.perez.002192@mail.com,2025-03-27
CNT_MARAMA_30072011F_102022,ADM_MARAMA_30072011F_102022,MARAMA_30072011F_102022,1,525521631102,maria.ramirez.001126@mail.com,2025-04-14
CNT_ALGOVA_17071938M_032022,ADM_ALGOVA_17071938M_032022,ALGOVA_17071938M_032022,1,5513836628,alejandro.gonzalez.000231@mail.com,2024-02-19
CNT_MAFLHE_14071986F_092021,ADM_MAFLHE_14071986F_092021,MAFLHE_14071986F_092021,1,525598829415,maria.flores.001737@mail.com,2024-10-01
CNT_DACRRA_31051980F_112023,ADM_DACRRA_31051980F_112023,DACRRA_31051980F_112023,1,5594182029,daniela.cruz.001164@hospitalmail.com,2023-11-22
CNT_FEMAMA_14091963M_062020,ADM_FEMAMA_14091963M_062020,FEMAMA_14091963M_062020,1,525556111386,fernando.martinez.000795@gmail.com,2025-06-19
CNT_CAGARA_04071978M_102023,ADM_CAGARA_04071978M_102023,CAGARA_04071978M_102023,1,5551624114,carlos.garcia.000366@gmail.com,2025-09-02
CNT_VXMALO_24061976F_032022,ADM_VXMALO_24061976F_032022,VXMALO_24061976F_032022,1,525537829915,,2023-07-11
CNT_LAPERA_29041961F_042021,ADM_LAPERA_29041961F_042021,LAPERA_29041961F_042021,1,554601516,laura.perez.000889@gmail.com,2023-05-26
CNT_PARAHE_15121973F_112021,ADM_PARAHE_15121973F_112021,PARAHE_15121973F_112021,1,5525116139,patricia.ramirez.000476@gmail.com,2024-08-13
CNT_MASATO_18051979M_112023,ADM_MASATO_18051979M_112023,MASATO_18051979M_112023,1,5580427720,manuel.sanchez.000369@outlook.com,2023-11-20
CNT_RIFLCA_20121963M_012020,ADM_RIFLCA_20121963M_012020,RIFLCA_20121963M_012020,1,5547124728,ricardo.flores.000032@mail.com,2024-04-20
CNT_MAGAHE_27091992M_072022,ADM_MAGAHE_27091992M_072022,MAGAHE_27091992M_072022,1,5551951680,manuel.garcia.002039@gmail.com,2024-05-30
CNT_FEGOCA_26031996F_092022,ADM_FEGOCA_26031996F_092022,FEGOCA_26031996F_092022,1,5587569760,fernanda.gonzalez.000761@outlook.com,2024-02-14
CNT_DAGOFL_06011953F_122023,ADM_DAGOFL_06011953F_122023,DAGOFL_06011953F_122023,1,5574311044,,2023-01-08
CNT_MIROCA_31032014M_122023,ADM_MIROCA_31032014M_122023,MIROCA_31032014M_122023,1,5560569488,miguel.rodriguez.000578@gmail.com,2025-07-13
CNT_CAVACR_04121993F_062021,ADM_CAVACR_04121993F_062021,CAVACR_04121993F_062021,1,5584888348,carmen.vargas.000400@hospitalmail.com,2023-05-26
CNT_EDCASA_05061980M_052022,ADM_EDCASA_05061980M_052022,EDCASA_05061980M_052022,1,5571452085,eduardo.castillo.000094@hospitalmail.com,2024-09-17
CNT_LUCRRA_13052001M_072023,ADM_LUCRRA_13052001M_072023,LUCRRA_13052001M_072023,1,5540993408,luis.cruz.001916@outlook.com,2024-05-21
CNT_VAFLXX_18121973F_032021,ADM_VAFLXX_18121973F_032021,VAFLXX_18121973F_032021,1,553255711,,2023-06-05
CNT_MAGAMA_24111934F_122020,ADM_MAGAMA_24111934F_122020,MAGAMA_24111934F_122020,1,5516125406,maria.garcia.001528@mail.com,2024-10-17
CNT_DAPECA_17121934F_042023,ADM_DAPECA_17121934F_042023,DAPECA_17121934F_042023,1,5528238338,daniela.perez.001714@gmail.com,2023-05-09
CNT_VARORA_23082023F_062022,ADM_VARORA_23082023F_062022,VARORA_23082023F_062022,1,525595004814,valeria.rodriguez.000928@mail.com,2024-03-24
CNT_RITOCR_23111979M_112021,ADM_RITOCR_23111979M_112021,RITOCR_23111979M_112021,1,525554379183,,2024-08-31
CNT_SOTOGO_11082001F_072021,ADM_SOTOGO_11082001F_072021,SOTOGO_11082001F_072021,1,5537172303,sofia.torres.000464@gmail.com,2024-11-13
CNT_CAVAFL_19102007M_032020,ADM_CAVAFL_19102007M_032020,CAVAFL_19102007M_032020,1,5583630828,carlos.vargas.001408@outlook.com,2025-10-11
CNT_DAGOCR_06031955M_112021,ADM_DAGOCR_06031955M_112021,DAGOCR_06031955M_112021,1,5596018944,daniel.gonzalez.001930@gmail.com,2025-04-30
CNT_DAFLCR_09061961M_022021,ADM_DAFLCR_09061961M_022021,DAFLCR_09061961M_022021,1,5549448642,daniel.flores.000288@mail.com,2023-11-25
CNT_FEPEVA_24091985F_122022,ADM_FEPEVA_24091985F_122022,FEPEVA_24091985F_122022,1,5512807373,fernanda.perez.002091@gmail.com,2025-04-22
CNT_CAGATO_18091995F_022020,ADM_CAGATO_18091995F_022020,CAGATO_18091995F_022020,1,525550506605,carmen.garcia.000915@outlook.com,2023-06-24
CNT_ANGAFL_25071951F_022022,ADM_ANGAFL_25071951F_022022,ANGAFL_25071951F_022022,1,5556771868,ana.garcia.002243@gmail.com,2024-02-09
CNT_MIGASA_25112005M_092023,ADM_MIGASA_25112005M_092023,MIGASA_25112005M_092023,1,5552638079,miguel.garcia.000864@hospitalmail.com,2025-01-25
CNT_JOHESA_26041972M_042022,ADM_JOHESA_26041972M_042022,JOHESA_26041972M_042022,1,5545572904,jorge.hernandez.001364@mail.com,2025-02-18
CNT_LALOXX_29052017F_042021,ADM_LALOXX_29052017F_042021,LALOXX_29052017F_042021,1,5517359684,laura.lopez.000035@outlook.com,2023-10-12
CNT_DAMAGA_05081944F_092023,ADM_DAMAGA_05081944F_092023,DAMAGA_05081944F_092023,1,5575704821,daniela.martinez.000134@mail.com,2024-01-15
CNT_VAHECA_08111972F_022023,ADM_VAHECA_08111972F_022023,VAHECA_08111972F_022023,1,5580386944,valeria.hernandez.000745@mail.com,2025-12-04
CNT_ELLOHE_06121979F_092022,ADM_ELLOHE_06121979F_092022,ELLOHE_06121979F_092022,1,5553759312,elena.lopez.000093@outlook.com,2024-04-08
CNT_GAVALO_04082006F_052022,ADM_GAVALO_04082006F_052022,GAVALO_04082006F_052022,1,55628101,gabriela.vargas.001418@gmail.com,2024-06-14
CNT_ANVAVA_26021984F_032023,ADM_ANVAVA_26021984F_032023,ANVAVA_26021984F_032023,1,525544972359,ana.vargas.001344@hospitalmail.com,2023-10-28
CNT_JORAVA_28021972M_042020,ADM_JORAVA_28021972M_042020,JORAVA_28021972M_042020,1,525595199374,jose.ramirez.000051@hospitalmail.com,2025-11-28
CNT_MAROLO_21102000F_112021,ADM_MAROLO_21102000F_112021,MAROLO_21102000F_112021,1,5523489664,maria.rodriguez.000754@outlook.com,2024-04-05
CNT_ALTOLO_01062025M_112021,ADM_ALTOLO_01062025M_112021,ALTOLO_01062025M_112021,1,559311025,alejandro.torres.001973@mail.com,2025-02-03
CNT_GAGOCR_08031968F_092021,ADM_GAGOCR_08031968F_092021,GAGOCR_08031968F_092021,1,55170976,gabriela.gonzalez.000621@outlook.com,2025-04-23
CNT_VAMAMA_23012000F_102022,ADM_VAMAMA_23012000F_102022,VAMAMA_23012000F_102022,1,5501637192,valeria.martinez.001013@mail.com,2024-09-04
CNT_GAHEMA_07111972F_022023,ADM_GAHEMA_07111972F_022023,GAHEMA_07111972F_022023,1,5524985320,gabriela.hernandez.001482@hospitalmail.com,2024-11-24
CNT_DAROLO_29051961M_112020,ADM_DAROLO_29051961M_112020,DAROLO_29051961M_112020,1,5559014623,daniel.rodriguez.001345@gmail.com,2025-03-28
CNT_ANFLSA_11031974F_022022,ADM_ANFLSA_11031974F_022022,ANFLSA_11031974F_022022,1,5543284128,ana.flores.000781@gmail.com,2025-01-09
CNT_CALOTO_04011952M_022023,ADM_CALOTO_04011952M_022023,CALOTO_04011952M_022023,1,5557025228,carlos.lopez.000454@hospitalmail.com,2023-02-03
CNT_JOHEPE_27031971M_012021,ADM_JOHEPE_27031971M_012021,JOHEPE_27031971M_012021,1,525565055374,jose.hernandez.000932@gmail.com,2023-12-26
CNT_ANVATO_17012014F_122023,ADM_ANVATO_17012014F_122023,ANVATO_17012014F_122023,1,5551443497,ana.vargas.001886@gmail.com,2025-02-21
CNT_LUVAPE_10061974M_082022,ADM_LUVAPE_10061974M_082022,LUVAPE_10061974M_082022,1,525520514133,luis.vargas.000593@gmail.com,2025-04-12
CNT_JOHERA_23012003M_112020,ADM_JOHERA_23012003M_112020,JOHERA_23012003M_112020,1,5510371477,jorge.hernandez.001692@mail.com,2025-10-10
CNT_SOMAGA_30052002F_112023,ADM_SOMAGA_30052002F_112023,SOMAGA_30052002F_112023,1,5585003452,sofia.martinez.000898@hospitalmail.com,2025-10-30
CNT_JUCASA_21121964M_032020,ADM_JUCASA_21121964M_032020,JUCASA_21121964M_032020,1,5554275739,juan.castillo.002231@outlook.com,2023-03-27
CNT_JOHEFL_01041939M_112020,ADM_JOHEFL_01041939M_112020,JOHEFL_01041939M_112020,1,5549849020,jorge.hernandez.000607@mail.com,2025-02-10
CNT_DACARA_13011964M_092024,ADM_DACARA_13011964M_092024,DACARA_13011964M_092024,1,5594632835,daniel.castillo.001330@mail.com,2025-07-27
CNT_LUMAHE_21071978M_012023,ADM_LUMAHE_21071978M_012023,LUMAHE_21071978M_012023,1,5581457791,luis.martinez.000631@gmail.com,2024-04-22
CNT_CAMAHE_31081947M_022020,ADM_CAMAHE_31081947M_022020,CAMAHE_31081947M_022020,1,525513854528,carlos.martinez.001644@gmail.com,2025-05-22
CNT_RILOCA_30051948M_062023,ADM_RILOCA_30051948M_062023,RILOCA_30051948M_062023,1,525506258729,ricardo.lopez.002001@outlook.com,2025-02-11
CNT_ELGOCA_27072001F_062023,ADM_ELGOCA_27072001F_062023,ELGOCA_27072001F_062023,1,5504685430,elena.gonzalez.000128@hospitalmail.com,2023-11-07
CNT_EDRAVA_10091984M_022023,ADM_EDRAVA_10091984M_022023,EDRAVA_10091984M_022023,1,5568730805,eduardo.ramirez.001909@hospitalmail.com,2025-05-20
CNT_MATOSA_17102016M_012023,ADM_MATOSA_17102016M_012023,MATOSA_17102016M_012023,1,5556140123,manuel.torres.000529@mail.com,2023-01-25
CNT_ALSAGA_14051989M_112021,ADM_ALSAGA_14051989M_112021,ALSAGA_14051989M_112021,1,5569918807,alejandro.sanchez.000991@gmail.com,2025-03-24
CNT_LACRRO_07022000F_022022,ADM_LACRRO_07022000F_022022,LACRRO_07022000F_022022,1,5531380037,laura.cruz.001801@hospitalmail.com,2024-12-31
CNT_DXLORO_08041947M_042020,ADM_DXLORO_08041947M_042020,DXLORO_08041947M_042020,1,5598036517,daniel.lopez.000858@gmail.com,2025-04-20
CNT_LUMAGO_19042002M_032023,ADM_LUMAGO_19042002M_032023,LUMAGO_19042002M_032023,1,5548268095,luis.martinez.000311@mail.com,2024-07-03
CNT_MISASA_15061958M_052023,ADM_MISASA_15061958M_052023,MISASA_15061958M_052023,1,5517476348,miguel.sanchez.001999@gmail.com,2023-09-07
CNT_EDHECA_12031980M_112023,ADM_EDHECA_12031980M_112023,EDHECA_12031980M_112023,1,,eduardo.hernandez.000985@gmail.com,2023-11-17
CNT_LUROTO_10101941F_102023,ADM_LUROTO_10101941F_102023,LUROTO_10101941F_102023,1,5535542101,lucia.rodriguez.002068@hospitalmail.com,2025-08-12
CNT_LUMAHE_18051976F_112023,ADM_LUMAHE_18051976F_112023,LUMAHE_18051976F_112023,1,5555340749,lucia.martinez.001980@outlook.com,2023-01-17
CNT_FEGALO_17021999M_052020,ADM_FEGALO_17021999M_052020,FEGALO_17021999M_052020,1,525539126398,fernando.garcia.001248@mail.com,2023-11-24
CNT_CAVARA_02101962M_072021,ADM_CAVARA_02101962M_072021,CAVARA_02101962M_072021,1,5523032532,carlos.vargas.000679@hospitalmail.com,2024-04-07
CNT_CAROPE_24101961F_022021,ADM_CAROPE_24101961F_022021,CAROPE_24101961F_022021,1,525540656208,carmen.rodriguez.002090@hospitalmail.com,2025-01-12
CNT_FEVAHE_20111981F_062022,ADM_FEVAHE_20111981F_062022,FEVAHE_20111981F_062022,1,558213040,fernanda.vargas.000986@outlook.com,2025-11-19
CNT_JUCAPE_13011967M_092023,ADM_JUCAPE_13011967M_092023,JUCAPE_13011967M_092023,1,5549783982,juan.castillo.000220@hospitalmail.com,2025-10-07
CNT_LUSARO_08111987M_092020,ADM_LUSARO_08111987M_092020,LUSARO_08111987M_092020,1,55606687,,2023-12-27
CNT_MILOSA_02051993M_032023,ADM_MILOSA_02051993M_032023,MILOSA_02051993M_032023,1,5536138670,miguel.lopez.001585@outlook.com,2025-03-23
CNT_PAGARO_28021948F_012022,ADM_PAGARO_28021948F_012022,PAGARO_28021948F_012022,1,5536691061,patricia.garcia.000589@gmail.com,2024-02-07
CNT_MACATO_29021936F_092022,ADM_MACATO_29021936F_092022,MACATO_29021936F_092022,1,5582423310,maria.castillo.000362@mail.com,2025-11-26
CNT_ALLOCR_15011957M_072022,ADM_ALLOCR_15011957M_072022,ALLOCR_15011957M_072022,1,525500404163,alejandro.lopez.001664@gmail.com,2023-06-20
CNT_ANCRCA_10111938F_052023,ADM_ANCRCA_10111938F_052023,ANCRCA_10111938F_052023,1,5575006197,ana.cruz.001293@mail.com,2024-09-06
CNT_SORATO_01071961F_072021,ADM_SORATO_01071961F_072021,SORATO_01071961F_072021,1,5585776471,sofia.ramirez.002142@outlook.com,2025-08-03
CNT_CACAFL_14071977M_072020,ADM_CACAFL_14071977M_072020,CACAFL_14071977M_072020,1,5567728075,carlos.castillo.001611@outlook.com,2023-03-19
CNT_EDHEGO_27101994M_092023,ADM_EDHEGO_27101994M_092023,EDHEGO_27101994M_092023,1,5576862523,eduardo.hernandez.001939@outlook.com,2023-09-08
CNT_GARORA_05082008F_122021,ADM_GARORA_05082008F_122021,GARORA_05082008F_122021,1,5563313312,gabriela.rodriguez.000833@mail.com,2025-04-29
CNT_JUFLFL_29031964M_102020,ADM_JUFLFL_29031964M_102020,JUFLFL_29031964M_102020,1,5571163422,juan.flores.000651@gmail.com,2025-05-21
CNT_LUGALO_16121972M_011900,ADM_LUGALO_16121972M_011900,LUGALO_16121972M_011900,1,5574714072,luis.garcia.000129@gmail.com,2023-12-20
CNT_DARAPE_27051970F_102022,ADM_DARAPE_27051970F_102022,DARAPE_27051970F_102022,1,525578593110,daniela.ramirez.000605@outlook.com,2024-11-29
CNT_JOCRRA_17021943M_122021,ADM_JOCRRA_17021943M_122021,JOCRRA_17021943M_122021,1,55345040,jose.cruz.000726@gmail.com,2023-10-15
CNT_MIHEMA_01011959M_022023,ADM_MIHEMA_01011959M_022023,MIHEMA_01011959M_022023,1,5550164546,miguel.hernandez.000851@mail.com,2025-04-04
CNT_ANPEGO_21052012F_012020,ADM_ANPEGO_21052012F_012020,ANPEGO_21052012F_012020,1,5505920988,ana.perez.000581@hospitalmail.com,2025-10-10
CNT_LURARO_16011962F_032021,ADM_LURARO_16011962F_032021,LURARO_16011962F_032021,1,5507587823,lucia.ramirez.000705@hospitalmail.com,2025-08-12
CNT_CACALO_24101981F_092023,ADM_CACALO_24101981F_092023,CACALO_24101981F_092023,1,55287103,carmen.castillo.001336@gmail.com,2024-06-16
CNT_MAROSA_29111980M_082021,ADM_MAROSA_29111980M_082021,MAROSA_29111980M_082021,1,525547542565,manuel.rodriguez.001178@mail.com,2025-06-25
CNT_ANLOGO_26061971F_102023,ADM_ANLOGO_26061971F_102023,ANLOGO_26061971F_102023,1,5530208284,ana.lopez.001466@mail.com,2023-11-18
CNT_CACAGA_01102002M_032023,ADM_CACAGA_01102002M_032023,CACAGA_01102002M_032023,1,5512487755,carlos.castillo.001669@gmail.com,2023-09-15
CNT_CATOLO_06032002F_022020,ADM_CATOLO_06032002F_022020,CATOLO_06032002F_022020,1,5537287821,carmen.torres.000661@gmail.com,2025-11-29
CNT_EDVASA_07081970M_112022,ADM_EDVASA_07081970M_112022,EDVASA_07081970M_112022,1,5552353543,eduardo.vargas.000266@gmail.com,2023-12-16
CNT_RIMACA_04052020M_042022,ADM_RIMACA_04052020M_042022,RIMACA_04052020M_042022,1,5523226382,ricardo.martinez.001232@hospitalmail.com,2024-07-27
CNT_DAHEFL_20041961M_012022,ADM_DAHEFL_20041961M_012022,DAHEFL_20041961M_012022,1,525503476317,daniel.hernandez.001105@gmail.com,2025-08-28
CNT_SOVAHE_27111998F_092020,ADM_SOVAHE_27111998F_092020,SOVAHE_27111998F_092020,1,5523664645,sofia.vargas.000861@gmail.com,2023-06-12
CNT_LUGOXX_29041978F_042023,ADM_LUGOXX_29041978F_042023,LUGOXX_29041978F_042023,1,,lucia.gonzalez.000391@outlook.com,2023-07-01
CNT_JUCAHE_05071970M_052020,ADM_JUCAHE_05071970M_052020,JUCAHE_05071970M_052020,1,525524785934,juan.castillo.002051@mail.com,2025-06-05
CNT_SOGACR_29102001F_122021,ADM_SOGACR_29102001F_122021,SOGACR_29102001F_122021,1,525501837002,sofia.garcia.001216@gmail.com,2023-09-10
CNT_SOHEMA_04022020F_032021,ADM_SOHEMA_04022020F_032021,SOHEMA_04022020F_032021,1,5587613368,sofia.hernandez.001755@outlook.com,2025-07-17
CNT_PACAVA_11101971F_092021,ADM_PACAVA_11101971F_092021,PACAVA_11101971F_092021,1,5515564521,patricia.castillo.001509@gmail.com,2025-02-28
CNT_ALHECA_20042000M_052021,ADM_ALHECA_20042000M_052021,ALHECA_20042000M_052021,1,5557081707,alejandro.hernandez.001583@hospitalmail.com,2024-09-11
CNT_MAGAGA_10101980M_012022,ADM_MAGAGA_10101980M_012022,MAGAGA_10101980M_012022,1,5532091528,manuel.garcia.001117@hospitalmail.com,2024-07-18
CNT_DACACA_24041971M_072023,ADM_DACACA_24041971M_072023,DACACA_24041971M_072023,1,551724021,daniel.castillo.001389@gmail.com,2024-11-10
CNT_LAMAVA_25051979F_122020,ADM_LAMAVA_25051979F_122020,LAMAVA_25051979F_122020,1,5567159289,laura.martinez.002198@outlook.com,2025-04-27
CNT_ALHELO_03091939M_072020,ADM_ALHELO_03091939M_072020,ALHELO_03091939M_072020,1,5525406535,,2023-04-15
CNT_VARAPE_16042013F_092023,ADM_VARAPE_16042013F_092023,VARAPE_16042013F_092023,1,5508214390,valeria.ramirez.000878@hospitalmail.com,2024-05-13
CNT_ALVARO_13061975M_122023,ADM_ALVARO_13061975M_122023,ALVARO_13061975M_122023,1,525566816347,alejandro.vargas.001577@mail.com,2025-10-10
CNT_CALOMA_08122006F_062020,ADM_CALOMA_08122006F_062020,CALOMA_08122006F_062020,1,5587150108,carmen.lopez.001510@mail.com,2025-05-31
CNT_JOLOTO_30091962M_062023,ADM_JOLOTO_30091962M_062023,JOLOTO_30091962M_062023,1,5503898451,jorge.lopez.001624@outlook.com,2023-03-19
CNT_EDTOSA_19121987M_062023,ADM_EDTOSA_19121987M_062023,EDTOSA_19121987M_062023,1,5541749,eduardo.torres.000860@outlook.com,2023-02-19
CNT_LARAVA_10101994F_042022,ADM_LARAVA_10101994F_042022,LARAVA_10101994F_042022,1,525505530386,laura.ramirez.001720@gmail.com,2024-01-10
CNT_DAVASA_08121943M_042023,ADM_DAVASA_08121943M_042023,DAVASA_08121943M_042023,1,5560592507,daniel.vargas.001759@hospitalmail.com,2025-04-12
CNT_MAGAVA_08111998F_062022,ADM_MAGAVA_08111998F_062022,MAGAVA_08111998F_062022,1,5542968939,maria.garcia.000746@mail.com,2025-06-10
CNT_ALLOTO_17111934M_062023,ADM_ALLOTO_17111934M_062023,ALLOTO_17111934M_062023,1,5563895831,alejandro.lopez.000566@outlook.com,2025-10-27
CNT_MAMACR_21101987M_052022,ADM_MAMACR_21101987M_052022,MAMACR_21101987M_052022,1,525538705548,manuel.martinez.000636@gmail.com,2024-12-13
CNT_VATOLO_23021983F_012022,ADM_VATOLO_23021983F_012022,VATOLO_23021983F_012022,1,5593652587,valeria.torres.001808@gmail.com,2025-08-02
CNT_JOCRGA_21062018M_052022,ADM_JOCRGA_21062018M_052022,JOCRGA_21062018M_052022,1,5599132625,jose.cruz.000790@hospitalmail.com,2025-11-21
CNT_CALOFL_06081990M_102021,ADM_CALOFL_06081990M_102021,CALOFL_06081990M_102021,1,5582032914,carlos.lopez.002032@hospitalmail.com,2024-08-05
CNT_SOPETO_26071949F_042022,ADM_SOPETO_26071949F_042022,SOPETO_26071949F_042022,1,525550774369,sofia.perez.001893@hospitalmail.com,2023-09-05
CNT_DACARA_05021988F_092022,ADM_DACARA_05021988F_092022,DACARA_05021988F_092022,1,5559973559,daniela.castillo.002112@mail.com,2025-02-14
CNT_FEHEXX_01122008F_042023,ADM_FEHEXX_01122008F_042023,FEHEXX_01122008F_042023,1,5538066538,fernanda.hernandez.001530@gmail.com,2024-12-30
CNT_FEFLLO_01061961F_012023,ADM_FEFLLO_01061961F_012023,FEFLLO_01061961F_012023,1,5580870997,fernanda.flores.001910@mail.com,2025-03-13
CNT_DAGAMA_01101944F_032022,ADM_DAGAMA_01101944F_032022,DAGAMA_01101944F_032022,1,5546566279,daniela.garcia.001937@gmail.com,2025-05-07
CNT_DATOTO_13022006F_032023,ADM_DATOTO_13022006F_032023,DATOTO_13022006F_032023,1,525573306786,daniela.torres.000098@hospitalmail.com,2025-07-28
CNT_DAGOCA_13012022F_062021,ADM_DAGOCA_13012022F_062021,DAGOCA_13012022F_062021,1,5574714835,daniela.gonzalez.001070@gmail.com,2025-10-22
CNT_MASAPE_06122021F_082023,ADM_MASAPE_06122021F_082023,MASAPE_06122021F_082023,1,5528680314,maria.sanchez.001879@outlook.com,2025-06-06
CNT_JOHRTO_18072000M_032022,ADM_JOHRTO_18072000M_032022,JOHRTO_18072000M_032022,1,5548498182,jorge.hernandez.000322@mail.com,2024-04-24
CNT_LUGORO_25081995M_072023,ADM_LUGORO_25081995M_072023,LUGORO_25081995M_072023,1,5544138748,luis.gonzalez.000757@gmail.com,2024-09-21
CNT_MXPEGO_03031966M_082022,ADM_MXPEGO_03031966M_082022,MXPEGO_03031966M_082022,1,5508548033,miguel.perez.001189@mail.com,2023-01-20
CNT_PAGAVA_30101966F_082023,ADM_PAGAVA_30101966F_082023,PAGAVA_30101966F_082023,1,5566822183,patricia.garcia.000155@hospitalmail.com,2025-08-29
CNT_DAVAGA_10031959F_052023,ADM_DAVAGA_10031959F_052023,DAVAGA_10031959F_052023,1,55239556,daniela.vargas.001940@hospitalmail.com,2025-08-20
CNT_DAGACR_01031993F_052023,ADM_DAGACR_01031993F_052023,DAGACR_01031993F_052023,1,5524057088,daniela.garcia.000318@gmail.com,2025-03-03
CNT_MIMALO_14031996M_012020,ADM_MIMALO_14031996M_012020,MIMALO_14031996M_012020,1,5567946196,miguel.martinez.000044@gmail.com,2024-09-02
CNT_DARACR_01021955M_072020,ADM_DARACR_01021955M_072020,DARACR_01021955M_072020,1,5551780122,daniel.ramirez.000880@outlook.com,2025-06-12
CNT_JUVATO_05032002M_112020,ADM_JUVATO_05032002M_112020,JUVATO_05032002M_112020,1,55326268,juan.vargas.000698@hospitalmail.com,2025-11-04
CNT_ANPEHE_08041970F_102023,ADM_ANPEHE_08041970F_102023,ANPEHE_08041970F_102023,1,5559366,ana.perez.000734@gmail.com,2025-12-02
CNT_JOPEHE_11071964M_032020,ADM_JOPEHE_11071964M_032020,JOPEHE_11071964M_032020,1,5589489086,jorge.perez.000758@gmail.com,2025-02-22
CNT_CARACR_10011984M_102020,ADM_CARACR_10011984M_102020,CARACR_10011984M_102020,1,5553881557,carlos.ramirez.000386@hospitalmail.com,2023-09-04
CNT_RIRAHE_14052010M_012021,ADM_RIRAHE_14052010M_012021,RIRAHE_14052010M_012021,1,5555316590,ricardo.ramirez.000740@hospitalmail.com,2024-09-08
CNT_MAGASA_29081986M_092020,ADM_MAGASA_29081986M_092020,MAGASA_29081986M_092020,1,525575376246,manuel.garcia.002173@outlook.com,2023-08-04
CNT_LUSARO_13021983F_052022,ADM_LUSARO_13021983F_052022,LUSARO_13021983F_052022,1,5559838155,lucia.sanchez.001350@outlook.com,2023-06-01
CNT_DAGOHE_17122014F_102021,ADM_DAGOHE_17122014F_102021,DAGOHE_17122014F_102021,1,5531293489,daniela.gonzalez.001428@mail.com,2025-02-20
CNT_DXVACA_13021979M_012023,ADM_DXVACA_13021979M_012023,DXVACA_13021979M_012023,1,5546075634,daniel.vargas.001647@gmail.com,2025-05-01
CNT_JUGAMA_25081975M_032022,ADM_JUGAMA_25081975M_032022,JUGAMA_25081975M_032022,1,525525300888,juan.garcia.000965@gmail.com,2025-09-20
CNT_RITOMA_13021997M_022023,ADM_RITOMA_13021997M_022023,RITOMA_13021997M_022023,1,525598762148,ricardo.torres.001142@mail.com,2025-06-01
CNT_ALFLXX_15122023M_052023,ADM_ALFLXX_15122023M_052023,ALFLXX_15122023M_052023,1,525540951361,alejandro.flores.001670@outlook.com,2025-03-01
CNT_VATOHE_29052007F_082020,ADM_VATOHE_29052007F_082020,VATOHE_29052007F_082020,1,5550954744,valeria.torres.002214@mail.com,2024-08-12
CNT_EDRORA_07122015M_042021,ADM_EDRORA_07122015M_042021,EDRORA_07122015M_042021,1,525516168711,eduardo.rodriguez.001495@hospitalmail.com,2025-05-18
CNT_DAGOLO_20021965M_032021,ADM_DAGOLO_20021965M_032021,DAGOLO_20021965M_032021,1,5532215158,daniel.gonzalez.001567@hospitalmail.com,2025-12-02
CNT_MIMACR_30012006M_022020,ADM_MIMACR_30012006M_022020,MIMACR_30012006M_022020,1,5525130319,miguel.martinez.001081@hospitalmail.com,2023-02-08
CNT_DAHELO_30061979F_042023,ADM_DAHELO_30061979F_042023,DAHELO_30061979F_042023,1,5549667531,daniela.hernandez.002165@gmail.com,2024-01-06
CNT_VAROMA_07111997F_042021,ADM_VAROMA_07111997F_042021,VAROMA_07111997F_042021,1,5535221955,valeria.rodriguez.002020@outlook.com,2024-07-22
CNT_ANFLVA_19081970F_012023,ADM_ANFLVA_19081970F_012023,ANFLVA_19081970F_012023,1,5544580856,ana.flores.001083@gmail.com,2025-02-04
CNT_MASACA_22091971M_022020,ADM_MASACA_22091971M_022020,MASACA_22091971M_022020,1,5538114016,manuel.sanchez.000428@gmail.com,2025-08-09
CNT_MATORA_29111993M_012023,ADM_MATORA_29111993M_012023,MATORA_29111993M_012023,1,5593995252,manuel.torres.000886@gmail.com,2025-02-09
CNT_ANCRGO_28051977F_052021,ADM_ANCRGO_28051977F_052021,ANCRGO_28051977F_052021,1,5551295759,ana.cruz.001571@outlook.com,2023-11-07
CNT_VATOPE_20091968F_072020,ADM_VATOPE_20091968F_072020,VATOPE_20091968F_072020,1,5521486560,valeria.torres.001840@gmail.com,2025-12-17
CNT_ALRAVA_14061991M_102022,ADM_ALRAVA_14061991M_102022,ALRAVA_14061991M_102022,1,5500969954,alejandro.ramirez.001280@gmail.com,2025-01-24
CNT_MAGOCA_13061973M_062023,ADM_MAGOCA_13061973M_062023,MAGOCA_13061973M_062023,1,5527759083,manuel.gonzalez.001834@hospitalmail.com,2024-11-15
CNT_DACAGA_01011945F_022022,ADM_DACAGA_01011945F_022022,DACAGA_01011945F_022022,1,5578389503,daniela.castillo.000179@gmail.com,2024-02-22
CNT_FEPELO_10091967F_042022,ADM_FEPELO_10091967F_042022,FEPELO_10091967F_042022,1,5543104353,fernanda.perez.001380@hospitalmail.com,2025-08-07
CNT_CALORO_08091943F_122022,ADM_CALORO_08091943F_122022,CALORO_08091943F_122022,1,5539592463,,2023-10-31
CNT_GAVATO_18011954F_122022,ADM_GAVATO_18011954F_122022,GAVATO_18011954F_122022,1,5592131434,gabriela.vargas.000672@hospitalmail.com,2025-05-13
CNT_CAROCA_11031942M_062023,ADM_CAROCA_11031942M_062023,CAROCA_11031942M_062023,1,5545727069,carlos.rodriguez.000116@hospitalmail.com,2023-06-02
CNT_SOVAHE_18031990F_012023,ADM_SOVAHE_18031990F_012023,SOVAHE_18031990F_012023,1,5555520345,sofia.vargas.001290@gmail.com,2023-01-11
CNT_SOMASA_23041946F_052021,ADM_SOMASA_23041946F_052021,SOMASA_23041946F_052021,1,5543843557,sofia.martinez.000103@gmail.com,2023-01-25
CNT_DACRPE_03091991M_102023,ADM_DACRPE_03091991M_102023,DACRPE_03091991M_102023,1,5506944309,daniel.cruz.000328@hospitalmail.com,2025-03-21
CNT_CATOLO_15012006F_052022,ADM_CATOLO_15012006F_052022,CATOLO_15012006F_052022,1,5571876624,carmen.torres.001351@outlook.com,2023-12-19
CNT_JOGORA_29052005M_052020,ADM_JOGORA_29052005M_052020,JOGORA_29052005M_052020,1,525546833470,jose.gonzalez.002186@gmail.com,2025-06-27
CNT_ANSASA_30041988F_072023,ADM_ANSASA_30041988F_072023,ANSASA_30041988F_072023,1,5599358802,ana.sanchez.002213@gmail.com,2023-07-26
CNT_LUGACA_23092001M_122021,ADM_LUGACA_23092001M_122021,LUGACA_23092001M_122021,1,5509918501,luis.garcia.000130@mail.com,2023-01-23
CNT_CAVACA_04031953F_052021,ADM_CAVACA_04031953F_052021,CAVACA_04031953F_052021,1,5565193401,carmen.vargas.001507@hospitalmail.com,2025-07-22
CNT_RIHECA_29031983M_052021,ADM_RIHECA_29031983M_052021,RIHECA_29031983M_052021,1,5549064052,ricardo.hernandez.001303@mail.com,2025-01-28
CNT_JUVATO_15111971M_012023,ADM_JUVATO_15111971M_012023,JUVATO_15111971M_012023,1,5553090386,juan.vargas.001002@gmail.com,2024-08-28
CNT_MISALO_13011988M_012022,ADM_MISALO_13011988M_012022,MISALO_13011988M_012022,1,525521051829,miguel.sanchez.000195@outlook.com,2025-10-25
CNT_RIVASA_26122013M_032023,ADM_RIVASA_26122013M_032023,RIVASA_26122013M_032023,1,525574666275,ricardo.vargas.001744@outlook.com,2025-09-14
CNT_DAROHE_03122023F_052021,ADM_DAROHE_03122023F_052021,DAROHE_03122023F_052021,1,5540013704,daniela.rodriguez.001678@mail.com,2024-05-31
CNT_SOTOTO_09031969F_032023,ADM_SOTOTO_09031969F_032023,SOTOTO_09031969F_032023,1,5509374485,sofia.torres.001273@hospitalmail.com,2024-12-09
CNT_MAROLO_05012002F_122020,ADM_MAROLO_05012002F_122020,MAROLO_05012002F_122020,1,55212747,maria.rodriguez.002064@gmail.com,2024-11-02
CNT_DASATO_03081985F_042020,ADM_DASATO_03081985F_042020,DASATO_03081985F_042020,1,5582443011,daniela.sanchez.002004@mail.com,2025-08-01
CNT_FETOCR_10011981F_082020,ADM_FETOCR_10011981F_082020,FETOCR_10011981F_082020,1,525568529387,fernanda.torres.000972@gmail.com,2023-06-07
CNT_RITOGO_21062003M_072020,ADM_RITOGO_21062003M_072020,RITOGO_21062003M_072020,1,5510341110,ricardo.torres.000960@hospitalmail.com,2024-07-27
CNT_DAFLSA_01052019F_072023,ADM_DAFLSA_01052019F_072023,DAFLSA_01052019F_072023,1,525577744596,daniela.flores.001605@gmail.com,2024-03-17
CNT_PAFLRO_14082013F_032022,ADM_PAFLRO_14082013F_032022,PAFLRO_14082013F_032022,1,525596332626,patricia.flores.001045@gmail.com,2025-08-28
CNT_MALOLO_04092004M_072021,ADM_MALOLO_04092004M_072021,MALOLO_04092004M_072021,1,5580958976,manuel.lopez.001748@hospitalmail.com,2025-08-04
CNT_VACAMA_24021991F_012021,ADM_VACAMA_24021991F_012021,VACAMA_24021991F_012021,1,5584065989,valeria.castillo.001892@gmail.com,2024-09-13
CNT_FEPEVA_10102018M_122021,ADM_FEPEVA_10102018M_122021,FEPEVA_10102018M_122021,1,5586018523,fernando.perez.000144@mail.com,2025-05-28
CNT_MAGAPE_23122008F_122020,ADM_MAGAPE_23122008F_122020,MAGAPE_23122008F_122020,1,525581423884,,2023-08-25
CNT_VAHECA_06031982F_042022,ADM_VAHECA_06031982F_042022,VAHECA_06031982F_042022,1,5575791092,valeria.hernandez.001725@gmail.com,2025-10-24
CNT_ALHERO_29071975M_032023,ADM_ALHERO_29071975M_032023,ALHERO_29071975M_032023,1,525545583361,alejandro.hernandez.000484@hospitalmail.com,2025-12-22
CNT_PACAHE_07091950F_122023,ADM_PACAHE_07091950F_122023,PACAHE_07091950F_122023,1,525578708758,patricia.castillo.000312@hospitalmail.com,2023-12-26
CNT_MAFLXX_07071944F_042023,ADM_MAFLXX_07071944F_042023,MAFLXX_07071944F_042023,1,5567794353,maria.flores.001296@hospitalmail.com,2023-04-04
CNT_DATOLO_30091995M_052023,ADM_DATOLO_30091995M_052023,DATOLO_30091995M_052023,1,5586363352,daniel.torres.001868@mail.com,2023-05-29
CNT_EDLOGO_25101974M_092022,ADM_EDLOGO_25101974M_092022,EDLOGO_25101974M_092022,1,5512003343,eduardo.lopez.002093@gmail.com,2025-05-02
CNT_MATORA_25062019M_062020,ADM_MATORA_25062019M_062020,MATORA_25062019M_062020,1,5506943864,manuel.torres.001132@hospitalmail.com,2024-09-21
CNT_LUMACR_21021972M_042023,ADM_LUMACR_21021972M_042023,LUMACR_21021972M_042023,1,525501957221,luis.martinez.002015@outlook.com,2025-03-09
CNT_GAROGA_20051978F_072020,ADM_GAROGA_20051978F_072020,GAROGA_20051978F_072020,1,5507303248,gabriela.rodriguez.001122@gmail.com,2025-04-03
CNT_FERATO_05051967F_102023,ADM_FERATO_05051967F_102023,FERATO_05051967F_102023,1,5525311001,fernanda.ramirez.001609@mail.com,2023-10-15
CNT_FELORO_13061964M_072020,ADM_FELORO_13061964M_072020,FELORO_13061964M_072020,1,525590703304,fernando.lopez.001716@gmail.com,2024-05-08
CNT_JOMARA_02022022M_012023,ADM_JOMARA_02022022M_012023,JOMARA_02022022M_012023,1,5559682162,jose.martinez.001724@mail.com,2023-01-02
CNT_ANHEGO_21021998F_042023,ADM_ANHEGO_21021998F_042023,ANHEGO_21021998F_042023,1,5540687565,ana.hernandez.002166@hospitalmail.com,2025-06-02
CNT_CASAMA_20111975F_112022,ADM_CASAMA_20111975F_112022,CASAMA_20111975F_112022,1,525523308566,carmen.sanchez.000980@gmail.com,2025-02-07
CNT_DAGAPE_08071963F_102023,ADM_DAGAPE_08071963F_102023,DAGAPE_08071963F_102023,1,5536983264,daniela.garcia.000421@mail.com,2025-10-10
CNT_MAFLRA_08031981F_102023,ADM_MAFLRA_08031981F_102023,MAFLRA_08031981F_102023,1,5504909745,maria.flores.000508@mail.com,2025-05-06
CNT_ANHEPE_21091991F_102022,ADM_ANHEPE_21091991F_102022,ANHEPE_21091991F_102022,1,5515891864,ana.hernandez.001295@mail.com,2024-07-30
CNT_SOFLGA_06081989F_102023,ADM_SOFLGA_06081989F_102023,SOFLGA_06081989F_102023,1,5550298285,sofia.flores.001400@mail.com,2024-06-04
CNT_LUSAFL_02101962M_032023,ADM_LUSAFL_02101962M_032023,LUSAFL_02101962M_032023,1,525516352114,luis.sanchez.000620@hospitalmail.com,2025-10-22
CNT_FEGACA_17041968F_012023,ADM_FEGACA_17041968F_012023,FEGACA_17041968F_012023,1,5544817359,fernanda.garcia.001521@gmail.com,2023-01-13
CNT_JOMAHE_05121934M_072023,ADM_JOMAHE_05121934M_072023,JOMAHE_05121934M_072023,1,5584854423,,2023-06-07
CNT_LAGAVA_09081947F_032020,ADM_LAGAVA_09081947F_032020,LAGAVA_09081947F_032020,1,525595828548,laura.garcia.001450@gmail.com,2025-10-20
CNT_CAVARO_15072012M_042023,ADM_CAVARO_15072012M_042023,CAVARO_15072012M_042023,1,5559369813,carlos.vargas.000285@gmail.com,2024-09-29
CNT_DAHEMA_25111990F_042022,ADM_DAHEMA_25111990F_042022,DAHEMA_25111990F_042022,1,5592020780,daniela.hernandez.000814@gmail.com,2024-03-25
CNT_LUTOGO_27101969F_112021,ADM_LUTOGO_27101969F_112021,LUTOGO_27101969F_112021,1,5561261,lucia.torres.000252@hospitalmail.com,2025-02-03
CNT_DAGOXX_06031955M_011900,ADM_DAGOXX_06031955M_011900,DAGOXX_06031955M_011900,1,55960189,,2023-11-21
CNT_DATOTO_01061968M_122021,ADM_DATOTO_01061968M_122021,DATOTO_01061968M_122021,1,55278288,daniel.torres.000743@gmail.com,2025-04-24
CNT_FEMAGO_28111998F_092020,ADM_FEMAGO_28111998F_092020,FEMAGO_28111998F_092020,1,5594246402,fernanda.martinez.002135@mail.com,2025-05-28
CNT_ALGAGO_12031972M_122022,ADM_ALGAGO_12031972M_122022,ALGAGO_12031972M_122022,1,5571478685,alejandro.garcia.000191@outlook.com,2024-10-16
CNT_JOFLCR_20091946M_062022,ADM_JOFLCR_20091946M_062022,JOFLCR_20091946M_062022,1,5510085674,jorge.flores.000887@outlook.com,2023-06-25
CNT_JORAPE_14031986M_092021,ADM_JORAPE_14031986M_092021,JORAPE_14031986M_092021,1,5513451556,jose.ramirez.001820@hospitalmail.com,2023-11-18
CNT_MARARA_12121966M_072021,ADM_MARARA_12121966M_072021,MARARA_12121966M_072021,1,5543171465,manuel.ramirez.000759@outlook.com,2025-09-20
CNT_EDSASA_02112020M_042022,ADM_EDSASA_02112020M_042022,EDSASA_02112020M_042022,1,5553308678,eduardo.sanchez.000645@mail.com,2023-03-08
CNT_DACRGO_16051989F_092023,ADM_DACRGO_16051989F_092023,DACRGO_16051989F_092023,1,525550806126,daniela.cruz.000435@mail.com,2024-06-25
CNT_RIVAGO_22031972M_042023,ADM_RIVAGO_22031972M_042023,RIVAGO_22031972M_042023,1,525554167506,ricardo.vargas.001382@gmail.com,2023-04-05
CNT_RISAMA_25082020M_122023,ADM_RISAMA_25082020M_122023,RISAMA_25082020M_122023,1,525561242212,ricardo.sanchez.002203@hospitalmail.com,2025-07-05
CNT_JUTORA_22051947M_012020,ADM_JUTORA_22051947M_012020,JUTORA_22051947M_012020,1,5538097674,juan.torres.001322@outlook.com,2025-07-14
CNT_MAROCA_17021996M_052023,ADM_MAROCA_17021996M_052023,MAROCA_17021996M_052023,1,5527837250,manuel.rodriguez.001575@hospitalmail.com,2025-01-29
CNT_JOFLSA_30052015M_102021,ADM_JOFLSA_30052015M_102021,JOFLSA_30052015M_102021,1,525590857086,jose.flores.001119@hospitalmail.com,2025-01-12
CNT_GARASA_02051979F_042021,ADM_GARASA_02051979F_042021,GARASA_02051979F_042021,1,5532327230,gabriela.ramirez.001677@outlook.com,2025-06-13
CNT_ELCRHE_20101950F_082022,ADM_ELCRHE_20101950F_082022,ELCRHE_20101950F_082022,1,5566511062,elena.cruz.001288@gmail.com,2025-07-24
CNT_MAHETO_12101934F_012020,ADM_MAHETO_12101934F_012020,MAHETO_12101934F_012020,1,5547438188,maria.hernandez.000832@outlook.com,2023-07-14
CNT_DAMAMA_16071987M_032022,ADM_DAMAMA_16071987M_032022,DAMAMA_16071987M_032022,1,5516828,daniel.martinez.002219@outlook.com,2024-08-24
CNT_RIGASA_02051999M_082023,ADM_RIGASA_02051999M_082023,RIGASA_02051999M_082023,1,5519795410,ricardo.garcia.001104@mail.com,2025-09-20
CNT_CARAHE_18051954F_102022,ADM_CARAHE_18051954F_102022,CARAHE_18051954F_102022,1,5566424505,carmen.ramirez.000931@gmail.com,2025-04-20
CNT_RISAHE_21052005M_102023,ADM_RISAHE_21052005M_102023,RISAHE_21052005M_102023,1,5530928774,ricardo.sanchez.001096@hospitalmail.com,2025-12-31
CNT_RIGOVA_07021994M_102022,ADM_RIGOVA_07021994M_102022,RIGOVA_07021994M_102022,1,5586633667,ricardo.gonzalez.001383@mail.com,2025-11-17
CNT_CAPECA_20071967M_062022,ADM_CAPECA_20071967M_062022,CAPECA_20071967M_062022,1,525586354407,carlos.perez.001901@hospitalmail.com,2025-11-21
CNT_ELCAVA_29011991F_042021,ADM_ELCAVA_29011991F_042021,ELCAVA_29011991F_042021,1,5577277755,elena.castillo.001597@mail.com,2025-12-07
CNT_DACRRA_25121997M_102023,ADM_DACRRA_25121997M_102023,DACRRA_25121997M_102023,1,525590693483,daniel.cruz.000961@outlook.com,2025-04-01
CNT_VAMATO_17022003F_042022,ADM_VAMATO_17022003F_042022,VAMATO_17022003F_042022,1,5524195330,valeria.martinez.000075@outlook.com,2025-03-28
CNT_JORAHE_23062000M_032023,ADM_JORAHE_23062000M_032023,JORAHE_23062000M_032023,1,5535824881,jorge.ramirez.000818@gmail.com,2024-07-02
CNT_JUVARA_13051984M_042023,ADM_JUVARA_13051984M_042023,JUVARA_13051984M_042023,1,5546665822,juan.vargas.000298@gmail.com,2025-12-31
CNT_PAGATO_08052024F_022020,ADM_PAGATO_08052024F_022020,PAGATO_08052024F_022020,1,525514739828,patricia.garcia.000199@mail.com,2024-08-16
CNT_CAROCR_14041966M_072021,ADM_CAROCR_14041966M_072021,CAROCR_14041966M_072021,1,525562184204,carlos.rodriguez.001128@mail.com,2024-12-14
CNT_PAGOHE_18091978F_072023,ADM_PAGOHE_18091978F_072023,PAGOHE_18091978F_072023,1,5517064823,patricia.gonzalez.001272@outlook.com,2025-11-16
CNT_FEGORA_01081987M_032021,ADM_FEGORA_01081987M_032021,FEGORA_01081987M_032021,1,550335439,fernando.gonzalez.002238@outlook.com,2023-04-07
CNT_SOVACR_15071982F_102023,ADM_SOVACR_15071982F_102023,SOVACR_15071982F_102023,1,5595106780,,2023-10-08
CNT_EXRAPE_02122000F_092020,ADM_EXRAPE_02122000F_092020,EXRAPE_02122000F_092020,1,5592520269,elena.ramirez.002119@mail.com,2024-01-22
CNT_LULOXX_27091976M_022023,ADM_LULOXX_27091976M_022023,LULOXX_27091976M_022023,1,5512451481,luis.lopez.001564@gmail.com,2023-02-03
CNT_PAGASA_06061972F_052020,ADM_PAGASA_06061972F_052020,PAGASA_06061972F_052020,1,55860855,patricia.garcia.001033@gmail.com,2025-12-10
CNT_MIPERO_27081994M_012023,ADM_MIPERO_27081994M_012023,MIPERO_27081994M_012023,1,525538821369,miguel.perez.000310@outlook.com,2025-12-10
CNT_JOCRFL_19091989M_072020,ADM_JOCRFL_19091989M_072020,JOCRFL_19091989M_072020,1,5503398211,jorge.cruz.000511@hospitalmail.com,2025-11-27
CNT_EDPEGA_30031961M_012023,ADM_EDPEGA_30031961M_012023,EDPEGA_30031961M_012023,1,5510029892,eduardo.perez.000684@hospitalmail.com,2024-02-15
CNT_EDMASA_24112005M_102020,ADM_EDMASA_24112005M_102020,EDMASA_24112005M_102020,1,5563745069,eduardo.martinez.000773@gmail.com,2025-10-10
CNT_GAPELO_06122007F_042023,ADM_GAPELO_06122007F_042023,GAPELO_06122007F_042023,1,525511725070,gabriela.perez.001379@hospitalmail.com,2025-10-06
CNT_DAFLCA_22101955F_012023,ADM_DAFLCA_22101955F_012023,DAFLCA_22101955F_012023,1,5555776588,daniela.flores.000502@outlook.com,2024-09-28
CNT_ALROSA_15071967M_052021,ADM_ALROSA_15071967M_052021,ALROSA_15071967M_052021,1,5534928139,alejandro.rodriguez.001629@gmail.com,2024-10-27
CNT_EDPESA_19041996M_092022,ADM_EDPESA_19041996M_092022,EDPESA_19041996M_092022,1,5567123981,eduardo.perez.000112@hospitalmail.com,2025-03-17
CNT_LASAPE_15111958F_092023,ADM_LASAPE_15111958F_092023,LASAPE_15111958F_092023,1,525506029718,laura.sanchez.000762@outlook.com,2025-11-22
CNT_FEFLFL_08082011M_082022,ADM_FEFLFL_08082011M_082022,FEFLFL_08082011M_082022,1,5544883240,fernando.flores.001998@mail.com,2025-09-30
CNT_CAROFL_30092019F_072023,ADM_CAROFL_30092019F_072023,CAROFL_30092019F_072023,1,5570332461,carmen.rodriguez.000810@mail.com,2024-07-11
CNT_SOGOCR_11101949F_072021,ADM_SOGOCR_11101949F_072021,SOGOCR_11101949F_072021,1,5506815,sofia.gonzalez.001983@hospitalmail.com,2024-08-09
CNT_SOCRVA_11042002F_012023,ADM_SOCRVA_11042002F_012023,SOCRVA_11042002F_012023,1,5512323151,sofia.cruz.001975@mail.com,2024-03-19
CNT_GAMAVA_05012017F_102023,ADM_GAMAVA_05012017F_102023,GAMAVA_05012017F_102023,1,5500081524,gabriela.martinez.000902@hospitalmail.com,2024-05-26
CNT_MIFLMA_16061970M_102020,ADM_MIFLMA_16061970M_102020,MIFLMA_16061970M_102020,1,5567427875,miguel.flores.001353@gmail.com,2025-06-28
CNT_FEGAMA_26051966M_112021,ADM_FEGAMA_26051966M_112021,FEGAMA_26051966M_112021,1,5548827062,fernando.garcia.000017@hospitalmail.com,2025-10-26
CNT_ANHEVA_21111955F_092022,ADM_ANHEVA_21111955F_092022,ANHEVA_21111955F_092022,1,5578008221,ana.hernandez.001959@outlook.com,2025-05-08
CNT_MAFLRA_22051964F_052020,ADM_MAFLRA_22051964F_052020,MAFLRA_22051964F_052020,1,5552720948,maria.flores.000825@hospitalmail.com,2024-02-01
CNT_DATORO_14071969F_072023,ADM_DATORO_14071969F_072023,DATORO_14071969F_072023,1,5578008767,daniela.torres.001349@outlook.com,2025-04-12
CNT_PALOCA_10061997F_032021,ADM_PALOCA_10061997F_032021,PALOCA_10061997F_032021,1,5539634485,patricia.lopez.002060@hospitalmail.com,2025-07-19
CNT_ALTOVA_10032004M_062022,ADM_ALTOVA_10032004M_062022,ALTOVA_10032004M_062022,1,5559993270,alejandro.torres.001952@mail.com,2025-04-21
CNT_JOHEVA_04081998M_062021,ADM_JOHEVA_04081998M_062021,JOHEVA_04081998M_062021,1,5554979225,jorge.hernandez.001497@hospitalmail.com,2025-02-19
CNT_MICRPE_09021973M_072020,ADM_MICRPE_09021973M_072020,MICRPE_09021973M_072020,1,5551570324,,2023-06-02
CNT_DASAMA_29101968F_032023,ADM_DASAMA_29101968F_032023,DASAMA_29101968F_032023,1,5517554818,daniela.sanchez.001430@outlook.com,2025-12-19
CNT_ALMARA_26081991M_032023,ADM_ALMARA_26081991M_032023,ALMARA_26081991M_032023,1,5572200357,alejandro.martinez.001855@mail.com,2025-04-19
CNT_ANGOLO_04031971F_082020,ADM_ANGOLO_04031971F_082020,ANGOLO_04031971F_082020,1,5572732083,ana.gonzalez.000278@hospitalmail.com,2024-08-13
CNT_LUHEGA_11092001M_032020,ADM_LUHEGA_11092001M_032020,LUHEGA_11092001M_032020,1,5550782758,luis.hernandez.001426@outlook.com,2024-05-24
CNT_VARASA_31051976F_062021,ADM_VARASA_31051976F_062021,VARASA_31051976F_062021,1,5546196341,valeria.ramirez.000682@outlook.com,2025-03-31
CNT_LUFLCR_20021936F_062022,ADM_LUFLCR_20021936F_062022,LUFLCR_20021936F_062022,1,5548027742,lucia.flores.001634@mail.com,2025-04-07
CNT_ALLOHE_03011994M_082023,ADM_ALLOHE_03011994M_082023,ALLOHE_03011994M_082023,1,5581431624,alejandro.lopez.000352@gmail.com,2023-11-26
CNT_FEPETO_04101993F_042023,ADM_FEPETO_04101993F_042023,FEPETO_04101993F_042023,1,525584880649,fernanda.perez.001535@outlook.com,2023-12-28
CNT_DACACA_22081981F_122022,ADM_DACACA_22081981F_122022,DACACA_22081981F_122022,1,5585002657,daniela.castillo.000905@outlook.com,2025-03-20
CNT_FEHEGA_21021968M_122021,ADM_FEHEGA_21021968M_122021,FEHEGA_21021968M_122021,1,525580396497,fernando.hernandez.000975@mail.com,2025-07-15
CNT_MICRSA_18061988M_082020,ADM_MICRSA_18061988M_082020,MICRSA_18061988M_082020,1,525510626098,miguel.cruz.001251@hospitalmail.com,2025-08-26
CNT_MIFLLO_12101949M_012023,ADM_MIFLLO_12101949M_012023,MIFLLO_12101949M_012023,1,5549001028,miguel.flores.000510@mail.com,2023-01-05
CNT_GAROTO_30092005F_022023,ADM_GAROTO_30092005F_022023,GAROTO_30092005F_022023,1,525528659390,gabriela.rodriguez.000599@hospitalmail.com,2023-02-01
CNT_ALSAPE_29061979M_102021,ADM_ALSAPE_29061979M_102021,ALSAPE_29061979M_102021,1,,alejandro.sanchez.000702@outlook.com,2023-10-21
CNT_VASARO_18061969F_062023,ADM_VASARO_18061969F_062023,VASARO_18061969F_062023,1,5501124520,valeria.sanchez.001047@mail.com,2025-09-27
CNT_JUMARA_19072024M_042022,ADM_JUMARA_19072024M_042022,JUMARA_19072024M_042022,1,525569238215,juan.martinez.001068@hospitalmail.com,2025-07-12
CNT_SOPECR_29011989F_082023,ADM_SOPECR_29011989F_082023,SOPECR_29011989F_082023,1,5520841948,sofia.perez.001318@gmail.com,2023-08-15
CNT_MAMAFL_28091996M_112023,ADM_MAMAFL_28091996M_112023,MAMAFL_28091996M_112023,1,5502835701,manuel.martinez.001635@mail.com,2025-03-22
CNT_MIVAMA_07011972M_102020,ADM_MIVAMA_07011972M_102020,MIVAMA_07011972M_102020,1,5553189333,miguel.vargas.001830@outlook.com,2025-11-27
CNT_EDTOFL_15072004M_042021,ADM_EDTOFL_15072004M_042021,EDTOFL_15072004M_042021,1,5551873647,eduardo.torres.000410@hospitalmail.com,2025-12-05
CNT_SOCRVA_06111977F_022020,ADM_SOCRVA_06111977F_022020,SOCRVA_06111977F_022020,1,5535880348,sofia.cruz.000319@outlook.com,2024-06-18
CNT_ELCRVA_20041940F_082023,ADM_ELCRVA_20041940F_082023,ELCRVA_20041940F_082023,1,5569937622,elena.cruz.002038@outlook.com,2023-08-02
CNT_JUCALO_20081938M_112023,ADM_JUCALO_20081938M_112023,JUCALO_20081938M_112023,1,5507598174,juan.castillo.001752@mail.com,2024-09-14
CNT_LURAGO_14102023M_032023,ADM_LURAGO_14102023M_032023,LURAGO_14102023M_032023,1,5539001743,luis.ramirez.001339@hospitalmail.com,2025-10-28
CNT_LAPELO_17071961F_122022,ADM_LAPELO_17071961F_122022,LAPELO_17071961F_122022,1,5566599636,,2023-07-25
CNT_ANPEGO_26011954F_092021,ADM_ANPEGO_26011954F_092021,ANPEGO_26011954F_092021,1,5595149744,,2023-05-13
CNT_GARAPE_23101997F_112020,ADM_GARAPE_23101997F_112020,GARAPE_23101997F_112020,1,5595934255,gabriela.ramirez.002185@hospitalmail.com,2025-09-10
CNT_FEGALO_19032006F_022023,ADM_FEGALO_19032006F_022023,FEGALO_19032006F_022023,1,5582496070,fernanda.garcia.001039@gmail.com,2025-09-15
CNT_LUGOMA_01061994F_102023,ADM_LUGOMA_01061994F_102023,LUGOMA_01061994F_102023,1,525585363746,lucia.gonzalez.002033@gmail.com,2023-10-27
CNT_ALCAVA_15021969M_082020,ADM_ALCAVA_15021969M_082020,ALCAVA_15021969M_082020,1,5588549864,alejandro.castillo.002230@mail.com,2023-11-29
CNT_ANVAPE_09121966F_122022,ADM_ANVAPE_09121966F_122022,ANVAPE_09121966F_122022,1,5535906392,,2023-03-20
CNT_GACAGO_13061996F_012021,ADM_GACAGO_13061996F_012021,GACAGO_13061996F_012021,1,5572616892,gabriela.castillo.002108@outlook.com,2024-11-24
CNT_LUGAMA_13061985M_072020,ADM_LUGAMA_13061985M_072020,LUGAMA_13061985M_072020,1,5559494740,luis.garcia.001917@outlook.com,2024-11-29
CNT_JOMASA_29121966M_072023,ADM_JOMASA_29121966M_072023,JOMASA_29121966M_072023,0,,,
CNT_LUGARA_15031946F_052023,ADM_LUGARA_15031946F_052023,LUGARA_15031946F_052023,1,5545496815,lucia.garcia.000606@gmail.com,2024-07-29
CNT_GXFLCR_30091968F_012020,ADM_GXFLCR_30091968F_012020,GXFLCR_30091968F_012020,1,525512787471,gabriela.flores.001618@mail.com,2023-06-20
CNT_CATOPE_26011998M_072023,ADM_CATOPE_26011998M_072023,CATOPE_26011998M_072023,1,5577588102,carlos.torres.001925@gmail.com,2025-11-21
CNT_JOHETO_18072000M_052023,ADM_JOHETO_18072000M_052023,JOHETO_18072000M_052023,1,525548498182,,2023-05-28
CNT_FEVAGO_31121974F_112021,ADM_FEVAGO_31121974F_112021,FEVAGO_31121974F_112021,1,5578494744,fernanda.vargas.001789@gmail.com,2025-04-26
CNT_JUPEGO_03121971M_022023,ADM_JUPEGO_03121971M_022023,JUPEGO_03121971M_022023,1,5569145117,juan.perez.001519@mail.com,2024-07-03
CNT_MATOGA_30061972F_102021,ADM_MATOGA_30061972F_102021,MATOGA_30061972F_102021,1,5503788145,maria.torres.000059@outlook.com,2023-05-21
CNT_DARORA_15121966F_072022,ADM_DARORA_15121966F_072022,DARORA_15121966F_072022,1,5531847288,daniela.rodriguez.001108@outlook.com,2025-06-03
CNT_RISALO_13041983M_062023,ADM_RISALO_13041983M_062023,RISALO_13041983M_062023,1,5505612948,ricardo.sanchez.001071@hospitalmail.com,2023-05-29
CNT_ELSATO_21121968F_102020,ADM_ELSATO_21121968F_102020,ELSATO_21121968F_102020,1,5592518478,elena.sanchez.000956@outlook.com,2024-09-13
CNT_DAMAPE_31011991F_042020,ADM_DAMAPE_31011991F_042020,DAMAPE_31011991F_042020,1,525565619719,daniela.martinez.001816@hospitalmail.com,2025-05-14
CNT_FEMAVA_21121950F_062022,ADM_FEMAVA_21121950F_062022,FEMAVA_21121950F_062022,1,5527056767,fernanda.martinez.001757@outlook.com,2024-05-21
CNT_MATOGO_30101970M_052022,ADM_MATOGO_30101970M_052022,MATOGO_30101970M_052022,1,55179998,manuel.torres.000313@mail.com,2024-12-01
CNT_ANCRLO_06072006F_012023,ADM_ANCRLO_06072006F_012023,ANCRLO_06072006F_012023,1,5579537905,ana.cruz.000375@outlook.com,2025-04-15
CNT_CAGORO_25012005F_012020,ADM_CAGORO_25012005F_012020,CAGORO_25012005F_012020,1,5517084416,carmen.gonzalez.001042@outlook.com,2023-12-28
CNT_ELFLSA_11051984F_042021,ADM_ELFLSA_11051984F_042021,ELFLSA_11051984F_042021,1,5569920421,,2023-07-18
CNT_MICATO_25041994M_082021,ADM_MICATO_25041994M_082021,MICATO_25041994M_082021,1,5598217774,miguel.castillo.001544@gmail.com,2025-12-27
CNT_VAFLSA_18121973F_032021,ADM_VAFLSA_18121973F_032021,VAFLSA_18121973F_032021,1,5532557114,valeria.flores.000451@mail.com,2024-08-14
CNT_FXGOFL_09041991M_022023,ADM_FXGOFL_09041991M_022023,FXGOFL_09041991M_022023,1,5552161671,fernando.gonzalez.000295@outlook.com,2023-02-06
CNT_ELTOGA_25021992F_052023,ADM_ELTOGA_25021992F_052023,ELTOGA_25021992F_052023,1,5513341009,elena.torres.001972@gmail.com,2025-01-06
CNT_DACASA_04111998M_122022,ADM_DACASA_04111998M_122022,DACASA_04111998M_122022,1,525582332188,daniel.castillo.000831@gmail.com,2024-09-27
CNT_SOROSA_21011967F_122023,ADM_SOROSA_21011967F_122023,SOROSA_21011967F_122023,1,5584833312,sofia.rodriguez.000219@gmail.com,2023-12-27
CNT_VASACR_26111992F_082020,ADM_VASACR_26111992F_082020,VASACR_26111992F_082020,1,5566947006,valeria.sanchez.001481@gmail.com,2024-12-06
CNT_JUVAFL_26051989M_102021,ADM_JUVAFL_26051989M_102021,JUVAFL_26051989M_102021,1,5551115212,juan.vargas.000163@mail.com,2025-03-01
CNT_MATOXX_29081958F_102023,ADM_MATOXX_29081958F_102023,MATOXX_29081958F_102023,1,5530163643,maria.torres.001003@gmail.com,2023-10-15
CNT_SOHEGA_05102005F_052023,ADM_SOHEGA_05102005F_052023,SOHEGA_05102005F_052023,1,5575889529,sofia.hernandez.000203@hospitalmail.com,2025-07-26
CNT_DAGOSA_12021978M_012023,ADM_DAGOSA_12021978M_012023,DAGOSA_12021978M_012023,1,5505488115,daniel.gonzalez.001856@hospitalmail.com,2025-05-09
CNT_LARAHE_09051952F_062023,ADM_LARAHE_09051952F_062023,LARAHE_09051952F_062023,1,5571618328,laura.ramirez.001665@hospitalmail.com,2025-12-13
CNT_FEGOXX_09041991M_012023,ADM_FEGOXX_09041991M_012023,FEGOXX_09041991M_012023,1,525552161671,,2023-01-05
CNT_LUHEPE_28012024F_102021,ADM_LUHEPE_28012024F_102021,LUHEPE_28012024F_102021,1,525556783709,lucia.hernandez.000374@mail.com,2025-10-05
CNT_ELCRRA_07102001F_052021,ADM_ELCRRA_07102001F_052021,ELCRRA_07102001F_052021,1,525581370539,elena.cruz.000610@mail.com,2023-05-01
CNT_VAGOMA_23122023F_011900,ADM_VAGOMA_23122023F_011900,VAGOMA_23122023F_011900,1,525514767592,,2023-01-29
CNT_DASASA_20121973M_042022,ADM_DASASA_20121973M_042022,DASASA_20121973M_042022,1,5528020815,daniel.sanchez.002055@outlook.com,2025-01-30
CNT_MAPEVA_29041947M_042023,ADM_MAPEVA_29041947M_042023,MAPEVA_29041947M_042023,1,525528214046,manuel.perez.002054@outlook.com,2023-09-05
CNT_ALVAHE_04111937M_082023,ADM_ALVAHE_04111937M_082023,ALVAHE_04111937M_082023,1,5597620903,alejandro.vargas.001674@mail.com,2024-10-13
CNT_ALPERA_28092000M_062020,ADM_ALPERA_28092000M_062020,ALPERA_28092000M_062020,1,525543083279,alejandro.perez.000647@outlook.com,2024-09-28
CNT_SOFLXX_27061986F_011900,ADM_SOFLXX_27061986F_011900,SOFLXX_27061986F_011900,1,525571986914,,2023-05-19
CNT_JOCAGO_20091996M_042020,ADM_JOCAGO_20091996M_042020,JOCAGO_20091996M_042020,1,525564787953,jorge.castillo.001898@gmail.com,2024-04-22
CNT_LARATO_27071967F_012023,ADM_LARATO_27071967F_012023,LARATO_27071967F_012023,1,525551523465,laura.ramirez.001023@outlook.com,2025-01-25
CNT_LXGARO_10061941F_042020,ADM_LXGARO_10061941F_042020,LXGARO_10061941F_042020,1,5520037422,lucia.garcia.001386@gmail.com,2023-10-07
CNT_CAFLRA_29111993M_042023,ADM_CAFLRA_29111993M_042023,CAFLRA_29111993M_042023,1,5512425990,carlos.flores.001788@gmail.com,2025-09-14
CNT_JUHECA_15051938M_052023,ADM_JUHECA_15051938M_052023,JUHECA_15051938M_052023,1,5578559050,juan.hernandez.001143@outlook.com,2023-05-18
CNT_LUPEFL_11061971F_082022,ADM_LUPEFL_11061971F_082022,LUPEFL_11061971F_082022,1,5590632902,lucia.perez.002057@mail.com,2025-01-19
CNT_DAHEVA_06051981F_092023,ADM_DAHEVA_06051981F_092023,DAHEVA_06051981F_092023,1,5560140502,daniela.hernandez.001141@mail.com,2023-09-12
CNT_MIMAMA_08111953M_092020,ADM_MIMAMA_08111953M_092020,MIMAMA_08111953M_092020,1,5566917616,miguel.martinez.000894@mail.com,2025-11-13
CNT_DAMACR_29091997F_032021,ADM_DAMACR_29091997F_032021,DAMACR_29091997F_032021,1,5504930909,daniela.martinez.001048@gmail.com,2023-05-30
CNT_LAVACR_06101966F_022020,ADM_LAVACR_06101966F_022020,LAVACR_06101966F_022020,1,5501958051,laura.vargas.000964@hospitalmail.com,2024-08-15
CNT_MAPECA_03071993M_112020,ADM_MAPECA_03071993M_112020,MAPECA_03071993M_112020,1,5553797538,manuel.perez.001676@mail.com,2024-05-21
CNT_MIRAPE_13121945M_112022,ADM_MIRAPE_13121945M_112022,MIRAPE_13121945M_112022,1,5564844987,miguel.ramirez.001410@outlook.com,2025-03-29
CNT_MASASA_21081971M_092023,ADM_MASASA_21081971M_092023,MASASA_21081971M_092023,1,5503416141,manuel.sanchez.001019@mail.com,2025-10-08
CNT_DATOMA_09071983F_092021,ADM_DATOMA_09071983F_092021,DATOMA_09071983F_092021,1,5547899867,daniela.torres.000424@hospitalmail.com,2025-06-15
CNT_JOROCR_23042009M_042022,ADM_JOROCR_23042009M_042022,JOROCR_23042009M_042022,1,5560142528,jose.rodriguez.000443@mail.com,2025-06-19
CNT_VAVAMA_07031999F_032022,ADM_VAVAMA_07031999F_032022,VAVAMA_07031999F_032022,1,525599580043,valeria.vargas.002087@mail.com,2025-10-10
CNT_JOPEVA_16042021M_092023,ADM_JOPEVA_16042021M_092023,JOPEVA_16042021M_092023,1,5510773749,jorge.perez.001527@gmail.com,2024-06-07
CNT_VALOPE_08121995F_092022,ADM_VALOPE_08121995F_092022,VALOPE_08121995F_092022,1,5520468444,valeria.lopez.001626@gmail.com,2023-05-30
CNT_DACACR_02021941F_122022,ADM_DACACR_02021941F_122022,DACACR_02021941F_122022,1,525562270159,daniela.castillo.001686@mail.com,2025-05-21
CNT_ANFLCA_14051942F_052020,ADM_ANFLCA_14051942F_052020,ANFLCA_14051942F_052020,1,5521230658,ana.flores.001508@gmail.com,2024-09-28
CNT_LUSAPE_15051958M_062023,ADM_LUSAPE_15051958M_062023,LUSAPE_15051958M_062023,1,5597049717,luis.sanchez.001196@hospitalmail.com,2025-03-06
CNT_EDGOVA_14011961M_092023,ADM_EDGOVA_14011961M_092023,EDGOVA_14011961M_092023,1,525568747329,,2023-09-15
CNT_PAMARA_09071964F_022020,ADM_PAMARA_09071964F_022020,PAMARA_09071964F_022020,1,5547276176,patricia.martinez.000614@hospitalmail.com,2024-09-15
CNT_DACRCR_17061980M_072022,ADM_DACRCR_17061980M_072022,DACRCR_17061980M_072022,1,5526610332,daniel.cruz.001239@outlook.com,2024-11-27
CNT_SOCRTO_09061976F_042022,ADM_SOCRTO_09061976F_042022,SOCRTO_09061976F_042022,1,5517341177,sofia.cruz.001596@mail.com,2025-07-13
CNT_ELROVA_10121961F_102020,ADM_ELROVA_10121961F_102020,ELROVA_10121961F_102020,1,5527615835,elena.rodriguez.000738@gmail.com,2025-01-02
CNT_JORARA_21091995M_052022,ADM_JORARA_21091995M_052022,JORARA_21091995M_052022,1,525545900506,jose.ramirez.001392@hospitalmail.com,2025-09-26
CNT_JOCAGA_01012008M_102020,ADM_JOCAGA_01012008M_102020,JOCAGA_01012008M_102020,1,5575609529,jorge.castillo.000523@gmail.com,2025-12-22
CNT_ANCALO_12061992F_122021,ADM_ANCALO_12061992F_122021,ANCALO_12061992F_122021,1,5586653059,ana.castillo.000656@outlook.com,2025-08-23
CNT_ALGOCA_09101962M_012023,ADM_ALGOCA_09101962M_012023,ALGOCA_09101962M_012023,1,5582023911,alejandro.gonzalez.001639@gmail.com,2025-02-08
CNT_ELCRCA_19041994F_112022,ADM_ELCRCA_19041994F_112022,ELCRCA_19041994F_112022,1,5553130101,elena.cruz.001095@outlook.com,2024-12-27
CNT_MIMALO_02071964M_012023,ADM_MIMALO_02071964M_012023,MIMALO_02071964M_012023,1,5511176656,miguel.martinez.000537@gmail.com,2025-01-03
CNT_ALRASA_11032001M_122022,ADM_ALRASA_11032001M_122022,ALRASA_11032001M_122022,1,5585385152,alejandro.ramirez.001449@mail.com,2024-05-30
CNT_JUROSA_26041958M_022021,ADM_JUROSA_26041958M_022021,JUROSA_26041958M_022021,1,5551036153,juan.rodriguez.001990@gmail.com,2023-05-27
CNT_VAFLVA_30031995F_012023,ADM_VAFLVA_30031995F_012023,VAFLVA_30031995F_012023,1,5538179598,valeria.flores.001454@gmail.com,2025-02-27
CNT_FEGAXX_17061957M_072023,ADM_FEGAXX_17061957M_072023,FEGAXX_17061957M_072023,1,5502708413,fernando.garcia.000865@mail.com,2023-01-28
CNT_JOCRVA_12031981M_052023,ADM_JOCRVA_12031981M_052023,JOCRVA_12031981M_052023,1,5534961879,jose.cruz.000557@outlook.com,2023-05-27
CNT_JOLOXX_08082003M_092023,ADM_JOLOXX_08082003M_092023,JOLOXX_08082003M_092023,1,5548282250,jose.lopez.001368@hospitalmail.com,2023-09-12
CNT_CACAGO_27011965M_062021,ADM_CACAGO_27011965M_062021,CACAGO_27011965M_062021,1,5530004300,carlos.castillo.001805@hospitalmail.com,2024-10-29
CNT_GACRMA_05102020F_092022,ADM_GACRMA_05102020F_092022,GACRMA_05102020F_092022,1,5558699294,gabriela.cruz.001595@gmail.com,2024-12-14
CNT_FEGORO_07091968M_042021,ADM_FEGORO_07091968M_042021,FEGORO_07091968M_042021,1,5588340667,fernando.gonzalez.000934@gmail.com,2023-03-12
CNT_EDSAMA_01031943M_072021,ADM_EDSAMA_01031943M_072021,EDSAMA_01031943M_072021,1,5530506169,eduardo.sanchez.000944@gmail.com,2025-12-31
CNT_JOTORO_16032000M_082023,ADM_JOTORO_16032000M_082023,JOTORO_16032000M_082023,1,525530398897,jose.torres.001488@mail.com,2025-03-29
CNT_SOPERA_04102006F_062023,ADM_SOPERA_04102006F_062023,SOPERA_04102006F_062023,1,5530452576,sofia.perez.001875@outlook.com,2024-08-20
CNT_DATOVA_25021961F_012023,ADM_DATOVA_25021961F_012023,DATOVA_25021961F_012023,1,55175239,daniela.torres.000798@gmail.com,2023-01-30
CNT_PAVATO_27072001F_012021,ADM_PAVATO_27072001F_012021,PAVATO_27072001F_012021,1,5592124166,patricia.vargas.001895@outlook.com,2023-07-19
CNT_FEGAPE_28111998F_102022,ADM_FEGAPE_28111998F_102022,FEGAPE_28111998F_102022,1,55927150,fernanda.garcia.002009@mail.com,2025-12-31
CNT_JOFLRO_27071936M_082020,ADM_JOFLRO_27071936M_082020,JOFLRO_27071936M_082020,1,5567696447,jose.flores.000609@hospitalmail.com,2025-03-05
CNT_ANRAMA_28012013F_062021,ADM_ANRAMA_28012013F_062021,ANRAMA_28012013F_062021,1,5577471521,ana.ramirez.001798@outlook.com,2023-04-24
CNT_FELOCR_16111962F_082022,ADM_FELOCR_16111962F_082022,FELOCR_16111962F_082022,1,5539562273,fernanda.lopez.001851@hospitalmail.com,2025-09-04
CNT_CACRFL_13041964F_042022,ADM_CACRFL_13041964F_042022,CACRFL_13041964F_042022,1,5589776777,carmen.cruz.000223@gmail.com,2024-12-30
CNT_MIGARO_02021996M_052023,ADM_MIGARO_02021996M_052023,MIGARO_02021996M_052023,1,5537062927,miguel.garcia.000449@mail.com,2023-05-18
CNT_LAPELO_11031963F_032022,ADM_LAPELO_11031963F_032022,LAPELO_11031963F_032022,1,5543009001,laura.perez.001137@outlook.com,2024-12-03
CNT_LUPECR_23121957M_052021,ADM_LUPECR_23121957M_052021,LUPECR_23121957M_052021,1,5541084459,luis.perez.001919@outlook.com,2025-02-06
CNT_ELGAFL_20102021F_042022,ADM_ELGAFL_20102021F_042022,ELGAFL_20102021F_042022,1,525582693869,elena.garcia.001374@gmail.com,2024-03-07
CNT_JUPEGA_15041944M_062020,ADM_JUPEGA_15041944M_062020,JUPEGA_15041944M_062020,1,,juan.perez.001957@mail.com,2023-07-02
CNT_LUGAGA_23021991M_012023,ADM_LUGAGA_23021991M_012023,LUGAGA_23021991M_012023,1,5572834321,luis.garcia.000385@hospitalmail.com,2025-04-23
CNT_MAPEHE_21041972M_122022,ADM_MAPEHE_21041972M_122022,MAPEHE_21041972M_122022,1,,manuel.perez.002178@outlook.com,2023-07-06
CNT_DXROTO_11021990M_032023,ADM_DXROTO_11021990M_032023,DXROTO_11021990M_032023,1,525566546858,,2023-03-03
CNT_MIROHE_24021973M_032023,ADM_MIROHE_24021973M_032023,MIROHE_24021973M_032023,1,5597092837,miguel.rodriguez.000160@gmail.com,2024-03-24
CNT_EDTOPE_16061999M_022020,ADM_EDTOPE_16061999M_022020,EDTOPE_16061999M_022020,1,5565084107,eduardo.torres.002200@hospitalmail.com,2025-02-15
CNT_GAROCA_11082009F_022023,ADM_GAROCA_11082009F_022023,GAROCA_11082009F_022023,1,5506592852,gabriela.rodriguez.001877@gmail.com,2024-12-15
CNT_RICRRA_30081973M_072023,ADM_RICRRA_30081973M_072023,RICRRA_30081973M_072023,1,525599048333,ricardo.cruz.002226@gmail.com,2024-12-24
CNT_ALFLGA_28041941M_042021,ADM_ALFLGA_28041941M_042021,ALFLGA_28041941M_042021,1,525532041012,alejandro.flores.001547@mail.com,2023-12-08
CNT_SOLOCA_21072000F_122020,ADM_SOLOCA_21072000F_122020,SOLOCA_21072000F_122020,1,525523982626,sofia.lopez.001698@mail.com,2025-07-13
CNT_ALROTO_11071985M_102021,ADM_ALROTO_11071985M_102021,ALROTO_11071985M_102021,1,5595121085,alejandro.rodriguez.001543@gmail.com,2025-07-18
CNT_PAPETO_06011967F_072023,ADM_PAPETO_06011967F_072023,PAPETO_06011967F_072023,1,55525128,patricia.perez.001347@outlook.com,2025-07-31
CNT_SOVAFL_18072019F_092023,ADM_SOVAFL_18072019F_092023,SOVAFL_18072019F_092023,1,5599934846,sofia.vargas.001064@outlook.com,2023-09-09
CNT_EDTOVA_17071984M_052023,ADM_EDTOVA_17071984M_052023,EDTOVA_17071984M_052023,1,5530085781,,2023-05-23
CNT_MIMAXX_12121993M_102020,ADM_MIMAXX_12121993M_102020,MIMAXX_12121993M_102020,1,5570227353,miguel.martinez.001721@hospitalmail.com,2023-03-07
CNT_GAMAGO_02081937F_122023,ADM_GAMAGO_02081937F_122023,GAMAGO_02081937F_122023,1,525520423287,gabriela.martinez.002059@outlook.com,2025-01-21
CNT_FETOLO_05061966M_032023,ADM_FETOLO_05061966M_032023,FETOLO_05061966M_032023,1,5513257518,fernando.torres.001824@gmail.com,2024-09-02
CNT_JOGORA_19061973M_052023,ADM_JOGORA_19061973M_052023,JOGORA_19061973M_052023,1,525596119965,jorge.gonzalez.000939@outlook.com,2023-08-26
CNT_RIGASA_25051953M_102021,ADM_RIGASA_25051953M_102021,RIGASA_25051953M_102021,1,5589084731,ricardo.garcia.001032@outlook.com,2025-04-04
CNT_EDTOHE_12081935M_102023,ADM_EDTOHE_12081935M_102023,EDTOHE_12081935M_102023,1,5552874204,eduardo.torres.001735@outlook.com,2024-12-19
CNT_ANVALO_23091976F_082021,ADM_ANVALO_23091976F_082021,ANVALO_23091976F_082021,1,525561732141,ana.vargas.002168@mail.com,2025-12-15
CNT_JOCRTO_10092015M_032022,ADM_JOCRTO_10092015M_032022,JOCRTO_10092015M_032022,1,5532717638,jose.cruz.000347@gmail.com,2025-09-16
CNT_EDRAPE_04081954M_092021,ADM_EDRAPE_04081954M_092021,EDRAPE_04081954M_092021,1,5568474111,eduardo.ramirez.000819@mail.com,2025-08-14
CNT_VAHERO_15031950F_032022,ADM_VAHERO_15031950F_032022,VAHERO_15031950F_032022,1,5538944045,valeria.hernandez.001591@outlook.com,2023-06-10
CNT_LAROMA_18051985F_022020,ADM_LAROMA_18051985F_022020,LAROMA_18051985F_022020,1,525554637375,laura.rodriguez.001447@hospitalmail.com,2025-11-20
CNT_MASAFL_15101986F_112022,ADM_MASAFL_15101986F_112022,MASAFL_15101986F_112022,1,5578914544,maria.sanchez.000430@gmail.com,2025-02-22
CNT_DAMAGO_21041968M_062023,ADM_DAMAGO_21041968M_062023,DAMAGO_21041968M_062023,1,5581603356,daniel.martinez.000448@gmail.com,2025-12-30
CNT_PAPEMA_12061987F_122022,ADM_PAPEMA_12061987F_122022,PAPEMA_12061987F_122022,1,5598533284,patricia.perez.001690@gmail.com,2023-02-23
CNT_CAGOMA_14101990F_082023,ADM_CAGOMA_14101990F_082023,CAGOMA_14101990F_082023,1,5574321281,carmen.gonzalez.000637@mail.com,2023-08-08
CNT_VACAFL_10121968F_052023,ADM_VACAFL_10121968F_052023,VACAFL_10121968F_052023,1,5560648902,valeria.castillo.000387@gmail.com,2023-05-08
CNT_LAPEGA_14121975F_042021,ADM_LAPEGA_14121975F_042021,LAPEGA_14121975F_042021,1,525506476264,laura.perez.001438@outlook.com,2023-06-22
CNT_ALPEGA_04011985M_102021,ADM_ALPEGA_04011985M_102021,ALPEGA_04011985M_102021,1,525540673718,alejandro.perez.001038@hospitalmail.com,2025-06-14
CNT_PATOVA_18062013F_052023,ADM_PATOVA_18062013F_052023,PATOVA_18062013F_052023,1,5501168758,patricia.torres.000966@mail.com,2025-01-15
CNT_JUSARO_31081987M_092022,ADM_JUSARO_31081987M_092022,JUSARO_31081987M_092022,1,525503540310,juan.sanchez.000361@gmail.com,2025-04-30
CNT_LALORA_22021989F_042022,ADM_LALORA_22021989F_042022,LALORA_22021989F_042022,1,5512278506,laura.lopez.002041@mail.com,2025-05-27
CNT_CXRALO_12101967F_122022,ADM_CXRALO_12101967F_122022,CXRALO_12101967F_122022,1,5576984201,carmen.ramirez.002206@outlook.com,2023-11-27
CNT_MIROVA_23011936M_012023,ADM_MIROVA_23011936M_012023,MIROVA_23011936M_012023,1,5572805988,miguel.rodriguez.000187@gmail.com,2023-01-20
CNT_CAFLGO_19021980F_102023,ADM_CAFLGO_19021980F_102023,CAFLGO_19021980F_102023,1,5540455683,,2023-10-02
CNT_MAMAXX_06091955F_062023,ADM_MAMAXX_06091955F_062023,MAMAXX_06091955F_062023,1,5537910217,maria.martinez.000089@mail.com,2023-06-16
CNT_CACRRA_19101964F_011900,ADM_CACRRA_19101964F_011900,CACRRA_19101964F_011900,1,5505044957,carmen.cruz.002184@outlook.com,2024-12-22
CNT_LUCRHE_06011991M_052023,ADM_LUCRHE_06011991M_052023,LUCRHE_06011991M_052023,1,5591193512,luis.cruz.000657@outlook.com,2025-07-27
CNT_DAROFL_26041938M_032023,ADM_DAROFL_26041938M_032023,DAROFL_26041938M_032023,1,5507893517,daniel.rodriguez.002046@outlook.com,2025-11-20
CNT_GAGOLO_23101961F_052022,ADM_GAGOLO_23101961F_052022,GAGOLO_23101961F_052022,1,5550475983,gabriela.gonzalez.000212@outlook.com,2025-05-30
CNT_ALMASA_13051942M_052023,ADM_ALMASA_13051942M_052023,ALMASA_13051942M_052023,1,5588581729,alejandro.martinez.000060@outlook.com,2025-07-24
CNT_ALGATO_01081950M_062020,ADM_ALGATO_01081950M_062020,ALGATO_01081950M_062020,1,5533015941,,2024-04-18
CNT_FERAPE_19051972F_052022,ADM_FERAPE_19051972F_052022,FERAPE_19051972F_052022,1,5500755642,fernanda.ramirez.001046@hospitalmail.com,2025-01-25
CNT_CAPETO_30091967M_032020,ADM_CAPETO_30091967M_032020,CAPETO_30091967M_032020,1,525587425232,carlos.perez.000301@outlook.com,2025-06-25
CNT_CAPETO_27081954F_112022,ADM_CAPETO_27081954F_112022,CAPETO_27081954F_112022,1,5576419261,carmen.perez.000536@gmail.com,2024-12-06
CNT_JOFLCR_26011971M_052023,ADM_JOFLCR_26011971M_052023,JOFLCR_26011971M_052023,1,5561414612,jorge.flores.001950@mail.com,2024-11-29
CNT_LAMAFL_16082007F_072021,ADM_LAMAFL_16082007F_072021,LAMAFL_16082007F_072021,1,5540511991,laura.martinez.001864@hospitalmail.com,2025-10-13
CNT_EDFLHE_10071976M_032022,ADM_EDFLHE_10071976M_032022,EDFLHE_10071976M_032022,1,5560707134,eduardo.flores.001262@hospitalmail.com,2025-07-15
CNT_ANHEFL_12071985F_062021,ADM_ANHEFL_12071985F_062021,ANHEFL_12071985F_062021,1,5594908780,ana.hernandez.000946@outlook.com,2025-11-22
CNT_LAPEXX_26101998F_102024,ADM_LAPEXX_26101998F_102024,LAPEXX_26101998F_102024,1,5531910362,,2024-10-08
CNT_JOGOLO_25081971M_102024,ADM_JOGOLO_25081971M_102024,JOGOLO_25081971M_102024,1,5519877731,jose.gonzalez.000665@gmail.com,2024-10-13
CNT_ALGASA_30111959M_032022,ADM_ALGASA_30111959M_032022,ALGASA_30111959M_032022,1,5558078939,alejandro.garcia.000974@gmail.com,2025-01-19
CNT_LUCATO_05101971F_012021,ADM_LUCATO_05101971F_012021,LUCATO_05101971F_012021,1,5590374162,lucia.castillo.000016@hospitalmail.com,2024-12-14
CNT_MXFLHE_17012007F_092021,ADM_MXFLHE_17012007F_092021,MXFLHE_17012007F_092021,1,525548591060,maria.flores.001360@outlook.com,2024-11-04
CNT_MAGOLO_07042010M_092024,ADM_MAGOLO_07042010M_092024,MAGOLO_07042010M_092024,1,5594113269,manuel.gonzalez.002188@hospitalmail.com,2024-12-29
CNT_CAPEGA_04061992M_092020,ADM_CAPEGA_04061992M_092020,CAPEGA_04061992M_092020,1,5594695923,carlos.perez.000747@hospitalmail.com,2024-09-15
CNT_CACAGO_18121992M_042020,ADM_CACAGO_18121992M_042020,CACAGO_18121992M_042020,1,5578614788,carlos.castillo.001493@gmail.com,2025-08-08
CNT_DXROPE_11102018M_052021,ADM_DXROPE_11102018M_052021,DXROPE_11102018M_052021,1,525596877035,daniel.rodriguez.000967@hospitalmail.com,2025-06-29
CNT_ANGASA_09051967F_012023,ADM_ANGASA_09051967F_012023,ANGASA_09051967F_012023,1,5552007687,ana.garcia.000744@mail.com,2024-12-27
CNT_EDHERO_30011976M_082020,ADM_EDHERO_30011976M_082020,EDHERO_30011976M_082020,1,525584766209,eduardo.hernandez.000040@outlook.com,2024-03-02
CNT_LASARO_08021966F_062022,ADM_LASARO_08021966F_062022,LASARO_08021966F_062022,1,525557121367,laura.sanchez.000844@hospitalmail.com,2024-11-24
CNT_VACAFL_25032000F_012021,ADM_VACAFL_25032000F_012021,VACAFL_25032000F_012021,1,5555006500,valeria.castillo.001320@outlook.com,2024-01-17
CNT_GALOSA_25071978F_062024,ADM_GALOSA_25071978F_062024,GALOSA_25071978F_062024,1,5553483885,,2024-06-02
CNT_RILORO_12051983M_032023,ADM_RILORO_12051983M_032023,RILORO_12051983M_032023,1,5591909864,ricardo.lopez.000331@outlook.com,2025-05-13
CNT_EDVACA_10021935M_102020,ADM_EDVACA_10021935M_102020,EDVACA_10021935M_102020,1,525548944834,eduardo.vargas.000728@hospitalmail.com,2025-02-19
CNT_GAFLLO_28031992F_072022,ADM_GAFLLO_28031992F_072022,GAFLLO_28031992F_072022,1,5519107300,gabriela.flores.001863@mail.com,2025-10-06
CNT_VALOVA_11042006F_082024,ADM_VALOVA_11042006F_082024,VALOVA_11042006F_082024,1,5577331368,valeria.lopez.000029@outlook.com,2025-12-25
CNT_FEFLMA_26041949M_032024,ADM_FEFLMA_26041949M_032024,FEFLMA_26041949M_032024,1,525547145784,fernando.flores.002097@hospitalmail.com,2024-05-31
CNT_EDROCA_07121994M_052021,ADM_EDROCA_07121994M_052021,EDROCA_07121994M_052021,1,5581968238,eduardo.rodriguez.001253@hospitalmail.com,2025-07-05
CNT_DAGOCR_08061975F_102020,ADM_DAGOCR_08061975F_102020,DAGOCR_08061975F_102020,1,525535116471,daniela.gonzalez.000345@hospitalmail.com,2024-02-08
CNT_DAGAFL_08112001F_112021,ADM_DAGAFL_08112001F_112021,DAGAFL_08112001F_112021,1,5500153497,daniela.garcia.001271@hospitalmail.com,2025-03-24
CNT_LUMARA_22041968M_042023,ADM_LUMARA_22041968M_042023,LUMARA_22041968M_042023,1,5598317693,luis.martinez.001490@hospitalmail.com,2025-11-26
CNT_LUVAMA_13042001M_032023,ADM_LUVAMA_13042001M_032023,LUVAMA_13042001M_032023,1,5588412672,luis.vargas.001681@hospitalmail.com,2025-08-03
CNT_LACRCA_23091973F_012024,ADM_LACRCA_23091973F_012024,LACRCA_23091973F_012024,1,5570270341,,2024-01-13
CNT_VAPECA_05101969F_102021,ADM_VAPECA_05101969F_102021,VAPECA_05101969F_102021,1,5565739965,valeria.perez.000575@gmail.com,2024-12-22
CNT_ANSAFL_28021993F_082023,ADM_ANSAFL_28021993F_082023,ANSAFL_28021993F_082023,1,5552480150,ana.sanchez.000862@hospitalmail.com,2024-08-11
CNT_MATORA_05071969M_072023,ADM_MATORA_05071969M_072023,MATORA_05071969M_072023,1,5500555501,manuel.torres.001237@mail.com,2025-04-14
CNT_CASASA_19071969F_112021,ADM_CASASA_19071969F_112021,CASASA_19071969F_112021,1,5503205443,carmen.sanchez.001613@mail.com,2025-09-14
CNT_MATORA_28041994F_032020,ADM_MATORA_28041994F_032020,MATORA_28041994F_032020,1,5590363909,maria.torres.001222@hospitalmail.com,2025-05-14
CNT_DATOGA_01111966F_082023,ADM_DATOGA_01111966F_082023,DATOGA_01111966F_082023,1,5576820871,daniela.torres.000518@outlook.com,2024-12-10
CNT_VAVAMA_18091997F_012023,ADM_VAVAMA_18091997F_012023,VAVAMA_18091997F_012023,1,5546375784,valeria.vargas.001102@outlook.com,2025-11-15
CNT_ELFLVA_09011980F_092023,ADM_ELFLVA_09011980F_092023,ELFLVA_09011980F_092023,1,5519529360,elena.flores.002017@hospitalmail.com,2024-10-31
CNT_PALOHE_27121937F_112021,ADM_PALOHE_27121937F_112021,PALOHE_27121937F_112021,1,525577043479,patricia.lopez.001398@gmail.com,2024-12-20
CNT_JORAPE_14091998M_072022,ADM_JORAPE_14091998M_072022,JORAPE_14091998M_072022,1,5504509712,jose.ramirez.000442@mail.com,2024-12-26
CNT_PAVARA_02091947F_032022,ADM_PAVARA_02091947F_032022,PAVARA_02091947F_032022,1,5538974904,patricia.vargas.000256@mail.com,2024-04-15
CNT_EDFLMA_05031961M_032023,ADM_EDFLMA_05031961M_032023,EDFLMA_05031961M_032023,1,5534970351,eduardo.flores.000664@outlook.com,2025-07-20
CNT_PAFLGA_19121999F_042021,ADM_PAFLGA_19121999F_042021,PAFLGA_19121999F_042021,1,5514714644,patricia.flores.001378@mail.com,2025-11-01
CNT_FEMATO_05011963M_072022,ADM_FEMATO_05011963M_072022,FEMATO_05011963M_072022,1,553084015,fernando.martinez.000659@mail.com,2024-06-09
CNT_LUGARO_30112019F_082022,ADM_LUGARO_30112019F_082022,LUGARO_30112019F_082022,1,5516599172,lucia.garcia.000118@gmail.com,2024-06-26
CNT_PARAHE_09041970F_102020,ADM_PARAHE_09041970F_102020,PARAHE_09041970F_102020,1,5594086698,patricia.ramirez.000617@gmail.com,2025-05-26
CNT_JUSACR_06071978M_032024,ADM_JUSACR_06071978M_032024,JUSACR_06071978M_032024,1,5503157633,juan.sanchez.000473@hospitalmail.com,2024-09-03
CNT_JOMAGO_18061938M_022022,ADM_JOMAGO_18061938M_022022,JOMAGO_18061938M_022022,1,5533512979,jorge.martinez.001417@outlook.com,2025-09-02
CNT_ALTOHE_02081992M_062025,ADM_ALTOHE_02081992M_062025,ALTOHE_02081992M_062025,1,525567929545,alejandro.torres.000399@hospitalmail.com,2025-06-20
CNT_SOTOCA_13062003F_022024,ADM_SOTOCA_13062003F_022024,SOTOCA_13062003F_022024,1,5511982076,sofia.torres.001860@gmail.com,2024-03-19
CNT_SORARO_30041971F_052024,ADM_SORARO_30041971F_052024,SORARO_30041971F_052024,1,5582071210,sofia.ramirez.000348@outlook.com,2024-07-14
CNT_CATOSA_27102019F_012022,ADM_CATOSA_27102019F_012022,CATOSA_27102019F_012022,1,525597231016,carmen.torres.001439@gmail.com,2025-11-25
CNT_PAFLCA_07011946F_032024,ADM_PAFLCA_07011946F_032024,PAFLCA_07011946F_032024,1,5547654650,patricia.flores.000571@mail.com,2025-05-01
CNT_MARAGO_18031950F_092024,ADM_MARAGO_18031950F_092024,MARAGO_18031950F_092024,1,5556014355,maria.ramirez.000413@outlook.com,2024-09-08
CNT_JOGOLO_09012003M_012020,ADM_JOGOLO_09012003M_012020,JOGOLO_09012003M_012020,1,5591300491,jorge.gonzalez.001518@hospitalmail.com,2025-12-09
CNT_PAPESA_11031957F_052023,ADM_PAPESA_11031957F_052023,PAPESA_11031957F_052023,1,5568630348,patricia.perez.000125@gmail.com,2024-10-25
CNT_EDRAHE_29121983M_052024,ADM_EDRAHE_29121983M_052024,EDRAHE_29121983M_052024,1,5561240552,eduardo.ramirez.000169@mail.com,2025-05-14
CNT_ELHECR_25091962F_022022,ADM_ELHECR_25091962F_022022,ELHECR_25091962F_022022,1,5510251316,elena.hernandez.000692@mail.com,2024-04-06
CNT_PARACA_29041937F_082020,ADM_PARACA_29041937F_082020,PARACA_29041937F_082020,1,5521192841,patricia.ramirez.000474@hospitalmail.com,2025-01-07
CNT_LAGOGO_31121946F_022022,ADM_LAGOGO_31121946F_022022,LAGOGO_31121946F_022022,1,5502020476,laura.gonzalez.001148@gmail.com,2025-08-23
CNT_SOGOVA_04081973F_032022,ADM_SOGOVA_04081973F_032022,SOGOVA_04081973F_032022,1,5546844315,,2024-10-27
CNT_MAGOGA_16101970M_082024,ADM_MAGOGA_16101970M_082024,MAGOGA_16101970M_082024,1,,manuel.gonzalez.002109@hospitalmail.com,2024-08-27
CNT_JOCAGA_18051969M_072021,ADM_JOCAGA_18051969M_072021,JOCAGA_18051969M_072021,1,5510431425,jose.castillo.001076@outlook.com,2024-09-06
CNT_ALHECR_30051953M_122020,ADM_ALHECR_30051953M_122020,ALHECR_30051953M_122020,1,525537045091,alejandro.hernandez.001866@gmail.com,2025-01-10
CNT_EDSAMA_30081983M_062021,ADM_EDSAMA_30081983M_062021,EDSAMA_30081983M_062021,1,525544434731,eduardo.sanchez.002241@gmail.com,2024-09-26
CNT_JOCACR_24051999M_052021,ADM_JOCACR_24051999M_052021,JOCACR_24051999M_052021,1,525567439304,jose.castillo.000667@hospitalmail.com,2025-04-22
CNT_GACAVA_28101996F_082021,ADM_GACAVA_28101996F_082021,GACAVA_28101996F_082021,1,5563454312,gabriela.castillo.000381@hospitalmail.com,2025-05-30
CNT_MIHERO_17041970M_012020,ADM_MIHERO_17041970M_012020,MIHERO_17041970M_012020,1,5586898667,miguel.hernandez.000045@mail.com,2024-12-26
CNT_MIFLHE_14102022M_112022,ADM_MIFLHE_14102022M_112022,MIFLHE_14102022M_112022,1,5598822926,miguel.flores.000989@mail.com,2024-09-16
CNT_LURORA_09022000F_042022,ADM_LURORA_09022000F_042022,LURORA_09022000F_042022,1,5528649753,lucia.rodriguez.001037@outlook.com,2025-09-22
CNT_MACACR_16011998F_082023,ADM_MACACR_16011998F_082023,MACACR_16011998F_082023,1,5591414643,maria.castillo.001934@gmail.com,2024-06-05
CNT_FEPEGO_16021997F_102024,ADM_FEPEGO_16021997F_102024,FEPEGO_16021997F_102024,1,5526910845,fernanda.perez.000895@gmail.com,2024-11-23
CNT_EDRATO_19101984M_022020,ADM_EDRATO_19101984M_022020,EDRATO_19101984M_022020,1,5539871830,eduardo.ramirez.001362@gmail.com,2025-04-14
CNT_SOCAXX_08051969F_112021,ADM_SOCAXX_08051969F_112021,SOCAXX_08051969F_112021,1,5535059344,sofia.castillo.001302@mail.com,2024-06-26
CNT_FECAXX_14071980M_102021,ADM_FECAXX_14071980M_102021,FECAXX_14071980M_102021,1,5563510417,fernando.castillo.000162@outlook.com,2024-08-02
CNT_VASAVA_14061970F_072023,ADM_VASAVA_14061970F_072023,VASAVA_14061970F_072023,1,5530808453,valeria.sanchez.001743@outlook.com,2025-12-22
CNT_GALOGO_05021974F_072024,ADM_GALOGO_05021974F_072024,GALOGO_05021974F_072024,1,5546788259,gabriela.lopez.000258@gmail.com,2024-07-13
CNT_FETOSA_17101961F_062023,ADM_FETOSA_17101961F_062023,FETOSA_17101961F_062023,1,55605794,fernanda.torres.002221@outlook.com,2025-02-24
CNT_MIFLPE_12011986M_092024,ADM_MIFLPE_12011986M_092024,MIFLPE_12011986M_092024,1,5540793796,miguel.flores.001997@mail.com,2024-09-01
CNT_GAMAXX_20091969F_032020,ADM_GAMAXX_20091969F_032020,GAMAXX_20091969F_032020,1,5587505682,,2024-04-04
CNT_CAHEVA_26041970M_042020,ADM_CAHEVA_26041970M_042020,CAHEVA_26041970M_042020,1,5506152684,carlos.hernandez.002180@hospitalmail.com,2025-02-15
CNT_ALRAGA_04011984M_022023,ADM_ALRAGA_04011984M_022023,ALRAGA_04011984M_022023,1,525516949044,alejandro.ramirez.002030@mail.com,2024-04-03
CNT_LUHECR_10091982F_082021,ADM_LUHECR_10091982F_082021,LUHECR_10091982F_082021,1,5543575689,lucia.hernandez.001018@hospitalmail.com,2024-11-01
CNT_LACRGO_17031988F_042021,ADM_LACRGO_17031988F_042021,LACRGO_17031988F_042021,1,525541800548,laura.cruz.000941@outlook.com,2025-07-31
CNT_CACAGA_13061965F_092021,ADM_CACAGA_13061965F_092021,CACAGA_13061965F_092021,1,5520704252,carmen.castillo.001215@outlook.com,2024-08-20
CNT_MAGOGA_09061990F_072022,ADM_MAGOGA_09061990F_072022,MAGOGA_09061990F_072022,1,5549744333,maria.gonzalez.000521@mail.com,2024-02-16
CNT_LUSASA_03081991F_022022,ADM_LUSASA_03081991F_022022,LUSASA_03081991F_022022,1,5594813462,lucia.sanchez.000183@hospitalmail.com,2025-08-04
CNT_PAHERA_02061937F_062023,ADM_PAHERA_02061937F_062023,PAHERA_02061937F_062023,1,5523735724,patricia.hernandez.001871@hospitalmail.com,2024-02-18
CNT_RIVAGO_09071984M_022024,ADM_RIVAGO_09071984M_022024,RIVAGO_09071984M_022024,1,5529153006,ricardo.vargas.001121@hospitalmail.com,2024-02-04
CNT_JUHECA_11112001M_062024,ADM_JUHECA_11112001M_062024,JUHECA_11112001M_062024,1,5546286316,juan.hernandez.000493@mail.com,2024-08-26
CNT_FEFLHE_29122001F_012021,ADM_FEFLHE_29122001F_012021,FEFLHE_29122001F_012021,1,5553162783,,2025-02-28
CNT_RIGOCR_20041961M_072024,ADM_RIGOCR_20041961M_072024,RIGOCR_20041961M_072024,1,5528271586,ricardo.gonzalez.001289@gmail.com,2024-11-29
CNT_JOGOGO_24101958M_102024,ADM_JOGOGO_24101958M_102024,JOGOGO_24101958M_102024,1,,jose.gonzalez.001554@hospitalmail.com,2024-10-07
CNT_MATOGA_22011962M_112023,ADM_MATOGA_22011962M_112023,MATOGA_22011962M_112023,1,525538465111,manuel.torres.001049@outlook.com,2024-05-23
CNT_CACRGA_20081959M_042024,ADM_CACRGA_20081959M_042024,CACRGA_20081959M_042024,1,525560786125,carlos.cruz.000763@hospitalmail.com,2024-04-09
CNT_LAGOHE_17121964F_012024,ADM_LAGOHE_17121964F_012024,LAGOHE_17121964F_012024,1,5554175592,laura.gonzalez.002114@gmail.com,2024-01-13
CNT_LUVASA_08032006F_042022,ADM_LUVASA_08032006F_042022,LUVASA_08032006F_042022,1,525592607828,lucia.vargas.001219@outlook.com,2024-08-23
CNT_LUROMA_13102005M_022024,ADM_LUROMA_13102005M_022024,LUROMA_13102005M_022024,1,525506486437,,2024-02-04
CNT_JOROCA_24091973M_052023,ADM_JOROCA_24091973M_052023,JOROCA_24091973M_052023,1,525582210241,jose.rodriguez.001885@gmail.com,2025-05-25
CNT_MAHECR_15012003F_052023,ADM_MAHECR_15012003F_052023,MAHECR_15012003F_052023,1,525507523333,,2025-07-05
CNT_GAVACA_12072004F_112020,ADM_GAVACA_12072004F_112020,GAVACA_12072004F_112020,1,5558175377,gabriela.vargas.001832@mail.com,2024-02-16
CNT_FEFLPE_29052004M_022024,ADM_FEFLPE_29052004M_022024,FEFLPE_29052004M_022024,1,5587844631,fernando.flores.002075@hospitalmail.com,2024-12-16
CNT_MAPESA_03012009F_042024,ADM_MAPESA_03012009F_042024,MAPESA_03012009F_042024,1,5564910018,maria.perez.000577@mail.com,2024-05-05
CNT_MAGAXX_19091974F_032024,ADM_MAGAXX_19091974F_032024,MAGAXX_19091974F_032024,1,525577026834,maria.garcia.000704@gmail.com,2025-02-10
CNT_JOPEXX_10042010M_072021,ADM_JOPEXX_10042010M_072021,JOPEXX_10042010M_072021,1,525527585337,jose.perez.001955@hospitalmail.com,2024-04-20
CNT_CAPEFL_02121961F_072022,ADM_CAPEFL_02121961F_072022,CAPEFL_02121961F_072022,1,5528021948,carmen.perez.000320@gmail.com,2025-09-08
CNT_FETOMA_06062002M_092021,ADM_FETOMA_06062002M_092021,FETOMA_06062002M_092021,1,5589358357,fernando.torres.000405@gmail.com,2024-08-16
CNT_JOGAHE_07122002M_122020,ADM_JOGAHE_07122002M_122020,JOGAHE_07122002M_122020,1,5545015128,jorge.garcia.002250@gmail.com,2024-11-11
CNT_ELGAVA_02102018F_042020,ADM_ELGAVA_02102018F_042020,ELGAVA_02102018F_042020,1,5555004399,elena.garcia.002183@outlook.com,2024-11-23
CNT_JOLOMA_08082003M_062024,ADM_JOLOMA_08082003M_062024,JOLOMA_08082003M_062024,1,5562694678,jose.lopez.000696@gmail.com,2024-06-30
CNT_SORARO_29042000F_102024,ADM_SORARO_29042000F_102024,SORARO_29042000F_102024,1,5515594944,sofia.ramirez.000353@hospitalmail.com,2025-05-26
CNT_DACAMA_26101986F_012020,ADM_DACAMA_26101986F_012020,DACAMA_26101986F_012020,1,5583819593,,2024-02-14
CNT_LACALO_02121974F_052020,ADM_LACALO_02121974F_052020,LACALO_02121974F_052020,1,525589318182,laura.castillo.001555@outlook.com,2025-10-21
CNT_SOSARA_21062004F_032021,ADM_SOSARA_21062004F_032021,SOSARA_21062004F_032021,1,55524808,sofia.sanchez.002088@gmail.com,2025-01-28
CNT_VAGOMA_15071958F_032021,ADM_VAGOMA_15071958F_032021,VAGOMA_15071958F_032021,1,5526146870,valeria.gonzalez.002081@gmail.com,2024-06-20
CNT_SXLOFL_28031984F_122024,ADM_SXLOFL_28031984F_122024,SXLOFL_28031984F_122024,1,525513012505,sofia.lopez.002125@hospitalmail.com,2024-12-30
CNT_JOCAXX_04121970M_072024,ADM_JOCAXX_04121970M_072024,JOCAXX_04121970M_072024,1,5539063740,jorge.castillo.000701@mail.com,2024-07-10
CNT_FEGORO_15032002F_052023,ADM_FEGORO_15032002F_052023,FEGORO_15032002F_052023,1,525516664898,fernanda.gonzalez.001622@gmail.com,2024-10-02
CNT_ALPEMA_30071993M_092020,ADM_ALPEMA_30071993M_092020,ALPEMA_30071993M_092020,1,5554816174,alejandro.perez.001311@hospitalmail.com,2024-09-05
CNT_VASARO_13052003F_052020,ADM_VASARO_13052003F_052020,VASARO_13052003F_052020,1,525520380972,valeria.sanchez.001259@outlook.com,2024-11-07
CNT_LAGAGA_01061949F_082020,ADM_LAGAGA_01061949F_082020,LAGAGA_01061949F_082020,1,5512920669,laura.garcia.001517@outlook.com,2025-09-23
CNT_JURAMA_27091988M_112023,ADM_JURAMA_27091988M_112023,JURAMA_27091988M_112023,1,5513902335,,2025-11-20
CNT_PARALO_25091943F_122022,ADM_PARALO_25091943F_122022,PARALO_25091943F_122022,1,5588535599,patricia.ramirez.001199@outlook.com,2024-12-26
CNT_VARARO_28052006F_052023,ADM_VARARO_28052006F_052023,VARARO_28052006F_052023,0,,,
CNT_DAHEGO_05032004F_032022,ADM_DAHEGO_05032004F_032022,DAHEGO_05032004F_032022,1,5531331879,daniela.hernandez.001278@gmail.com,2024-10-22
CNT_LXPEVA_01071997F_062020,ADM_LXPEVA_01071997F_062020,LXPEVA_01071997F_062020,1,5552549922,,2024-10-11
CNT_CAFLRA_02051973M_012024,ADM_CAFLRA_02051973M_012024,CAFLRA_02051973M_012024,1,556375438,carlos.flores.001918@hospitalmail.com,2024-12-21
CNT_LATOMA_23042002F_042022,ADM_LATOMA_23042002F_042022,LATOMA_23042002F_042022,1,525572524795,laura.torres.000834@gmail.com,2024-02-10
CNT_JUROLO_11121989M_112022,ADM_JUROLO_11121989M_112022,JUROLO_11121989M_112022,1,5503420658,juan.rodriguez.000114@hospitalmail.com,2025-03-01
CNT_DAGAPE_13091963M_102020,ADM_DAGAPE_13091963M_102020,DAGAPE_13091963M_102020,1,5509013466,daniel.garcia.001066@gmail.com,2025-06-27
CNT_DAFLRO_21122005M_032020,ADM_DAFLRO_21122005M_032020,DAFLRO_21122005M_032020,1,5535705855,daniel.flores.001499@mail.com,2025-06-25
CNT_EDGAGA_05091991M_042022,ADM_EDGAGA_05091991M_042022,EDGAGA_05091991M_042022,1,5561051363,eduardo.garcia.001945@hospitalmail.com,2025-03-12
CNT_JOCRGO_12091949M_042020,ADM_JOCRGO_12091949M_042020,JOCRGO_12091949M_042020,1,5539987958,jorge.cruz.001548@hospitalmail.com,2024-12-30
CNT_VAFLRO_23031944F_052022,ADM_VAFLRO_23031944F_052022,VAFLRO_23031944F_052022,1,5515301943,valeria.flores.000371@hospitalmail.com,2025-07-12
CNT_SOCRLO_06081983F_122021,ADM_SOCRLO_06081983F_122021,SOCRLO_06081983F_122021,1,5537830069,sofia.cruz.000485@gmail.com,2025-03-14
CNT_ELMAVA_10011967F_122023,ADM_ELMAVA_10011967F_122023,ELMAVA_10011967F_122023,1,5557499762,elena.martinez.001245@mail.com,2025-08-07
CNT_DAROVA_21121944F_012022,ADM_DAROVA_21121944F_012022,DAROVA_21121944F_012022,1,5580908840,daniela.rodriguez.001451@outlook.com,2025-07-30
CNT_LUTORA_30082019M_012024,ADM_LUTORA_30082019M_012024,LUTORA_30082019M_012024,1,5509317021,luis.torres.001929@mail.com,2024-12-01
CNT_MIGOFL_08051974M_102020,ADM_MIGOFL_08051974M_102020,MIGOFL_08051974M_102020,1,5571923231,miguel.gonzalez.001483@mail.com,2025-10-31
CNT_ALTOCR_10101944M_052023,ADM_ALTOCR_10101944M_052023,ALTOCR_10101944M_052023,1,5507250600,alejandro.torres.002022@outlook.com,2024-06-23
CNT_CACRCA_09062013F_062023,ADM_CACRCA_09062013F_062023,CACRCA_09062013F_062023,1,5533543389,carmen.cruz.000185@mail.com,2024-08-23
CNT_ALTOHE_01111935M_072022,ADM_ALTOHE_01111935M_072022,ALTOHE_01111935M_072022,1,525574032773,alejandro.torres.000969@gmail.com,2025-01-28
CNT_FEROFL_12011996F_092021,ADM_FEROFL_12011996F_092021,FEROFL_12011996F_092021,1,5528895730,fernanda.rodriguez.000190@mail.com,2025-07-06
CNT_VXTOCA_27091980F_042021,ADM_VXTOCA_27091980F_042021,VXTOCA_27091980F_042021,1,5519438152,,2024-07-21
CNT_RIRALO_03061967M_022023,ADM_RIRALO_03061967M_022023,RIRALO_03061967M_022023,1,5509609438,ricardo.ramirez.001655@outlook.com,2025-12-11
CNT_MIRAPE_03071957M_082023,ADM_MIRAPE_03071957M_082023,MIRAPE_03071957M_082023,1,5526397512,miguel.ramirez.001234@hospitalmail.com,2025-03-18
CNT_CAVACA_22102012F_102024,ADM_CAVACA_22102012F_102024,CAVACA_22102012F_102024,1,5594632682,,2024-10-06
CNT_FEROHE_26121953F_102024,ADM_FEROHE_26121953F_102024,FEROHE_26121953F_102024,1,5578941385,fernanda.rodriguez.000911@gmail.com,2024-10-18
CNT_EDFLHE_09012018M_032023,ADM_EDFLHE_09012018M_032023,EDFLHE_09012018M_032023,1,525515076899,eduardo.flores.000770@hospitalmail.com,2024-08-05
CNT_LUSAFL_12011952M_062024,ADM_LUSAFL_12011952M_062024,LUSAFL_12011952M_062024,1,525575740905,,2024-06-28
CNT_CAPERA_15091966M_072024,ADM_CAPERA_15091966M_072024,CAPERA_15091966M_072024,1,525554893047,carlos.perez.001174@gmail.com,2025-07-27
CNT_MACRSA_29032012F_062022,ADM_MACRSA_29032012F_062022,MACRSA_29032012F_062022,1,5544284591,maria.cruz.001190@gmail.com,2025-01-21
CNT_RISAHE_16022007M_042024,ADM_RISAHE_16022007M_042024,RISAHE_16022007M_042024,1,555673189,ricardo.sanchez.001556@hospitalmail.com,2024-04-04
CNT_CAFLVA_17011999M_082021,ADM_CAFLVA_17011999M_082021,CAFLVA_17011999M_082021,1,5569564841,carlos.flores.001004@gmail.com,2025-01-28
CNT_PALOSA_27021986F_032023,ADM_PALOSA_27021986F_032023,PALOSA_27021986F_032023,1,5567204308,patricia.lopez.001404@hospitalmail.com,2025-05-07
CNT_JORACR_28081997M_032023,ADM_JORACR_28081997M_032023,JORACR_28081997M_032023,1,525538359447,jorge.ramirez.001375@outlook.com,2025-11-23
CNT_LXHEVA_25061974M_052023,ADM_LXHEVA_25061974M_052023,LXHEVA_25061974M_052023,1,5579032116,luis.hernandez.000156@mail.com,2024-04-01
CNT_CAMARO_11071964F_022021,ADM_CAMARO_11071964F_022021,CAMARO_11071964F_022021,1,5595471806,carmen.martinez.000622@hospitalmail.com,2025-08-22
CNT_FELORA_17021993F_082024,ADM_FELORA_17021993F_082024,FELORA_17021993F_082024,1,5589295576,fernanda.lopez.000772@gmail.com,2025-10-05
CNT_PAPEMA_11111977F_092022,ADM_PAPEMA_11111977F_092022,PAPEMA_11111977F_092022,1,5531616858,patricia.perez.000854@hospitalmail.com,2025-04-22
CNT_SORAGA_06012017F_062020,ADM_SORAGA_06012017F_062020,SORAGA_06012017F_062020,1,525595645853,sofia.ramirez.001475@hospitalmail.com,2024-09-19
CNT_LARAPE_23111983F_012024,ADM_LARAPE_23111983F_012024,LARAPE_23111983F_012024,1,5500829684,,2024-01-06
CNT_RIGOCA_05081971M_012021,ADM_RIGOCA_05081971M_012021,RIGOCA_05081971M_012021,1,5530984122,ricardo.gonzalez.000327@mail.com,2024-06-03
CNT_CAGATO_31101988M_032021,ADM_CAGATO_31101988M_032021,CAGATO_31101988M_032021,1,558673719,carlos.garcia.000568@outlook.com,2024-10-08
CNT_JOVAGO_01062011M_082021,ADM_JOVAGO_01062011M_082021,JOVAGO_01062011M_082021,1,5533096713,jose.vargas.001765@outlook.com,2024-03-03
CNT_DALPRA_15081998F_052024,ADM_DALPRA_15081998F_052024,DALPRA_15081998F_052024,1,5502502989,daniela.lopez.000302@gmail.com,2024-05-31
CNT_SORALO_02031958F_052021,ADM_SORALO_02031958F_052021,SORALO_02031958F_052021,1,5516637828,sofia.ramirez.002073@gmail.com,2025-05-15
CNT_SOGARA_15071990F_012024,ADM_SOGARA_15071990F_012024,SOGARA_15071990F_012024,1,5529732763,sofia.garcia.000670@hospitalmail.com,2024-01-22
CNT_JORORO_07071995M_042024,ADM_JORORO_07071995M_042024,JORORO_07071995M_042024,1,5505500000,jorge.rodriguez.000778@hospitalmail.com,2024-04-15
CNT_DASASA_28051968M_032023,ADM_DASASA_28051968M_032023,DASASA_28051968M_032023,1,525572009165,daniel.sanchez.001229@hospitalmail.com,2025-12-10
CNT_SOMATO_22051936F_052023,ADM_SOMATO_22051936F_052023,SOMATO_22051936F_052023,1,5510177566,sofia.martinez.000237@mail.com,2025-10-18
CNT_ANHEFL_04112001F_092023,ADM_ANHEFL_04112001F_092023,ANHEFL_04112001F_092023,1,5501935359,ana.hernandez.000033@outlook.com,2025-08-03
CNT_CACAXX_20011994F_102020,ADM_CACAXX_20011994F_102020,CACAXX_20011994F_102020,1,5572164773,carmen.castillo.001209@gmail.com,2024-03-11
CNT_CAGOSA_30071939M_012020,ADM_CAGOSA_30071939M_012020,CAGOSA_30071939M_012020,1,5508216967,carlos.gonzalez.000755@gmail.com,2024-11-01
CNT_ALRATO_02041978M_092024,ADM_ALRATO_02041978M_092024,ALRATO_02041978M_092024,1,5528395453,alejandro.ramirez.000948@outlook.com,2025-11-01
CNT_DACAPE_30051971F_042024,ADM_DACAPE_30051971F_042024,DACAPE_30051971F_042024,1,5582630620,daniela.castillo.002036@mail.com,2025-07-14
CNT_ALGAGO_28021986M_062023,ADM_ALGAGO_28021986M_062023,ALGAGO_28021986M_062023,1,5591998075,alejandro.garcia.001770@hospitalmail.com,2024-07-25
CNT_ANLOGA_13091965F_022024,ADM_ANLOGA_13091965F_022024,ANLOGA_13091965F_022024,1,5530768745,ana.lopez.000453@mail.com,2025-12-20
CNT_PAGOCR_20101984F_082024,ADM_PAGOCR_20101984F_082024,PAGOCR_20101984F_082024,1,5598122617,patricia.gonzalez.000552@outlook.com,2025-12-20
CNT_JUTORA_26062009M_012024,ADM_JUTORA_26062009M_012024,JUTORA_26062009M_012024,1,5587839766,juan.torres.002179@hospitalmail.com,2025-07-23
CNT_PARATO_27071973F_092020,ADM_PARATO_27071973F_092020,PARATO_27071973F_092020,1,5518460986,patricia.ramirez.001359@gmail.com,2025-11-15
CNT_ELGOSA_21061981F_112020,ADM_ELGOSA_21061981F_112020,ELGOSA_21061981F_112020,1,5523896829,elena.gonzalez.000766@outlook.com,2025-04-01
CNT_RIRAPE_03061968M_072023,ADM_RIRAPE_03061968M_072023,RIRAPE_03061968M_072023,1,5588686699,ricardo.ramirez.000124@outlook.com,2025-08-03
CNT_PXFLCR_19012001F_102024,ADM_PXFLCR_19012001F_102024,PXFLCR_19012001F_102024,1,5590531779,patricia.flores.001684@hospitalmail.com,2024-10-31
CNT_CAMASA_11082011M_072022,ADM_CAMASA_11082011M_072022,CAMASA_11082011M_072022,1,525526152635,carlos.martinez.001823@gmail.com,2025-08-09
CNT_PALORO_05052019F_032024,ADM_PALORO_05052019F_032024,PALORO_05052019F_032024,1,5555322961,patricia.lopez.001938@outlook.com,2024-03-30
CNT_RIHEGA_25081980M_082020,ADM_RIHEGA_25081980M_082020,RIHEGA_25081980M_082020,1,5575447897,ricardo.hernandez.000337@outlook.com,2024-02-26
CNT_FESATO_31011977F_122023,ADM_FESATO_31011977F_122023,FESATO_31011977F_122023,1,525539073849,fernanda.sanchez.000936@outlook.com,2024-12-29
CNT_GAHEMA_15051976F_032021,ADM_GAHEMA_15051976F_032021,GAHEMA_15051976F_032021,1,5593487620,,2025-11-25
CNT_GAVARO_19041964F_112020,ADM_GAVARO_19041964F_112020,GAVARO_19041964F_112020,1,5548322489,gabriela.vargas.001235@outlook.com,2025-12-13
CNT_EDCRTO_12121993M_112021,ADM_EDCRTO_12121993M_112021,EDCRTO_12121993M_112021,1,5549669720,eduardo.cruz.001008@gmail.com,2024-02-14
CNT_ELROSA_02101981F_082023,ADM_ELROSA_02101981F_082023,ELROSA_02101981F_082023,1,5584157727,elena.rodriguez.000838@hospitalmail.com,2025-09-26
CNT_SOVAVA_07062015F_112023,ADM_SOVAVA_07062015F_112023,SOVAVA_07062015F_112023,1,5558192222,sofia.vargas.001545@outlook.com,2024-12-31
CNT_JUHETO_12102020M_092022,ADM_JUHETO_12102020M_092022,JUHETO_12102020M_092022,1,5527275643,juan.hernandez.000481@gmail.com,2025-08-08
CNT_GAGOSA_20011982F_122020,ADM_GAGOSA_20011982F_122020,GAGOSA_20011982F_122020,1,5578851366,gabriela.gonzalez.000585@outlook.com,2025-12-13
CNT_FXSAVA_05111990M_032024,ADM_FXSAVA_05111990M_032024,FXSAVA_05111990M_032024,1,5548283898,fernando.sanchez.000356@hospitalmail.com,2024-10-03
CNT_RIGOFL_03101971M_042023,ADM_RIGOFL_03101971M_042023,RIGOFL_03101971M_042023,1,5582709361,ricardo.gonzalez.000675@hospitalmail.com,2025-06-02
CNT_MIGAGA_31071964M_042024,ADM_MIGAGA_31071964M_042024,MIGAGA_31071964M_042024,1,525596083036,miguel.garcia.000872@outlook.com,2025-07-20
CNT_VALORA_11071950F_092021,ADM_VALORA_11071950F_092021,VALORA_11071950F_092021,1,5515188309,valeria.lopez.002084@gmail.com,2024-08-29
CNT_JOVAMA_17051991M_122021,ADM_JOVAMA_17051991M_122021,JOVAMA_17051991M_122021,1,5560079779,jose.vargas.000524@outlook.com,2025-12-05
CNT_MACRSA_17091984M_092024,ADM_MACRSA_17091984M_092024,MACRSA_17091984M_092024,1,5518436309,,2024-09-13
CNT_MAPECA_09102010F_102023,ADM_MAPECA_09102010F_102023,MAPECA_09102010F_102023,1,5514607409,maria.perez.001817@gmail.com,2025-11-24
CNT_JOMACA_23121960M_092020,ADM_JOMACA_23121960M_092020,JOMACA_23121960M_092020,1,5504598013,jose.martinez.002037@hospitalmail.com,2025-10-08
CNT_LUVAFL_07052006F_052023,ADM_LUVAFL_07052006F_052023,LUVAFL_07052006F_052023,1,525524833442,,2024-08-04
CNT_MIROLO_23102024M_022023,ADM_MIROLO_23102024M_022023,MIROLO_23102024M_022023,1,525582139044,miguel.rodriguez.001662@gmail.com,2024-06-23
CNT_LUMAXX_25012009F_122024,ADM_LUMAXX_25012009F_122024,LUMAXX_25012009F_122024,1,5522035575,,2024-12-08
CNT_MALOLO_17111995M_122021,ADM_MALOLO_17111995M_122021,MALOLO_17111995M_122021,1,5511981236,manuel.lopez.001802@hospitalmail.com,2025-07-28
CNT_EDROPE_13021957M_022023,ADM_EDROPE_13021957M_022023,EDROPE_13021957M_022023,1,525569216338,eduardo.rodriguez.000402@gmail.com,2024-07-11
CNT_ALCAGA_03051974M_072022,ADM_ALCAGA_03051974M_072022,ALCAGA_03051974M_072022,1,525575937047,alejandro.castillo.002099@gmail.com,2024-11-20
CNT_JOHEGO_04062008M_072024,ADM_JOHEGO_04062008M_072024,JOHEGO_04062008M_072024,0,,,
CNT_FECARO_14091972M_012022,ADM_FECARO_14091972M_012022,FECARO_14091972M_012022,1,5519263910,fernando.castillo.001397@gmail.com,2024-11-13
CNT_ELCAGO_28091992F_062021,ADM_ELCAGO_28091992F_062021,ELCAGO_28091992F_062021,1,5547851378,elena.castillo.000582@gmail.com,2024-08-19
CNT_MAMACA_09021989F_052020,ADM_MAMACA_09021989F_052020,MAMACA_09021989F_052020,1,5527294087,maria.martinez.001385@mail.com,2025-09-19
CNT_LUTOTO_12041996M_022020,ADM_LUTOTO_12041996M_022020,LUTOTO_12041996M_022020,1,525563796639,luis.torres.001797@gmail.com,2025-09-20
CNT_MIHELO_03041988M_012024,ADM_MIHELO_03041988M_012024,MIHELO_03041988M_012024,1,5581504258,miguel.hernandez.000389@outlook.com,2024-07-11
CNT_ANVAGA_22031965F_102020,ADM_ANVAGA_22031965F_102020,ANVAGA_22031965F_102020,1,5514272084,ana.vargas.001224@gmail.com,2025-02-01
CNT_JURAMA_25042006M_042024,ADM_JURAMA_25042006M_042024,JURAMA_25042006M_042024,1,5588167013,juan.ramirez.001815@gmail.com,2025-09-17
CNT_DAPEGA_31081963F_022023,ADM_DAPEGA_31081963F_022023,DAPEGA_31081963F_022023,1,5571376608,daniela.perez.001954@gmail.com,2024-01-19
CNT_JOCARO_05091991M_052023,ADM_JOCARO_05091991M_052023,JOCARO_05091991M_052023,1,5549690344,jorge.castillo.000968@gmail.com,2025-05-12
CNT_RIFLRO_12111969M_072020,ADM_RIFLRO_12111969M_072020,RIFLRO_12111969M_072020,1,5515637767,ricardo.flores.001244@mail.com,2024-08-24
CNT_LULORO_02041989F_042022,ADM_LULORO_02041989F_042022,LULORO_02041989F_042022,1,5597676163,lucia.lopez.000630@outlook.com,2025-03-07
CNT_ANRORA_26071992F_062021,ADM_ANRORA_26071992F_062021,ANRORA_26071992F_062021,1,525578147581,ana.rodriguez.002212@outlook.com,2025-12-16
CNT_EDTOHE_01041967M_082022,ADM_EDTOHE_01041967M_082022,EDTOHE_01041967M_082022,1,5533696824,eduardo.torres.000950@outlook.com,2025-10-15
CNT_FEFLMA_09051962F_112020,ADM_FEFLMA_09051962F_112020,FEFLMA_09051962F_112020,1,5537740692,,2024-11-02
CNT_LUCAMA_02081962M_062024,ADM_LUCAMA_02081962M_062024,LUCAMA_02081962M_062024,1,525504544353,luis.castillo.000475@hospitalmail.com,2024-09-03
CNT_PALOMA_25111998F_012021,ADM_PALOMA_25111998F_012021,PALOMA_25111998F_012021,1,525546689649,patricia.lopez.001118@mail.com,2025-11-10
CNT_VAROPE_29011943F_052020,ADM_VAROPE_29011943F_052020,VAROPE_29011943F_052020,1,5555545485,valeria.rodriguez.001806@gmail.com,2025-06-24
CNT_LUGOHE_12102001M_052020,ADM_LUGOHE_12102001M_052020,LUGOHE_12102001M_052020,1,5529118830,luis.gonzalez.000783@hospitalmail.com,2024-04-17
CNT_MALOCR_30081987F_022023,ADM_MALOCR_30081987F_022023,MALOCR_30081987F_022023,1,5523430466,maria.lopez.000284@hospitalmail.com,2024-05-01
CNT_LUGORA_25021953M_052024,ADM_LUGORA_25021953M_052024,LUGORA_25021953M_052024,1,5532306951,luis.gonzalez.002025@outlook.com,2024-10-30
CNT_FXVALO_04091934F_112021,ADM_FXVALO_04091934F_112021,FXVALO_04091934F_112021,1,5577020575,,2024-09-17
CNT_LURARO_01022018F_082021,ADM_LURARO_01022018F_082021,LURARO_01022018F_082021,1,5564939283,lucia.ramirez.000273@hospitalmail.com,2025-04-02
CNT_GASAFL_11031984F_032024,ADM_GASAFL_11031984F_032024,GASAFL_11031984F_032024,1,5551449050,gabriela.sanchez.000608@gmail.com,2025-09-15
CNT_LUCAFL_01071973M_082024,ADM_LUCAFL_01071973M_082024,LUCAFL_01071973M_082024,1,5591710302,luis.castillo.001455@outlook.com,2025-05-09
CNT_DALOSA_31011945M_042021,ADM_DALOSA_31011945M_042021,DALOSA_31011945M_042021,1,5565177525,daniel.lopez.000338@outlook.com,2024-12-24
CNT_DAROGO_21091945F_122020,ADM_DAROGO_21091945F_122020,DAROGO_21091945F_122020,1,5502599214,daniela.rodriguez.000873@mail.com,2024-04-09
CNT_ANVAPE_16091984F_032024,ADM_ANVAPE_16091984F_032024,ANVAPE_16091984F_032024,1,525563113434,ana.vargas.000437@gmail.com,2025-02-28
CNT_MAMACA_16081942M_022023,ADM_MAMACA_16081942M_022023,MAMACA_16081942M_022023,1,5571794004,manuel.martinez.000087@outlook.com,2025-10-15
CNT_GAMACR_29041989F_042022,ADM_GAMACR_29041989F_042022,GAMACR_29041989F_042022,1,5532880,gabriela.martinez.002249@outlook.com,2024-06-18
CNT_EDCRLO_30071966M_052023,ADM_EDCRLO_30071966M_052023,EDCRLO_30071966M_052023,1,5521605319,eduardo.cruz.001305@outlook.com,2025-11-02
CNT_ALLOCA_24091936M_022024,ADM_ALLOCA_24091936M_022024,ALLOCA_24091936M_022024,1,5531674477,alejandro.lopez.001781@gmail.com,2024-05-19
CNT_LUCAGO_15062000F_072024,ADM_LUCAGO_15062000F_072024,LUCAGO_15062000F_072024,1,5506715624,lucia.castillo.002161@gmail.com,2024-07-28
CNT_JOPEGA_07101965M_122023,ADM_JOPEGA_07101965M_122023,JOPEGA_07101965M_122023,1,5547425405,jose.perez.001367@outlook.com,2025-08-05
CNT_FEVACA_01041975F_022021,ADM_FEVACA_01041975F_022021,FEVACA_01041975F_022021,1,5574476835,fernanda.vargas.001813@mail.com,2024-03-02
CNT_JORORA_10021999M_032023,ADM_JORORA_10021999M_032023,JORORA_10021999M_032023,1,5567977542,jorge.rodriguez.000623@outlook.com,2024-04-02
CNT_DXPESA_14061939M_052023,ADM_DXPESA_14061939M_052023,DXPESA_14061939M_052023,1,5598633703,daniel.perez.001741@outlook.com,2024-09-23
CNT_LASACR_15111986F_102024,ADM_LASACR_15111986F_102024,LASACR_15111986F_102024,1,5565712024,laura.sanchez.001163@gmail.com,2025-05-11
CNT_RIROCR_19011970M_122021,ADM_RIROCR_19011970M_122021,RIROCR_19011970M_122021,1,5525239233,ricardo.rodriguez.000767@outlook.com,2024-09-02
CNT_ELPELO_28031966F_022022,ADM_ELPELO_28031966F_022022,ELPELO_28031966F_022022,1,525548870648,elena.perez.000811@outlook.com,2025-08-31
CNT_JUHEGA_26091966M_082024,ADM_JUHEGA_26091966M_082024,JUHEGA_26091966M_082024,1,5582796339,juan.hernandez.002175@hospitalmail.com,2024-08-01
CNT_RIHEHE_18032006M_052021,ADM_RIHEHE_18032006M_052021,RIHEHE_18032006M_052021,1,5540715204,ricardo.hernandez.001679@outlook.com,2024-12-20
CNT_EDTOGO_16111998M_072024,ADM_EDTOGO_16111998M_072024,EDTOGO_16111998M_072024,1,525517996511,eduardo.torres.002216@outlook.com,2024-07-17
CNT_CAPERO_22121937M_022023,ADM_CAPERO_22121937M_022023,CAPERO_22121937M_022023,1,525510593700,carlos.perez.000308@mail.com,2024-04-06
CNT_MIGOLO_27111967M_102022,ADM_MIGOLO_27111967M_102022,MIGOLO_27111967M_102022,1,5518317574,miguel.gonzalez.000916@mail.com,2025-02-07
CNT_VARAGA_28111953F_052024,ADM_VARAGA_28111953F_052024,VARAGA_28111953F_052024,1,525591756881,valeria.ramirez.001715@mail.com,2025-12-28
CNT_LAROFL_12061961F_022024,ADM_LAROFL_12061961F_022024,LAROFL_12061961F_022024,1,5502096219,laura.rodriguez.001549@outlook.com,2025-05-20
CNT_DAROXX_22051981M_042024,ADM_DAROXX_22051981M_042024,DAROXX_22051981M_042024,1,525552207615,daniel.rodriguez.001862@gmail.com,2024-04-25
CNT_LACRGA_21011963F_112024,ADM_LACRGA_21011963F_112024,LACRGA_21011963F_112024,1,5547379802,laura.cruz.000317@gmail.com,2025-03-18
CNT_FEMAGA_10111995F_052022,ADM_FEMAGA_10111995F_052022,FEMAGA_10111995F_052022,1,5585667498,fernanda.martinez.000497@gmail.com,2025-11-03
CNT_DATOXX_09061984M_012024,ADM_DATOXX_09061984M_012024,DATOXX_09061984M_012024,1,5561991228,daniel.torres.001000@outlook.com,2024-01-07
CNT_JUFLGA_22081992M_012023,ADM_JUFLGA_22081992M_012023,JUFLGA_22081992M_012023,1,5568585043,juan.flores.000487@hospitalmail.com,2025-02-16
CNT_ANGOGO_21061967F_072022,ADM_ANGOGO_21061967F_072022,ANGOGO_21061967F_072022,1,5585340113,ana.gonzalez.000841@mail.com,2025-03-19
CNT_MAVAGA_16031952M_102024,ADM_MAVAGA_16031952M_102024,MAVAGA_16031952M_102024,1,5504145938,manuel.vargas.000737@mail.com,2024-10-13
CNT_CAGOMA_03071963F_122021,ADM_CAGOMA_03071963F_122021,CAGOMA_03071963F_122021,1,5522578632,carmen.gonzalez.001576@hospitalmail.com,2025-04-08
CNT_RXROTO_21091942M_122024,ADM_RXROTO_21091942M_122024,RXROTO_21091942M_122024,1,525561367739,ricardo.rodriguez.001666@gmail.com,2024-12-23
CNT_ANTOGO_03011941F_032020,ADM_ANTOGO_03011941F_032020,ANTOGO_03011941F_032020,1,55509057,ana.torres.001191@gmail.com,2024-12-08
CNT_PAHEMA_25101972F_122021,ADM_PAHEMA_25101972F_122021,PAHEMA_25101972F_122021,1,5580947222,patricia.hernandez.000799@hospitalmail.com,2024-08-21
CNT_ELVATO_19101961F_102023,ADM_ELVATO_19101961F_102023,ELVATO_19101961F_102023,1,525504248087,elena.vargas.002016@gmail.com,2025-01-01
CNT_EDVAFL_24042003M_062023,ADM_EDVAFL_24042003M_062023,EDVAFL_24042003M_062023,1,5545666084,eduardo.vargas.000996@outlook.com,2025-11-14
CNT_LUTOLO_18101961F_042021,ADM_LUTOLO_18101961F_042021,LUTOLO_18101961F_042021,1,5593040322,lucia.torres.000535@gmail.com,2024-06-01
CNT_PASAHE_27071991F_102021,ADM_PASAHE_27071991F_102021,PASAHE_27071991F_102021,1,5591507097,patricia.sanchez.000406@gmail.com,2025-02-13
CNT_MICAHE_17121974M_012023,ADM_MICAHE_17121974M_012023,MICAHE_17121974M_012023,1,5552686974,miguel.castillo.000081@hospitalmail.com,2025-04-29
CNT_RIMAPE_17011956M_032020,ADM_RIMAPE_17011956M_032020,RIMAPE_17011956M_032020,1,5527703845,ricardo.martinez.000652@gmail.com,2025-10-06
CNT_MIPELO_20021958M_082022,ADM_MIPELO_20021958M_082022,MIPELO_20021958M_082022,1,525559120725,miguel.perez.001803@outlook.com,2025-12-26
CNT_JOVARA_11091978M_122024,ADM_JOVARA_11091978M_122024,JOVARA_11091978M_122024,1,525516450115,jose.vargas.000234@gmail.com,2024-12-06
CNT_MAPERO_27081961M_082022,ADM_MAPERO_27081961M_082022,MAPERO_27081961M_082022,1,5561931384,manuel.perez.001067@mail.com,2024-09-09
CNT_PASARA_01071981F_052021,ADM_PASARA_01071981F_052021,PASARA_01071981F_052021,1,5581858106,patricia.sanchez.001685@hospitalmail.com,2025-12-13
CNT_RIHEFL_26061979M_082020,ADM_RIHEFL_26061979M_082020,RIHEFL_26061979M_082020,1,5594958182,ricardo.hernandez.000649@hospitalmail.com,2024-07-20
CNT_LACALO_20111939F_012023,ADM_LACALO_20111939F_012023,LACALO_20111939F_012023,1,525565063354,laura.castillo.002008@hospitalmail.com,2025-01-07
CNT_DASAGA_23031982M_052023,ADM_DASAGA_23031982M_052023,DASAGA_23031982M_052023,1,525511457753,daniel.sanchez.001269@hospitalmail.com,2025-07-18
CNT_MAGORA_01061958F_122022,ADM_MAGORA_01061958F_122022,MAGORA_01061958F_122022,1,5540302474,maria.gonzalez.001984@outlook.com,2024-10-24
CNT_ANGAVA_26051980F_082020,ADM_ANGAVA_26051980F_082020,ANGAVA_26051980F_082020,1,5586964179,ana.garcia.000527@hospitalmail.com,2025-09-05
CNT_JOSAGO_07082004M_042024,ADM_JOSAGO_07082004M_042024,JOSAGO_07082004M_042024,1,5502910076,jose.sanchez.002026@gmail.com,2025-04-29
CNT_GAGALO_05121994F_042020,ADM_GAGALO_05121994F_042020,GAGALO_05121994F_042020,1,5581867313,gabriela.garcia.000879@outlook.com,2025-12-20
CNT_JOGALO_10041961M_012020,ADM_JOGALO_10041961M_012020,JOGALO_10041961M_012020,1,5550234451,jose.garcia.001333@hospitalmail.com,2024-11-03
CNT_LUGORA_24011990M_032020,ADM_LUGORA_24011990M_032020,LUGORA_24011990M_032020,1,5598499754,luis.gonzalez.000856@gmail.com,2025-07-08
CNT_DAHESA_12111942M_082024,ADM_DAHESA_12111942M_082024,DAHESA_12111942M_082024,1,5509735351,daniel.hernandez.000908@gmail.com,2024-08-29
CNT_SORAMA_06111949F_042023,ADM_SORAMA_06111949F_042023,SORAMA_06111949F_042023,1,5587949608,sofia.ramirez.000259@outlook.com,2025-12-17
CNT_MACAGO_27101969F_022023,ADM_MACAGO_27101969F_022023,MACAGO_27101969F_022023,1,5575725141,maria.castillo.000326@outlook.com,2025-07-09
CNT_SORACA_07021979F_102023,ADM_SORACA_07021979F_102023,SORACA_07021979F_102023,1,5547202380,sofia.ramirez.000500@mail.com,2025-08-02
CNT_FERAVA_09021989M_112021,ADM_FERAVA_09021989M_112021,FERAVA_09021989M_112021,1,525518522026,fernando.ramirez.001700@gmail.com,2024-08-19
CNT_ANSAXX_04081988F_122021,ADM_ANSAXX_04081988F_122021,ANSAXX_04081988F_122021,1,5545506793,,2024-07-20
CNT_LALOXX_03111967F_072024,ADM_LALOXX_03111967F_072024,LALOXX_03111967F_072024,1,,laura.lopez.000412@mail.com,2024-07-18
CNT_SOFLRA_06121982F_082022,ADM_SOFLRA_06121982F_082022,SOFLRA_06121982F_082022,1,525569622592,sofia.flores.001462@gmail.com,2025-07-24
CNT_PAFLGA_21021983F_122023,ADM_PAFLGA_21021983F_122023,PAFLGA_21021983F_122023,1,5531774113,patricia.flores.000750@mail.com,2025-10-06
CNT_ELLORA_03011987F_112023,ADM_ELLORA_03011987F_112023,ELLORA_03011987F_112023,1,5593656163,,2024-01-03
CNT_ANROLO_08111991F_022023,ADM_ANROLO_08111991F_022023,ANROLO_08111991F_022023,1,5574877210,ana.rodriguez.001503@mail.com,2024-11-22
CNT_EDCAGA_20071998M_092021,ADM_EDCAGA_20071998M_092021,EDCAGA_20071998M_092021,1,525550895744,eduardo.castillo.001463@hospitalmail.com,2024-07-18
CNT_PARAXX_23121937F_052020,ADM_PARAXX_23121937F_052020,PARAXX_23121937F_052020,1,5535926315,patricia.ramirez.002130@outlook.com,2024-08-09
CNT_RIMAHE_17111949M_032023,ADM_RIMAHE_17111949M_032023,RIMAHE_17111949M_032023,1,5534606888,ricardo.martinez.000351@mail.com,2025-03-23
CNT_MAMACA_11041987M_052024,ADM_MAMACA_11041987M_052024,MAMACA_11041987M_052024,1,5505045482,manuel.martinez.000470@hospitalmail.com,2025-04-27
CNT_CAFLXX_27062013F_122024,ADM_CAFLXX_27062013F_122024,CAFLXX_27062013F_122024,1,5506280570,carmen.flores.000467@outlook.com,2024-12-01
CNT_RXGACA_06101998M_012021,ADM_RXGACA_06101998M_012021,RXGACA_06101998M_012021,1,5506548789,ricardo.garcia.000869@mail.com,2024-06-01
CNT_ANHEMA_24111961F_022024,ADM_ANHEMA_24111961F_022024,ANHEMA_24111961F_022024,1,525599517351,ana.hernandez.000444@hospitalmail.com,2024-02-15
CNT_JURORO_26061971M_112022,ADM_JURORO_26061971M_112022,JURORO_26061971M_112022,1,525525342817,juan.rodriguez.001833@mail.com,2025-05-19
CNT_FECRLO_02101984M_122020,ADM_FECRLO_02101984M_122020,FECRLO_02101984M_122020,1,5575728128,fernando.cruz.001876@hospitalmail.com,2024-05-20
CNT_CACAVA_15021976M_072021,ADM_CACAVA_15021976M_072021,CACAVA_15021976M_072021,1,5559827059,carlos.castillo.001267@mail.com,2025-10-27
CNT_SOCAFL_20051999F_052022,ADM_SOCAFL_20051999F_052022,SOCAFL_20051999F_052022,1,5549415906,sofia.castillo.001409@outlook.com,2025-06-23
CNT_DAPEGA_02092006F_012022,ADM_DAPEGA_02092006F_012022,DAPEGA_02092006F_012022,1,5552866948,daniela.perez.000674@mail.com,2025-12-31
CNT_MICRVA_06111997M_122020,ADM_MICRVA_06111997M_122020,MICRVA_06111997M_122020,1,5506475547,miguel.cruz.001194@mail.com,2025-05-22
CNT_MISATO_02041966M_052022,ADM_MISATO_02041966M_052022,MISATO_02041966M_052022,1,525560482947,miguel.sanchez.002058@outlook.com,2024-12-27
CNT_PARAMA_25121977F_012021,ADM_PARAMA_25121977F_012021,PARAMA_25121977F_012021,1,5573856498,patricia.ramirez.001514@outlook.com,2025-01-05
CNT_ALMARO_11012003M_092020,ADM_ALMARO_11012003M_092020,ALMARO_11012003M_092020,1,525560723758,alejandro.martinez.001284@mail.com,2025-11-30
CNT_CARAHE_30091960F_102022,ADM_CARAHE_30091960F_102022,CARAHE_30091960F_102022,1,525578517454,carmen.ramirez.001709@mail.com,2024-03-16
CNT_DAGAPE_24081988M_072020,ADM_DAGAPE_24081988M_072020,DAGAPE_24081988M_072020,1,5598697975,daniel.garcia.001931@mail.com,2024-08-26
CNT_LUGOCR_31032012F_032023,ADM_LUGOCR_31032012F_032023,LUGOCR_31032012F_032023,1,5558961772,lucia.gonzalez.002061@hospitalmail.com,2025-03-24
CNT_PAFLPE_13071994F_012024,ADM_PAFLPE_13071994F_012024,PAFLPE_13071994F_012024,1,5533679707,patricia.flores.000119@gmail.com,2024-01-07
CNT_JOGARO_22111994M_072022,ADM_JOGARO_22111994M_072022,JOGARO_22111994M_072022,1,5529038615,jorge.garcia.001906@mail.com,2024-11-11
CNT_MACAGA_10011959F_072024,ADM_MACAGA_10011959F_072024,MACAGA_10011959F_072024,1,5578648400,,2024-07-14
CNT_MICRMA_29092000M_052024,ADM_MICRMA_29092000M_052024,MICRMA_29092000M_052024,1,5586178731,miguel.cruz.000283@hospitalmail.com,2024-05-28
CNT_MICAPE_01052021M_122023,ADM_MICAPE_01052021M_122023,MICAPE_01052021M_122023,1,5566479503,miguel.castillo.001615@mail.com,2024-03-23
CNT_PACRCA_23111984F_032024,ADM_PACRCA_23111984F_032024,PACRCA_23111984F_032024,1,5587695191,patricia.cruz.001337@outlook.com,2024-03-18
CNT_ANGAHE_25081946F_082023,ADM_ANGAHE_25081946F_082023,ANGAHE_25081946F_082023,1,5543404661,,2024-02-15
CNT_JOSAGO_12021949M_072024,ADM_JOSAGO_12021949M_072024,JOSAGO_12021949M_072024,1,5508070256,jose.sanchez.001357@gmail.com,2025-11-25
CNT_RIGOCA_05092016M_112020,ADM_RIGOCA_05092016M_112020,RIGOCA_05092016M_112020,1,5591103649,ricardo.gonzalez.000452@outlook.com,2024-11-05
CNT_EDMAHE_05101972M_082020,ADM_EDMAHE_05101972M_082020,EDMAHE_05101972M_082020,1,525594157704,eduardo.martinez.001948@mail.com,2024-07-28
CNT_MAROVA_13081966M_082023,ADM_MAROVA_13081966M_082023,MAROVA_13081966M_082023,1,5578576352,manuel.rodriguez.001183@outlook.com,2025-07-04
CNT_LUSAFL_02022003F_012024,ADM_LUSAFL_02022003F_012024,LUSAFL_02022003F_012024,1,5546596852,lucia.sanchez.000263@hospitalmail.com,2024-03-07
CNT_ANCRRO_25051979F_022020,ADM_ANCRRO_25051979F_022020,ANCRRO_25051979F_022020,1,5541248934,ana.cruz.001914@hospitalmail.com,2025-06-07
CNT_FECACA_01061983F_082024,ADM_FECACA_01061983F_082024,FECACA_01061983F_082024,1,5569156015,,2024-08-21
CNT_ALPERA_29092010M_012020,ADM_ALPERA_29092010M_012020,ALPERA_29092010M_012020,1,5579485136,alejandro.perez.001946@hospitalmail.com,2025-08-05
CNT_ELVALO_07021968F_022023,ADM_ELVALO_07021968F_022023,ELVALO_07021968F_022023,1,5566401555,elena.vargas.000334@mail.com,2024-08-20
CNT_JOGOGA_11081940M_092022,ADM_JOGOGA_11081940M_092022,JOGOGA_11081940M_092022,1,5533496506,jorge.gonzalez.001084@mail.com,2024-06-09
CNT_LUTORA_13121980M_012020,ADM_LUTORA_13121980M_012020,LUTORA_13121980M_012020,1,525502849304,luis.torres.000268@mail.com,2024-09-29
CNT_DASARO_17111947F_052024,ADM_DASARO_17111947F_052024,DASARO_17111947F_052024,1,525582059212,daniela.sanchez.001078@gmail.com,2024-05-20
CNT_JURARO_19061988M_032024,ADM_JURARO_19061988M_032024,JURARO_19061988M_032024,1,5515875332,juan.ramirez.001175@gmail.com,2024-03-29
CNT_EDVACR_25111980M_032022,ADM_EDVACR_25111980M_032022,EDVACR_25111980M_032022,1,525578390295,eduardo.vargas.002218@hospitalmail.com,2025-04-03
CNT_SOHEMA_15121976F_092024,ADM_SOHEMA_15121976F_092024,SOHEMA_15121976F_092024,1,5565060422,sofia.hernandez.000666@outlook.com,2024-09-16
CNT_FEGOVA_15102005M_012024,ADM_FEGOVA_15102005M_012024,FEGOVA_15102005M_012024,1,5520807247,fernando.gonzalez.001899@mail.com,2025-06-28
CNT_PACRGA_29032005F_112021,ADM_PACRGA_29032005F_112021,PACRGA_29032005F_112021,1,525565759324,patricia.cruz.000207@outlook.com,2025-12-02
CNT_DAGOTO_02071955F_082023,ADM_DAGOTO_02071955F_082023,DAGOTO_02071955F_082023,1,525546768907,daniela.gonzalez.000635@gmail.com,2025-03-06
CNT_ELRATO_02032005F_112021,ADM_ELRATO_02032005F_112021,ELRATO_02032005F_112021,1,5542482363,elena.ramirez.001691@gmail.com,2025-06-28
CNT_SOFLFL_10121981F_012022,ADM_SOFLFL_10121981F_012022,SOFLFL_10121981F_012022,1,5538575910,sofia.flores.001630@hospitalmail.com,2024-06-15
CNT_FEROGA_06021971M_032021,ADM_FEROGA_06021971M_032021,FEROGA_06021971M_032021,1,5569431,fernando.rodriguez.000564@mail.com,2025-07-30
CNT_JOLORA_17061989M_062022,ADM_JOLORA_17061989M_062022,JOLORA_17061989M_062022,1,5571353073,,2024-05-26
CNT_DASAVA_21121980F_102021,ADM_DASAVA_21121980F_102021,DASAVA_21121980F_102021,1,525592617249,daniela.sanchez.000211@mail.com,2024-12-15
CNT_FEVAMA_23101973F_122020,ADM_FEVAMA_23101973F_122020,FEVAMA_23101973F_122020,1,5582856911,fernanda.vargas.001660@hospitalmail.com,2025-12-21
CNT_LUROPE_15041966M_082020,ADM_LUROPE_15041966M_082020,LUROPE_15041966M_082020,1,5551542874,luis.rodriguez.002153@mail.com,2025-08-20
CNT_EDPEPE_10122001M_032020,ADM_EDPEPE_10122001M_032020,EDPEPE_10122001M_032020,1,525576884532,eduardo.perez.001065@hospitalmail.com,2024-01-27
CNT_LAMAVA_11101979F_112023,ADM_LAMAVA_11101979F_112023,LAMAVA_11101979F_112023,1,55616024,laura.martinez.001063@hospitalmail.com,2025-06-22
CNT_LUMAFL_08052013M_012021,ADM_LUMAFL_08052013M_012021,LUMAFL_08052013M_012021,1,556624648,luis.martinez.001456@hospitalmail.com,2025-04-04
CNT_MAMACR_13061980M_062020,ADM_MAMACR_13061980M_062020,MAMACR_13061980M_062020,1,5553882818,manuel.martinez.002131@mail.com,2025-04-20
CNT_FEGOLO_19011982M_032022,ADM_FEGOLO_19011982M_032022,FEGOLO_19011982M_032022,1,5582595801,fernando.gonzalez.000243@outlook.com,2024-07-01
CNT_ELRAHE_03111935F_112020,ADM_ELRAHE_03111935F_112020,ELRAHE_03111935F_112020,1,525589362591,elena.ramirez.001873@outlook.com,2024-08-04
CNT_LAPELO_11021964F_102020,ADM_LAPELO_11021964F_102020,LAPELO_11021964F_102020,1,525571163803,laura.perez.001356@outlook.com,2025-01-20
CNT_JUGOGA_06061990M_112023,ADM_JUGOGA_06061990M_112023,JUGOGA_06061990M_112023,1,525546573940,juan.gonzalez.000205@mail.com,2025-04-26
CNT_JORAFL_04031967M_112022,ADM_JORAFL_04031967M_112022,JORAFL_04031967M_112022,1,5524753580,jorge.ramirez.001625@mail.com,2025-08-11
CNT_ELCACR_25101935F_072024,ADM_ELCACR_25101935F_072024,ELCACR_25101935F_072024,1,5518719864,elena.castillo.002013@gmail.com,2024-07-19
CNT_EDLOHE_20072024M_012020,ADM_EDLOHE_20072024M_012020,EDLOHE_20072024M_012020,1,5566050710,eduardo.lopez.001135@outlook.com,2025-01-16
CNT_FEMARA_18091998M_122022,ADM_FEMARA_18091998M_122022,FEMARA_18091998M_122022,1,525530703795,fernando.martinez.000959@gmail.com,2024-09-28
CNT_MARAFL_06071990M_092024,ADM_MARAFL_06071990M_092024,MARAFL_06071990M_092024,1,5548457699,manuel.ramirez.001319@outlook.com,2025-06-29
CNT_JUFLHE_17101964M_092024,ADM_JUFLHE_17101964M_092024,JUFLHE_17101964M_092024,1,5538050137,juan.flores.002137@outlook.com,2025-08-21
CNT_DACRPE_19051964M_112024,ADM_DACRPE_19051964M_112024,DACRPE_19051964M_112024,1,525503401193,daniel.cruz.001307@hospitalmail.com,2024-11-22
CNT_MAGOLO_04011988M_042020,ADM_MAGOLO_04011988M_042020,MAGOLO_04011988M_042020,1,5532263597,,2024-09-12
CNT_RIRAVA_12082000M_012023,ADM_RIRAVA_12082000M_012023,RIRAVA_12082000M_012023,1,5536306102,ricardo.ramirez.000999@mail.com,2024-08-12
CNT_ELRAVA_28121948F_082020,ADM_ELRAVA_28121948F_082020,ELRAVA_28121948F_082020,1,5546765087,elena.ramirez.000876@outlook.com,2024-09-14
CNT_DAPETO_05021990M_012024,ADM_DAPETO_05021990M_012024,DAPETO_05021990M_012024,1,525586115037,daniel.perez.001291@mail.com,2024-01-07
CNT_JOGAGA_23111988M_102021,ADM_JOGAGA_23111988M_102021,JOGAGA_23111988M_102021,1,5528531318,jose.garcia.000807@outlook.com,2024-04-13
CNT_LUMACR_13011967F_012021,ADM_LUMACR_13011967F_012021,LUMACR_13011967F_012021,1,5550797180,lucia.martinez.000193@hospitalmail.com,2025-05-31
CNT_LAVALO_12102011F_022020,ADM_LAVALO_12102011F_022020,LAVALO_12102011F_022020,1,5556725013,laura.vargas.001811@mail.com,2025-12-08
CNT_ANFLCR_13091968F_012022,ADM_ANFLCR_13091968F_012022,ANFLCR_13091968F_012022,1,5549611678,ana.flores.001742@gmail.com,2025-12-04
CNT_JOSALO_14062021M_102023,ADM_JOSALO_14062021M_102023,JOSALO_14062021M_102023,1,5533423591,jorge.sanchez.000063@outlook.com,2024-08-30
CNT_FEGACR_21011973F_032022,ADM_FEGACR_21011973F_032022,FEGACR_21011973F_032022,1,5509404904,fernanda.garcia.000977@mail.com,2025-07-09
CNT_ANCRGA_15121987F_042024,ADM_ANCRGA_15121987F_042024,ANCRGA_15121987F_042024,1,5515360017,ana.cruz.001688@gmail.com,2025-09-03
CNT_JOPETO_09021983M_082022,ADM_JOPETO_09021983M_082022,JOPETO_09021983M_082022,1,525531352941,jose.perez.001582@outlook.com,2024-12-21
CNT_LAMAHE_01031945F_022020,ADM_LAMAHE_01031945F_022020,LAMAHE_01031945F_022020,1,525590507406,laura.martinez.000909@outlook.com,2024-04-13
CNT_ALFLTO_31051940M_042021,ADM_ALFLTO_31051940M_042021,ALFLTO_31051940M_042021,1,525524023382,alejandro.flores.001340@mail.com,2024-10-31
CNT_PAMALO_28092016F_062020,ADM_PAMALO_28092016F_062020,PAMALO_28092016F_062020,1,5570677878,patricia.martinez.000113@hospitalmail.com,2025-04-05
CNT_JOMACR_08041980M_112022,ADM_JOMACR_08041980M_112022,JOMACR_08041980M_112022,1,5530427950,jose.martinez.001825@hospitalmail.com,2025-04-26
CNT_ELLOPE_09032003F_032020,ADM_ELLOPE_09032003F_032020,ELLOPE_09032003F_032020,1,5543383739,elena.lopez.002029@outlook.com,2024-02-03
CNT_ANMACA_02042004F_042022,ADM_ANMACA_02042004F_042022,ANMACA_02042004F_042022,1,525586684156,ana.martinez.001298@hospitalmail.com,2025-11-29
CNT_JOGACR_04092014M_062021,ADM_JOGACR_04092014M_062021,JOGACR_04092014M_062021,1,5544288674,jorge.garcia.000330@hospitalmail.com,2024-07-18
CNT_DARORO_28081994F_052023,ADM_DARORO_28081994F_052023,DARORO_28081994F_052023,1,5581379897,daniela.rodriguez.001361@gmail.com,2025-10-26
CNT_VACRCR_14031966F_112021,ADM_VACRCR_14031966F_112021,VACRCR_14031966F_112021,1,525574172881,valeria.cruz.001061@hospitalmail.com,2024-04-07
CNT_LAGAXX_11101943F_092024,ADM_LAGAXX_11101943F_092024,LAGAXX_11101943F_092024,1,5553880790,laura.garcia.001098@gmail.com,2024-09-21
CNT_GAGOHE_05051984F_072022,ADM_GAGOHE_05051984F_072022,GAGOHE_05051984F_072022,1,5596789326,gabriela.gonzalez.001993@mail.com,2024-04-25
CNT_PARAGA_15051941F_032023,ADM_PARAGA_15051941F_032023,PARAGA_15051941F_032023,1,5509076558,patricia.ramirez.000616@hospitalmail.com,2024-02-11
CNT_DACARO_01081934M_122020,ADM_DACARO_01081934M_122020,DACARO_01081934M_122020,1,5550472218,daniel.castillo.001705@hospitalmail.com,2025-05-15
CNT_LUFLTO_04021984M_092023,ADM_LUFLTO_04021984M_092023,LUFLTO_04021984M_092023,1,5591882327,luis.flores.000436@mail.com,2025-02-28
CNT_JUTOTO_31081940M_112021,ADM_JUTOTO_31081940M_112021,JUTOTO_31081940M_112021,1,5523015337,juan.torres.000904@mail.com,2025-03-02
CNT_EDCRPE_12021998M_112023,ADM_EDCRPE_12021998M_112023,EDCRPE_12021998M_112023,1,5503943469,eduardo.cruz.001328@gmail.com,2024-12-20
CNT_JOCRCA_24071980M_012020,ADM_JOCRCA_24071980M_012020,JOCRCA_24071980M_012020,1,5507613826,jose.cruz.001124@outlook.com,2024-12-31
CNT_MAGACR_07111952M_112022,ADM_MAGACR_07111952M_112022,MAGACR_07111952M_112022,1,5562453238,manuel.garcia.002232@mail.com,2025-12-04
CNT_JOCATO_26052014M_062024,ADM_JOCATO_26052014M_062024,JOCATO_26052014M_062024,1,5571587198,jorge.castillo.000973@mail.com,2024-06-28
CNT_MICRXX_22092011M_072023,ADM_MICRXX_22092011M_072023,MICRXX_22092011M_072023,1,5535775701,miguel.cruz.000598@gmail.com,2024-01-20
CNT_DACAMA_08092008F_112024,ADM_DACAMA_08092008F_112024,DACAMA_08092008F_112024,1,5541559744,daniela.castillo.000042@gmail.com,2024-11-13
CNT_CAFLCA_06021992F_072025,ADM_CAFLCA_06021992F_072025,CAFLCA_06021992F_072025,1,5555259045,,2024-12-16
CNT_CAMAFL_13091965F_112020,ADM_CAMAFL_13091965F_112020,CAMAFL_13091965F_112020,1,5580213344,carmen.martinez.001659@mail.com,2024-03-08
CNT_CACRRO_17101965M_062020,ADM_CACRRO_17101965M_062020,CACRRO_17101965M_062020,1,5523513773,carlos.cruz.000344@hospitalmail.com,2025-11-03
CNT_DAPEGO_22071943F_092023,ADM_DAPEGO_22071943F_092023,DAPEGO_22071943F_092023,1,5574900836,daniela.perez.000802@gmail.com,2025-09-25
CNT_ANFLFL_12111982F_042024,ADM_ANFLFL_12111982F_042024,ANFLFL_12111982F_042024,1,5592276689,ana.flores.000455@mail.com,2025-12-18
CNT_PXCARO_21081984F_022024,ADM_PXCARO_21081984F_022024,PXCARO_21081984F_022024,1,5507438522,patricia.castillo.001420@outlook.com,2024-02-10
CNT_CAFLLO_23011981F_102022,ADM_CAFLLO_23011981F_102022,CAFLLO_23011981F_102022,1,5515986388,carmen.flores.000055@outlook.com,2024-11-19
CNT_MIROPE_11031988M_032023,ADM_MIROPE_11031988M_032023,MIROPE_11031988M_032023,1,5565704147,miguel.rodriguez.000329@mail.com,2025-12-03
CNT_JOFLGO_26081986M_012024,ADM_JOFLGO_26081986M_012024,JOFLGO_26081986M_012024,1,5515835071,,2024-01-25
CNT_JUCRVA_24062000M_012021,ADM_JUCRVA_24062000M_012021,JUCRVA_24062000M_012021,1,5580121594,juan.cruz.000197@outlook.com,2025-10-23
CNT_RISARO_26091971M_052022,ADM_RISARO_26091971M_052022,RISARO_26091971M_052022,1,5575435781,ricardo.sanchez.000004@mail.com,2025-03-31
CNT_JUPEGA_08082006M_052024,ADM_JUPEGA_08082006M_052024,JUPEGA_08082006M_052024,1,5582942763,juan.perez.002145@hospitalmail.com,2025-06-08
CNT_LUGAVA_12091982F_082024,ADM_LUGAVA_12091982F_082024,LUGAVA_12091982F_082024,1,5599902879,lucia.garcia.001381@hospitalmail.com,2025-06-11
CNT_ANVAMA_14031993F_042022,ADM_ANVAMA_14031993F_042022,ANVAMA_14031993F_042022,1,5521446262,ana.vargas.002143@gmail.com,2024-10-13
CNT_MAMALO_23031971M_062022,ADM_MAMALO_23031971M_062022,MAMALO_23031971M_062022,1,559778722,manuel.martinez.001286@outlook.com,2025-04-08
CNT_ALCRVA_31081949M_072022,ADM_ALCRVA_31081949M_072022,ALCRVA_31081949M_072022,1,5599391513,alejandro.cruz.001162@outlook.com,2024-05-12
CNT_GAVAPE_23052005F_022024,ADM_GAVAPE_23052005F_022024,GAVAPE_23052005F_022024,1,5576267469,gabriela.vargas.000020@outlook.com,2024-12-25
CNT_LALOCR_03111967F_062021,ADM_LALOCR_03111967F_062021,LALOCR_03111967F_062021,1,5554321747,,2025-10-31
CNT_JUSAHE_09031980M_102021,ADM_JUSAHE_09031980M_102021,JUSAHE_09031980M_102021,1,5594754816,juan.sanchez.002096@gmail.com,2024-01-10
CNT_GAVAHE_10031984F_112021,ADM_GAVAHE_10031984F_112021,GAVAHE_10031984F_112021,1,5593818736,gabriela.vargas.001854@gmail.com,2024-09-04
CNT_LATOLO_21011972F_052021,ADM_LATOLO_21011972F_052021,LATOLO_21011972F_052021,1,5516119397,laura.torres.001294@mail.com,2025-08-24
CNT_LARASA_11072005F_012020,ADM_LARASA_11072005F_012020,LARASA_11072005F_012020,1,5509149520,laura.ramirez.001935@outlook.com,2025-03-30
CNT_JUROCA_23031976M_072024,ADM_JUROCA_23031976M_072024,JUROCA_23031976M_072024,1,5527222598,juan.rodriguez.000764@gmail.com,2024-07-06
CNT_CACRGO_06061966F_082021,ADM_CACRGO_06061966F_082021,CACRGO_06061966F_082021,1,5528254308,carmen.cruz.002146@hospitalmail.com,2025-10-18
CNT_ALCATO_14021980M_012023,ADM_ALCATO_14021980M_012023,ALCATO_14021980M_012023,1,,alejandro.castillo.000935@outlook.com,2024-11-04
CNT_LAFLRO_09071979F_102021,ADM_LAFLRO_09071979F_102021,LAFLRO_09071979F_102021,1,525543660689,laura.flores.002150@mail.com,2025-10-30
CNT_VAMASA_06111939F_052024,ADM_VAMASA_06111939F_052024,VAMASA_06111939F_052024,1,5528499329,valeria.martinez.000174@outlook.com,2025-05-01
CNT_SORAVA_18121990F_012022,ADM_SORAVA_18121990F_012022,SORAVA_18121990F_012022,1,5519952202,sofia.ramirez.000488@gmail.com,2025-04-05
CNT_CARAVA_12012010F_062024,ADM_CARAVA_12012010F_062024,CARAVA_12012010F_062024,1,5583014928,carmen.ramirez.001058@mail.com,2025-12-10
CNT_DACRGA_04031982F_022024,ADM_DACRGA_04031982F_022024,DACRGA_04031982F_022024,1,5508270889,daniela.cruz.000627@gmail.com,2024-02-27
CNT_JUHEGO_27082000M_042024,ADM_JUHEGO_27082000M_042024,JUHEGO_27082000M_042024,1,5574186358,juan.hernandez.000492@gmail.com,2024-06-20
CNT_PAPEVA_16071991F_042023,ADM_PAPEVA_16071991F_042023,PAPEVA_16071991F_042023,1,525581943423,patricia.perez.001904@outlook.com,2025-03-25
CNT_CAHESA_05051959F_012022,ADM_CAHESA_05051959F_012022,CAHESA_05051959F_012022,1,525554140070,carmen.hernandez.000086@hospitalmail.com,2025-08-20
CNT_GAFLTO_24072003F_072020,ADM_GAFLTO_24072003F_072020,GAFLTO_24072003F_072020,1,5582668726,gabriela.flores.001754@hospitalmail.com,2025-02-06
CNT_JUHELO_12092006M_032023,ADM_JUHELO_12092006M_032023,JUHELO_12092006M_032023,1,525570264060,juan.hernandez.000506@mail.com,2024-08-08
CNT_FEGORO_14051961F_042020,ADM_FEGORO_14051961F_042020,FEGORO_14051961F_042020,1,5552095462,fernanda.gonzalez.000286@hospitalmail.com,2025-09-28
CNT_VAPELO_05101939F_012022,ADM_VAPELO_05101939F_012022,VAPELO_05101939F_012022,1,525585699735,,2024-02-20
CNT_JOLOCA_24081994M_082022,ADM_JOLOCA_24081994M_082022,JOLOCA_24081994M_082022,1,5556325823,jose.lopez.000792@outlook.com,2025-04-23
CNT_LUFLCA_06081967M_102023,ADM_LUFLCA_06081967M_102023,LUFLCA_06081967M_102023,1,5513537074,luis.flores.001406@hospitalmail.com,2025-10-21
CNT_MACAMA_16071978F_072024,ADM_MACAMA_16071978F_072024,MACAMA_16071978F_072024,1,5590766358,maria.castillo.001377@gmail.com,2024-07-21
CNT_SOVASA_15022018F_122021,ADM_SOVASA_15022018F_122021,SOVASA_15022018F_122021,1,525556072003,sofia.vargas.000824@hospitalmail.com,2025-10-15
CNT_DAMAHE_08121974M_012022,ADM_DAMAHE_08121974M_012022,DAMAHE_08121974M_012022,1,5504921082,daniel.martinez.001850@hospitalmail.com,2025-06-29
CNT_ALHEMA_02091973M_042023,ADM_ALHEMA_02091973M_042023,ALHEMA_02091973M_042023,1,557087554,alejandro.hernandez.001707@outlook.com,2025-02-18
CNT_FETOMA_29032003F_012024,ADM_FETOMA_29032003F_012024,FETOMA_29032003F_012024,1,5596687069,fernanda.torres.000380@gmail.com,2024-07-30
CNT_FEPEPE_06102007M_032023,ADM_FEPEPE_06102007M_032023,FEPEPE_06102007M_032023,1,5582520575,fernando.perez.001915@hospitalmail.com,2025-01-27
CNT_FECARO_10101972M_072023,ADM_FECARO_10101972M_072023,FECARO_10101972M_072023,1,5590673929,fernando.castillo.001580@outlook.com,2024-10-04
CNT_LUROCR_01111986M_022021,ADM_LUROCR_01111986M_022021,LUROCR_01111986M_022021,1,5578014711,luis.rodriguez.002244@hospitalmail.com,2025-09-18
CNT_DAMALO_18121944F_102020,ADM_DAMALO_18121944F_102020,DAMALO_18121944F_102020,1,5546293326,,2024-03-10
CNT_FXMACA_20071999F_072020,ADM_FXMACA_20071999F_072020,FXMACA_20071999F_072020,1,5555796083,fernanda.martinez.001900@mail.com,2025-09-27
CNT_CAHETO_20032002M_102020,ADM_CAHETO_20032002M_102020,CAHETO_20032002M_102020,1,5599837380,carlos.hernandez.000709@mail.com,2025-05-26
CNT_DASAVA_18061984M_012022,ADM_DASAVA_18061984M_012022,DASAVA_18061984M_012022,1,5532477854,daniel.sanchez.001979@hospitalmail.com,2025-01-26
CNT_CAGAFL_30092000F_122020,ADM_CAGAFL_30092000F_122020,CAGAFL_30092000F_122020,1,525522636254,carmen.garcia.000407@hospitalmail.com,2024-10-31
CNT_CAVACA_27061962M_032022,ADM_CAVACA_27061962M_032022,CAVACA_27061962M_032022,1,525532128354,carlos.vargas.000294@mail.com,2024-01-24
CNT_FEVALO_11081980M_102021,ADM_FEVALO_11081980M_102021,FEVALO_11081980M_102021,1,5554997372,fernando.vargas.000653@mail.com,2024-11-28
CNT_JXGORO_17031984M_092020,ADM_JXGORO_17031984M_092020,JXGORO_17031984M_092020,1,5533797652,jorge.gonzalez.000676@gmail.com,2025-12-12
CNT_JUGOVA_14091971M_062020,ADM_JUGOVA_14091971M_062020,JUGOVA_14091971M_062020,1,5500214382,juan.gonzalez.000445@outlook.com,2025-07-17
CNT_ANCRTO_29112020F_072020,ADM_ANCRTO_29112020F_072020,ANCRTO_29112020F_072020,1,5563988378,ana.cruz.001658@mail.com,2025-12-09
CNT_SOPERA_29111997F_112024,ADM_SOPERA_29111997F_112024,SOPERA_29111997F_112024,1,5515775839,sofia.perez.001186@hospitalmail.com,2025-06-24
CNT_ALHERO_18051993M_032020,ADM_ALHERO_18051993M_032020,ALHERO_18051993M_032020,1,5511570984,alejandro.hernandez.001966@mail.com,2025-02-16
CNT_CARAVA_01071959M_072024,ADM_CARAVA_01071959M_072024,CARAVA_01071959M_072024,1,5592756577,carlos.ramirez.002053@gmail.com,2025-05-15
CNT_CACAVA_27041987F_122024,ADM_CACAVA_27041987F_122024,CACAVA_27041987F_122024,1,5555653129,,2024-12-19
CNT_EDLOCR_11051935M_042021,ADM_EDLOCR_11051935M_042021,EDLOCR_11051935M_042021,1,5533000066,eduardo.lopez.001600@hospitalmail.com,2025-05-26
CNT_MILOTO_01042004M_032024,ADM_MILOTO_01042004M_032024,MILOTO_01042004M_032024,1,525532164425,miguel.lopez.001127@gmail.com,2024-03-21
CNT_DAVAVA_24121947F_112022,ADM_DAVAVA_24121947F_112022,DAVAVA_24121947F_112022,1,5591729106,daniela.vargas.000472@mail.com,2025-08-18
CNT_MISATO_21022016M_022023,ADM_MISATO_21022016M_022023,MISATO_21022016M_022023,1,5524838255,miguel.sanchez.000306@outlook.com,2024-09-17
CNT_EDPECA_03052004M_112024,ADM_EDPECA_03052004M_112024,EDPECA_03052004M_112024,1,5503615296,eduardo.perez.000358@outlook.com,2025-06-25
CNT_LUROSA_23022015M_042024,ADM_LUROSA_23022015M_042024,LUROSA_23022015M_042024,1,5585864154,luis.rodriguez.002235@mail.com,2024-04-29
CNT_MALOFL_29031962F_092020,ADM_MALOFL_29031962F_092020,MALOFL_29031962F_092020,1,5592000327,maria.lopez.001250@hospitalmail.com,2025-04-28
CNT_FEGAGA_13041975M_072022,ADM_FEGAGA_13041975M_072022,FEGAGA_13041975M_072022,1,5580960607,fernando.garcia.000629@outlook.com,2024-11-10
CNT_MXGALO_26072001M_022021,ADM_MXGALO_26072001M_022021,MXGALO_26072001M_022021,1,525548115664,manuel.garcia.000104@outlook.com,2024-09-06
CNT_JUHERO_13042015M_102022,ADM_JUHERO_13042015M_102022,JUHERO_13042015M_102022,1,5537936501,juan.hernandez.000826@mail.com,2025-02-20
CNT_ANRASA_05112015F_112024,ADM_ANRASA_05112015F_112024,ANRASA_05112015F_112024,1,5518410,ana.ramirez.000102@mail.com,2024-11-03
CNT_MASAFL_19081942M_122022,ADM_MASAFL_19081942M_122022,MASAFL_19081942M_122022,1,5599485,manuel.sanchez.001905@outlook.com,2024-08-30
CNT_EDRALO_23072008M_112021,ADM_EDRALO_23072008M_112021,EDRALO_23072008M_112021,1,5509848795,eduardo.ramirez.001470@hospitalmail.com,2025-09-25
CNT_CACRGO_27121962F_082024,ADM_CACRGO_27121962F_082024,CACRGO_27121962F_082024,1,525542000854,,2024-08-22
CNT_FEHERA_07011992F_062021,ADM_FEHERA_07011992F_062021,FEHERA_07011992F_062021,1,525571670636,fernanda.hernandez.001427@outlook.com,2025-07-26
CNT_ALCASA_26071984M_102021,ADM_ALCASA_26071984M_102021,ALCASA_26071984M_102021,1,5580424,alejandro.castillo.001373@gmail.com,2025-07-15
CNT_CAGAPE_07032002F_082024,ADM_CAGAPE_07032002F_082024,CAGAPE_07032002F_082024,1,5572036936,carmen.garcia.000516@hospitalmail.com,2024-08-03
CNT_ALFLVA_11072006M_012020,ADM_ALFLVA_11072006M_012020,ALFLVA_11072006M_012020,1,525572260799,alejandro.flores.000321@hospitalmail.com,2025-12-18
CNT_ALRAGA_19061968M_072022,ADM_ALRAGA_19061968M_072022,ALRAGA_19061968M_072022,1,5544521272,alejandro.ramirez.002147@gmail.com,2025-02-16
CNT_EDCRGO_16062000M_012020,ADM_EDCRGO_16062000M_012020,EDCRGO_16062000M_012020,1,5517101547,eduardo.cruz.001870@mail.com,2025-03-02
CNT_CAPECA_14061950F_082022,ADM_CAPECA_14061950F_082022,CAPECA_14061950F_082022,1,5568478824,carmen.perez.001673@gmail.com,2024-08-08
CNT_DALOGO_31032021F_052024,ADM_DALOGO_31032021F_052024,DALOGO_31032021F_052024,1,525571510645,daniela.lopez.002101@outlook.com,2025-08-12
CNT_ELHELO_22092000F_042024,ADM_ELHELO_22092000F_042024,ELHELO_22092000F_042024,1,5523553424,elena.hernandez.000805@gmail.com,2024-04-05
CNT_RIMACR_30071971M_082024,ADM_RIMACR_30071971M_082024,RIMACR_30071971M_082024,1,5597944148,ricardo.martinez.000769@hospitalmail.com,2025-10-07
CNT_MAROHE_28051980M_022023,ADM_MAROHE_28051980M_022023,MAROHE_28051980M_022023,1,5501351575,manuel.rodriguez.002002@gmail.com,2024-06-30
CNT_JUSARO_16101973M_062023,ADM_JUSARO_16101973M_062023,JUSARO_16101973M_062023,1,5584657211,juan.sanchez.000688@gmail.com,2024-12-23
CNT_EDVARA_07082019M_012021,ADM_EDVARA_07082019M_012021,EDVARA_07082019M_012021,1,5521942987,eduardo.vargas.001607@outlook.com,2025-09-15
CNT_ALRACA_16021958M_102020,ADM_ALRACA_16021958M_102020,ALRACA_16021958M_102020,1,525536103771,alejandro.ramirez.000539@hospitalmail.com,2024-08-03
CNT_MASAVA_04052006F_022020,ADM_MASAVA_04052006F_022020,MASAVA_04052006F_022020,1,5504859679,maria.sanchez.000877@mail.com,2024-06-24
CNT_RIFLCA_27011948M_052022,ADM_RIFLCA_27011948M_052022,RIFLCA_27011948M_052022,1,5507819918,ricardo.flores.000600@hospitalmail.com,2025-06-25
CNT_CATOGO_13112000F_032020,ADM_CATOGO_13112000F_032020,CATOGO_13112000F_032020,1,525523821491,carmen.torres.001971@mail.com,2024-07-10
CNT_LARACR_21111952F_072024,ADM_LARACR_21111952F_072024,LARACR_21111952F_072024,1,5558501192,laura.ramirez.001094@outlook.com,2024-07-24
CNT_ALHEMA_10041969M_022024,ADM_ALHEMA_10041969M_022024,ALHEMA_10041969M_022024,1,525520443332,alejandro.hernandez.001443@mail.com,2025-10-17
CNT_JOHESA_21022014M_082021,ADM_JOHESA_21022014M_082021,JOHESA_21022014M_082021,1,5532159295,jorge.hernandez.000853@outlook.com,2025-08-20
CNT_VAROVA_17091947F_092020,ADM_VAROVA_17091947F_092020,VAROVA_17091947F_092020,1,5589935619,valeria.rodriguez.000840@gmail.com,2025-06-22
CNT_DAGASA_07121975F_072021,ADM_DAGASA_07121975F_072021,DAGASA_07121975F_072021,1,5587855058,daniela.garcia.001486@outlook.com,2024-12-26
CNT_RIRAMA_08051945M_052020,ADM_RIRAMA_08051945M_052020,RIRAMA_08051945M_052020,1,5572112883,ricardo.ramirez.000563@outlook.com,2024-10-28
CNT_SOSARA_06021992F_062022,ADM_SOSARA_06021992F_062022,SOSARA_06021992F_062022,1,525517943016,sofia.sanchez.000202@hospitalmail.com,2024-09-15
CNT_DACRRA_21071945M_032023,ADM_DACRRA_21071945M_032023,DACRRA_21071945M_032023,1,5540936305,daniel.cruz.001100@hospitalmail.com,2024-09-01
CNT_SOROTO_21111934F_062021,ADM_SOROTO_21111934F_062021,SOROTO_21111934F_062021,1,5596892940,sofia.rodriguez.000699@hospitalmail.com,2025-11-17
CNT_JOVAFL_21041974M_102021,ADM_JOVAFL_21041974M_102021,JOVAFL_21041974M_102021,1,5597329707,,2024-05-04
CNT_LAPELO_31031979F_022024,ADM_LAPELO_31031979F_022024,LAPELO_31031979F_022024,1,5539450302,,2024-02-16
CNT_EDHEHE_19092005M_022020,ADM_EDHEHE_19092005M_022020,EDHEHE_19092005M_022020,1,5588298474,,2024-12-28
CNT_ALTOSA_19071966M_012021,ADM_ALTOSA_19071966M_012021,ALTOSA_19071966M_012021,1,557484399,alejandro.torres.000732@hospitalmail.com,2024-12-20
CNT_PACAGA_11061941F_082021,ADM_PACAGA_11061941F_082021,PACAGA_11061941F_082021,1,5551734771,patricia.castillo.000742@outlook.com,2025-09-28
CNT_GAGACR_10011935F_102022,ADM_GAGACR_10011935F_102022,GAGACR_10011935F_102022,1,5524060852,gabriela.garcia.000079@gmail.com,2024-05-11
CNT_LUGACA_01041962M_112022,ADM_LUGACA_01041962M_112022,LUGACA_01041962M_112022,1,5516540978,luis.garcia.000723@outlook.com,2025-04-05
CNT_FEGARO_16111944F_102021,ADM_FEGARO_16111944F_102021,FEGARO_16111944F_102021,1,5553054,fernanda.garcia.000140@hospitalmail.com,2024-05-19
CNT_LUMATO_07071973M_092021,ADM_LUMATO_07071973M_092021,LUMATO_07071973M_092021,1,5519157105,luis.martinez.001184@gmail.com,2024-08-16
CNT_DAPERA_23071995M_112020,ADM_DAPERA_23071995M_112020,DAPERA_23071995M_112020,1,525568886472,daniel.perez.001034@hospitalmail.com,2024-02-09
CNT_FECAMA_09102021F_072021,ADM_FECAMA_09102021F_072021,FECAMA_09102021F_072021,1,525504126406,fernanda.castillo.001663@hospitalmail.com,2025-09-13
CNT_VALOMA_31011989F_072021,ADM_VALOMA_31011989F_072021,VALOMA_31011989F_072021,1,5527178713,valeria.lopez.001313@gmail.com,2025-08-20
CNT_MIROPE_06071992M_092023,ADM_MIROPE_06071992M_092023,MIROPE_06071992M_092023,1,5556434047,miguel.rodriguez.000984@outlook.com,2025-12-09
CNT_CAROGA_29031990M_122021,ADM_CAROGA_29031990M_122021,CAROGA_29031990M_122021,1,5582974611,carlos.rodriguez.002202@gmail.com,2025-09-01
CNT_JOGAHE_01071987M_082024,ADM_JOGAHE_01071987M_082024,JOGAHE_01071987M_082024,1,5543462899,jose.garcia.001853@gmail.com,2024-08-31
CNT_PAHEGO_27021981F_092021,ADM_PAHEGO_27021981F_092021,PAHEGO_27021981F_092021,1,5592192,patricia.hernandez.002195@gmail.com,2025-05-10
CNT_EXCARA_03011989F_082020,ADM_EXCARA_03011989F_082020,EXCARA_03011989F_082020,1,5556672148,elena.castillo.001231@hospitalmail.com,2024-06-21
CNT_SOMAVA_02081996F_022023,ADM_SOMAVA_02081996F_022023,SOMAVA_02081996F_022023,1,5538015568,sofia.martinez.000249@hospitalmail.com,2025-04-30
CNT_SOSAGA_06021972F_082020,ADM_SOSAGA_06021972F_082020,SOSAGA_06021972F_082020,1,525510395091,sofia.sanchez.001568@gmail.com,2024-08-02
CNT_MALOHE_19101961F_022021,ADM_MALOHE_19101961F_022021,MALOHE_19101961F_022021,1,5567589651,maria.lopez.000272@mail.com,2024-11-16
CNT_MAPEMA_01111990F_122023,ADM_MAPEMA_01111990F_122023,MAPEMA_01111990F_122023,1,556836843,maria.perez.000940@hospitalmail.com,2025-06-28
CNT_LUTOFL_18061937F_072023,ADM_LUTOFL_18061937F_072023,LUTOFL_18061937F_072023,1,5512592923,lucia.torres.001089@mail.com,2024-11-25
CNT_JUGOHE_16012004M_082021,ADM_JUGOHE_16012004M_082021,JUGOHE_16012004M_082021,1,5561194453,juan.gonzalez.002049@mail.com,2025-04-06
CNT_MAROGA_18041964M_072024,ADM_MAROGA_18041964M_072024,MAROGA_18041964M_072024,1,5539484565,manuel.rodriguez.001967@mail.com,2024-12-07
CNT_CAHEFL_17011998M_112022,ADM_CAHEFL_17011998M_112022,CAHEFL_17011998M_112022,1,5569542219,carlos.hernandez.001526@mail.com,2025-12-08
CNT_VAFLFL_14031970F_122023,ADM_VAFLFL_14031970F_122023,VAFLFL_14031970F_122023,1,525523126024,valeria.flores.000715@mail.com,2025-03-04
CNT_FELOSA_12101964F_032022,ADM_FELOSA_12101964F_032022,FELOSA_12101964F_032022,1,525569060791,fernanda.lopez.000135@outlook.com,2024-08-09
CNT_JOVASA_31011991M_032024,ADM_JOVASA_31011991M_032024,JOVASA_31011991M_032024,1,5506991216,jorge.vargas.000639@mail.com,2024-03-05
CNT_ALLOCR_28012012M_072024,ADM_ALLOCR_28012012M_072024,ALLOCR_28012012M_072024,1,525525513526,alejandro.lopez.001145@mail.com,2025-10-13
CNT_ALROSA_26121967M_042021,ADM_ALROSA_26121967M_042021,ALROSA_26121967M_042021,1,5564417939,alejandro.rodriguez.000642@gmail.com,2025-04-23
CNT_DXROCA_08101990F_092024,ADM_DXROCA_08101990F_092024,DXROCA_08101990F_092024,1,5582197837,daniela.rodriguez.001779@outlook.com,2024-09-12
CNT_FEGAGA_21061964F_122024,ADM_FEGAGA_21061964F_122024,FEGAGA_21061964F_122024,1,5512747437,fernanda.garcia.001120@mail.com,2024-12-13
CNT_DATOPE_25042003M_092024,ADM_DATOPE_25042003M_092024,DATOPE_25042003M_092024,1,525591196084,daniel.torres.000806@gmail.com,2024-09-25
CNT_LULOFL_20012004M_022022,ADM_LULOFL_20012004M_022022,LULOFL_20012004M_022022,1,5542412673,luis.lopez.000019@mail.com,2025-07-26
CNT_FEVAMA_30122006M_022023,ADM_FEVAMA_30122006M_022023,FEVAMA_30122006M_022023,1,5540831,fernando.vargas.001661@mail.com,2025-08-12
CNT_JUGOLO_04081965M_102022,ADM_JUGOLO_04081965M_102022,JUGOLO_04081965M_102022,1,5523090152,juan.gonzalez.000837@mail.com,2025-06-02
CNT_GARAMA_14121989F_012022,ADM_GARAMA_14121989F_012022,GARAMA_14121989F_012022,1,5537995,gabriela.ramirez.001541@mail.com,2025-10-19
CNT_DAPEFL_13051972F_022023,ADM_DAPEFL_13051972F_022023,DAPEFL_13051972F_022023,1,5573670609,daniela.perez.000065@hospitalmail.com,2024-07-04
CNT_VAHEPE_25011959F_082024,ADM_VAHEPE_25011959F_082024,VAHEPE_25011959F_082024,1,5536726550,valeria.hernandez.001633@gmail.com,2024-08-14
CNT_CACASA_03062005F_012020,ADM_CACASA_03062005F_012020,CACASA_03062005F_012020,1,5558180010,carmen.castillo.001844@mail.com,2024-04-14
CNT_DARAFL_19061940F_102023,ADM_DARAFL_19061940F_102023,DARAFL_19061940F_102023,1,5581217012,daniela.ramirez.000504@hospitalmail.com,2024-04-27
CNT_ALROVA_14051998M_062022,ADM_ALROVA_14051998M_062022,ALROVA_14051998M_062022,1,5590313914,alejandro.rodriguez.000930@gmail.com,2024-10-23
CNT_RIGOGO_10121974M_112024,ADM_RIGOGO_10121974M_112024,RIGOGO_10121974M_112024,1,5524574301,ricardo.gonzalez.001826@outlook.com,2024-11-15
CNT_DAGOFL_25012024F_012024,ADM_DAGOFL_25012024F_012024,DAGOFL_25012024F_012024,1,5511711334,daniela.gonzalez.000551@gmail.com,2025-06-07
CNT_RIVAHE_23101956M_062023,ADM_RIVAHE_23101956M_062023,RIVAHE_23101956M_062023,1,5529723425,ricardo.vargas.001944@hospitalmail.com,2025-06-10
CNT_MIMASA_11122006M_022023,ADM_MIMASA_11122006M_022023,MIMASA_11122006M_022023,1,5569285015,miguel.martinez.001991@gmail.com,2024-10-25
CNT_ALTOLO_23091937M_052021,ADM_ALTOLO_23091937M_052021,ALTOLO_23091937M_052021,1,5581117161,alejandro.torres.000658@gmail.com,2024-06-27
CNT_DAMAHE_16082016F_112020,ADM_DAMAHE_16082016F_112020,DAMAHE_16082016F_112020,1,5533146483,daniela.martinez.000796@hospitalmail.com,2025-05-24
CNT_MARARA_01101946M_062022,ADM_MARARA_01101946M_062022,MARARA_01101946M_062022,1,5523417492,manuel.ramirez.001399@outlook.com,2025-07-24
CNT_FELOSA_20011996M_022022,ADM_FELOSA_20011996M_022022,FELOSA_20011996M_022022,1,5536287647,fernando.lopez.000305@mail.com,2025-10-31
CNT_SOGOMA_30111943F_062021,ADM_SOGOMA_30111943F_062021,SOGOMA_30111943F_062021,1,5555315760,sofia.gonzalez.000576@outlook.com,2024-12-31
CNT_RILOFL_11101984M_092022,ADM_RILOFL_11101984M_092022,RILOFL_11101984M_092022,1,525516877356,,2024-07-11
CNT_LUFLCR_21081961F_042024,ADM_LUFLCR_21081961F_042024,LUFLCR_21081961F_042024,1,525581353594,lucia.flores.001880@mail.com,2025-01-08
CNT_LUPERO_23021955M_072022,ADM_LUPERO_23021955M_072022,LUPERO_23021955M_072022,1,5562374024,luis.perez.000071@mail.com,2024-10-04
CNT_MACRHE_02021935M_082021,ADM_MACRHE_02021935M_082021,MACRHE_02021935M_082021,1,5597435828,manuel.cruz.000314@hospitalmail.com,2025-12-10
CNT_DASATO_23061973M_102023,ADM_DASATO_23061973M_102023,DASATO_23061973M_102023,1,525514174452,daniel.sanchez.002236@mail.com,2024-11-13
CNT_MATOVA_04091941F_022023,ADM_MATOVA_04091941F_022023,MATOVA_04091941F_022023,1,525568357329,maria.torres.000245@hospitalmail.com,2025-01-27
CNT_VAFLLO_25111999F_112024,ADM_VAFLLO_25111999F_112024,VAFLLO_25111999F_112024,1,5565030,valeria.flores.001502@hospitalmail.com,2025-10-12
CNT_CAVAMA_05091954M_012024,ADM_CAVAMA_05091954M_012024,CAVAMA_05091954M_012024,1,525528568152,carlos.vargas.000603@outlook.com,2024-01-04
CNT_DACRRA_04121987F_122023,ADM_DACRRA_04121987F_122023,DACRRA_04121987F_122023,1,5563907980,daniela.cruz.000100@hospitalmail.com,2025-01-13
CNT_DAGOGO_19121989M_012020,ADM_DAGOGO_19121989M_012020,DAGOGO_19121989M_012020,1,525531813609,daniel.gonzalez.000547@hospitalmail.com,2025-07-02
CNT_VAVAVA_01121976F_112024,ADM_VAVAVA_01121976F_112024,VAVAVA_01121976F_112024,1,5579190642,,2024-11-16
CNT_VXCASA_10082019F_062024,ADM_VXCASA_10082019F_062024,VXCASA_10082019F_062024,1,5586910703,valeria.castillo.000774@gmail.com,2024-06-17
CNT_JOFLCR_21092001M_102021,ADM_JOFLCR_21092001M_102021,JOFLCR_21092001M_102021,1,525590911686,jose.flores.000901@gmail.com,2024-02-08
CNT_MIMACA_06081978M_062021,ADM_MIMACA_06081978M_062021,MIMACA_06081978M_062021,1,5514738275,miguel.martinez.000592@hospitalmail.com,2025-07-13
CNT_PAVAHE_29041948F_032021,ADM_PAVAHE_29041948F_032021,PAVAHE_29041948F_032021,1,525525116937,patricia.vargas.000724@gmail.com,2025-12-21
CNT_CAGAHE_29082004M_082022,ADM_CAGAHE_29082004M_082022,CAGAHE_29082004M_082022,1,5522711552,carlos.garcia.000586@gmail.com,2024-04-16
CNT_ANVAHE_06091992F_052024,ADM_ANVAHE_06091992F_052024,ANVAHE_06091992F_052024,1,5552480088,ana.vargas.001565@hospitalmail.com,2025-10-01
CNT_ANTOHE_16101971F_092020,ADM_ANTOHE_16101971F_092020,ANTOHE_16101971F_092020,1,5574321166,ana.torres.001205@hospitalmail.com,2025-06-20
CNT_ALTOCA_01101982M_112024,ADM_ALTOCA_01101982M_112024,ALTOCA_01101982M_112024,1,525578895806,alejandro.torres.001240@gmail.com,2024-11-25
CNT_ALSAXX_04101971M_062024,ADM_ALSAXX_04101971M_062024,ALSAXX_04101971M_062024,1,5563722373,alejandro.sanchez.000073@gmail.com,2024-06-26
CNT_JOFLCR_16061992M_052024,ADM_JOFLCR_16061992M_052024,JOFLCR_16061992M_052024,1,5580156738,jorge.flores.001434@mail.com,2025-06-29
CNT_VASAGO_14111945F_122023,ADM_VASAGO_14111945F_122023,VASAGO_14111945F_122023,1,5586686910,valeria.sanchez.000133@mail.com,2024-06-05
CNT_MAVACR_21032001M_062021,ADM_MAVACR_21032001M_062021,MAVACR_21032001M_062021,1,5593934058,manuel.vargas.000997@outlook.com,2025-01-28
CNT_MAROSA_31051983M_122022,ADM_MAROSA_31051983M_122022,MAROSA_31051983M_122022,1,5591282555,manuel.rodriguez.000848@outlook.com,2025-10-29
CNT_SOTORA_25101961F_082024,ADM_SOTORA_25101961F_082024,SOTORA_25101961F_082024,1,5501235691,sofia.torres.000110@outlook.com,2024-12-19
CNT_MAGOGA_09062010M_082022,ADM_MAGOGA_09062010M_082022,MAGOGA_09062010M_082022,1,5535301650,manuel.gonzalez.000189@outlook.com,2024-07-26
CNT_RICAHE_17071994M_042023,ADM_RICAHE_17071994M_042023,RICAHE_17071994M_042023,1,5525199109,ricardo.castillo.001641@mail.com,2025-09-18
CNT_FEGAXX_11041996M_122024,ADM_FEGAXX_11041996M_122024,FEGAXX_11041996M_122024,1,55260398,fernando.garcia.001012@outlook.com,2024-12-21
CNT_JORAPE_31081972M_092024,ADM_JORAPE_31081972M_092024,JORAPE_31081972M_092024,1,5584870205,jorge.ramirez.002196@hospitalmail.com,2024-12-13
CNT_DAHECR_19011955M_042020,ADM_DAHECR_19011955M_042020,DAHECR_19011955M_042020,1,5597662863,daniel.hernandez.001767@hospitalmail.com,2025-06-14
CNT_LUSACR_04021949F_022021,ADM_LUSACR_04021949F_022021,LUSACR_04021949F_022021,1,525572049707,,2024-01-12
CNT_MXHERA_27082006F_112024,ADM_MXHERA_27082006F_112024,MXHERA_27082006F_112024,1,5514342649,maria.hernandez.000519@mail.com,2024-11-11
CNT_DALOFL_10041992F_032020,ADM_DALOFL_10041992F_032020,DALOFL_10041992F_032020,1,5558618445,daniela.lopez.002067@mail.com,2024-05-05
CNT_FEGAMA_24121987F_072024,ADM_FEGAMA_24121987F_072024,FEGAMA_24121987F_072024,1,5511568585,fernanda.garcia.000784@outlook.com,2024-07-16
CNT_LAHEFL_01072006F_032024,ADM_LAHEFL_01072006F_032024,LAHEFL_01072006F_032024,1,525560362665,laura.hernandez.000061@gmail.com,2025-09-24
CNT_ELTOCA_10111974F_072021,ADM_ELTOCA_10111974F_072021,ELTOCA_10111974F_072021,1,5515132344,elena.torres.000359@outlook.com,2025-04-09
CNT_JOCRGA_06091972M_082024,ADM_JOCRGA_06091972M_082024,JOCRGA_06091972M_082024,1,525590813440,jorge.cruz.001159@outlook.com,2025-04-18
CNT_CAMACR_29051955F_012022,ADM_CAMACR_29051955F_012022,CAMACR_29051955F_012022,1,5524087772,carmen.martinez.001699@outlook.com,2024-11-02
CNT_ANCALO_23121937F_092020,ADM_ANCALO_23121937F_092020,ANCALO_23121937F_092020,1,5572193207,ana.castillo.001768@gmail.com,2025-08-01
CNT_MAMACR_05061983M_062023,ADM_MAMACR_05061983M_062023,MAMACR_05061983M_062023,1,525518399685,manuel.martinez.000041@hospitalmail.com,2025-05-04
CNT_LASACA_23071951F_112023,ADM_LASACA_23071951F_112023,LASACA_23071951F_112023,1,5552166913,laura.sanchez.001265@outlook.com,2025-10-13
CNT_DAFLCA_12051958M_072024,ADM_DAFLCA_12051958M_072024,DAFLCA_12051958M_072024,1,5584856380,daniel.flores.000751@gmail.com,2024-07-05
CNT_JOSACR_02121988M_012021,ADM_JOSACR_02121988M_012021,JOSACR_02121988M_012021,1,5572653129,jorge.sanchez.001283@mail.com,2025-09-23
CNT_ALPEXX_28092000M_052024,ADM_ALPEXX_28092000M_052024,ALPEXX_28092000M_052024,1,5543083279,,2024-05-14
CNT_MARAMA_23011999M_082021,ADM_MARAMA_23011999M_082021,MARAMA_23011999M_082021,1,5542000097,manuel.ramirez.001323@mail.com,2024-04-23
CNT_VAPEGA_20021970F_022021,ADM_VAPEGA_20021970F_022021,VAPEGA_20021970F_022021,1,5556644014,valeria.perez.001155@outlook.com,2024-08-31
CNT_CAGATO_22062008M_112024,ADM_CAGATO_22062008M_112024,CAGATO_22062008M_112024,1,55638129,carlos.garcia.001210@hospitalmail.com,2025-12-07
CNT_RIGOMA_25021989M_072022,ADM_RIGOMA_25021989M_072022,RIGOMA_25021989M_072022,1,5585312209,ricardo.gonzalez.000139@hospitalmail.com,2025-01-30
CNT_SOSASA_22102005F_062024,ADM_SOSASA_22102005F_062024,SOSASA_22102005F_062024,0,,,
CNT_EDCASA_25082014M_072022,ADM_EDCASA_25082014M_072022,EDCASA_25082014M_072022,1,5516606273,eduardo.castillo.002102@hospitalmail.com,2025-07-30
CNT_LUPERO_01032011F_032022,ADM_LUPERO_01032011F_032022,LUPERO_01032011F_032022,1,5553307750,,2024-04-07
CNT_PXTORA_02031950F_072024,ADM_PXTORA_02031950F_072024,PXTORA_02031950F_072024,1,5563337206,,2024-07-15
CNT_LUMAMA_25041985M_022020,ADM_LUMAMA_25041985M_022020,LUMAMA_25041985M_022020,1,5596622903,luis.martinez.000415@mail.com,2025-02-06
CNT_MIRACA_08051988M_022021,ADM_MIRACA_08051988M_022021,MIRACA_08051988M_022021,1,5518398657,miguel.ramirez.001026@mail.com,2025-07-12
CNT_JOMAVA_11121970M_102020,ADM_JOMAVA_11121970M_102020,JOMAVA_11121970M_102020,1,5574144990,jose.martinez.000891@hospitalmail.com,2025-05-23
CNT_MIRATO_21031967M_012023,ADM_MIRATO_21031967M_012023,MIRATO_21031967M_012023,1,5552977301,miguel.ramirez.000276@outlook.com,2025-12-23
CNT_DASAXX_15111979M_072024,ADM_DASAXX_15111979M_072024,DASAXX_15111979M_072024,1,5598084713,daniel.sanchez.000136@outlook.com,2024-07-10
CNT_MAGOHE_17051984F_082021,ADM_MAGOHE_17051984F_082021,MAGOHE_17051984F_082021,1,525509361707,maria.gonzalez.001166@mail.com,2025-08-01
CNT_DATORO_11041940F_012023,ADM_DATORO_11041940F_012023,DATORO_11041940F_012023,1,525592463350,daniela.torres.001809@mail.com,2024-12-13
CNT_MAMAGO_12011938M_062024,ADM_MAMAGO_12011938M_062024,MAMAGO_12011938M_062024,1,5555551515,manuel.martinez.001256@mail.com,2024-06-07
CNT_MICARA_16121939M_022023,ADM_MICARA_16121939M_022023,MICARA_16121939M_022023,1,5542426569,miguel.castillo.000393@gmail.com,2025-02-26
CNT_JUROSA_04012007M_112023,ADM_JUROSA_04012007M_112023,JUROSA_04012007M_112023,1,5567168704,juan.rodriguez.001837@outlook.com,2024-12-19
CNT_VAPEXX_05101939F_022024,ADM_VAPEXX_05101939F_022024,VAPEXX_05101939F_022024,1,5585699735,valeria.perez.000842@outlook.com,2024-02-18
CNT_DAPEXX_12051992M_022024,ADM_DAPEXX_12051992M_022024,DAPEXX_12051992M_022024,1,5562915668,daniel.perez.000417@outlook.com,2024-02-03
CNT_LACRRA_14071965F_102023,ADM_LACRRA_14071965F_102023,LACRRA_14071965F_102023,1,525507822345,laura.cruz.002141@gmail.com,2024-08-09
CNT_ALCARA_07081992M_062022,ADM_ALCARA_07081992M_062022,ALCARA_07081992M_062022,1,5562487992,alejandro.castillo.002120@outlook.com,2024-02-20
CNT_VAFLGA_21051996F_062020,ADM_VAFLGA_21051996F_062020,VAFLGA_21051996F_062020,1,5599993057,valeria.flores.000735@gmail.com,2025-12-18
CNT_ELCRGA_18101965F_052020,ADM_ELCRGA_18101965F_052020,ELCRGA_18101965F_052020,1,5585974883,elena.cruz.000501@hospitalmail.com,2025-02-26
CNT_MAFLSA_09122002F_052022,ADM_MAFLSA_09122002F_052022,MAFLSA_09122002F_052022,1,525575869130,maria.flores.001055@outlook.com,2025-02-21
CNT_EXRAMA_23011989M_042024,ADM_EXRAMA_23011989M_042024,EXRAMA_23011989M_042024,1,5590489307,eduardo.ramirez.001181@hospitalmail.com,2024-04-07
CNT_LAVRLO_04021950F_042023,ADM_LAVRLO_04021950F_042023,LAVRLO_04021950F_042023,1,525593255193,laura.vargas.000626@gmail.com,2024-08-26
CNT_ANSASA_23011979F_072024,ADM_ANSASA_23011979F_072024,ANSASA_23011979F_072024,1,552868298,ana.sanchez.002047@outlook.com,2024-07-06
CNT_LAGAGO_10061990F_112022,ADM_LAGAGO_10061990F_112022,LAGAGO_10061990F_112022,1,5541471,laura.garcia.000161@mail.com,2025-03-10
CNT_PATOMA_12051981F_122024,ADM_PATOMA_12051981F_122024,PATOMA_12051981F_122024,1,5509933105,patricia.torres.000099@hospitalmail.com,2024-12-06
CNT_CALOCA_17012006F_042024,ADM_CALOCA_17012006F_042024,CALOCA_17012006F_042024,1,5525095209,carmen.lopez.000499@mail.com,2024-04-24
CNT_MAHEGO_22071940M_062020,ADM_MAHEGO_22071940M_062020,MAHEGO_22071940M_062020,1,525573665418,manuel.hernandez.000849@outlook.com,2024-12-18
CNT_VAGOGO_04081960F_032021,ADM_VAGOGO_04081960F_032021,VAGOGO_04081960F_032021,1,525586712468,valeria.gonzalez.000382@gmail.com,2025-05-10
CNT_DARAXX_02031968F_012022,ADM_DARAXX_02031968F_012022,DARAXX_02031968F_012022,1,5555762331,daniela.ramirez.002089@outlook.com,2024-03-28
CNT_EDCRFL_27011946M_112023,ADM_EDCRFL_27011946M_112023,EDCRFL_27011946M_112023,1,5574288838,eduardo.cruz.000343@mail.com,2025-07-11
CNT_JOLOHE_22042025M_122022,ADM_JOLOHE_22042025M_122022,JOLOHE_22042025M_122022,1,5556655227,jorge.lopez.002205@hospitalmail.com,2025-03-25
CNT_JUGAVA_08101995M_012023,ADM_JUGAVA_08101995M_012023,JUGAVA_08101995M_012023,1,5561950812,juan.garcia.001561@gmail.com,2025-04-20
CNT_LUCRFL_27111973M_032021,ADM_LUCRFL_27111973M_032021,LUCRFL_27111973M_032021,1,525571370450,luis.cruz.000372@mail.com,2024-10-12
CNT_MACAPE_08021948M_012024,ADM_MACAPE_08021948M_012024,MACAPE_08021948M_012024,1,5599141236,manuel.castillo.000686@outlook.com,2025-02-14
CNT_FELOPE_29101998M_072020,ADM_FELOPE_29101998M_072020,FELOPE_29101998M_072020,1,525512463854,fernando.lopez.000874@outlook.com,2025-08-12
CNT_GACRRA_18021963F_062022,ADM_GACRRA_18021963F_062022,GACRRA_18021963F_062022,1,525518005620,gabriela.cruz.001212@hospitalmail.com,2025-12-30
CNT_JORAHE_31052015M_011900,ADM_JORAHE_31052015M_011900,JORAHE_31052015M_011900,1,5514328223,jorge.ramirez.001643@mail.com,2024-03-25
CNT_JUCRGA_15031991M_122023,ADM_JUCRGA_15031991M_122023,JUCRGA_15031991M_122023,1,5586688432,juan.cruz.000303@mail.com,2025-03-26
CNT_ALHEPE_17101965M_042023,ADM_ALHEPE_17101965M_042023,ALHEPE_17101965M_042023,1,5502794756,alejandro.hernandez.001072@outlook.com,2024-10-11
CNT_LARARO_06081982F_092024,ADM_LARARO_06081982F_092024,LARARO_06081982F_092024,1,5563476927,laura.ramirez.001131@hospitalmail.com,2025-08-03
CNT_FEFLCR_31081995F_022024,ADM_FEFLCR_31081995F_022024,FEFLCR_31081995F_022024,1,5568102776,fernanda.flores.000515@gmail.com,2024-04-03
CNT_ALSATO_23101977M_022022,ADM_ALSATO_23101977M_022022,ALSATO_23101977M_022022,1,5569518233,alejandro.sanchez.000713@outlook.com,2025-11-17
CNT_ANCAMA_20031980F_092022,ADM_ANCAMA_20031980F_092022,ANCAMA_20031980F_092022,1,5592868377,ana.castillo.002028@outlook.com,2024-06-05
CNT_FEHESA_02081977F_122024,ADM_FEHESA_02081977F_122024,FEHESA_02081977F_122024,1,5592018693,fernanda.hernandez.002045@mail.com,2024-12-21
CNT_DARAMA_06022004M_082024,ADM_DARAMA_06022004M_082024,DARAMA_06022004M_082024,1,5569889232,daniel.ramirez.000105@outlook.com,2024-08-30
CNT_PASAVA_07121966F_122020,ADM_PASAVA_07121966F_122020,PASAVA_07121966F_122020,1,5527872819,patricia.sanchez.000274@gmail.com,2025-07-03
CNT_MAROTO_11061969M_102023,ADM_MAROTO_11061969M_102023,MAROTO_11061969M_102023,1,5548032216,manuel.rodriguez.001419@mail.com,2024-09-07
CNT_ELHECR_09101974F_112021,ADM_ELHECR_09101974F_112021,ELHECR_09101974F_112021,1,5599744771,elena.hernandez.001277@outlook.com,2025-06-16
CNT_JXSASA_04061968M_012024,ADM_JXSASA_04061968M_012024,JXSASA_04061968M_012024,1,5541894102,jorge.sanchez.001649@outlook.com,2024-01-16
CNT_EDSAVA_12051978M_032020,ADM_EDSAVA_12051978M_032020,EDSAVA_12051978M_032020,1,5547889823,eduardo.sanchez.001388@outlook.com,2025-10-09
CNT_CAHEHE_13071954F_012024,ADM_CAHEHE_13071954F_012024,CAHEHE_13071954F_012024,1,5577467838,carmen.hernandez.000141@gmail.com,2024-01-02
CNT_MIPESA_13021985M_122023,ADM_MIPESA_13021985M_122023,MIPESA_13021985M_122023,1,525501782847,miguel.perez.001187@mail.com,2025-09-06
CNT_MAVACA_03121952M_022021,ADM_MAVACA_03121952M_022021,MAVACA_03121952M_022021,1,525589091997,,2024-10-17
CNT_RIPEPE_14081979M_082022,ADM_RIPEPE_14081979M_082022,RIPEPE_14081979M_082022,1,5541831939,ricardo.perez.002014@gmail.com,2025-07-18
CNT_MAMAGA_03112006F_082022,ADM_MAMAGA_03112006F_082022,MAMAGA_03112006F_082022,1,5533640068,maria.martinez.000188@hospitalmail.com,2025-09-08
CNT_JUSAHE_15051990M_032022,ADM_JUSAHE_15051990M_032022,JUSAHE_15051990M_032022,1,5516841674,juan.sanchez.001226@mail.com,2025-06-19
CNT_CXCARO_27081974F_122024,ADM_CXCARO_27081974F_122024,CXCARO_27081974F_122024,1,525535700703,carmen.castillo.001594@mail.com,2024-12-20
CNT_ANGOXX_12071994F_012020,ADM_ANGOXX_12071994F_012020,ANGOXX_12071994F_012020,1,5551089025,,2024-05-06
CNT_JOGOFL_05101956M_112024,ADM_JOGOFL_05101956M_112024,JOGOFL_05101956M_112024,1,5519006432,,2024-11-08
CNT_SOCRSA_07011975F_072024,ADM_SOCRSA_07011975F_072024,SOCRSA_07011975F_072024,1,5502652664,sofia.cruz.000388@gmail.com,2024-07-07
CNT_RIFLVA_13111970M_032023,ADM_RIFLVA_13111970M_032023,RIFLVA_13111970M_032023,1,5574948340,ricardo.flores.000427@outlook.com,2024-07-18
CNT_SXSAMA_04062000F_082024,ADM_SXSAMA_04062000F_082024,SXSAMA_04062000F_082024,1,5546052284,sofia.sanchez.000096@mail.com,2024-08-22
CNT_CAHECR_27031967F_012024,ADM_CAHECR_27031967F_012024,CAHECR_27031967F_012024,1,5586176611,carmen.hernandez.000383@outlook.com,2024-01-25
CNT_GAHEGO_14022009F_122020,ADM_GAHEGO_14022009F_122020,GAHEGO_14022009F_122020,1,525553801722,gabriela.hernandez.000957@gmail.com,2024-02-07
CNT_GAGOTO_05051951F_062020,ADM_GAGOTO_05051951F_062020,GAGOTO_05051951F_062020,1,5545215576,gabriela.gonzalez.000611@mail.com,2025-07-29
CNT_ANLOPE_20101977F_112020,ADM_ANLOPE_20101977F_112020,ANLOPE_20101977F_112020,1,5563572539,ana.lopez.001354@outlook.com,2024-03-06
CNT_JOVAMA_25042019M_092022,ADM_JOVAMA_25042019M_092022,JOVAMA_25042019M_092022,1,525597715939,jorge.vargas.002104@outlook.com,2025-08-11
CNT_DALOCA_27022017F_012022,ADM_DALOCA_27022017F_012022,DALOCA_27022017F_012022,1,5580534069,daniela.lopez.000804@mail.com,2024-01-02
CNT_LAHERA_01051941F_072024,ADM_LAHERA_01051941F_072024,LAHERA_01051941F_072024,1,525569843580,laura.hernandez.001494@mail.com,2025-10-25
CNT_LURACR_25111999F_112021,ADM_LURACR_25111999F_112021,LURACR_25111999F_112021,1,525561705897,lucia.ramirez.000978@outlook.com,2024-01-17
CNT_CACRTO_20021972F_092021,ADM_CACRTO_20021972F_092021,CACRTO_20021972F_092021,1,525552148216,carmen.cruz.000068@hospitalmail.com,2024-01-03
CNT_SOLOCA_16051974F_102024,ADM_SOLOCA_16051974F_102024,SOLOCA_16051974F_102024,1,5565063815,sofia.lopez.001632@gmail.com,2025-08-04
CNT_CAVARO_26081947M_112021,ADM_CAVARO_26081947M_112021,CAVARO_26081947M_112021,1,5580924134,carlos.vargas.000993@outlook.com,2025-07-29
CNT_FXMAGO_22031997M_012024,ADM_FXMAGO_22031997M_012024,FXMAGO_22031997M_012024,1,5598285531,fernando.martinez.001717@gmail.com,2025-02-17
CNT_ELSAHE_17121980F_062024,ADM_ELSAHE_17121980F_062024,ELSAHE_17121980F_062024,1,5594421607,elena.sanchez.000632@hospitalmail.com,2025-11-04
CNT_MARAHE_11011998F_122021,ADM_MARAHE_11011998F_122021,MARAHE_11011998F_122021,1,5569842052,maria.ramirez.000070@outlook.com,2025-10-16
CNT_JXRACA_28071965M_062021,ADM_JXRACA_28071965M_062021,JXRACA_28071965M_062021,1,5597744261,jorge.ramirez.002220@outlook.com,2025-06-06
CNT_CAHEFL_11011973M_092023,ADM_CAHEFL_11011973M_092023,CAHEFL_11011973M_092023,1,5599708910,carlos.hernandez.001465@outlook.com,2025-01-19
CNT_VAROXX_10072016F_102025,ADM_VAROXX_10072016F_102025,VAROXX_10072016F_102025,1,525507266292,valeria.rodriguez.001894@outlook.com,2025-10-31
CNT_DATOLO_24091964M_102023,ADM_DATOLO_24091964M_102023,DATOLO_24091964M_102023,1,5512108112,daniel.torres.000218@hospitalmail.com,2025-03-23
CNT_DAGOTO_02111975F_072023,ADM_DAGOTO_02111975F_072023,DAGOTO_02111975F_072023,1,525599786679,daniela.gonzalez.001040@hospitalmail.com,2025-11-14
CNT_ALPECA_23031962M_012025,ADM_ALPECA_23031962M_012025,ALPECA_23031962M_012025,1,5512638388,alejandro.perez.000694@gmail.com,2025-08-31
CNT_EDMASA_27091965M_032022,ADM_EDMASA_27091965M_032022,EDMASA_27091965M_032022,1,5525358505,eduardo.martinez.001471@gmail.com,2025-09-20
CNT_FEGOGO_14011975M_082020,ADM_FEGOGO_14011975M_082020,FEGOGO_14011975M_082020,1,5502657038,fernando.gonzalez.000222@hospitalmail.com,2025-07-02
CNT_LULOSA_28101989M_082025,ADM_LULOSA_28101989M_082025,LULOSA_28101989M_082025,1,5552226169,luis.lopez.000920@outlook.com,2025-08-31
CNT_CAPETO_24071960F_122023,ADM_CAPETO_24071960F_122023,CAPETO_24071960F_122023,1,5550894787,carmen.perez.001831@outlook.com,2025-12-15
CNT_JOTOVA_26011991M_072023,ADM_JOTOVA_26011991M_072023,JOTOVA_26011991M_072023,1,5532670454,jorge.torres.000423@mail.com,2025-03-29
CNT_JOSAPE_10061992M_102021,ADM_JOSAPE_10061992M_102021,JOSAPE_10061992M_102021,1,5577365595,jose.sanchez.001703@outlook.com,2025-11-01
CNT_JOGOFL_06121973M_092021,ADM_JOGOFL_06121973M_092021,JOGOFL_06121973M_092021,1,525534948233,jose.gonzalez.001241@outlook.com,2025-09-13
CNT_EXHESA_15121972F_042020,ADM_EXHESA_15121972F_042020,EXHESA_15121972F_042020,1,5553835185,elena.hernandez.001123@hospitalmail.com,2025-05-13
CNT_DACAXX_05011987F_072020,ADM_DACAXX_05011987F_072020,DACAXX_05011987F_072020,1,5520730355,daniela.castillo.000003@mail.com,2025-08-06
CNT_JOFLGO_19022001M_082021,ADM_JOFLGO_19022001M_082021,JOFLGO_19022001M_082021,1,5576564,jorge.flores.001014@hospitalmail.com,2025-11-24
CNT_AXMACR_07071938F_042020,ADM_AXMACR_07071938F_042020,AXMACR_07071938F_042020,1,5543960615,ana.martinez.001022@outlook.com,2025-08-05
CNT_LUROCA_12091944F_112022,ADM_LUROCA_12091944F_112022,LUROCA_12091944F_112022,1,5540123362,,2025-02-27
CNT_ANVARO_02101975F_112025,ADM_ANVARO_02101975F_112025,ANVARO_02101975F_112025,1,5517689204,ana.vargas.000673@outlook.com,2025-11-03
CNT_JOTOSA_17042017M_072021,ADM_JOTOSA_17042017M_072021,JOTOSA_17042017M_072021,1,5510931035,jose.torres.000463@outlook.com,2025-12-19
CNT_MAHESA_12072014F_112022,ADM_MAHESA_12072014F_112022,MAHESA_12072014F_112022,1,5593931076,maria.hernandez.000468@outlook.com,2025-10-25
CNT_MIFLTO_04051988M_082020,ADM_MIFLTO_04051988M_082020,MIFLTO_04051988M_082020,1,5537156144,miguel.flores.001158@hospitalmail.com,2025-01-27
CNT_PAMATO_29081987F_012022,ADM_PAMATO_29081987F_012022,PAMATO_29081987F_012022,1,5507776192,patricia.martinez.000271@mail.com,2025-06-02
CNT_VAGARA_06032025F_092023,ADM_VAGARA_06032025F_092023,VAGARA_06032025F_092023,1,525513296365,valeria.garcia.001908@gmail.com,2025-10-17
CNT_ANVARO_19111983F_122021,ADM_ANVARO_19111983F_122021,ANVARO_19111983F_122021,1,55683016,ana.vargas.002177@gmail.com,2025-12-30
CNT_FEFLVA_15051935M_122022,ADM_FEFLVA_15051935M_122022,FEFLVA_15051935M_122022,1,5541972674,fernando.flores.001726@mail.com,2025-05-10
CNT_SOLOHE_26022011F_112025,ADM_SOLOHE_26022011F_112025,SOLOHE_26022011F_112025,1,5560858743,sofia.lopez.000005@outlook.com,2025-11-19
CNT_JOCRCR_05031994M_072025,ADM_JOCRCR_05031994M_072025,JOCRCR_05031994M_072025,1,5501370166,jorge.cruz.000138@outlook.com,2025-07-04
CNT_ALGAGA_06041996M_022020,ADM_ALGAGA_06041996M_022020,ALGAGA_06041996M_022020,1,5583417996,alejandro.garcia.000496@outlook.com,2025-02-15
CNT_MAPETO_08102003M_012023,ADM_MAPETO_08102003M_012023,MAPETO_08102003M_012023,1,525539422596,manuel.perez.001772@mail.com,2025-04-26
CNT_EDTOLO_13031976M_022020,ADM_EDTOLO_13031976M_022020,EDTOLO_13031976M_022020,1,55259333,eduardo.torres.000953@hospitalmail.com,2025-08-27
CNT_FEMAGO_25011997M_052025,ADM_FEMAGO_25011997M_052025,FEMAGO_25011997M_052025,1,5530898594,fernando.martinez.001432@gmail.com,2025-05-21
CNT_FEVAXX_14041983F_052025,ADM_FEVAXX_14041983F_052025,FEVAXX_14041983F_052025,1,525509789543,,2025-05-07
CNT_DARARO_01021963F_082025,ADM_DARARO_01021963F_082025,DARARO_01021963F_082025,1,5522542919,daniela.ramirez.000913@hospitalmail.com,2025-08-11
CNT_RISASA_15061962M_052021,ADM_RISASA_15061962M_052021,RISASA_15061962M_052021,1,5500643,ricardo.sanchez.001969@mail.com,2025-11-21
CNT_LUMAXX_23111994M_122023,ADM_LUMAXX_23111994M_122023,LUMAXX_23111994M_122023,1,5547409410,luis.martinez.000446@gmail.com,2025-06-21
CNT_ELTOHE_26121978F_022025,ADM_ELTOHE_26121978F_022025,ELTOHE_26121978F_022025,1,5507671864,elena.torres.001056@hospitalmail.com,2025-07-30
CNT_FECASA_15121985M_042021,ADM_FECASA_15121985M_042021,FECASA_15121985M_042021,1,5544542951,fernando.castillo.000046@hospitalmail.com,2025-12-30
CNT_LURACA_01112021F_012023,ADM_LURACA_01112021F_012023,LURACA_01112021F_012023,1,525549717487,lucia.ramirez.001927@outlook.com,2025-03-18
CNT_FXFLGA_21081989F_112022,ADM_FXFLGA_21081989F_112022,FXFLGA_21081989F_112022,1,5582677964,fernanda.flores.001728@outlook.com,2025-07-11
CNT_LALOSA_23121988F_042025,ADM_LALOSA_23121988F_042025,LALOSA_23121988F_042025,1,5534229747,,2025-04-09
CNT_JXPEPE_10042010M_042025,ADM_JXPEPE_10042010M_042025,JXPEPE_10042010M_042025,1,5527585337,,2025-04-28
CNT_LXPELO_19071943F_052023,ADM_LXPELO_19071943F_052023,LXPELO_19071943F_052023,1,525561151747,,2025-03-28
CNT_LXROGA_08012007F_012025,ADM_LXROGA_08012007F_012025,LXROGA_08012007F_012025,1,5585766426,lucia.rodriguez.000300@gmail.com,2025-01-03
CNT_CAROGA_04051984M_122020,ADM_CAROGA_04051984M_122020,CAROGA_04051984M_122020,1,5590215791,carlos.rodriguez.001459@outlook.com,2025-02-04
CNT_PAHEFL_28031984F_062023,ADM_PAHEFL_28031984F_062023,PAHEFL_28031984F_062023,1,5575678761,patricia.hernandez.001970@gmail.com,2025-08-04
CNT_PASACA_11111979F_022023,ADM_PASACA_11111979F_022023,PASACA_11111979F_022023,1,5513145377,patricia.sanchez.002098@outlook.com,2025-01-25
CNT_MAVAGO_29061959M_072025,ADM_MAVAGO_29061959M_072025,MAVAGO_29061959M_072025,1,5542042067,manuel.vargas.000307@mail.com,2025-10-15
CNT_MAPETO_06091964F_062021,ADM_MAPETO_06091964F_062021,MAPETO_06091964F_062021,1,5502530337,maria.perez.002000@mail.com,2025-11-01
CNT_EDMALO_29061967M_032022,ADM_EDMALO_29061967M_032022,EDMALO_29061967M_032022,1,5594573473,eduardo.martinez.000896@hospitalmail.com,2025-12-18
CNT_LURAXX_31052005F_092025,ADM_LURAXX_31052005F_092025,LURAXX_31052005F_092025,1,5522800456,lucia.ramirez.001550@outlook.com,2025-09-21
CNT_PAPEVA_11051978F_072021,ADM_PAPEVA_11051978F_072021,PAPEVA_11051978F_072021,1,5505516363,patricia.perez.001907@hospitalmail.com,2025-11-04
CNT_FECASA_17052000M_082025,ADM_FECASA_17052000M_082025,FECASA_17052000M_082025,1,5502160795,fernando.castillo.000057@mail.com,2025-09-05
CNT_GARAFL_30012017F_122023,ADM_GARAFL_30012017F_122023,GARAFL_30012017F_122023,1,5551092349,gabriela.ramirez.000596@mail.com,2025-02-11
CNT_DAPECR_24011963M_052022,ADM_DAPECR_24011963M_052022,DAPECR_24011963M_052022,1,5563312279,daniel.perez.001111@outlook.com,2025-07-31
CNT_VALOXX_10051952F_052022,ADM_VALOXX_10051952F_052022,VALOXX_10051952F_052022,1,5567566655,valeria.lopez.000012@gmail.com,2025-05-10
CNT_CARAGO_19042005F_042025,ADM_CARAGO_19042005F_042025,CARAGO_19042005F_042025,1,5544260068,carmen.ramirez.001116@outlook.com,2025-10-24
CNT_MICRLO_04111969M_022025,ADM_MICRLO_04111969M_022025,MICRLO_04111969M_022025,1,5502885023,miguel.cruz.000471@mail.com,2025-05-14
CNT_JOMARO_03071947M_022025,ADM_JOMARO_03071947M_022025,JOMARO_03071947M_022025,1,,jorge.martinez.000780@hospitalmail.com,2025-02-02
CNT_SOHERO_17102005F_022020,ADM_SOHERO_17102005F_022020,SOHERO_17102005F_022020,1,5567232421,sofia.hernandez.000712@mail.com,2025-07-20
CNT_ALGATO_06122018M_122022,ADM_ALGATO_06122018M_122022,ALGATO_06122018M_122022,1,525565566624,alejandro.garcia.001608@gmail.com,2025-01-10
CNT_CXVAPE_03071944M_092025,ADM_CXVAPE_03071944M_092025,CXVAPE_03071944M_092025,1,525517382472,carlos.vargas.001646@hospitalmail.com,2025-09-18
CNT_GASATO_06092024F_062020,ADM_GASATO_06092024F_062020,GASATO_06092024F_062020,1,525578122154,gabriela.sanchez.000360@gmail.com,2025-04-10
CNT_ALHECA_30031954M_112023,ADM_ALHECA_30031954M_112023,ALHECA_30031954M_112023,1,525592709731,alejandro.hernandez.002062@hospitalmail.com,2025-12-16
CNT_CAGAGA_14071984F_022025,ADM_CAGAGA_14071984F_022025,CAGAGA_14071984F_022025,1,5531657614,carmen.garcia.000007@mail.com,2025-02-11
CNT_MAPEFL_21071974M_102021,ADM_MAPEFL_21071974M_102021,MAPEFL_21071974M_102021,1,5546321243,manuel.perez.000813@hospitalmail.com,2025-08-05
CNT_ANVACA_29111961F_112025,ADM_ANVACA_29111961F_112025,ANVACA_29111961F_112025,1,5547808106,ana.vargas.001588@hospitalmail.com,2025-11-20
CNT_DAFLSA_19061988M_112021,ADM_DAFLSA_19061988M_112021,DAFLSA_19061988M_112021,1,5509095700,daniel.flores.000279@gmail.com,2025-04-03
CNT_DALOVA_16061982M_042021,ADM_DALOVA_16061982M_042021,DALOVA_16061982M_042021,1,5552905452,daniel.lopez.002211@outlook.com,2025-11-12
CNT_DXRASA_02071962M_122020,ADM_DXRASA_02071962M_122020,DXRASA_02071962M_122020,1,525591987578,,2025-03-08
CNT_DARORO_11011976F_052023,ADM_DARORO_11011976F_052023,DARORO_11011976F_052023,1,5545655593,daniela.rodriguez.001989@mail.com,2025-11-05
CNT_LUHEHE_21041994F_012021,ADM_LUHEHE_21041994F_012021,LUHEHE_21041994F_012021,1,5568708979,lucia.hernandez.000390@mail.com,2025-11-21
CNT_GARAVA_19112002F_062023,ADM_GARAVA_19112002F_062023,GARAVA_19112002F_062023,1,5592249325,gabriela.ramirez.000171@mail.com,2025-06-11
CNT_PATOSA_29031955F_062020,ADM_PATOSA_29031955F_062020,PATOSA_29031955F_062020,1,525539924076,patricia.torres.001610@hospitalmail.com,2025-12-15
CNT_JOCRGA_17051965M_032025,ADM_JOCRGA_17051965M_032025,JOCRGA_17051965M_032025,1,551576452,jose.cruz.000823@mail.com,2025-05-20
CNT_MAGAFL_01031991M_032025,ADM_MAGAFL_01031991M_032025,MAGAFL_01031991M_032025,1,5544297131,manuel.garcia.000817@hospitalmail.com,2025-03-12
CNT_MAMAGA_15081946F_052023,ADM_MAMAGA_15081946F_052023,MAMAGA_15081946F_052023,1,5564063405,,2025-02-08
CNT_MAHEVA_05021975M_102021,ADM_MAHEVA_05021975M_102021,MAHEVA_05021975M_102021,1,5508405772,,2025-12-30
CNT_DACAHE_16061944F_011900,ADM_DACAHE_16061944F_011900,DACAHE_16061944F_011900,1,5596575822,daniela.castillo.001636@mail.com,2025-09-10
CNT_FETOXX_23061965M_022025,ADM_FETOXX_23061965M_022025,FETOXX_23061965M_022025,1,5501550667,fernando.torres.001433@outlook.com,2025-02-09
CNT_PAROPE_11041975F_062021,ADM_PAROPE_11041975F_062021,PAROPE_11041975F_062021,1,5553461126,patricia.rodriguez.001780@mail.com,2025-09-22
CNT_MAMAXX_06042006F_022023,ADM_MAMAXX_06042006F_022023,MAMAXX_06042006F_022023,1,55263303,,2025-04-23
CNT_JOLOFL_29051970M_042021,ADM_JOLOFL_29051970M_042021,JOLOFL_29051970M_042021,1,525513644770,jorge.lopez.001086@outlook.com,2025-10-27
CNT_ELVAVA_12051976F_112021,ADM_ELVAVA_12051976F_112021,ELVAVA_12051976F_112021,1,5507819017,elena.vargas.001334@hospitalmail.com,2025-12-26
CNT_ELSACR_23061999F_062020,ADM_ELSACR_23061999F_062020,ELSACR_23061999F_062020,1,5526836346,elena.sanchez.002086@gmail.com,2025-07-10
CNT_ELLOCA_18021991F_011900,ADM_ELLOCA_18021991F_011900,ELLOCA_18021991F_011900,1,5514695751,,2025-05-24
CNT_VARAPE_01051983F_042020,ADM_VARAPE_01051983F_042020,VARAPE_01051983F_042020,1,5554719517,valeria.ramirez.001506@gmail.com,2025-07-05
CNT_CASATO_19081995F_112025,ADM_CASATO_19081995F_112025,CASATO_19081995F_112025,1,5566942577,,2025-11-02
CNT_RIGORA_13061962M_032025,ADM_RIGORA_13061962M_032025,RIGORA_13061962M_032025,1,5521232885,ricardo.gonzalez.001060@hospitalmail.com,2025-03-16
CNT_LAGOXX_26062017F_082025,ADM_LAGOXX_26062017F_082025,LAGOXX_26062017F_082025,1,5561832117,laura.gonzalez.001710@hospitalmail.com,2025-08-05
CNT_AXLOTO_07101960F_012025,ADM_AXLOTO_07101960F_012025,AXLOTO_07101960F_012025,1,5578322352,,2025-01-18
CNT_MXHEVA_11061953M_012020,ADM_MXHEVA_11061953M_012020,MXHEVA_11061953M_012020,1,5523494737,miguel.hernandez.001176@outlook.com,2025-10-06
CNT_GACACA_27041999F_042025,ADM_GACACA_27041999F_042025,GACACA_27041999F_042025,1,525559838902,gabriela.castillo.002074@hospitalmail.com,2025-04-13
CNT_DACAMA_13101960M_032021,ADM_DACAMA_13101960M_032021,DACAMA_13101960M_032021,1,552456119,daniel.castillo.001943@outlook.com,2025-11-22
CNT_SOMAPE_15091968F_112023,ADM_SOMAPE_15091968F_112023,SOMAPE_15091968F_112023,1,5508546098,sofia.martinez.000460@gmail.com,2025-10-06
CNT_VAHECR_31081987F_022025,ADM_VAHECR_31081987F_022025,VAHECR_31081987F_022025,1,,valeria.hernandez.000970@outlook.com,2025-02-24
CNT_EDFLHE_08021961M_072023,ADM_EDFLHE_08021961M_072023,EDFLHE_08021961M_072023,1,5565566025,eduardo.flores.002233@hospitalmail.com,2025-09-02
CNT_LUHEHE_19111944M_122025,ADM_LUHEHE_19111944M_122025,LUHEHE_19111944M_122025,1,5535113818,luis.hernandez.001440@mail.com,2025-12-02
CNT_LUVARO_03121951F_052020,ADM_LUVARO_03121951F_052020,LUVARO_03121951F_052020,1,5585697534,lucia.vargas.000885@outlook.com,2025-12-18
CNT_JOVALO_08021993M_062025,ADM_JOVALO_08021993M_062025,JOVALO_08021993M_062025,1,5562315636,jose.vargas.001951@hospitalmail.com,2025-06-24
CNT_JOTORA_11101962M_122025,ADM_JOTORA_11101962M_122025,JOTORA_11101962M_122025,1,5541225356,,2025-12-27
CNT_DAGAVA_23051979M_042025,ADM_DAGAVA_23051979M_042025,DAGAVA_23051979M_042025,1,525517678749,daniel.garcia.000553@mail.com,2025-04-14
CNT_RIPEMA_03101964M_102020,ADM_RIPEMA_03101964M_102020,RIPEMA_03101964M_102020,1,5599455488,ricardo.perez.000782@mail.com,2025-07-28
CNT_ELVASA_27081953F_112025,ADM_ELVASA_27081953F_112025,ELVASA_27081953F_112025,1,525571402553,elena.vargas.000890@outlook.com,2025-11-04
CNT_DAGOGO_06071946F_022021,ADM_DAGOGO_06071946F_022021,DAGOGO_06071946F_022021,1,5525266073,daniela.gonzalez.001227@mail.com,2025-10-10
CNT_LAPELO_19012016F_102021,ADM_LAPELO_19012016F_102021,LAPELO_19012016F_102021,1,5553580450,laura.perez.000820@outlook.com,2025-06-24
CNT_CXSAGA_16122011M_102022,ADM_CXSAGA_16122011M_102022,CXSAGA_16122011M_102022,1,5511354304,carlos.sanchez.002140@gmail.com,2025-07-27
CNT_PAHELO_19052003F_042023,ADM_PAHELO_19052003F_042023,PAHELO_19052003F_042023,1,5576870956,patricia.hernandez.001810@gmail.com,2025-06-06
CNT_FEFLSA_06041996F_032025,ADM_FEFLSA_06041996F_032025,FEFLSA_06041996F_032025,1,5525207729,fernanda.flores.000560@hospitalmail.com,2025-03-17
CNT_ALGOLO_12081939M_072022,ADM_ALGOLO_12081939M_072022,ALGOLO_12081939M_072022,1,5546843141,alejandro.gonzalez.000315@outlook.com,2025-07-04
CNT_LUGORA_03011990F_072023,ADM_LUGORA_03011990F_072023,LUGORA_03011990F_072023,1,5592229907,,2025-07-06
CNT_CAROGA_20101971F_062025,ADM_CAROGA_20101971F_062025,CAROGA_20101971F_062025,1,5503455684,carmen.rodriguez.002107@hospitalmail.com,2025-11-13
CNT_CATORA_11051945F_032020,ADM_CATORA_11051945F_032020,CATORA_11051945F_032020,1,5517558317,carmen.torres.000531@gmail.com,2025-12-28
CNT_ELRAGA_09071993F_092023,ADM_ELRAGA_09071993F_092023,ELRAGA_09071993F_092023,1,5525170579,elena.ramirez.001960@gmail.com,2025-08-09
CNT_SOFLCA_16122022F_052020,ADM_SOFLCA_16122022F_052020,SOFLCA_16122022F_052020,1,525576141382,sofia.flores.000438@gmail.com,2025-07-31
CNT_MARAFL_26072013F_102020,ADM_MARAFL_26072013F_102020,MARAFL_26072013F_102020,1,5555621196,maria.ramirez.002128@gmail.com,2025-09-23
CNT_GALOFL_27081991F_062025,ADM_GALOFL_27081991F_062025,GALOFL_27081991F_062025,1,5516383669,,2025-06-09
CNT_RICAPE_18081936M_062025,ADM_RICAPE_18081936M_062025,RICAPE_18081936M_062025,1,5534808697,ricardo.castillo.000921@hospitalmail.com,2025-09-10
CNT_LURAMA_08091960F_112020,ADM_LURAMA_08091960F_112020,LURAMA_08091960F_112020,1,525586271153,lucia.ramirez.001314@gmail.com,2025-09-06
CNT_DAGOGA_11111974F_062021,ADM_DAGOGA_11111974F_062021,DAGOGA_11111974F_062021,1,5597276555,daniela.gonzalez.000594@hospitalmail.com,2025-07-08
CNT_JOROPE_17122004M_082021,ADM_JOROPE_17122004M_082021,JOROPE_17122004M_082021,1,5525147985,jorge.rodriguez.000788@outlook.com,2025-07-14
CNT_ANRAMA_29011987F_052025,ADM_ANRAMA_29011987F_052025,ANRAMA_29011987F_052025,1,5594488473,ana.ramirez.000615@hospitalmail.com,2025-05-10
CNT_PAGOTO_22071992F_022025,ADM_PAGOTO_22071992F_022025,PAGOTO_22071992F_022025,1,5545548119,patricia.gonzalez.001574@outlook.com,2025-07-27
CNT_ELLOGO_17112023F_122023,ADM_ELLOGO_17112023F_122023,ELLOGO_17112023F_122023,1,525513743889,elena.lopez.002043@gmail.com,2025-05-13
CNT_EDVAGO_04051993M_032021,ADM_EDVAGO_04051993M_032021,EDVAGO_04051993M_032021,1,525515080774,eduardo.vargas.000281@mail.com,2025-11-13
CNT_ELCATO_27011968F_122025,ADM_ELCATO_27011968F_122025,ELCATO_27011968F_122025,1,525591627164,elena.castillo.001180@hospitalmail.com,2025-12-24
CNT_RIVALO_07012006M_012025,ADM_RIVALO_07012006M_012025,RIVALO_07012006M_012025,1,525555010369,ricardo.vargas.000951@gmail.com,2025-05-04
CNT_JOMAMA_13071974M_072020,ADM_JOMAMA_13071974M_072020,JOMAMA_13071974M_072020,1,5531882428,jose.martinez.000255@mail.com,2025-11-12
CNT_MIGARA_19111971M_122020,ADM_MIGARA_19111971M_122020,MIGARA_19111971M_122020,1,5511535050,miguel.garcia.000132@outlook.com,2025-11-04
CNT_ELGAXX_03091968F_042025,ADM_ELGAXX_03091968F_042025,ELGAXX_03091968F_042025,1,5569686057,,2025-04-09
CNT_CATOVA_22122013M_062023,ADM_CATOVA_22122013M_062023,CATOVA_22122013M_062023,1,525581594399,carlos.torres.001964@mail.com,2025-05-13
CNT_ALMAPE_11071992M_012022,ADM_ALMAPE_11071992M_012022,ALMAPE_11071992M_012022,1,5591186095,alejandro.martinez.000855@mail.com,2025-12-23
CNT_MAFLXX_02101984F_042023,ADM_MAFLXX_02101984F_042023,MAFLXX_02101984F_042023,1,5591529091,maria.flores.000579@mail.com,2025-05-20
CNT_FEVAXX_23081965F_082025,ADM_FEVAXX_23081965F_082025,FEVAXX_23081965F_082025,1,5599376774,,2025-08-12
CNT_CAMAXX_25101988F_032025,ADM_CAMAXX_25101988F_032025,CAMAXX_25101988F_032025,1,525564181217,carmen.martinez.000543@hospitalmail.com,2025-03-23
CNT_EDCAVA_11021962M_092020,ADM_EDCAVA_11021962M_092020,EDCAVA_11021962M_092020,1,5591894330,eduardo.castillo.002248@gmail.com,2025-11-18
CNT_ALCRGA_17041976M_072025,ADM_ALCRGA_17041976M_072025,ALCRGA_17041976M_072025,1,5572225883,alejandro.cruz.001395@mail.com,2025-07-13
CNT_MALOGO_04091988F_082023,ADM_MALOGO_04091988F_082023,MALOGO_04091988F_082023,1,5511610032,maria.lopez.001092@hospitalmail.com,2025-02-23
CNT_LUCRPE_30061939M_082025,ADM_LUCRPE_30061939M_082025,LUCRPE_30061939M_082025,1,525503179418,luis.cruz.001075@hospitalmail.com,2025-08-29
CNT_JUCUVA_04101975M_012025,ADM_JUCUVA_04101975M_012025,JUCUVA_04101975M_012025,1,5506022206,juan.cruz.000395@mail.com,2025-01-10
CNT_JOGOCA_25101966M_122025,ADM_JOGOCA_25101966M_122025,JOGOCA_25101966M_122025,1,5525386494,jorge.gonzalez.001310@mail.com,2025-12-08
CNT_FESACR_24042004M_072022,ADM_FESACR_24042004M_072022,FESACR_24042004M_072022,1,5593559444,fernando.sanchez.002215@outlook.com,2025-09-15
CNT_FETORA_19111975M_012025,ADM_FETORA_19111975M_012025,FETORA_19111975M_012025,1,5523902267,fernando.torres.000857@outlook.com,2025-01-07
CNT_JUCAGO_12061965M_012023,ADM_JUCAGO_12061965M_012023,JUCAGO_12061965M_012023,1,5570481240,juan.castillo.002082@mail.com,2025-08-31
CNT_CATOLO_22081977M_022021,ADM_CATOLO_22081977M_022021,CATOLO_22081977M_022021,1,5599205897,carlos.torres.000779@hospitalmail.com,2025-06-02
CNT_MACARO_25051991F_072023,ADM_MACARO_25051991F_072023,MACARO_25051991F_072023,1,5502138450,maria.castillo.001631@hospitalmail.com,2025-10-23
CNT_CATOCR_09021963F_082022,ADM_CATOCR_09021963F_082022,CATOCR_09021963F_082022,1,5501651852,carmen.torres.001077@mail.com,2025-03-31
CNT_ALHECA_20041997M_011900,ADM_ALHECA_20041997M_011900,ALHECA_20041997M_011900,1,55913219,alejandro.hernandez.000546@outlook.com,2025-08-11
CNT_LUVAGA_09082006F_102022,ADM_LUVAGA_09082006F_102022,LUVAGA_09082006F_102022,1,5557456986,lucia.vargas.001890@hospitalmail.com,2025-01-27
CNT_JURASA_10011937M_032023,ADM_JURASA_10011937M_032023,JURASA_10011937M_032023,1,525587964278,juan.ramirez.002158@gmail.com,2025-04-18
CNT_EDMAPE_14101977M_012025,ADM_EDMAPE_14101977M_012025,EDMAPE_14101977M_012025,1,5598999127,eduardo.martinez.000365@hospitalmail.com,2025-01-13
CNT_LUMAGA_25012009F_022025,ADM_LUMAGA_25012009F_022025,LUMAGA_25012009F_022025,1,525522035575,lucia.martinez.000009@outlook.com,2025-02-04
CNT_FEPESA_10101967M_062025,ADM_FEPESA_10101967M_062025,FEPESA_10101967M_062025,1,,fernando.perez.002189@mail.com,2025-06-11
CNT_ANVARO_21122005F_012023,ADM_ANVARO_21122005F_012023,ANVARO_21122005F_012023,1,525528526027,,2025-12-29
CNT_CATOGA_21092010M_092022,ADM_CATOGA_21092010M_092022,CATOGA_21092010M_092022,1,5507091492,carlos.torres.002034@gmail.com,2025-09-17
CNT_ANTOMA_10072001F_022021,ADM_ANTOMA_10072001F_022021,ANTOMA_10072001F_022021,1,5559740638,ana.torres.001168@outlook.com,2025-03-31
CNT_FEGAPE_22031977M_022021,ADM_FEGAPE_22031977M_022021,FEGAPE_22031977M_022021,1,5572260304,fernando.garcia.000646@gmail.com,2025-01-27
CNT_JUVAMA_23061970M_072025,ADM_JUVAMA_23061970M_072025,JUVAMA_23061970M_072025,1,5542068167,juan.vargas.001976@hospitalmail.com,2025-07-02
CNT_LUTORO_04061999M_122021,ADM_LUTORO_04061999M_122021,LUTORO_04061999M_122021,1,5573366057,luis.torres.002247@hospitalmail.com,2025-10-24
CNT_LUVARO_07032001M_032021,ADM_LUVARO_07032001M_032021,LUVARO_07032001M_032021,1,525504515922,luis.vargas.002031@hospitalmail.com,2025-01-11
CNT_ALCRGO_19021989M_092021,ADM_ALCRGO_19021989M_092021,ALCRGO_19021989M_092021,1,525560470722,alejandro.cruz.001536@outlook.com,2025-12-09
CNT_VAMAGA_05031988F_122025,ADM_VAMAGA_05031988F_122025,VAMAGA_05031988F_122025,1,5534320945,,2025-12-14
CNT_CARALO_16111941F_042025,ADM_CARALO_16111941F_042025,CARALO_16111941F_042025,1,525555275922,,2025-04-24
CNT_LUGARA_08081974M_082022,ADM_LUGARA_08081974M_082022,LUGARA_08081974M_082022,1,5595200967,luis.garcia.001431@mail.com,2025-11-11
CNT_SOCACA_14071990F_102020,ADM_SOCACA_14071990F_102020,SOCACA_14071990F_102020,1,5568523897,sofia.castillo.002132@outlook.com,2025-01-31
CNT_EDTOCR_13021943M_062025,ADM_EDTOCR_13021943M_062025,EDTOCR_13021943M_062025,1,5532847242,eduardo.torres.000827@outlook.com,2025-06-09
CNT_ANFLCA_22052025F_092022,ADM_ANFLCA_22052025F_092022,ANFLCA_22052025F_092022,1,5524267210,ana.flores.001001@gmail.com,2025-06-07
CNT_MATOLO_17111972F_012023,ADM_MATOLO_17111972F_012023,MATOLO_17111972F_012023,1,5582160016,maria.torres.001603@outlook.com,2025-12-06
CNT_VAGOGA_02082003F_092021,ADM_VAGOGA_02082003F_092021,VAGOGA_02082003F_092021,1,5582945319,valeria.gonzalez.001807@mail.com,2025-10-14
CNT_LURAHE_11051967F_032022,ADM_LURAHE_11051967F_032022,LURAHE_11051967F_032022,1,5539171894,lucia.ramirez.001342@mail.com,2025-10-16
CNT_DATOHE_29121990F_072023,ADM_DATOHE_29121990F_072023,DATOHE_29121990F_072023,1,5510467048,daniela.torres.001587@outlook.com,2025-12-29
CNT_LUGOMA_10041979F_092020,ADM_LUGOMA_10041979F_092020,LUGOMA_10041979F_092020,1,5598413718,lucia.gonzalez.001195@hospitalmail.com,2025-05-12
CNT_LAROMA_05062005F_022025,ADM_LAROMA_05062005F_022025,LAROMA_05062005F_022025,1,525546872599,laura.rodriguez.000771@mail.com,2025-08-06
CNT_GXGAGA_15081985F_052025,ADM_GXGAGA_15081985F_052025,GXGAGA_15081985F_052025,1,525517200733,gabriela.garcia.001257@hospitalmail.com,2025-05-12
CNT_ANPEPE_17011986F_102023,ADM_ANPEPE_17011986F_102023,ANPEPE_17011986F_102023,1,525549177260,ana.perez.000534@mail.com,2025-11-21
CNT_JOLOLO_08031952M_062023,ADM_JOLOLO_08031952M_062023,JOLOLO_08031952M_062023,1,5586178355,jose.lopez.000640@hospitalmail.com,2025-06-04
CNT_LALOHE_15041969F_042021,ADM_LALOHE_15041969F_042021,LALOHE_15041969F_042021,1,5586175311,laura.lopez.001557@mail.com,2025-07-06
CNT_GASAPE_16072000F_062025,ADM_GASAPE_16072000F_062025,GASAPE_16072000F_062025,1,5528006801,gabriela.sanchez.001252@gmail.com,2025-08-24
CNT_ALRAVA_16091971M_062022,ADM_ALRAVA_16091971M_062022,ALRAVA_16091971M_062022,1,5550223195,alejandro.ramirez.001157@outlook.com,2025-12-28
CNT_GAGAVA_03011999F_022021,ADM_GAGAVA_03011999F_022021,GAGAVA_03011999F_022021,1,5514078106,gabriela.garcia.000194@hospitalmail.com,2025-05-02
CNT_ALCARA_25081980M_072020,ADM_ALCARA_25081980M_072020,ALCARA_25081980M_072020,1,5521615013,alejandro.castillo.000480@gmail.com,2025-10-14
CNT_LASASA_14051995F_062022,ADM_LASASA_14051995F_062022,LASASA_14051995F_062022,1,5531066596,laura.sanchez.000024@gmail.com,2025-09-11
CNT_SOTOCA_05072005F_122025,ADM_SOTOCA_05072005F_122025,SOTOCA_05072005F_122025,1,5548455847,sofia.torres.001694@mail.com,2025-12-16
CNT_RIGOSA_07011965M_082022,ADM_RIGOSA_07011965M_082022,RIGOSA_07011965M_082022,1,5540264425,ricardo.gonzalez.001053@mail.com,2025-12-02
CNT_VALOGO_22121945F_012020,ADM_VALOGO_22121945F_012020,VALOGO_22121945F_012020,1,5594997086,valeria.lopez.001758@mail.com,2025-08-28
CNT_EDPECA_25061967M_052022,ADM_EDPECA_25061967M_052022,EDPECA_25061967M_052022,1,5599259072,eduardo.perez.002121@outlook.com,2025-09-16
CNT_DACACA_28081961F_072022,ADM_DACACA_28081961F_072022,DACACA_28081961F_072022,1,5554594949,daniela.castillo.000789@hospitalmail.com,2025-10-08
CNT_LUMAFL_21021936F_122023,ADM_LUMAFL_21021936F_122023,LUMAFL_21021936F_122023,1,5588890394,lucia.martinez.001275@mail.com,2025-12-03
CNT_ELGAMA_07071969F_112025,ADM_ELGAMA_07071969F_112025,ELGAMA_07071969F_112025,1,5513586310,,2025-11-20
CNT_EXCRSA_26061943F_042025,ADM_EXCRSA_26061943F_042025,EXCRSA_26061943F_042025,1,5545693533,elena.cruz.000147@gmail.com,2025-04-10
CNT_ELGORA_25062024F_082020,ADM_ELGORA_25062024F_082020,ELGORA_25062024F_082020,1,5590191015,elena.gonzalez.000213@outlook.com,2025-05-25
CNT_JOMARO_05021976M_032025,ADM_JOMARO_05021976M_032025,JOMARO_05021976M_032025,1,525537329132,jorge.martinez.001263@mail.com,2025-10-09
CNT_RIMAGO_26101941M_082022,ADM_RIMAGO_26101941M_082022,RIMAGO_26101941M_082022,1,525500240065,ricardo.martinez.000339@gmail.com,2025-01-31
CNT_JOCAGA_18011989M_062025,ADM_JOCAGA_18011989M_062025,JOCAGA_18011989M_062025,1,5567231062,,2025-06-13
CNT_FEPEPE_03071979F_122025,ADM_FEPEPE_03071979F_122025,FEPEPE_03071979F_122025,1,525586821602,fernanda.perez.001129@mail.com,2025-12-29
CNT_JOCRHE_24111996M_062025,ADM_JOCRHE_24111996M_062025,JOCRHE_24111996M_062025,1,5535638600,jose.cruz.000154@outlook.com,2025-07-24
CNT_ELSNLO_11041949F_032025,ADM_ELSNLO_11041949F_032025,ELSNLO_11041949F_032025,1,5556682728,elena.sanchez.001645@hospitalmail.com,2025-03-20
CNT_RIRATO_22041962M_042021,ADM_RIRATO_22041962M_042021,RIRATO_22041962M_042021,1,525581229305,ricardo.ramirez.001160@mail.com,2025-11-24
CNT_ALPECR_09091942M_112025,ADM_ALPECR_09091942M_112025,ALPECR_09091942M_112025,1,5570367037,,2025-11-25
CNT_MAPEFL_21092002F_032020,ADM_MAPEFL_21092002F_032020,MAPEFL_21092002F_032020,1,5531671614,maria.perez.001942@gmail.com,2025-05-21
CNT_FEROGO_24081963M_032025,ADM_FEROGO_24081963M_032025,FEROGO_24081963M_032025,1,5513560088,fernando.rodriguez.001546@mail.com,2025-12-06
CNT_DARACR_14062020M_112020,ADM_DARACR_14062020M_112020,DARACR_14062020M_112020,1,5538224208,daniel.ramirez.001140@mail.com,2025-07-26
CNT_ELCAXX_22112022F_052025,ADM_ELCAXX_22112022F_052025,ELCAXX_22112022F_052025,1,5508958767,elena.castillo.000477@gmail.com,2025-05-29
CNT_LAVAGO_17101966F_012025,ADM_LAVAGO_17101966F_012025,LAVAGO_17101966F_012025,1,55747844,laura.vargas.000801@hospitalmail.com,2025-01-02
CNT_SOCRGA_29101946F_062020,ADM_SOCRGA_29101946F_062020,SOCRGA_29101946F_062020,1,5547498455,,2025-06-17
CNT_EXCRPE_03101971M_062021,ADM_EXCRPE_03101971M_062021,EXCRPE_03101971M_062021,1,525596102829,eduardo.cruz.001776@outlook.com,2025-08-24
CNT_EDGORA_11121967M_062021,ADM_EDGORA_11121967M_062021,EDGORA_11121967M_062021,1,5575118768,eduardo.gonzalez.000809@gmail.com,2025-11-03
CNT_MAROCA_01081949M_122025,ADM_MAROCA_01081949M_122025,MAROCA_01081949M_122025,1,5589591075,manuel.rodriguez.000584@hospitalmail.com,2025-12-16
CNT_GAMARA_18011971F_062025,ADM_GAMARA_18011971F_062025,GAMARA_18011971F_062025,1,55188667,gabriela.martinez.000376@mail.com,2025-06-04
CNT_ANMAPE_20021965F_012025,ADM_ANMAPE_20021965F_012025,ANMAPE_20021965F_012025,1,5520024088,ana.martinez.000354@mail.com,2025-09-16
CNT_SOHEMA_08091993F_072021,ADM_SOHEMA_08091993F_072021,SOHEMA_08091993F_072021,1,525560646246,sofia.hernandez.001722@outlook.com,2025-09-25
CNT_JOCAGO_01041991M_042025,ADM_JOCAGO_01041991M_042025,JOCAGO_01041991M_042025,1,525520180875,jorge.castillo.000947@hospitalmail.com,2025-04-27
CNT_CASAGA_20101981F_102022,ADM_CASAGA_20101981F_102022,CASAGA_20101981F_102022,1,5596411376,carmen.sanchez.000925@gmail.com,2025-10-06
CNT_MAGOCR_28112021M_042020,ADM_MAGOCR_28112021M_042020,MAGOCR_28112021M_042020,1,5586511634,manuel.gonzalez.001254@mail.com,2025-10-28
CNT_LUFLCA_04041973F_052025,ADM_LUFLCA_04041973F_052025,LUFLCA_04041973F_052025,1,5564515871,lucia.flores.000845@mail.com,2025-05-03
CNT_VAHESA_24092020F_012023,ADM_VAHESA_24092020F_012023,VAHESA_24092020F_012023,1,5590327557,valeria.hernandez.000542@hospitalmail.com,2025-11-29
CNT_MARAGO_28011985F_082020,ADM_MARAGO_28011985F_082020,MARAGO_28011985F_082020,1,5513915222,maria.ramirez.001085@gmail.com,2025-10-22
CNT_VAGAPE_18071983F_012025,ADM_VAGAPE_18071983F_012025,VAGAPE_18071983F_012025,1,5588150909,valeria.garcia.001654@mail.com,2025-04-01
CNT_GAMACR_20091969F_032020,ADM_GAMACR_20091969F_032020,GAMACR_20091969F_032020,1,525587505682,gabriela.martinez.000304@hospitalmail.com,2025-10-10
CNT_EXHEHE_25101987M_072025,ADM_EXHEHE_25101987M_072025,EXHEHE_25101987M_072025,1,5532165912,eduardo.hernandez.002011@mail.com,2025-07-25
CNT_CXVALO_29051990F_112025,ADM_CXVALO_29051990F_112025,CXVALO_29051990F_112025,1,5504855699,carmen.vargas.000261@outlook.com,2025-11-12
CNT_LUCRGO_12041973F_062025,ADM_LUCRGO_12041973F_062025,LUCRGO_12041973F_062025,1,525552392343,lucia.cruz.001146@outlook.com,2025-06-13
CNT_RITOSA_08011998M_102021,ADM_RITOSA_08011998M_102021,RITOSA_08011998M_102021,1,5577505033,ricardo.torres.001869@gmail.com,2025-05-20
CNT_ANSAGA_08042000F_082021,ADM_ANSAGA_08042000F_082021,ANSAGA_08042000F_082021,1,5595974446,ana.sanchez.000090@outlook.com,2025-10-13
CNT_MICAGA_29041983M_032023,ADM_MICAGA_29041983M_032023,MICAGA_29041983M_032023,1,525553568971,miguel.castillo.001029@outlook.com,2025-08-30
CNT_LAMAGA_31071956F_122025,ADM_LAMAGA_31071956F_122025,LAMAGA_31071956F_122025,1,525527129476,laura.martinez.000014@hospitalmail.com,2025-12-08
CNT_PAVAMA_20061989F_011900,ADM_PAVAMA_20061989F_011900,PAVAMA_20061989F_011900,1,5571467139,patricia.vargas.000355@hospitalmail.com,2025-05-19
CNT_FEVASA_23081965F_122023,ADM_FEVASA_23081965F_122023,FEVASA_23081965F_122023,1,525599376774,fernanda.vargas.000662@outlook.com,2025-04-18
CNT_RIRORO_18081980M_032021,ADM_RIRORO_18081980M_032021,RIRORO_18081980M_032021,1,5540798071,ricardo.rodriguez.001114@hospitalmail.com,2025-07-07
CNT_JORARA_22101984M_022025,ADM_JORARA_22101984M_022025,JORARA_22101984M_022025,1,5561997922,jose.ramirez.001139@hospitalmail.com,2025-02-09
CNT_JUGAMA_10021969M_022020,ADM_JUGAMA_10021969M_022020,JUGAMA_10021969M_022020,1,5559045082,juan.garcia.001878@outlook.com,2025-06-28
CNT_DAVACR_06081984F_082025,ADM_DAVACR_06081984F_082025,DAVACR_06081984F_082025,1,525596328171,daniela.vargas.000198@outlook.com,2025-08-28
CNT_MIGAGA_12011999M_011900,ADM_MIGAGA_12011999M_011900,MIGAGA_12011999M_011900,1,5561865485,,2025-11-04
CNT_JUSAVA_19111977M_012022,ADM_JUSAVA_19111977M_012022,JUSAVA_19111977M_012022,1,5513081110,,2025-09-05
CNT_FEGALO_09032001M_102021,ADM_FEGALO_09032001M_102021,FEGALO_09032001M_102021,1,5596938340,fernando.garcia.000550@hospitalmail.com,2025-09-19
CNT_MACALO_14011977M_072021,ADM_MACALO_14011977M_072021,MACALO_14011977M_072021,1,5577110848,manuel.castillo.000123@gmail.com,2025-12-30
CNT_PAVACR_07011963F_122020,ADM_PAVACR_07011963F_122020,PAVACR_07011963F_122020,1,559458402,patricia.vargas.001009@hospitalmail.com,2025-11-25
CNT_GAHECA_17062011F_102025,ADM_GAHECA_17062011F_102025,GAHECA_17062011F_102025,1,5503887624,gabriela.hernandez.000143@hospitalmail.com,2025-11-16
CNT_SOMAFL_13081970F_022025,ADM_SOMAFL_13081970F_022025,SOMAFL_13081970F_022025,1,5504542618,sofia.martinez.001332@mail.com,2025-02-03
CNT_LUCRRO_28011978F_032022,ADM_LUCRRO_28011978F_032022,LUCRRO_28011978F_032022,1,5580002525,lucia.cruz.002152@mail.com,2025-06-09
CNT_VACRHE_12042004F_082025,ADM_VACRHE_12042004F_082025,VACRHE_12042004F_082025,1,525544565860,valeria.cruz.001961@mail.com,2025-08-05
CNT_JXCAPE_03011977M_082023,ADM_JXCAPE_03011977M_082023,JXCAPE_03011977M_082023,1,55211986,jorge.castillo.001819@outlook.com,2025-07-17
CNT_RIHEGA_10011939M_052021,ADM_RIHEGA_10011939M_052021,RIHEGA_10011939M_052021,1,5511633876,ricardo.hernandez.000942@outlook.com,2025-07-22
CNT_FEPETO_24011989F_062021,ADM_FEPETO_24011989F_062021,FEPETO_24011989F_062021,1,5556303096,fernanda.perez.002155@mail.com,2025-04-19
CNT_JOCARO_30091961M_012023,ADM_JOCARO_30091961M_012023,JOCARO_30091961M_012023,1,525583288354,jose.castillo.000145@mail.com,2025-04-21
CNT_LARAPE_17041978F_072022,ADM_LARAPE_17041978F_072022,LARAPE_17041978F_072022,1,5560904237,,2025-10-20
CNT_ALRAGO_03071936M_062023,ADM_ALRAGO_03071936M_062023,ALRAGO_03071936M_062023,1,5570336317,alejandro.ramirez.001238@mail.com,2025-09-07
CNT_EDCASA_02022000M_052025,ADM_EDCASA_02022000M_052025,EDCASA_02022000M_052025,1,5550749110,eduardo.castillo.000239@hospitalmail.com,2025-06-21
CNT_FEFLFL_17031994M_062021,ADM_FEFLFL_17031994M_062021,FEFLFL_17031994M_062021,1,5546541099,fernando.flores.001804@mail.com,2025-07-13
CNT_AXCRHE_17101998M_112025,ADM_AXCRHE_17101998M_112025,AXCRHE_17101998M_112025,1,5561691355,alejandro.cruz.000224@outlook.com,2025-11-19
CNT_ANSALO_22101973F_012025,ADM_ANSALO_22101973F_012025,ANSALO_22101973F_012025,1,5592378053,ana.sanchez.000067@outlook.com,2025-04-27
CNT_LUFLCR_15121974F_062023,ADM_LUFLCR_15121974F_062023,LUFLCR_15121974F_062023,1,525559048833,lucia.flores.001857@outlook.com,2025-11-20
CNT_LUGOMA_24122004M_042025,ADM_LUGOMA_24122004M_042025,LUGOMA_24122004M_042025,1,525533434152,luis.gonzalez.000267@gmail.com,2025-09-17
CNT_FEVRGO_31121974F_112021,ADM_FEVRGO_31121974F_112021,FEVRGO_31121974F_112021,1,525578494744,,2025-05-21
CNT_GACAPE_01052017F_092022,ADM_GACAPE_01052017F_092022,GACAPE_01052017F_092022,1,525503077738,gabriela.castillo.001010@hospitalmail.com,2025-03-22
CNT_DAHEFL_25101969F_042025,ADM_DAHEFL_25101969F_042025,DAHEFL_25101969F_042025,1,5532677027,daniela.hernandez.001027@mail.com,2025-04-09
CNT_MITORO_17051999M_012022,ADM_MITORO_17051999M_012022,MITORO_17051999M_012022,1,525533766403,miguel.torres.000683@outlook.com,2025-03-01
CNT_JOHEXX_22121967M_072025,ADM_JOHEXX_22121967M_072025,JOHEXX_22121967M_072025,1,5560681645,jorge.hernandez.000979@mail.com,2025-07-27
CNT_MAGAXX_21081941F_072025,ADM_MAGAXX_21081941F_072025,MAGAXX_21081941F_072025,1,525536743433,maria.garcia.001838@mail.com,2025-07-11
CNT_JXPEPE_08111990M_072023,ADM_JXPEPE_08111990M_072023,JXPEPE_08111990M_072023,1,5524825013,,2025-02-27
CNT_DACATO_08061979M_072025,ADM_DACATO_08061979M_072025,DACATO_08061979M_072025,1,5586450828,daniel.castillo.000775@hospitalmail.com,2025-07-18
CNT_ALLOXX_05021953M_042025,ADM_ALLOXX_05021953M_042025,ALLOXX_05021953M_042025,1,5522593956,alejandro.lopez.001403@gmail.com,2025-04-04
CNT_MIGORO_28081960M_012021,ADM_MIGORO_28081960M_012021,MIGORO_28081960M_012021,1,5504741815,miguel.gonzalez.002083@outlook.com,2025-11-01
CNT_MAVAPE_02111988M_052025,ADM_MAVAPE_02111988M_052025,MAVAPE_02111988M_052025,1,5530986571,manuel.vargas.001712@gmail.com,2025-05-02
CNT_RIFLRA_04091993M_062025,ADM_RIFLRA_04091993M_062025,RIFLRA_04091993M_062025,1,5584477771,ricardo.flores.001028@hospitalmail.com,2025-06-02
CNT_CASALO_28111987M_062021,ADM_CASALO_28111987M_062021,CASALO_28111987M_062021,1,5575463,carlos.sanchez.002063@mail.com,2025-11-30
CNT_CAVAHE_20092017M_092025,ADM_CAVAHE_20092017M_092025,CAVAHE_20092017M_092025,1,5591672668,carlos.vargas.000210@hospitalmail.com,2025-09-21
CNT_LUCAGA_17121993F_112020,ADM_LUCAGA_17121993F_112020,LUCAGA_17121993F_112020,1,5536556528,,2025-11-23
CNT_LUMAGA_06111968M_062023,ADM_LUMAGA_06111968M_062023,LUMAGA_06111968M_062023,1,5550885482,luis.martinez.000404@hospitalmail.com,2025-11-08
CNT_MASARA_18102013F_102021,ADM_MASARA_18102013F_102021,MASARA_18102013F_102021,1,5539992118,maria.sanchez.001538@mail.com,2025-07-07
CNT_FERAHE_28051999F_102022,ADM_FERAHE_28051999F_102022,FERAHE_28051999F_102022,1,525516450122,fernanda.ramirez.001738@mail.com,2025-12-30
CNT_JXTOHE_27052014M_042020,ADM_JXTOHE_27052014M_042020,JXTOHE_27052014M_042020,1,5574041800,juan.torres.001846@outlook.com,2025-02-24
CNT_PACAPE_13061979F_122021,ADM_PACAPE_13061979F_122021,PACAPE_13061979F_122021,1,5542943773,patricia.castillo.000157@hospitalmail.com,2025-01-04
CNT_ELRATO_15101995F_022022,ADM_ELRATO_15101995F_022022,ELRATO_15101995F_022022,1,5538937430,elena.ramirez.000227@gmail.com,2025-09-08
CNT_SOCRGA_27021980F_102023,ADM_SOCRGA_27021980F_102023,SOCRGA_27021980F_102023,1,5541975233,sofia.cruz.002023@mail.com,2025-11-21
CNT_PAFLGO_18051966F_062020,ADM_PAFLGO_18051966F_062020,PAFLGO_18051966F_062020,1,5574093443,patricia.flores.000638@gmail.com,2025-02-24
CNT_SOPEPE_15091998F_082022,ADM_SOPEPE_15091998F_082022,SOPEPE_15091998F_082022,1,5585852354,sofia.perez.001173@hospitalmail.com,2025-04-18
CNT_DACRFL_22041972F_122020,ADM_DACRFL_22041972F_122020,DACRFL_22041972F_122020,1,5587907288,daniela.cruz.001090@gmail.com,2025-08-21
CNT_ANTOGO_03041971F_112025,ADM_ANTOGO_03041971F_112025,ANTOGO_03041971F_112025,1,5577363069,ana.torres.000469@hospitalmail.com,2025-11-15
CNT_EDVAHE_11081961M_092025,ADM_EDVAHE_11081961M_092025,EDVAHE_11081961M_092025,1,525549263945,eduardo.vargas.000232@hospitalmail.com,2025-09-02
CNT_ANCAPE_18052022F_052025,ADM_ANCAPE_18052022F_052025,ANCAPE_18052022F_052025,1,5568231237,ana.castillo.001843@mail.com,2025-05-15
CNT_LUSAGA_16022016M_112025,ADM_LUSAGA_16022016M_112025,LUSAGA_16022016M_112025,1,5557448849,luis.sanchez.000341@mail.com,2025-11-16
CNT_PXCRVA_31121987F_052022,ADM_PXCRVA_31121987F_052022,PXCRVA_31121987F_052022,1,525583380547,patricia.cruz.001800@mail.com,2025-05-17
CNT_ANRAVA_29072005F_052020,ADM_ANRAVA_29072005F_052020,ANRAVA_29072005F_052020,1,5517241817,ana.ramirez.001390@mail.com,2025-02-19
CNT_LAGATO_21102023F_042021,ADM_LAGATO_21102023F_042021,LAGATO_21102023F_042021,1,5527877382,laura.garcia.001327@gmail.com,2025-06-08
CNT_GAHETO_04061989F_072025,ADM_GAHETO_04061989F_072025,GAHETO_04061989F_072025,1,551898409,gabriela.hernandez.000439@mail.com,2025-07-25
CNT_FEROXX_29021948M_012025,ADM_FEROXX_29021948M_012025,FEROXX_29021948M_012025,1,525549257036,fernando.rodriguez.001745@gmail.com,2025-01-20
CNT_LUHEPE_01112005F_062025,ADM_LUHEPE_01112005F_062025,LUHEPE_01112005F_062025,1,5550177635,,2025-06-01
CNT_LUGOVA_20091955M_022023,ADM_LUGOVA_20091955M_022023,LUGOVA_20091955M_022023,1,5535708878,,2025-05-14
CNT_MIVAPE_29011954M_122022,ADM_MIVAPE_29011954M_122022,MIVAPE_29011954M_122022,1,5529204945,miguel.vargas.001182@gmail.com,2025-08-21
CNT_JOROSA_21031952M_122025,ADM_JOROSA_21031952M_122025,JOROSA_21031952M_122025,1,5537541834,,2025-12-03
CNT_MIROCR_21111957M_011900,ADM_MIROCR_21111957M_011900,MIROCR_21111957M_011900,1,5568769355,miguel.rodriguez.001051@outlook.com,2025-04-19
CNT_JOTOMA_21111989M_032020,ADM_JOTOMA_21111989M_032020,JOTOMA_21111989M_032020,1,5538168471,,2025-12-01
CNT_VALOXX_11011984F_012023,ADM_VALOXX_11011984F_012023,VALOXX_11011984F_012023,1,5549729490,valeria.lopez.001783@gmail.com,2025-09-24
CNT_JOLOMA_04031956M_032025,ADM_JOLOMA_04031956M_032025,JOLOMA_04031956M_032025,1,525554263932,jose.lopez.001623@outlook.com,2025-03-30
CNT_ELGASA_25101967F_052025,ADM_ELGASA_25101967F_052025,ELGASA_25101967F_052025,1,5551927115,elena.garcia.001198@mail.com,2025-05-06
CNT_LAVARO_29081990F_102022,ADM_LAVARO_29081990F_102022,LAVARO_29081990F_102022,1,525552920829,laura.vargas.001841@outlook.com,2025-07-04
CNT_LURAGO_01052020M_092023,ADM_LURAGO_01052020M_092023,LURAGO_01052020M_092023,1,5593387259,luis.ramirez.000677@gmail.com,2025-08-18
CNT_FEGALO_04011977F_052022,ADM_FEGALO_04011977F_052022,FEGALO_04011977F_052022,1,5526050884,fernanda.garcia.002201@outlook.com,2025-11-20
CNT_RXFLVA_02021962M_112020,ADM_RXFLVA_02021962M_112020,RXFLVA_02021962M_112020,1,5561146472,ricardo.flores.001200@mail.com,2025-05-17
CNT_JUFLGA_31031983M_052022,ADM_JUFLGA_31031983M_052022,JUFLGA_31031983M_052022,1,5568162090,juan.flores.000028@gmail.com,2025-09-10
CNT_RXLOTO_02071995M_012023,ADM_RXLOTO_02071995M_012023,RXLOTO_02071995M_012023,1,5540231819,ricardo.lopez.000793@mail.com,2025-10-06
CNT_DALOGA_13091987F_102023,ADM_DALOGA_13091987F_102023,DALOGA_13091987F_102023,1,5578092242,daniela.lopez.001006@gmail.com,2025-04-20
CNT_EDGAMA_15021991M_102021,ADM_EDGAMA_15021991M_102021,EDGAMA_15021991M_102021,1,525510828302,eduardo.garcia.000791@outlook.com,2025-07-25
CNT_LURACR_25082014M_012022,ADM_LURACR_25082014M_012022,LURACR_25082014M_012022,1,5562184351,,2025-12-31
CNT_EDRALO_21021980M_102025,ADM_EDRALO_21021980M_102025,EDRALO_21021980M_102025,1,525536244511,eduardo.ramirez.000159@hospitalmail.com,2025-10-29
CNT_PAGOGA_15041959F_032025,ADM_PAGOGA_15041959F_032025,PAGOGA_15041959F_032025,1,5571459650,patricia.gonzalez.001723@outlook.com,2025-03-06
CNT_JOHECR_23011995M_072021,ADM_JOHECR_23011995M_072021,JOHECR_23011995M_072021,1,5533429301,jose.hernandez.000209@outlook.com,2025-08-20
CNT_DALORA_26042022M_052022,ADM_DALORA_26042022M_052022,DALORA_26042022M_052022,1,525580724993,daniel.lopez.000850@mail.com,2025-12-22
CNT_FERAHE_08091989F_062025,ADM_FERAHE_08091989F_062025,FERAHE_08091989F_062025,1,5522498138,fernanda.ramirez.001112@gmail.com,2025-06-26
CNT_PAFLFL_27041996F_102025,ADM_PAFLFL_27041996F_102025,PAFLFL_27041996F_102025,1,525551860885,patricia.flores.001496@outlook.com,2025-10-28
CNT_FEROSA_29021948M_082023,ADM_FEROSA_29021948M_082023,FEROSA_29021948M_082023,1,5549257036,,2025-11-28
CNT_JOGARA_09011948M_042025,ADM_JOGARA_09011948M_042025,JOGARA_09011948M_042025,1,5523798909,jose.garcia.001021@hospitalmail.com,2025-04-01
CNT_LUPEGA_10071997F_062023,ADM_LUPEGA_10071997F_062023,LUPEGA_10071997F_062023,1,5515130815,,2025-11-24
CNT_ANCRRO_30012007F_032021,ADM_ANCRRO_30012007F_032021,ANCRRO_30012007F_032021,1,5537165974,ana.cruz.002222@outlook.com,2025-09-16
CNT_CAMAGO_15061936F_022023,ADM_CAMAGO_15061936F_022023,CAMAGO_15061936F_022023,1,55642945,carmen.martinez.000922@mail.com,2025-06-14
CNT_EDCAFL_04081953M_082022,ADM_EDCAFL_04081953M_082022,EDCAFL_04081953M_082022,1,5554899152,eduardo.castillo.002118@mail.com,2025-01-05
CNT_GARACA_17072012F_022022,ADM_GARACA_17072012F_022022,GARACA_17072012F_022022,1,5541917851,gabriela.ramirez.001469@mail.com,2025-01-19
CNT_LXGATO_19031978F_122025,ADM_LXGATO_19031978F_122025,LXGATO_19031978F_122025,1,5574253295,,2025-12-08
CNT_CXGAVA_03081961M_042023,ADM_CXGAVA_03081961M_042023,CXGAVA_03081961M_042023,1,55434326,carlos.garcia.001532@mail.com,2025-11-19
CNT_GARACA_11081977F_072023,ADM_GARACA_11081977F_072023,GARACA_11081977F_072023,1,525532575215,gabriela.ramirez.000277@outlook.com,2025-08-11
CNT_JUROPE_04041970M_072021,ADM_JUROPE_04041970M_072021,JUROPE_04041970M_072021,1,525575235228,juan.rodriguez.002210@hospitalmail.com,2025-07-03
CNT_CAFLSA_21061956M_022023,ADM_CAFLSA_21061956M_022023,CAFLSA_21061956M_022023,1,5545869539,carlos.flores.000066@hospitalmail.com,2025-05-25
CNT_SOSAMA_09051937F_072025,ADM_SOSAMA_09051937F_072025,SOSAMA_09051937F_072025,1,525571902873,sofia.sanchez.000733@hospitalmail.com,2025-07-02
CNT_DATOXX_26081988M_042025,ADM_DATOXX_26081988M_042025,DATOXX_26081988M_042025,1,5577825865,daniel.torres.001405@hospitalmail.com,2025-04-24
CNT_JXCARO_22112002M_102022,ADM_JXCARO_22112002M_102022,JXCARO_22112002M_102022,1,525564419902,jorge.castillo.000866@outlook.com,2025-11-21
CNT_RISACR_05022001M_102025,ADM_RISACR_05022001M_102025,RISACR_05022001M_102025,1,5514005661,ricardo.sanchez.001620@gmail.com,2025-10-15
CNT_JOGATO_24051965M_052025,ADM_JOGATO_24051965M_052025,JOGATO_24051965M_052025,1,5524210050,jorge.garcia.000408@gmail.com,2025-05-23
CNT_LAROTO_16072000F_022025,ADM_LAROTO_16072000F_022025,LAROTO_16072000F_022025,1,,laura.rodriguez.001795@mail.com,2025-02-20
CNT_LUSAMA_06081974F_032025,ADM_LUSAMA_06081974F_032025,LUSAMA_06081974F_032025,1,5576407780,,2025-03-07
CNT_DXGAMA_04061959M_092021,ADM_DXGAMA_04061959M_092021,DXGAMA_04061959M_092021,1,525558934967,daniel.garcia.001429@hospitalmail.com,2025-11-05
CNT_MASAHE_13071982M_042022,ADM_MASAHE_13071982M_042022,MASAHE_13071982M_042022,1,5582508721,manuel.sanchez.002190@gmail.com,2025-09-29
CNT_DAFLPE_20041975M_011900,ADM_DAFLPE_20041975M_011900,DAFLPE_20041975M_011900,1,525556474574,daniel.flores.001537@hospitalmail.com,2025-03-18
CNT_FEPESA_21111966F_022021,ADM_FEPESA_21111966F_022021,FEPESA_21111966F_022021,1,5543420083,fernanda.perez.002172@outlook.com,2025-02-27
CNT_RIROSA_26071978M_122025,ADM_RIROSA_26071978M_122025,RIROSA_26071978M_122025,1,525555031625,ricardo.rodriguez.001782@outlook.com,2025-12-07
CNT_FXVASA_14041983F_022025,ADM_FXVASA_14041983F_022025,FXVASA_14041983F_022025,1,5509789543,fernanda.vargas.001270@hospitalmail.com,2025-02-15
CNT_LUSAXX_04021949F_022021,ADM_LUSAXX_04021949F_022021,LUSAXX_04021949F_022021,1,5572049707,lucia.sanchez.002228@mail.com,2025-05-07
CNT_ANSAXX_06031995F_052022,ADM_ANSAXX_06031995F_052022,ANSAXX_06031995F_052022,1,5556387953,ana.sanchez.001338@mail.com,2025-07-17
CNT_LALOFL_03041993F_062025,ADM_LALOFL_03041993F_062025,LALOFL_03041993F_062025,1,525589220975,laura.lopez.000441@outlook.com,2025-06-29
CNT_FETOCR_09012013F_102025,ADM_FETOCR_09012013F_102025,FETOCR_09012013F_102025,1,5519328,fernanda.torres.000541@gmail.com,2025-10-09
CNT_SOMAHE_07122006F_072023,ADM_SOMAHE_07122006F_072023,SOMAHE_07122006F_072023,1,5525148086,sofia.martinez.000269@mail.com,2025-03-12
CNT_MXGOCA_18112015M_022023,ADM_MXGOCA_18112015M_022023,MXGOCA_18112015M_022023,1,525536606266,manuel.gonzalez.000520@outlook.com,2025-11-10
CNT_DAVAVA_30042023M_022025,ADM_DAVAVA_30042023M_022025,DAVAVA_30042023M_022025,1,555725870,daniel.vargas.000206@outlook.com,2025-02-25
CNT_ANHEVA_24111985F_052025,ADM_ANHEVA_24111985F_052025,ANHEVA_24111985F_052025,1,5575741626,ana.hernandez.001926@outlook.com,2025-05-10
CNT_MAVASA_31011969M_092022,ADM_MAVASA_31011969M_092022,MAVASA_31011969M_092022,1,525598357590,manuel.vargas.000768@outlook.com,2025-04-30
CNT_JOCRGA_11121951M_072025,ADM_JOCRGA_11121951M_072025,JOCRGA_11121951M_072025,0,,,
CNT_ELVAFL_10091979F_022023,ADM_ELVAFL_10091979F_022023,ELVAFL_10091979F_022023,1,5531780685,elena.vargas.000505@gmail.com,2025-08-08
CNT_FEPEGO_08121937F_022025,ADM_FEPEGO_08121937F_022025,FEPEGO_08121937F_022025,1,5583913460,fernanda.perez.002209@outlook.com,2025-02-02
CNT_ANCALO_10041965F_042025,ADM_ANCALO_10041965F_042025,ANCALO_10041965F_042025,1,5517654030,ana.castillo.001822@mail.com,2025-04-24
CNT_SOSAMA_15121960F_032021,ADM_SOSAMA_15121960F_032021,SOSAMA_15121960F_032021,1,525538240488,sofia.sanchez.000624@mail.com,2025-12-17
CNT_MAVAFL_27072001M_052025,ADM_MAVAFL_27072001M_052025,MAVAFL_27072001M_052025,1,5591301123,manuel.vargas.002239@mail.com,2025-05-24
CNT_FETOVA_05111988M_082025,ADM_FETOVA_05111988M_082025,FETOVA_05111988M_082025,1,525551145981,fernando.torres.000899@gmail.com,2025-08-30
CNT_LUTOCA_08101982M_082025,ADM_LUTOCA_08101982M_082025,LUTOCA_08101982M_082025,1,525589594212,luis.torres.000912@gmail.com,2025-08-03
CNT_MAHERO_11031978M_011900,ADM_MAHERO_11031978M_011900,MAHERO_11031978M_011900,1,525525873027,,2025-06-09
CNT_DAGAFL_10021986M_122020,ADM_DAGAFL_10021986M_122020,DAGAFL_10021986M_122020,1,5558849756,daniel.garcia.000691@gmail.com,2025-05-19
CNT_PAFLHE_17082005F_082023,ADM_PAFLHE_17082005F_082023,PAFLHE_17082005F_082023,1,5510364457,patricia.flores.001152@mail.com,2025-10-21
