id_farmacia,nombre_completo,medicamentos_unidades,fecha_prescripcion,medico_cargo,sucursal
FARM_ESP_2025_000001,irene jimenez fernandez,"levotiroxina3,insulina0",2025-11-24,Dra. Carmen Martin,Centro Medico Barcelona
FARM_ESP_2025_000002,marta lopez jimenez,"orlistat2,rosuvastatina1,metformina2",2025-06-16,Dra. Lucia Garcia,Clinica Madrid Norte
FARM_ESP_2025_000003,RAFAEL LOPEZ RODRIGUEZ,enalapril2,2025-12-12,Dra. Carmen Martin,Hospital Central Espana
FARM_ESP_2025_000004,MIGUEL GOMEZ RUIZ,"omeprazol3,paracetamol1",2025-09-29,Dra. Lucia Garcia,Hospital Central Espana
FARM_ESP_2025_000005,CARLOS SANCHEZ DIAZ,"sulfatoferroso3,acidofolico3",2025-07-17,Dra. Marta Sanchez,Centro Medico Barcelona
FARM_ESP_2025_000006,claudia gomez fernandez,"paracetamol2,ibuprofeno3,omeprazol1",2025-08-07,Dr. Javier Fernandez,Hospital Central Espana
FARM_ESP_2025_000007,Irene Lopez Lopez,"metformina4,orlistat4",2025-09-13,Dra. Marta Sanchez,Centro Medico Barcelona
FARM_ESP_2025_000008,MARIA RODRIGUEZ RUIZ,atorvastatina2,2025-07-02,Dra. Lucia Garcia,Clinica Madrid Norte
FARM_ESP_2025_000009,SERGIO GOMEZ MARTIN,"metformina4,glibenclamida3",2025-10-15,Dra. Carmen Martin,Clinica Madrid Norte
FARM_ESP_2025_000010,IRENE HERNANDEZ RODRIGUEZ,"pregabalina3,ibuprofeno2,omeprazol1",2025-01-19,Dr. Pablo Lopez,Hospital Central Espana
FARM_ESP_2025_000011,maria rodriguez ruiz,"sulfatoferroso2,acidofolico3",2025-11-25,Dra. Lucia Garcia,Centro Medico Barcelona
FARM_ESP_2025_000012,PAULA LOPEZ RUIZ,vareniclina3,2025-07-02,Dra. Marta Sanchez,Clinica Madrid Norte
FARM_ESP_2025_000013,javier martinez rodriguez,enalapril3,2025-07-13,Dr. Pablo Lopez,Clinica Madrid Norte
FARM_ESP_2025_000014,ANTONIO PEREZ,"atorvastatina4,rosuvastatina3",2025-10-07,Dr. Pablo Lopez,Clinica Madrid Norte
FARM_ESP_2025_000015,sergio perez diaz,"omeprazol2,ibuprofeno3",2025-09-19,Dr. Javier Fernandez,Centro Medico Barcelona
FARM_ESP_2025_000016,SARA RUIZ RODRIGUEZ,rosuvastatina4,2025-03-11,Dr. Javier Fernandez,Centro Medico Barcelona
FARM_ESP_2025_000017,sara martinez hernandez,"rosuvastatina3,atorvastatina1",2025-09-25,Dra. Lucia Garcia,Centro Medico Barcelona
FARM_ESP_2025_000018,Isabel Perez Lopez,bupropion1,2025-03-13,Dr. Pablo Lopez,Hospital Central Espana
FARM_ESP_2025_000019,DANIEL RUIZ HERNANDEZ,"metformina1,orlistat2,vareniclina3",2025-05-29,Dr. Pablo Lopez,Clinica Madrid Norte
FARM_ESP_2025_000020,DANIEL LOPEZ GARCIA,"vareniclina1,bupropion2",2025-07-29,Dra. Carmen Martin,Clinica Madrid Norte
FARM_ESP_2025_000021,Isabel Garcia Lopez,amlodipino4,2025-04-10,Dr. Javier Fernandez,Clinica Madrid Norte
FARM_ESP_2025_000022,rafael sanchez ruiz,"rosuvastatina3,insulina4,glibenclamida2",2025-06-22,Dra. Carmen Martin,Hospital Central Espana
FARM_ESP_2025_000023,L. Diaz Martin,amoxicilina4,2025-10-16,Dr. Pablo Lopez,Hospital Central Espana
FARM_ESP_2025_000024,miguel martin hernandez,paracetamol3,2025-12-27,Dra. Marta Sanchez,Clinica Madrid Norte
FARM_ESP_2025_000025,P. Diaz Lopez,vareniclina2,2025-08-12,Dr. Javier Fernandez,Clinica Madrid Norte
FARM_ESP_2025_000026,MANUEL SANCHEZ LOPEZ,"ibuprofeno3,paracetamol2",2025-10-09,Dra. Carmen Martin,Centro Medico Barcelona
FARM_ESP_2025_000027,elena garcia martinez,omeprazol4,2025-05-15,Dra. Lucia Garcia,Clinica Madrid Norte
FARM_ESP_2025_000028,Paula Goez Garcia,"orlistat3,metformina2",2025-09-20,Dr. Pablo Lopez,Centro Medico Barcelona
FARM_ESP_2025_000029,claudia lopez lopez,"losartan3,amlodipino2,atorvastatina1",2025-10-03,Dr. Javier Fernandez,Clinica Madrid Norte
FARM_ESP_2025_000030,J. Ruiz Jimenez,atorvastatina2,2025-08-07,Dra. Carmen Martin,Hospital Central Espana
FARM_ESP_2025_000031,Paula Hernandez Ruiz,"metformina3,orlistat3",2025-11-06,Dra. Carmen Martin,Clinica Madrid Norte
FARM_ESP_2025_000032,david jimenez jimenez,"atorvastatina1,glibenclamida4",2025-12-19,Dr. Javier Fernandez,Hospital Central Espana
FARM_ESP_2025_000033,M. SANCHEZ FERNANDEZ,"ibuprofeno3,amlodipino2,atorvastatina3",2025-08-11,Dra. Lucia Garcia,Hospital Central Espana
FARM_ESP_2025_000034,Manuel Martinez Jimenez,"losartan3,paracetamol2,atorvastatina4",2025-04-16,Dra. Carmen Martin,Hospital Central Espana
FARM_ESP_2025_000035,ISABEL PEREZ JIMENEZ,enalapril1,2025-06-06,Dra. Carmen Martin,Clinica Madrid Norte
FARM_ESP_2025_000036,I. SANCHEZ FERNANDEZ,losartan2,2025-06-05,Dr. Javier Fernandez,Hospital Central Espana
FARM_ESP_2025_000037,ANTONIO PEREZ MARTIN,"paracetamol2,metformina1,ibuprofeno2",2025-02-14,Dr. Pablo Lopez,Clinica Madrid Norte
FARM_ESP_2025_000038,ISABEL HERNANDEZ GOMEZ,"ibuprofeno2,naproxeno3",2025-07-10,Dra. Marta Sanchez,Centro Medico Barcelona
FARM_ESP_2025_000039,S. SANCHEZ PEREZ,diclofenaco3,2025-04-11,Dr. Javier Fernandez,Hospital Central Espana
FARM_ESP_2025_000040,alvaro perez sanchez,omeprazol2,2025-08-05,Dra. Carmen Martin,Hospital Central Espana
FARM_ESP_2025_000041,david hernandez sanchez,omeprazol2,2025-08-05,Dra. Lucia Garcia,Centro Medico Barcelona
FARM_ESP_2025_000042,L. Rodriguez Rodriguez,"ibuprofeno1,omeprazol4,paracetamol2",2025-07-22,Dra. Marta Sanchez,Clinica Madrid Norte
FARM_ESP_2025_000043,carlos garcia garcia,"paracetamol1,omeprazol2",2025-11-01,Dra. Carmen Martin,Hospital Central Espana
FARM_ESP_2025_000044,CLAUDIA PEREZ MARTINEZ,amlodipino2,2025-08-08,Dr. Pablo Lopez,Clinica Madrid Norte
FARM_ESP_2025_000045,marta lopez martin,"omeprazol2,paracetamol2,ibuprofeno3",2025-10-24,Dr. Javier Fernandez,Hospital Central Espana
FARM_ESP_2025_000046,C. Martin Diaz,"ibuprofeno3,paracetamol4",2025-02-11,Dr. Pablo Lopez,Hospital Central Espana
FARM_ESP_2025_000047,miguel rodriguz hernandez,rosuvastatina2,2025-02-04,Dra. Marta Sanchez,Hospital Central Espana
FARM_ESP_2025_000048,pablo rodriguez garcia,"vareniclina2,bupropion4",2025-06-06,Dra. Marta Sanchez,Clinica Madrid Norte
FARM_ESP_2025_000049,MIGUEL GARCIA JIMENEZ,"rosuvastatina3,atorvastatina1",2025-07-16,Dr. Javier Fernandez,Centro Medico Barcelona
FARM_ESP_2025_000050,ALEJANDRO GARCIA GOMEZ,"orlistat1,vareniclina2,rosuvastatina3",2025-07-15,Dr. Javier Fernandez,Hospital Central Espana
FARM_ESP_2025_000051,Irene Sanchez Hernandez,"bupropion2,vareniclina2",2025-12-18,Dra. Carmen Martin,Centro Medico Barcelona
FARM_ESP_2025_000052,Pablo Martin Gomez,"rosuvastatina4,atorvastatina2",2025-02-26,Dr. Javier Fernandez,Centro Medico Barcelona
FARM_ESP_2025_000053,carmen diaz perez,"omeprazol4,paracetamol2",2025-10-12,Dr. Javier Fernandez,Hospital Central Espana
FARM_ESP_2025_000054,DANIEL FERNANDEZ SANCHEZ,"omeprazol4,paracetamol1",2025-01-06,Dr. Javier Fernandez,Hospital Central Espana
FARM_ESP_2025_000055,I. Diaz Martinez,paracetamol3,2025-08-12,Dra. Carmen Martin,Clinica Madrid Norte
FARM_ESP_2025_000056,Lucia Sanchez Hernandez,vareniclina3,2025-06-23,Dra. Marta Sanchez,Clinica Madrid Norte
FARM_ESP_2025_000057,SERGIO FERNANDEZ GOMEZ,orlistat3,2025-08-18,Dra. Marta Sanchez,Clinica Madrid Norte
FARM_ESP_2025_000058,David Jimenez Gomez,"bupropion1,vareniclina-1",2025-12-25,Dra. Lucia Garcia,Clinica Madrid Norte
FARM_ESP_2025_000059,sergio jimenez martinez,"paracetamol2,losartan3",2025-05-10,Dr. Pablo Lopez,Centro Medico Barcelona
FARM_ESP_2025_000060,ISABEL JIMENEZ GARCIA,"atorvastatina4,acidofolico4,sulfatoferroso3",2025-03-12,Dra. Lucia Garcia,Hospital Central Espana
FARM_ESP_2025_000061,Manuel Diaz Diaz,"bupropion4,enalapril2,vareniclina2",2025-03-17,Dra. Carmen Martin,Centro Medico Barcelona
FARM_ESP_2025_000062,LUCIA RUIZ GARCIA,"glibenclamida3,metformina3,vareniclina4",2025-03-03,Dra. Lucia Garcia,Centro Medico Barcelona
FARM_ESP_2025_000063,DANIEL RUIZ GARCIA,enalapril3,2025-04-25,Dr. Javier Fernandez,Centro Medico Barcelona
FARM_ESP_2025_000064,D. MARTINEZ JIMENEZ,"glibenclamida3,insulina2",2025-06-09,Dra. Lucia Garcia,Hospital Central Espana
FARM_ESP_2025_000065,NURIA MARTIN HERNANDEZ,"bupropion2,vareniclina4",2025-09-02,Dra. Carmen Martin,Hospital Central Espana
FARM_ESP_2025_000066,LUCIA RUIZ,"vareniclina4,orlistat4,metformina3",2025-08-06,Dra. Marta Sanchez,Hospital Central Espana
FARM_ESP_2025_000067,MANUEL FERNANDEZ SANCHEZ,"metformina3,vareniclina2,atorvastatina4",2025-04-03,Dr. Pablo Lopez,Clinica Madrid Norte
FARM_ESP_2025_000068,lucia martin rodriguez,"metformina2,insulina1",2025-04-09,Dr. Pablo Lopez,Clinica Madrid Norte
FARM_ESP_2025_000069,sara lopez fernandez,"loratadina2,paracetamol4",2025-07-27,Dr. Javier Fernandez,Centro Medico Barcelona
FARM_ESP_2025_000070,ALEJANDRO MARTINEZ JIMENEZ,bupropion1,2025-08-15,Dr. Pablo Lopez,Hospital Central Espana
FARM_ESP_2025_000071,Pablo Perez Martin,ibuprofeno4,2025-09-20,Dra. Carmen Martin,Clinica Madrid Norte
FARM_ESP_2025_000072,C. Hernandez Gomez,metformina2,2025-12-19,Dra. Marta Sanchez,Clinica Madrid Norte
FARM_ESP_2025_000073,nuria sanchez martinez,bupropion4,2025-03-25,Dra. Marta Sanchez,Centro Medico Barcelona
FARM_ESP_2025_000074,ANTONIO SANCHEZ RODRIGUEZ,"rosuvastatina1,atorvastatina1",2025-03-11,Dra. Lucia Garcia,Centro Medico Barcelona
FARM_ESP_2025_000075,A. DIAZ JIMENEZ,insulina3,2025-05-29,Dra. Marta Sanchez,Hospital Central Espana
FARM_ESP_2025_000076,marta ruiz perez,atorvastatina4,2025-03-22,Dr. Javier Fernandez,Clinica Madrid Norte
FARM_ESP_2025_000077,PABLO RUIZ FERNANDEZ,insulina3,2025-10-02,Dr. Javier Fernandez,Centro Medico Barcelona
FARM_ESP_2025_000078,Laura Sanchez Lopez,"paracetamol3,ibuprofeno4,omeprazol3",2025-01-26,Dr. Pablo Lopez,Centro Medico Barcelona
FARM_ESP_2025_000079,Pablo Jimenez Fernandez,"omeprazol2,amoxicilina1,diclofenaco1",2025-02-19,Dr. Javier Fernandez,Hospital Central Espana
FARM_ESP_2025_000080,SARA SANCHEZ MARTIN,"rosuvastatina1,atorvastatina4",2025-01-21,Dr. Javier Fernandez,Hospital Central Espana
FARM_ESP_2025_000081,MARTA PEREZ GARCIA,"orlistat4,metformina1",2025-09-18,Dra. Lucia Garcia,Hospital Central Espana
FARM_ESP_2025_000082,Maria Gomez Martinez,"ibuprofeno2,paracetamol3",2025-04-13,Dr. Pablo Lopez,Hospital Central Espana
FARM_ESP_2025_000083,manuel fernandez sanchez,"metformina3,orlistat3",2025-04-08,Dra. Carmen Martin,Centro Medico Barcelona
FARM_ESP_2025_000084,irene perez lopez,"levotiroxina3,ibuprofeno2",2025-11-10,Dr. Pablo Lopez,Centro Medico Barcelona
FARM_ESP_2025_000085,laura gomez martin,losartan-1,2025-01-27,Dra. Marta Sanchez,Clinica Madrid Norte
FARM_ESP_2025_000086,Carlos Diaz Lopez,"rosuvastatina1,atorvastatina2",2025-01-29,Dra. Marta Sanchez,Hospital Central Espana
FARM_ESP_2025_000087,alvaro gomez hernandez,"omeprazol2,ketorolaco0",2025-10-30,Dra. Lucia Garcia,Clinica Madrid Norte
FARM_ESP_2025_000088,MIGUEL FERNANDEZ FERNANDEZ,bupropion2,2025-09-01,Dr. Javier Fernandez,Clinica Madrid Norte
FARM_ESP_2025_000089,M. Diaz Garcia,insulina3,2025-09-17,Dr. Javier Fernandez,Hospital Central Espana
FARM_ESP_2025_000090,Carlos Hernandez Jimenez,"atorvastatina1,rosuvastatina4",2025-10-20,Dr. Javier Fernandez,Clinica Madrid Norte
FARM_ESP_2025_000091,DAVID MARTINEZ JIMENEZ,"insulina4,metformina3",2025-05-04,Dra. Lucia Garcia,Hospital Central Espana
FARM_ESP_2025_000092,C. Rodriguez Martin,"naproxeno4,gabapentina4,ibuprofeno4",2025-05-14,Dr. Javier Fernandez,Clinica Madrid Norte
FARM_ESP_2025_000093,LUCIA FERNANDEZ JIMENEZ,"amlodipino1,enalapril2",2025-11-20,Dra. Carmen Martin,Hospital Central Espana
FARM_ESP_2025_000094,MIGUEL GARCIA GARCIA,"losartan3,enalapril2",2025-04-22,Dr. Javier Fernandez,Hospital Central Espana
FARM_ESP_2025_000095,MARTA DIAZ MARTIN,"sulfatoferroso4,acidofolico1",2025-08-30,Dr. Javier Fernandez,Clinica Madrid Norte
FARM_ESP_2025_000096,Sergio Gomez Martin,"acidofolico3,sulfatoferroso4",2025-10-31,Dr. Javier Fernandez,Clinica Madrid Norte
FARM_ESP_2025_000097,elena garcia martinez,"rosuvastatina2,metformina2",2025-12-08,Dr. Pablo Lopez,Hospital Central Espana
FARM_ESP_2025_000098,LAURA RODRIGUEZ RUIZ,"insulina2,glibenclamida3",2025-02-11,Dr. Javier Fernandez,Centro Medico Barcelona
FARM_ESP_2025_000099,ALVARO LOPEZ HERNANDEZ,"rosuvastatina2,metformina2,losartan4",2025-06-06,Dr. Pablo Lopez,Clinica Madrid Norte
FARM_ESP_2025_000100,SARA RODRIGUEZ MARTIN,vareniclina2,2025-10-01,Dr. Javier Fernandez,Clinica Madrid Norte
FARM_ESP_2025_000101,DAVID RODRIGUEZ RUIZ,loratadina4,2025-03-21,Dra. Marta Sanchez,Clinica Madrid Norte
FARM_ESP_2025_000102,LUCIA JIMENEZ DIAZ,atorvastatina1,2025-07-21,Dr. Pablo Lopez,Hospital Central Espana
FARM_ESP_2025_000103,MANUEL SANCHEZ GARCIA,"vareniclina1,metformina3,bupropion1",2025-12-05,Dra. Marta Sanchez,Clinica Madrid Norte
FARM_ESP_2025_000104,alvaro martin perez,"ibuprofeno4,paracetamol4",2025-02-06,Dra. Carmen Martin,Centro Medico Barcelona
FARM_ESP_2025_000105,irene sanchez,ibuprofeno2,2025-12-31,Dra. Carmen Martin,Centro Medico Barcelona
FARM_ESP_2025_000106,David Hernandez Martin,"atorvastatina2,rosuvastatina4",2025-02-24,Dr. Javier Fernandez,Clinica Madrid Norte
FARM_ESP_2025_000107,lucia ruiz diaz,"metformina2,orlistat2",2025-10-17,Dr. Javier Fernandez,Clinica Madrid Norte
FARM_ESP_2025_000108,Carmen Garcia Sanchez,"vareniclina2,bupropion2",2025-11-09,Dra. Lucia Garcia,Centro Medico Barcelona
FARM_ESP_2025_000109,CLAUDIA MARTIN FERNANDEZ,losartan3,2025-03-23,Dr. Pablo Lopez,Clinica Madrid Norte
FARM_ESP_2025_000110,NURIA GOMEZ GOMEZ,"orlistat1,metformina3",2025-02-07,Dra. Lucia Garcia,Clinica Madrid Norte
FARM_ESP_2025_000111,J. MARTIN MARTIN,bupropion-2,2025-11-21,Dra. Carmen Martin,Clinica Madrid Norte
FARM_ESP_2025_000112,alvaro garcia sanchez,"atorvastatina2,rosuvastatina2",2025-07-01,Dra. Marta Sanchez,Hospital Central Espana
FARM_ESP_2025_000113,Isabel Perez Jimenez,"enalapril4,amlodipino2,losartan1",2025-06-19,Dra. Carmen Martin,Clinica Madrid Norte
FARM_ESP_2025_000114,claudia gomez,"paracetamol1,omeprazol1",2025-08-30,Dra. Lucia Garcia,Clinica Madrid Norte
FARM_ESP_2025_000115,CARMEN GARCIA RODRIGUEZ,"gabapentina1,omeprazol2,naproxeno4",2025-05-14,Dr. Pablo Lopez,Hospital Central Espana
FARM_ESP_2025_000116,MIGUEL MARTIN GARCIA,"sulfatoferroso1,acidofolico4",2025-01-06,Dr. Javier Fernandez,Clinica Madrid Norte
FARM_ESP_2025_000117,Lucia Sanchez Diaz,"glibenclamida1,insulina3,rosuvastatina4",2025-03-10,Dra. Marta Sanchez,Hospital Central Espana
FARM_ESP_2025_000118,Alvaro Gomez Rodriguez,"acidofolico1,sulfatoferroso3",2025-07-12,Dra. Marta Sanchez,Centro Medico Barcelona
FARM_ESP_2025_000119,David Perez Diaz,"orlistat1,metformina4",2025-09-28,Dra. Carmen Martin,Clinica Madrid Norte
FARM_ESP_2025_000120,sara ruiz ruiz,"vareniclina2,bupropion1",2025-11-04,Dra. Marta Sanchez,Hospital Central Espana
FARM_ESP_2025_000121,ISABEL PEREZ MARTINEZ,"omeprazol1,levotiroxina3",2025-11-25,Dra. Carmen Martin,Centro Medico Barcelona
FARM_ESP_2025_000122,Claudia Perez Gomez,omeprazol1,2025-01-19,Dra. Lucia Garcia,Clinica Madrid Norte
FARM_ESP_2025_000123,daniel roriguez lopez,"glibenclamida1,insulina4,metformina3",2025-08-17,Dra. Lucia Garcia,Hospital Central Espana
FARM_ESP_2025_000124,miguel diaz lopez,"bupropion2,vareniclina2",2025-08-22,Dr. Javier Fernandez,Clinica Madrid Norte
FARM_ESP_2025_000125,Pablo Garcia,"atorvastatina99,rosuvastatina4",2025-12-03,Dra. Marta Sanchez,Clinica Madrid Norte
FARM_ESP_2025_000126,A. LOPEZ RODRIGUEZ,bupropion2,2025-06-06,Dra. Lucia Garcia,Hospital Central Espana
FARM_ESP_2025_000127,daniel perez jimenez,"atorvastatina3,paracetamol120,omeprazol1",2025-12-21,Dra. Lucia Garcia,Centro Medico Barcelona
FARM_ESP_2025_000128,ELENA GOMEZ SANCHEZ,"orlistat1,metformina2",2025-12-28,Dr. Pablo Lopez,Centro Medico Barcelona
FARM_ESP_2025_000129,ALVARO JIMENEZ FERNANDEZ,"bupropion3,vareniclina1",2025-01-31,Dra. Carmen Martin,Hospital Central Espana
FARM_ESP_2025_000130,lucia grcia gomez,"omeprazol2,atorvastatina2",2025-06-04,Dr. Pablo Lopez,Hospital Central Espana
FARM_ESP_2025_000131,laura ruiz martinez,"vareniclina3,bupropion1",2025-12-20,Dra. Lucia Garcia,Centro Medico Barcelona
FARM_ESP_2025_000132,antonio rodriguez lopez,vareniclina4,2025-10-09,Dra. Lucia Garcia,Clinica Madrid Norte
FARM_ESP_2025_000133,DAVID SANCHEZ HERNANDEZ,"acidofolico2,sulfatoferroso1",2025-10-30,Dr. Javier Fernandez,Clinica Madrid Norte
FARM_ESP_2025_000134,elena hernandez martinez,"atorvastatina2,bupropion4",2025-09-30,Dr. Pablo Lopez,Clinica Madrid Norte
FARM_ESP_2025_000135,david jimenez jimenez,"glibenclamida3,atorvastatina2,insulina2",2025-03-18,Dr. Pablo Lopez,Centro Medico Barcelona
FARM_ESP_2025_000136,david gomez diaz,"naproxeno2,gabapentina2,pregabalina3",2025-02-19,Dra. Lucia Garcia,Clinica Madrid Norte
FARM_ESP_2025_000137,SARA LOPEZ HERNANDEZ,atorvastatina4,2025-06-18,Dr. Pablo Lopez,Clinica Madrid Norte
FARM_ESP_2025_000138,Pablo Rodriguez Gomez,"rosuvastatina2,orlistat3,metformina2",2025-08-04,Dra. Marta Sanchez,Centro Medico Barcelona
FARM_ESP_2025_000139,RAFAEL LOPEZ RUIZ,"vareniclina1,bupropion4",2025-01-03,Dra. Lucia Garcia,Centro Medico Barcelona
FARM_ESP_2025_000140,Rafael Martin Ruiz,"ibuprofeno2,paracetamol4,omeprazol2",2025-07-04,Dra. Carmen Martin,Hospital Central Espana
FARM_ESP_2025_000141,c. martin martinez,ibuprofeno1,2025-07-14,Dra. Carmen Martin,Hospital Central Espana
FARM_ESP_2025_000142,Rafael Diaz Jimenez,"metformina4,insulina4,glibenclamida3",2025-08-13,Dr. Javier Fernandez,Hospital Central Espana
FARM_ESP_2025_000143,C. SANCHEZ JIMENEZ,omeprazol3,2025-02-23,Dra. Lucia Garcia,Centro Medico Barcelona
FARM_ESP_2025_000144,ALEJANDRO MARTINEZ,"enalapril3,losartan2",2025-01-29,Dr. Pablo Lopez,Clinica Madrid Norte
FARM_ESP_2025_000145,Alvaro Lopez Diaz,"metformina1,orlistat3",2025-09-22,Dra. Lucia Garcia,Centro Medico Barcelona
FARM_ESP_2025_000146,sergio lopez hernandez,"loratadina1,ibuprofeno4,omeprazol3",2025-06-10,Dr. Javier Fernandez,Centro Medico Barcelona
FARM_ESP_2025_000147,D. Sanchez Jimenez,vareniclina1,2025-12-14,Dr. Javier Fernandez,Centro Medico Barcelona
FARM_ESP_2025_000148,alvaro sanchez fernandez,enalapril1,2025-08-11,Dr. Pablo Lopez,Clinica Madrid Norte
FARM_ESP_2025_000149,s. garcia jimenez,"losartan1,atorvastatina1,amlodipino4",2025-09-21,Dra. Carmen Martin,Centro Medico Barcelona
FARM_ESP_2025_000150,Javier Rodriguez Lopez,"rosuvastatina3,amlodipino2",2025-03-20,Dra. Marta Sanchez,Centro Medico Barcelona
FARM_ESP_2025_000151,Claudia Hernandez Sanchez,bupropion3,2025-05-17,Dra. Lucia Garcia,Centro Medico Barcelona
FARM_ESP_2025_000152,C. GOMEZ MARTIN,"insulina1,rosuvastatina4",2025-07-06,Dra. Marta Sanchez,Hospital Central Espana
FARM_ESP_2025_000153,carlos diaz rodriguez,"ibuprofeno4,paracetamol2",2025-03-28,Dra. Lucia Garcia,Clinica Madrid Norte
FARM_ESP_2025_000154,p. lopez hernandez,"ketorolaco4,ibuprofeno1,paracetamol2",2025-01-09,Dra. Marta Sanchez,Hospital Central Espana
FARM_ESP_2025_000155,ANTONIO MARTIN FERNANDEZ,"omeprazol4,paracetamol2",2025-04-30,Dra. Marta Sanchez,Hospital Central Espana
FARM_ESP_2025_000156,nuria sanchez diaz,"amlodipino2,vareniclina1,bupropion1",2025-04-06,Dr. Pablo Lopez,Centro Medico Barcelona
FARM_ESP_2025_000157,claudia ruiz martin,"atorvastatina2,enalapril2",2025-07-08,Dr. Javier Fernandez,Centro Medico Barcelona
FARM_ESP_2025_000158,D. Martinez Rodriguez,"vareniclina1,sulfatoferroso4",2025-10-11,Dr. Pablo Lopez,Centro Medico Barcelona
FARM_ESP_2025_000159,p. gomez martin,"insulina3,metformina1,glibenclamida2",2025-08-30,Dra. Carmen Martin,Hospital Central Espana
FARM_ESP_2025_000160,m. rodriguez gomez,"omeprazol2,insulina2,ibuprofeno4",2025-11-07,Dra. Carmen Martin,Hospital Central Espana
FARM_ESP_2025_000161,Lucia Martinez Gomez,ibuprofeno3,2025-06-14,Dr. Javier Fernandez,Hospital Central Espana
FARM_ESP_2025_000162,ALVARO LOPEZ JIMENEZ,"sulfatoferroso4,acidofolico2",2025-01-14,Dra. Carmen Martin,Clinica Madrid Norte
FARM_ESP_2025_000163,CARLOS LOPEZ,"atorvastatina3,rosuvastatina3",2025-01-29,Dra. Carmen Martin,Hospital Central Espana
FARM_ESP_2025_000164,D. JIMENEZ HERNANDEZ,glibenclamida1,2025-02-01,Dra. Lucia Garcia,Centro Medico Barcelona
FARM_ESP_2025_000165,Rafael Martinez Martinez,"amoxicilina1,ibuprofeno2",2025-05-15,Dr. Javier Fernandez,Centro Medico Barcelona
FARM_ESP_2025_000166,Lucia Sanchez Hernandez,"atorvastatina1,vareniclina1,bupropion1",2025-05-28,Dra. Carmen Martin,Hospital Central Espana
FARM_ESP_2025_000167,JAVIER FERNANDEZ MARTIN,paracetamol3,2025-07-31,Dra. Carmen Martin,Hospital Central Espana
FARM_ESP_2025_000168,Javier Garcia Lopez,"metformina2,orlistat1",2025-03-13,Dra. Lucia Garcia,Hospital Central Espana
FARM_ESP_2025_000169,Manuel Martin Jimenez,rosuvastatina2,2025-06-10,Dra. Marta Sanchez,Centro Medico Barcelona
FARM_ESP_2025_000170,LUCIA FERNANDEZ GARCIA,"ibuprofeno2,levotiroxina4,omeprazol2",2025-12-25,Dr. Pablo Lopez,Centro Medico Barcelona
FARM_ESP_2025_000171,carmen martin diaz,"paracetamol1,omeprazol2,ibuprofeno4",2025-05-28,Dr. Javier Fernandez,Hospital Central Espana
FARM_ESP_2025_000172,Miguel Gomez Ruiz,paracetamol1,2025-07-28,Dra. Lucia Garcia,Hospital Central Espana
FARM_ESP_2025_000173,manuel jimenez lopez,"sulfatoferroso3,acidofolico3",2025-05-09,Dra. Lucia Garcia,Hospital Central Espana
FARM_ESP_2025_000174,Carlos Gomez Martin,"orlistat1,metformina2",2025-05-09,Dra. Carmen Martin,Hospital Central Espana
FARM_ESP_2025_000175,CARLOS GOMEZ MARTIN,"orlistat4,metformina3",2025-12-09,Dra. Carmen Martin,Centro Medico Barcelona
FARM_ESP_2025_000176,marta jimenez ruiz,"omeprazol3,ibuprofeno2,paracetamol1",2025-10-26,Dr. Pablo Lopez,Hospital Central Espana
FARM_ESP_2025_000177,Irene Martin Perez,"gabapentina2,naproxeno2",2025-02-03,Dr. Javier Fernandez,Clinica Madrid Norte
FARM_ESP_2025_000178,miguel garcia lopez,"amlodipino3,enalapril3",2025-08-26,Dra. Marta Sanchez,Centro Medico Barcelona
FARM_ESP_2025_000179,Antonio Gomez Sanchez,rosuvastatina4,2025-09-27,Dra. Lucia Garcia,Centro Medico Barcelona
FARM_ESP_2025_000180,RAFAEL RUZ MARTIN,"losartan2,paracetamol1",2025-07-13,Dra. Lucia Garcia,Clinica Madrid Norte
FARM_ESP_2025_000181,MARTA LOPEZ GOMEZ,"amlodipino1,orlistat4,metformina3",2025-09-22,Dra. Lucia Garcia,Hospital Central Espana
FARM_ESP_2025_000182,DANIEL DIAZ LOPEZ,bupropion3,2025-07-23,Dr. Pablo Lopez,Centro Medico Barcelona
FARM_ESP_2025_000183,MIGUEL RODRIGUEZ GARCIA,"atorvastatina2,rosuvastatina2",2025-12-11,Dra. Lucia Garcia,Centro Medico Barcelona
FARM_ESP_2025_000184,CLAUDIA MARTIN MARTINEZ,"levotiroxina3,metformina4",2025-01-01,Dra. Marta Sanchez,Clinica Madrid Norte
FARM_ESP_2025_000185,carlos diaz fernandez,"glibenclamida1,losartan3,metformina1",2025-02-16,Dra. Marta Sanchez,Clinica Madrid Norte
FARM_ESP_2025_000186,DAVID DAZ RODRIGUEZ,"paracetamol1,omeprazol2,ibuprofeno2",2025-11-24,Dra. Lucia Garcia,Hospital Central Espana
FARM_ESP_2025_000187,Lucia Gomez Ruiz,orlistat4,2025-01-24,Dr. Pablo Lopez,Hospital Central Espana
FARM_ESP_2025_000188,Isabel Martin Ruiz,"paracetamol4,ibuprofeno2,metformina1",2025-10-23,Dr. Javier Fernandez,Centro Medico Barcelona
FARM_ESP_2025_000189,ALEJANDRO LOPZ GARCIA,"losartan1,enalapril1",2025-01-31,Dr. Pablo Lopez,Centro Medico Barcelona
FARM_ESP_2025_000190,claudia garcia sanchez,"paracetamol3,ibuprofeno4",2025-07-18,Dr. Pablo Lopez,Hospital Central Espana
FARM_ESP_2025_000191,maria martinez sanchez,pregabalina4,2025-06-04,Dra. Lucia Garcia,Hospital Central Espana
FARM_ESP_2025_000192,claudia diaz fernandez,enalapril3,2025-08-20,Dr. Pablo Lopez,Clinica Madrid Norte
FARM_ESP_2025_000193,MARTA RUIZ,"atorvastatina1,rosuvastatina4",2025-04-14,Dra. Carmen Martin,Clinica Madrid Norte
FARM_ESP_2025_000194,daniel hernandez hernandez,"omeprazol3,paracetamol4,ibuprofeno3",2025-08-31,Dr. Pablo Lopez,Centro Medico Barcelona
FARM_ESP_2025_000195,ALVARO HERNANDEZ LOPEZ,"losartan2,enalapril2",2025-03-14,Dra. Lucia Garcia,Clinica Madrid Norte
FARM_ESP_2025_000196,J. Gomez Lopez,amlodipino2,2025-07-10,Dra. Carmen Martin,Clinica Madrid Norte
FARM_ESP_2025_000197,Antonio Diaz,"ibuprofeno2,insulina3",2025-02-07,Dra. Marta Sanchez,Clinica Madrid Norte
FARM_ESP_2025_000198,JAVIER RODRIGUEZ FERNANDEZ,"bupropion1,vareniclina3",2025-12-19,Dr. Javier Fernandez,Centro Medico Barcelona
FARM_ESP_2025_000199,MIGUEL JIMENEZ PEREZ,"amoxicilina3,omeprazol1,diclofenaco1",2025-03-19,Dra. Lucia Garcia,Hospital Central Espana
FARM_ESP_2025_000200,ALEJANDRO LOPEZ,insulina1,2025-03-03,Dra. Carmen Martin,Clinica Madrid Norte
FARM_ESP_2025_000201,Claudia Lopez,"atorvastatina3,rosuvastatina1",2025-02-05,Dra. Lucia Garcia,Clinica Madrid Norte
FARM_ESP_2025_000202,alvaro hernandez perez,"orlistat3,metformina1,vareniclina2",2025-02-25,Dra. Lucia Garcia,Hospital Central Espana
FARM_ESP_2025_000203,Laura Ruiz Jimenez,"atorvastatina0,rosuvastatina1",2025-09-22,Dr. Pablo Lopez,Clinica Madrid Norte
FARM_ESP_2025_000204,ALVARO HERNANDEZ JIMENEZ,"bupropion1,vareniclina3",2025-12-21,Dra. Marta Sanchez,Hospital Central Espana
FARM_ESP_2025_000205,paula diaz garcia,"omeprazol3,ibuprofeno4",2025-01-16,Dr. Javier Fernandez,Centro Medico Barcelona
FARM_ESP_2025_000206,PAULA HERNANDEZ MARTINEZ,omeprazol4,2025-08-16,Dr. Javier Fernandez,Centro Medico Barcelona
FARM_ESP_2025_000207,marta garcia jimenez,"vareniclina2,bupropion1",2025-04-13,Dra. Marta Sanchez,Clinica Madrid Norte
FARM_ESP_2025_000208,Alejandro Ruiz Gomez,paracetamol4,2025-05-01,Dra. Marta Sanchez,Hospital Central Espana
FARM_ESP_2025_000209,DANIEL LOPEZ SANCHEZ,"acidofolico3,sulfatoferroso3",2025-04-27,Dra. Marta Sanchez,Clinica Madrid Norte
FARM_ESP_2025_000210,N. RUIZ LOPEZ,"glibenclamida4,insulina4",2025-12-07,Dr. Pablo Lopez,Clinica Madrid Norte
FARM_ESP_2025_000211,Alvaro Garcia Ruiz,"sulfatoferroso3,enalapril1",2025-01-04,Dr. Pablo Lopez,Clinica Madrid Norte
FARM_ESP_2025_000212,ALEJANDRO LOPEZ LOPEZ,paracetamol1,2025-07-26,Dr. Javier Fernandez,Centro Medico Barcelona
FARM_ESP_2025_000213,maria sanchez fernandez,orlistat3,2025-02-16,Dr. Pablo Lopez,Clinica Madrid Norte
FARM_ESP_2025_000214,Pablo Ruiz Ruiz,"glibenclamida1,metformina2",2025-12-01,Dra. Carmen Martin,Clinica Madrid Norte
FARM_ESP_2025_000215,JAVIER DIAZ GOMEZ,metformina4,2025-11-30,Dra. Marta Sanchez,Hospital Central Espana
FARM_ESP_2025_000216,m. lopez jimenez,"vareniclina3,metformina1",2025-05-24,Dra. Marta Sanchez,Hospital Central Espana
FARM_ESP_2025_000217,Rafael Fernandez Rodriguez,"atorvastatina3,rosuvastatina3",2025-02-10,Dr. Pablo Lopez,Centro Medico Barcelona
FARM_ESP_2025_000218,irene jimenez jimenez,bupropion3,2025-10-05,Dra. Carmen Martin,Clinica Madrid Norte
FARM_ESP_2025_000219,i. gomez gomez,orlistat4,2025-01-28,Dr. Pablo Lopez,Clinica Madrid Norte
FARM_ESP_2025_000220,irene gomez hernandez,"ibuprofeno1,omeprazol1",2025-04-29,Dr. Pablo Lopez,Hospital Central Espana
FARM_ESP_2025_000221,CLAUDIA JIMENEZ PEREZ,"omeprazol2,ibuprofeno3,paracetamol3",2025-04-04,Dra. Carmen Martin,Hospital Central Espana
FARM_ESP_2025_000222,Alvaro Martin Sanchez,"bupropion2,acidofolico2,atorvastatina4",2025-03-02,Dr. Javier Fernandez,Centro Medico Barcelona
FARM_ESP_2025_000223,Daniel Diaz Diaz,losartan1,2025-12-10,Dra. Lucia Garcia,Clinica Madrid Norte
FARM_ESP_2025_000224,IRENE DIAZ HERNANDEZ,amlodipino4,2025-08-26,Dr. Pablo Lopez,Clinica Madrid Norte
FARM_ESP_2025_000225,David Ruiz Martin,sulfatoferroso4,2025-04-10,Dr. Pablo Lopez,Hospital Central Espana
FARM_ESP_2025_000226,carlos gomez gomez,"atorvastatina1,rosuvastatina4",2025-06-16,Dr. Pablo Lopez,Centro Medico Barcelona
FARM_ESP_2025_000227,Elena Diaz Fernandez,omeprazol1,2025-01-28,Dra. Lucia Garcia,Hospital Central Espana
FARM_ESP_2025_000228,PAULA GOMEZ LOPEZ,"vareniclina2,insulina3",2025-01-01,Dra. Carmen Martin,Hospital Central Espana
FARM_ESP_2025_000229,Nuria Hernandez Gomez,"bupropion3,insulina-1",2025-02-05,Dra. Lucia Garcia,Clinica Madrid Norte
FARM_ESP_2025_000230,carlos garcia martin,vareniclina2,2025-02-22,Dra. Marta Sanchez,Clinica Madrid Norte
FARM_ESP_2025_000231,Miguel Lopez Ruiz,"atorvastatina4,rosuvastatina1,sulfatoferroso3",2025-08-04,Dra. Carmen Martin,Hospital Central Espana
FARM_ESP_2025_000232,sergio rodriguez diaz,"vareniclina1,bupropion2",2025-03-20,Dra. Carmen Martin,Centro Medico Barcelona
FARM_ESP_2025_000233,MANUEL RODRIGUEZ PEREZ,"vareniclina2,bupropion4",2025-07-05,Dra. Marta Sanchez,Centro Medico Barcelona
FARM_ESP_2025_000234,Miguel Martin Sanchez,"amlodipino4,enalapril1,losartan1",2025-05-29,Dra. Lucia Garcia,Clinica Madrid Norte
FARM_ESP_2025_000235,alvaro diaz rodriguez,"omeprazol4,paracetamol1,ibuprofeno0",2025-03-04,Dr. Pablo Lopez,Centro Medico Barcelona
FARM_ESP_2025_000236,Alvaro Hernandez Lopez,"losartan2,enalapril4",2025-09-26,Dra. Carmen Martin,Hospital Central Espana
FARM_ESP_2025_000237,irene fernandez fernandez,glibenclamida0,2025-08-06,Dr. Pablo Lopez,Clinica Madrid Norte
FARM_ESP_2025_000238,Lucia Fernandez Jimenez,ketorolaco2,2025-07-28,Dr. Pablo Lopez,Clinica Madrid Norte
FARM_ESP_2025_000239,Marta Lopez Ruiz,paracetamol1,2025-07-18,Dra. Carmen Martin,Centro Medico Barcelona
FARM_ESP_2025_000240,Maria Martin Fernandez,ibuprofeno3,2025-11-17,Dr. Pablo Lopez,Hospital Central Espana
FARM_ESP_2025_000241,Antonio Perez Hernandez,vareniclina1,2025-10-04,Dr. Javier Fernandez,Centro Medico Barcelona
FARM_ESP_2025_000242,ALVARO PEREZ GOMEZ,ibuprofeno4,2025-09-08,Dra. Marta Sanchez,Hospital Central Espana
FARM_ESP_2025_000243,SERGIO GARCIA RODRIGUEZ,"omeprazol2,naproxeno4,gabapentina2",2025-10-12,Dr. Pablo Lopez,Clinica Madrid Norte
FARM_ESP_2025_000244,claudia ruiz gomez,ketorolaco3,2025-12-11,Dr. Javier Fernandez,Centro Medico Barcelona
FARM_ESP_2025_000245,PABLO GOMEZ RUIZ,acidofolico3,2025-03-15,Dr. Javier Fernandez,Centro Medico Barcelona
FARM_ESP_2025_000246,manuel jimeez ruiz,loratadina4,2025-03-22,Dra. Marta Sanchez,Clinica Madrid Norte
FARM_ESP_2025_000247,r. jimenez sanchez,"orlistat4,atorvastatina3",2025-02-02,Dra. Carmen Martin,Centro Medico Barcelona
FARM_ESP_2025_000248,ISABEL DIAZ RUIZ,paracetamol1,2025-10-21,Dr. Pablo Lopez,Clinica Madrid Norte
FARM_ESP_2025_000249,SERGIO SANCHEZ JIMENEZ,"ibuprofeno2,paracetamol1,levotiroxina-1",2025-10-15,Dra. Marta Sanchez,Clinica Madrid Norte
FARM_ESP_2025_000250,ALEJANDRO MARTINEZ RODRIGUEZ,"insulina1,glibenclamida2,metformina2",2025-11-11,Dr. Javier Fernandez,Hospital Central Espana
FARM_ESP_2025_000251,MIGUEL MARTIN SANCHEZ,amlodipino1,2025-02-12,Dra. Lucia Garcia,Clinica Madrid Norte
FARM_ESP_2025_000252,carlos sanchez martin,"losartan3,insulina4,rosuvastatina3",2025-07-15,Dra. Carmen Martin,Hospital Central Espana
FARM_ESP_2025_000253,Elena Fenandez Gomez,"vareniclina3,bupropion2",2025-03-23,Dra. Lucia Garcia,Clinica Madrid Norte
FARM_ESP_2025_000254,MARTA FERNANDEZ MARTINEZ,"enalapril1,vareniclina1,losartan3",2025-01-13,Dr. Javier Fernandez,Clinica Madrid Norte
FARM_ESP_2025_000255,PAULA FERNANDEZ MARTINEZ,"orlistat3,metformina1",2025-07-15,Dra. Carmen Martin,Centro Medico Barcelona
FARM_ESP_2025_000256,DAVID LOPEZ GARCIA,"vareniclina1,bupropion2",2025-07-17,Dra. Carmen Martin,Clinica Madrid Norte
FARM_ESP_2025_000257,carmen lopez ruiz,"amlodipino3,enalapril4,losartan1",2025-01-02,Dra. Lucia Garcia,Centro Medico Barcelona
FARM_ESP_2025_000258,JAVIER GOMEZ LOPEZ,"omeprazol1,ibuprofeno1",2025-05-31,Dra. Carmen Martin,Clinica Madrid Norte
FARM_ESP_2025_000259,Carmen Jimenez Perez,"bupropion4,orlistat4",2025-03-25,Dr. Pablo Lopez,Clinica Madrid Norte
FARM_ESP_2025_000260,D. Martin Diaz,"enalapril1,amlodipino2,losartan4",2025-02-20,Dr. Pablo Lopez,Clinica Madrid Norte
FARM_ESP_2025_000261,Isabel Ruiz,"omeprazol4,ketorolaco1,paracetamol4",2025-04-10,Dra. Carmen Martin,Hospital Central Espana
FARM_ESP_2025_000262,Marta Garcia Sanchez,"rosuvastatina2,atorvastatina3",2025-07-26,Dra. Lucia Garcia,Centro Medico Barcelona
FARM_ESP_2025_000263,NURIA HERNNDEZ GARCIA,"paracetamol3,omeprazol3",2025-04-24,Dr. Pablo Lopez,Hospital Central Espana
FARM_ESP_2025_000264,Miguel Fernandez Hernandez,"omeprazol2,amlodipino4,paracetamol2",2025-04-22,Dr. Pablo Lopez,Centro Medico Barcelona
FARM_ESP_2025_000265,irene perez ruiz,"losartan3,metformina4",2025-11-22,Dra. Lucia Garcia,Hospital Central Espana
FARM_ESP_2025_000266,IRENE SANCHEZ RUIZ,"metformina1,orlistat1",2025-11-01,Dr. Pablo Lopez,Hospital Central Espana
FARM_ESP_2025_000267,isabel jimenez ruiz,rosuvastatina4,2025-01-31,Dra. Carmen Martin,Hospital Central Espana
FARM_ESP_2025_000268,D. PEREZ DIAZ,orlistat4,2025-03-03,Dra. Carmen Martin,Hospital Central Espana
FARM_ESP_2025_000269,ANTONIO JIMENEZ PEREZ,paracetamol3,2025-04-05,Dr. Javier Fernandez,Centro Medico Barcelona
FARM_ESP_2025_000270,antonio lopez rodriguez,atorvastatina4,2025-01-10,Dra. Marta Sanchez,Clinica Madrid Norte
FARM_ESP_2025_000271,sergio martinez gomez,"rosuvastatina1,atorvastatina2",2025-07-29,Dr. Pablo Lopez,Clinica Madrid Norte
FARM_ESP_2025_000272,R. FERNANDEZ FERNANDEZ,acidofolico3,2025-03-04,Dr. Pablo Lopez,Centro Medico Barcelona
FARM_ESP_2025_000273,ANTONIO RUIZ PEREZ,"metformina4,glibenclamida2,insulina1",2025-06-29,Dra. Carmen Martin,Hospital Central Espana
FARM_ESP_2025_000274,DAVID GARCIA DIAZ,"amoxicilina2,diclofenaco2",2025-09-19,Dra. Lucia Garcia,Centro Medico Barcelona
FARM_ESP_2025_000275,paula gomez garcia,atorvastatina1,2025-02-07,Dr. Javier Fernandez,Hospital Central Espana
FARM_ESP_2025_000276,RAFAEL FERNANDEZ GOMEZ,omeprazol2,2025-01-08,Dra. Carmen Martin,Centro Medico Barcelona
FARM_ESP_2025_000277,Pablo Garcia Hernandez,"atorvastatina1,rosuvastatina3",2025-10-22,Dra. Carmen Martin,Hospital Central Espana
FARM_ESP_2025_000278,rafael martinez hernandez,"ibuprofeno2,ketorolaco2",2025-10-09,Dr. Javier Fernandez,Clinica Madrid Norte
FARM_ESP_2025_000279,MARIA RODRIGUEZ DIAZ,"omeprazol2,ibuprofeno3,paracetamol2",2025-01-12,Dra. Lucia Garcia,Hospital Central Espana
FARM_ESP_2025_000280,rafael gomez gomez,"ibuprofeno-1,paracetamol4,omeprazol2",2025-08-04,Dra. Carmen Martin,Centro Medico Barcelona
FARM_ESP_2025_000281,D. MARTINEZ MARTINEZ,"paracetamol3,ibuprofeno3",2025-10-21,Dra. Lucia Garcia,Hospital Central Espana
FARM_ESP_2025_000282,D. MARTINEZ RUIZ,orlistat1,2025-09-01,Dr. Pablo Lopez,Clinica Madrid Norte
FARM_ESP_2025_000283,nuria lopez perez,"atorvastatina3,rosuvastatina1",2025-10-06,Dra. Carmen Martin,Centro Medico Barcelona
FARM_ESP_2025_000284,MIGUEL MARTIN RUIZ,"atorvastatina2,rosuvastatina4",2025-06-18,Dra. Carmen Martin,Centro Medico Barcelona
FARM_ESP_2025_000285,David Ruiz,omeprazol4,2025-01-29,Dra. Marta Sanchez,Hospital Central Espana
FARM_ESP_2025_000286,LAURA RODRIGUEZ GARCIA,"omeprazol4,ibuprofeno2,diclofenaco1",2025-12-25,Dra. Carmen Martin,Hospital Central Espana
FARM_ESP_2025_000287,marta lopez hernandez,orlistat1,2025-04-15,Dra. Marta Sanchez,Hospital Central Espana
FARM_ESP_2025_000288,P. HERNANDEZ RUIZ,"metformina4,orlistat3",2025-01-11,Dra. Carmen Martin,Centro Medico Barcelona
FARM_ESP_2025_000289,Paula Diaz Fernandez,"orlistat2,metformina2",2025-06-16,Dra. Carmen Martin,Hospital Central Espana
FARM_ESP_2025_000290,David Perez Ruiz,"rosuvastatina1,atorvastatina4",2025-02-20,Dra. Marta Sanchez,Hospital Central Espana
FARM_ESP_2025_000291,Sara Lopez Rodriguez,acidofolico3,2025-08-10,Dr. Pablo Lopez,Hospital Central Espana
FARM_ESP_2025_000292,Nuria Gomez Sanchez,rosuvastatina2,2025-03-23,Dra. Carmen Martin,Centro Medico Barcelona
FARM_ESP_2025_000293,Maria Diaz Sanchez,paracetamol2,2025-08-16,Dra. Marta Sanchez,Centro Medico Barcelona
FARM_ESP_2025_000294,DAVID FERNANDEZ MARTINEZ,"losartan4,amlodipino2",2025-05-15,Dra. Marta Sanchez,Centro Medico Barcelona
FARM_ESP_2025_000295,manuel martin hernandez,vareniclina3,2025-08-02,Dr. Pablo Lopez,Clinica Madrid Norte
FARM_ESP_2025_000296,daniel ruiz perez,"vareniclina1,acidofolico4,amlodipino3",2025-08-03,Dr. Javier Fernandez,Centro Medico Barcelona
FARM_ESP_2025_000297,MANUEL SANCHEZ GARCIA,bupropion1,2025-09-14,Dra. Marta Sanchez,Hospital Central Espana
FARM_ESP_2025_000298,lucia sanchez jimenez,"paracetamol4,ketorolaco3",2025-03-05,Dra. Marta Sanchez,Centro Medico Barcelona
FARM_ESP_2025_000299,ALEJANDRO SANCEZ MARTINEZ,"paracetamol1,ibuprofeno2,omeprazol3",2025-02-11,Dra. Lucia Garcia,Clinica Madrid Norte
FARM_ESP_2025_000300,L. Hernandez Fernandez,"sulfatoferroso1,acidofolico4",2025-07-20,Dra. Lucia Garcia,Clinica Madrid Norte
FARM_ESP_2025_000301,nuria hernandez sanchez,"amlodipino2,atorvastatina3,losartan3",2025-12-14,Dra. Carmen Martin,Centro Medico Barcelona
FARM_ESP_2025_000302,elena gomez garcia,"orlistat3,metformina3",2025-04-06,Dra. Marta Sanchez,Clinica Madrid Norte
FARM_ESP_2025_000303,pablo perez diaz,"paracetamol3,atorvastatina2",2025-11-09,Dra. Carmen Martin,Clinica Madrid Norte
FARM_ESP_2025_000304,CARMEN MARTINEZ,loratadina4,2025-01-16,Dra. Carmen Martin,Hospital Central Espana
FARM_ESP_2025_000305,Maria Rodriguez Diaz,"omeprazol3,paracetamol-2,ibuprofeno1",2025-08-29,Dra. Carmen Martin,Clinica Madrid Norte
FARM_ESP_2025_000306,CARLOS FERNANDEZ MARTINEZ,amlodipino3,2025-01-02,Dra. Carmen Martin,Hospital Central Espana
FARM_ESP_2025_000307,Rafael Ruiz Ruiz,amlodipino3,2025-01-11,Dr. Pablo Lopez,Clinica Madrid Norte
FARM_ESP_2025_000308,isabel lopez fernandez,amlodipino3,2025-10-28,Dra. Lucia Garcia,Clinica Madrid Norte
FARM_ESP_2025_000309,carlos garcia garcia,"amlodipino1,omeprazol1,losartan1",2025-12-29,Dra. Carmen Martin,Clinica Madrid Norte
FARM_ESP_2025_000310,sara rodriguez lopez,enalapril4,2025-09-11,Dr. Pablo Lopez,Clinica Madrid Norte
FARM_ESP_2025_000311,DANIEL JIMENEZ MARTINEZ,"bupropion1,losartan4",2025-06-28,Dra. Lucia Garcia,Centro Medico Barcelona
FARM_ESP_2025_000312,Antonio Ruiz Rodriguez,"vareniclina1,bupropion1",2025-07-28,Dr. Pablo Lopez,Centro Medico Barcelona
FARM_ESP_2025_000313,rafael sanchez diaz,"atorvastatina4,amlodipino1",2025-08-07,Dr. Pablo Lopez,Clinica Madrid Norte
FARM_ESP_2025_000314,sara hernandez jimenez,"losartan2,amlodipino4,paracetamol4",2025-02-10,Dr. Pablo Lopez,Hospital Central Espana
FARM_ESP_2025_000315,Lucia Martinez Jimenez,losartan3,2025-06-20,Dra. Carmen Martin,Hospital Central Espana
FARM_ESP_2025_000316,ANTONIO RODRIGUEZ LOPEZ,glibenclamida4,2025-06-07,Dr. Javier Fernandez,Hospital Central Espana
FARM_ESP_2025_000317,lucia fernandez martin,"metformina3,orlistat1",2025-07-12,Dr. Pablo Lopez,Centro Medico Barcelona
FARM_ESP_2025_000318,Antonio Rodriguez Rodriguez,ibuprofeno1,2025-07-29,Dr. Pablo Lopez,Clinica Madrid Norte
FARM_ESP_2025_000319,LUCIA RUIZ MARTINEZ,ibuprofeno4,2025-04-05,Dra. Marta Sanchez,Clinica Madrid Norte
FARM_ESP_2025_000320,antonio rodriguez lopez,omeprazol4,2025-08-03,Dr. Pablo Lopez,Clinica Madrid Norte
FARM_ESP_2025_000321,RAFAEL RUIZ GARCIA,"ibuprofeno3,amoxicilina3,paracetamol4",2025-03-27,Dra. Marta Sanchez,Centro Medico Barcelona
FARM_ESP_2025_000322,Alejandro Hernandez Gomez,"enalapril4,amlodipino2,losartan3",2025-09-08,Dra. Lucia Garcia,Centro Medico Barcelona
FARM_ESP_2025_000323,Alejandro Martin Fernandez,amlodipino4,2025-06-21,Dr. Pablo Lopez,Centro Medico Barcelona
FARM_ESP_2025_000324,ISABEL LOPEZ PEREZ,omeprazol1,2025-04-10,Dra. Lucia Garcia,Hospital Central Espana
FARM_ESP_2025_000325,Paula Ruiz Ruiz,enalapril4,2025-02-02,Dr. Javier Fernandez,Hospital Central Espana
FARM_ESP_2025_000326,Sara Martin,"rosuvastatina1,atorvastatina4",2025-10-29,Dra. Marta Sanchez,Hospital Central Espana
FARM_ESP_2025_000327,Antonio Sanchez Perez,"losartan1,amlodipino3,paracetamol4",2025-10-14,Dra. Marta Sanchez,Clinica Madrid Norte
FARM_ESP_2025_000328,Rafael Martinez Martinez,omeprazol4,2025-09-26,Dr. Javier Fernandez,Centro Medico Barcelona
FARM_ESP_2025_000329,RAFAEL PEREZ PEREZ,amoxicilina1,2025-08-09,Dra. Lucia Garcia,Clinica Madrid Norte
FARM_ESP_2025_000330,Miguel Jimenez Ruiz,"ibuprofeno2,omeprazol2,loratadina4",2025-08-03,Dra. Carmen Martin,Centro Medico Barcelona
FARM_ESP_2025_000331,MIGUEL GOMEZ GOMEZ,"acidofolico2,metformina1,rosuvastatina4",2025-06-21,Dra. Lucia Garcia,Clinica Madrid Norte
FARM_ESP_2025_000332,PAULA JIMENEZ LOPEZ,losartan1,2025-12-28,Dra. Marta Sanchez,Clinica Madrid Norte
FARM_ESP_2025_000333,elena garcia gomez,ibuprofeno2,2025-10-05,Dr. Javier Fernandez,Hospital Central Espana
FARM_ESP_2025_000334,LAURA GOMEZ GARCIA,"acidofolico2,sulfatoferroso1",2025-09-27,Dra. Carmen Martin,Centro Medico Barcelona
FARM_ESP_2025_000335,nuria gomez,"losartan2,omeprazol2",2025-09-26,Dra. Lucia Garcia,Centro Medico Barcelona
FARM_ESP_2025_000336,S. Martinez Hernandez,atorvastatina3,2025-07-05,Dra. Carmen Martin,Clinica Madrid Norte
FARM_ESP_2025_000337,claudia mrtin fernandez,"sulfatoferroso4,acidofolico2",2025-01-22,Dra. Marta Sanchez,Clinica Madrid Norte
FARM_ESP_2025_000338,RAFAEL RODRIGUEZ MARTIN,"paracetamol2,ibuprofeno2,ketorolaco3",2025-01-27,Dr. Pablo Lopez,Clinica Madrid Norte
FARM_ESP_2025_000339,M. Ruiz Lopez,"omeprazol3,paracetamol2",2025-06-18,Dr. Javier Fernandez,Centro Medico Barcelona
FARM_ESP_2025_000340,ISABEL GARCIA LOPEZ,bupropion1,2025-08-05,Dr. Javier Fernandez,Clinica Madrid Norte
FARM_ESP_2025_000341,antonio fernandez lopez,"omeprazol4,paracetamol1,metformina2",2025-05-15,Dra. Marta Sanchez,Clinica Madrid Norte
FARM_ESP_2025_000342,Laura Lopez Garcia,"sulfatoferroso3,acidofolico3",2025-04-05,Dr. Pablo Lopez,Clinica Madrid Norte
FARM_ESP_2025_000343,Elena Ruiz Sanchez,enalapril4,2025-05-05,Dra. Lucia Garcia,Centro Medico Barcelona
FARM_ESP_2025_000344,ELENA GOMEZ LOPEZ,"rosuvastatina3,sulfatoferroso1,bupropion1",2025-07-05,Dr. Pablo Lopez,Hospital Central Espana
FARM_ESP_2025_000345,Sergio Sanchez Jimenez,"omeprazol3,paracetamol2,ibuprofeno2",2025-01-05,Dr. Pablo Lopez,Centro Medico Barcelona
FARM_ESP_2025_000346,alejandro perez hernandez,rosuvastatina1,2025-08-16,Dr. Javier Fernandez,Hospital Central Espana
FARM_ESP_2025_000347,sara martinez rodriguez,"omeprazol1,paracetamol3,insulina2",2025-07-07,Dra. Marta Sanchez,Clinica Madrid Norte
FARM_ESP_2025_000348,marta martinez,"atorvastatina2,omeprazol3",2025-09-28,Dra. Marta Sanchez,Hospital Central Espana
FARM_ESP_2025_000349,carlos diaz,"omeprazol4,paracetamol4,loratadina2",2025-07-04,Dr. Javier Fernandez,Centro Medico Barcelona
FARM_ESP_2025_000350,Irene Sanchez Martin,"vareniclina0,enalapril4,bupropion2",2025-03-31,Dra. Carmen Martin,Centro Medico Barcelona
FARM_ESP_2025_000351,carlos gomez,rosuvastatina1,2025-09-16,Dr. Javier Fernandez,Hospital Central Espana
FARM_ESP_2025_000352,Maria Garcia Fernandez,ibuprofeno0,2025-01-26,Dra. Marta Sanchez,Centro Medico Barcelona
FARM_ESP_2025_000353,LAURA DIAZ PEREZ,sulfatoferroso1,2025-05-28,Dr. Pablo Lopez,Hospital Central Espana
FARM_ESP_2025_000354,isabel ruiz martinez,amlodipino4,2025-08-17,Dr. Pablo Lopez,Hospital Central Espana
FARM_ESP_2025_000355,Alvaro Lopez Rodriguez,"metformina4,orlistat4",2025-02-05,Dra. Lucia Garcia,Hospital Central Espana
FARM_ESP_2025_000356,sergio garcia gomez,"vareniclina4,atorvastatina3,rosuvastatina3",2025-07-22,Dr. Pablo Lopez,Clinica Madrid Norte
FARM_ESP_2025_000357,alvaro gomez rodriguez,"sulfatoferroso3,acidofolico1",2025-06-12,Dra. Lucia Garcia,Clinica Madrid Norte
FARM_ESP_2025_000358,NURIA JIMENEZ RUIZ,"metformina4,rosuvastatina2",2025-04-12,Dr. Javier Fernandez,Centro Medico Barcelona
FARM_ESP_2025_000359,manuel garcia ruiz,ibuprofeno1,2025-08-09,Dra. Lucia Garcia,Centro Medico Barcelona
FARM_ESP_2025_000360,R. Martin Fernandez,"losartan2,enalapril3,amlodipino2",2025-03-28,Dra. Marta Sanchez,Hospital Central Espana
FARM_ESP_2025_000361,JAVIER GOMEZ LOPEZ,sulfatoferroso4,2025-05-27,Dra. Carmen Martin,Clinica Madrid Norte
FARM_ESP_2025_000362,maria sanhez gomez,"bupropion2,vareniclina4",2025-07-22,Dra. Carmen Martin,Clinica Madrid Norte
FARM_ESP_2025_000363,SARA MARTIN FERNANDEZ,"metformina3,orlistat2",2025-06-04,Dr. Pablo Lopez,Centro Medico Barcelona
FARM_ESP_2025_000364,MANUEL RUIZ GARCIA,"atorvastatina3,losartan1",2025-08-03,Dr. Pablo Lopez,Hospital Central Espana
FARM_ESP_2025_000365,Javier Lopez Gomez,"atorvastatina2,rosuvastatina2",2025-08-09,Dra. Lucia Garcia,Centro Medico Barcelona
FARM_ESP_2025_000366,Miguel Gomez Perez,"vareniclina4,bupropion1",2025-12-28,Dra. Lucia Garcia,Centro Medico Barcelona
FARM_ESP_2025_000367,DAVID DIAZ SANCHEZ,"atorvastatina4,rosuvastatina4",2025-06-03,Dra. Marta Sanchez,Hospital Central Espana
FARM_ESP_2025_000368,Rafael Lopez Ruiz,"bupropion3,vareniclina1",2025-10-02,Dr. Pablo Lopez,Hospital Central Espana
FARM_ESP_2025_000369,ALEJANDRO MARTIN,"ibuprofeno2,paracetamol1,metformina2",2025-03-02,Dra. Lucia Garcia,Centro Medico Barcelona
FARM_ESP_2025_000370,david fernandez gomez,"rosuvastatina2,atorvastatina120",2025-06-13,Dra. Lucia Garcia,Clinica Madrid Norte
FARM_ESP_2025_000371,ALEJANDRO HERNANDEZ DIAZ,"paracetamol1,omeprazol2",2025-06-21,Dra. Lucia Garcia,Clinica Madrid Norte
FARM_ESP_2025_000372,Paula Lopez Martin,"atorvastatina4,rosuvastatina4",2025-03-21,Dra. Carmen Martin,Clinica Madrid Norte
FARM_ESP_2025_000373,David Jimenez Martin,"enalapril3,atorvastatina3,losartan3",2025-10-03,Dr. Pablo Lopez,Clinica Madrid Norte
FARM_ESP_2025_000374,LAURA LOPEZ DIAZ,"amlodipino4,enalapril3",2025-01-13,Dr. Pablo Lopez,Hospital Central Espana
FARM_ESP_2025_000375,MARTA FERNANDEZ HERNANDEZ,omeprazol3,2025-06-24,Dra. Marta Sanchez,Centro Medico Barcelona
FARM_ESP_2025_000376,MARTA LOPEZ FERNANDEZ,enalapril2,2025-08-29,Dra. Carmen Martin,Centro Medico Barcelona
FARM_ESP_2025_000377,david perez perez,"amlodipino3,atorvastatina2,omeprazol3",2025-05-26,Dr. Javier Fernandez,Centro Medico Barcelona
FARM_ESP_2025_000378,ANTONIO PEREZ RUIZ,"rosuvastatina1,atorvastatina4",2025-04-28,Dra. Carmen Martin,Hospital Central Espana
FARM_ESP_2025_000379,elena rodriguez ruiz,omeprazol1,2025-01-24,Dra. Marta Sanchez,Hospital Central Espana
FARM_ESP_2025_000380,Marta Garcia,"omeprazol2,paracetamol2",2025-01-27,Dra. Lucia Garcia,Centro Medico Barcelona
FARM_ESP_2025_000381,nuria martinez gomez,"rosuvastatina2,atorvastatina1",2025-02-01,Dr. Javier Fernandez,Centro Medico Barcelona
FARM_ESP_2025_000382,M. Diaz Lopez,"enalapril1,amlodipino2,rosuvastatina3",2025-12-08,Dr. Pablo Lopez,Centro Medico Barcelona
FARM_ESP_2025_000383,david perez perez,omeprazol3,2025-11-04,Dra. Carmen Martin,Clinica Madrid Norte
FARM_ESP_2025_000384,SARA RUIZ PEREZ,"acidofolico1,sulfatoferroso2",2025-04-23,Dra. Marta Sanchez,Hospital Central Espana
FARM_ESP_2025_000385,irene prez fernandez,"rosuvastatina3,enalapril2,amlodipino3",2025-01-24,Dra. Lucia Garcia,Centro Medico Barcelona
FARM_ESP_2025_000386,Sergio Rodriguez Diaz,"vareniclina4,bupropion4",2025-07-30,Dr. Pablo Lopez,Clinica Madrid Norte
FARM_ESP_2025_000387,ALVARO RUIZ,"losartan2,amlodipino1,enalapril3",2025-04-04,Dr. Pablo Lopez,Centro Medico Barcelona
FARM_ESP_2025_000388,NURIA HERNANDEZ GARCIA,"ibuprofeno2,diclofenaco1",2025-07-19,Dra. Marta Sanchez,Centro Medico Barcelona
FARM_ESP_2025_000389,Laura Sanchez Jimenez,atorvastatina1,2025-11-29,Dra. Lucia Garcia,Clinica Madrid Norte
FARM_ESP_2025_000390,CLAUDIA HERNANDEZ SANCHEZ,"glibenclamida4,insulina2,metformina4",2025-11-28,Dr. Javier Fernandez,Centro Medico Barcelona
FARM_ESP_2025_000391,D. RUIZ GARCIA,"enalapril1,atorvastatina2,losartan3",2025-06-19,Dr. Pablo Lopez,Clinica Madrid Norte
FARM_ESP_2025_000392,maria perez diaz,"paracetamol2,omeprazol3,ibuprofeno4",2025-03-05,Dra. Marta Sanchez,Centro Medico Barcelona
FARM_ESP_2025_000393,isabel sanchez jimenez,"losartan2,amlodipino2",2025-12-16,Dr. Pablo Lopez,Centro Medico Barcelona
FARM_ESP_2025_000394,M. Gomez Lopez,ibuprofeno1,2025-04-19,Dr. Javier Fernandez,Hospital Central Espana
FARM_ESP_2025_000395,manuel perez lopez,"omeprazol1,ibuprofeno2,paracetamol3",2025-04-30,Dra. Carmen Martin,Centro Medico Barcelona
FARM_ESP_2025_000396,Antonio Garcia Rodriguez,"amlodipino1,enalapril1",2025-03-29,Dra. Carmen Martin,Hospital Central Espana
FARM_ESP_2025_000397,CARMEN MARTIN,"paracetamol3,diclofenaco2",2025-11-01,Dr. Javier Fernandez,Centro Medico Barcelona
FARM_ESP_2025_000398,R. Rodriguez Hernandez,paracetamol3,2025-03-18,Dr. Pablo Lopez,Hospital Central Espana
FARM_ESP_2025_000399,sara hernandez ruiz,"bupropion1,vareniclina3",2025-11-27,Dra. Marta Sanchez,Hospital Central Espana
FARM_ESP_2025_000400,Pablo Garcia Martin,"paracetamol3,ibuprofeno2",2025-08-25,Dra. Lucia Garcia,Clinica Madrid Norte
FARM_ESP_2025_000401,CARLOS PEREZ HERNANDEZ,"paracetamol3,ibuprofeno3",2025-10-18,Dra. Lucia Garcia,Clinica Madrid Norte
FARM_ESP_2025_000402,Antonio Diaz Garcia,"vareniclina2,bupropion2",2025-01-28,Dr. Javier Fernandez,Hospital Central Espana
FARM_ESP_2025_000403,alvaro sanchez martinez,"amlodipino4,metformina3,insulina1",2025-12-02,Dra. Lucia Garcia,Hospital Central Espana
FARM_ESP_2025_000404,c. garcia sanchez,levotiroxina3,2025-07-28,Dra. Marta Sanchez,Clinica Madrid Norte
FARM_ESP_2025_000405,Pablo Hernandez Jimenez,atorvastatina4,2025-10-13,Dra. Marta Sanchez,Clinica Madrid Norte
FARM_ESP_2025_000406,A. SANCHEZ MARTIN,bupropion4,2025-03-06,Dr. Javier Fernandez,Clinica Madrid Norte
FARM_ESP_2025_000407,Daniel Martinez Fernandez,ibuprofeno1,2025-04-30,Dra. Marta Sanchez,Hospital Central Espana
FARM_ESP_2025_000408,MARTA HERNANDEZ GARCIA,"glibenclamida2,amlodipino3",2025-05-25,Dra. Lucia Garcia,Centro Medico Barcelona
FARM_ESP_2025_000409,Rafael Jimenez Lopez,"bupropion4,metformina3",2025-10-04,Dra. Lucia Garcia,Centro Medico Barcelona
FARM_ESP_2025_000410,Antonio Lopez Rodriguez,atorvastatina4,2025-09-13,Dra. Carmen Martin,Hospital Central Espana
FARM_ESP_2025_000411,laura martin garcia,"omeprazol3,paracetamol2,ibuprofeno3",2025-02-14,Dr. Pablo Lopez,Centro Medico Barcelona
FARM_ESP_2025_000412,JAVIER FERNANDEZ SANCHEZ,"ibuprofeno3,levotiroxina3,omeprazol1",2025-05-14,Dra. Marta Sanchez,Hospital Central Espana
FARM_ESP_2025_000413,alejandro martinez garcia,"amlodipino4,losartan1,enalapril1",2025-02-28,Dra. Lucia Garcia,Clinica Madrid Norte
FARM_ESP_2025_000414,laura sanchez perez,"bupropion2,vareniclina1",2025-08-23,Dr. Pablo Lopez,Centro Medico Barcelona
FARM_ESP_2025_000415,javier gomez diaz,paracetamol4,2025-02-05,Dr. Pablo Lopez,Centro Medico Barcelona
FARM_ESP_2025_000416,Pablo Diaz Gomez,"glibenclamida2,insulina2,metformina4",2025-07-14,Dra. Marta Sanchez,Hospital Central Espana
FARM_ESP_2025_000417,Miguel Lopez Perez,"amlodipino2,enalapril3",2025-06-07,Dr. Javier Fernandez,Centro Medico Barcelona
FARM_ESP_2025_000418,MANUEL LOPEZ MARTINEZ,"bupropion3,vareniclina4",2025-12-29,Dr. Javier Fernandez,Clinica Madrid Norte
FARM_ESP_2025_000419,MARTA JIMENEZ GOMEZ,orlistat4,2025-09-05,Dr. Javier Fernandez,Hospital Central Espana
FARM_ESP_2025_000420,CARLOS MARTIN FERNANDEZ,"vareniclina4,bupropion2",2025-04-04,Dra. Marta Sanchez,Hospital Central Espana
FARM_ESP_2025_000421,nuria martin sanchez,"pregabalina1,omeprazol4",2025-02-17,Dra. Marta Sanchez,Centro Medico Barcelona
FARM_ESP_2025_000422,M. Hernandez Sanchez,"vareniclina1,atorvastatina3",2025-11-02,Dra. Lucia Garcia,Centro Medico Barcelona
FARM_ESP_2025_000423,carmen hernandez sanchez,"amlodipino2,ibuprofeno3,paracetamol4",2025-07-06,Dra. Marta Sanchez,Hospital Central Espana
FARM_ESP_2025_000424,daniel rodriguez martin,ibuprofeno2,2025-04-22,Dr. Pablo Lopez,Clinica Madrid Norte
FARM_ESP_2025_000425,sara lopez ruiz,paracetamol3,2025-12-29,Dra. Lucia Garcia,Centro Medico Barcelona
FARM_ESP_2025_000426,Marta Ruiz,"paracetamol4,diclofenaco3,amoxicilina4",2025-03-21,Dra. Lucia Garcia,Hospital Central Espana
FARM_ESP_2025_000427,Elena Hernandez Lopez,paracetamol2,2025-11-08,Dra. Marta Sanchez,Clinica Madrid Norte
FARM_ESP_2025_000428,Antonio Fernandez Martin,"atorvastatina1,rosuvastatina4",2025-08-26,Dr. Pablo Lopez,Clinica Madrid Norte
FARM_ESP_2025_000429,Irene Lopez Martinez,"rosuvastatina1,atorvastatina3",2025-08-05,Dra. Lucia Garcia,Centro Medico Barcelona
FARM_ESP_2025_000430,laura hernandez rodriguez,atorvastatina4,2025-01-02,Dr. Pablo Lopez,Centro Medico Barcelona
FARM_ESP_2025_000431,Claudia Hernandez Garcia,metformina2,2025-09-03,Dra. Marta Sanchez,Clinica Madrid Norte
FARM_ESP_2025_000432,sergio ruiz,"atorvastatina1,rosuvastatina1",2025-04-16,Dra. Lucia Garcia,Hospital Central Espana
FARM_ESP_2025_000433,ALEJANDRO MARTIN SANCHEZ,"amlodipino3,enalapril2,losartan2",2025-11-25,Dr. Pablo Lopez,Clinica Madrid Norte
FARM_ESP_2025_000434,IRENE SANCHEZ GARCIA,ketorolaco1,2025-05-02,Dra. Carmen Martin,Centro Medico Barcelona
FARM_ESP_2025_000435,maria martinez diaz,orlistat4,2025-09-02,Dra. Lucia Garcia,Hospital Central Espana
FARM_ESP_2025_000436,david garcia ruiz,ibuprofeno2,2025-01-28,Dra. Marta Sanchez,Hospital Central Espana
FARM_ESP_2025_000437,alvaro perez lopez,"ibuprofeno4,paracetamol2",2025-01-05,Dr. Pablo Lopez,Hospital Central Espana
FARM_ESP_2025_000438,Paula Martin Martin,"metformina4,omeprazol2",2025-09-08,Dra. Marta Sanchez,Centro Medico Barcelona
FARM_ESP_2025_000439,ALEJANDRO MARTIN SANCHEZ,"amlodipino4,losartan4,enalapril4",2025-03-07,Dra. Carmen Martin,Clinica Madrid Norte
FARM_ESP_2025_000440,LUCIA LOPEZ,"orlistat1,bupropion3",2025-12-13,Dr. Pablo Lopez,Clinica Madrid Norte
FARM_ESP_2025_000441,sergio garcia rodriguez,"pregabalina3,naproxeno1",2025-01-04,Dr. Pablo Lopez,Centro Medico Barcelona
FARM_ESP_2025_000442,Isabel Diaz Perez,vareniclina4,2025-12-09,Dr. Javier Fernandez,Hospital Central Espana
FARM_ESP_2025_000443,nuria gomez gomez,"metformina1,orlistat2",2025-01-11,Dra. Lucia Garcia,Clinica Madrid Norte
FARM_ESP_2025_000444,Isabel Sanchez Ruiz,"ibuprofeno2,pregabalina3",2025-12-19,Dr. Pablo Lopez,Centro Medico Barcelona
FARM_ESP_2025_000445,Daniel Hernndez Hernandez,atorvastatina4,2025-06-25,Dr. Javier Fernandez,Centro Medico Barcelona
FARM_ESP_2025_000446,sara diaz rodriguez,"orlistat4,metformina3",2025-05-16,Dr. Javier Fernandez,Clinica Madrid Norte
FARM_ESP_2025_000447,PABLO PEREZ MARTINEZ,"paracetamol3,naproxeno2",2025-11-29,Dr. Pablo Lopez,Centro Medico Barcelona
FARM_ESP_2025_000448,paula jimenez fernandez,metformina4,2025-09-19,Dr. Javier Fernandez,Clinica Madrid Norte
FARM_ESP_2025_000449,Pablo Sanchez Perez,"amoxicilina2,ibuprofeno1",2025-10-20,Dra. Carmen Martin,Clinica Madrid Norte
FARM_ESP_2025_000450,DAVID GARCIA PEREZ,"enalapril3,amlodipino2,losartan4",2025-09-25,Dr. Pablo Lopez,Hospital Central Espana
FARM_ESP_2025_000451,Maria Gomez Martin,vareniclina4,2025-11-07,Dra. Carmen Martin,Centro Medico Barcelona
FARM_ESP_2025_000452,irene sanchez,"atorvastatina4,rosuvastatina3,orlistat2",2025-08-01,Dra. Carmen Martin,Centro Medico Barcelona
FARM_ESP_2025_000453,PAULA MARTIN FERNANDEZ,"bupropion3,vareniclina1",2025-08-19,Dra. Lucia Garcia,Clinica Madrid Norte
FARM_ESP_2025_000454,carmen jimenez perez,acidofolico2,2025-01-08,Dr. Javier Fernandez,Clinica Madrid Norte
FARM_ESP_2025_000455,CARLOS DIAZ DIAZ,metformina3,2025-05-03,Dra. Marta Sanchez,Clinica Madrid Norte
FARM_ESP_2025_000456,ISABEL GOMEZ SANCHEZ,"ibuprofeno3,paracetamol1",2025-11-04,Dra. Carmen Martin,Centro Medico Barcelona
FARM_ESP_2025_000457,DANIEL LOPEZ MARTIN,"omeprazol3,ibuprofeno-2",2025-02-15,Dr. Pablo Lopez,Centro Medico Barcelona
FARM_ESP_2025_000458,carlos rodriguez diaz,levotiroxina3,2025-04-08,Dra. Lucia Garcia,Hospital Central Espana
FARM_ESP_2025_000459,manuel martinez lopez,amlodipino4,2025-09-28,Dra. Lucia Garcia,Centro Medico Barcelona
FARM_ESP_2025_000460,antonio jimenez,"amlodipino4,enalapril4,losartan4",2025-07-07,Dra. Lucia Garcia,Clinica Madrid Norte
FARM_ESP_2025_000461,Elena Ruiz Lopez,"amlodipino1,omeprazol3",2025-02-11,Dra. Carmen Martin,Centro Medico Barcelona
FARM_ESP_2025_000462,pablo sanchez rodriguez,"metformina3,glibenclamida2",2025-11-20,Dra. Lucia Garcia,Hospital Central Espana
FARM_ESP_2025_000463,Elena Fernandez Gomez,vareniclina1,2025-02-27,Dra. Carmen Martin,Clinica Madrid Norte
FARM_ESP_2025_000464,daniel rodriguez jimenez,"metformina3,rosuvastatina1",2025-07-30,Dra. Marta Sanchez,Centro Medico Barcelona
FARM_ESP_2025_000465,Alvaro Hernandez,bupropion2,2025-09-09,Dra. Carmen Martin,Centro Medico Barcelona
FARM_ESP_2025_000466,s. sanchez perez,"omeprazol120,ibuprofeno4,paracetamol4",2025-02-04,Dra. Carmen Martin,Hospital Central Espana
FARM_ESP_2025_000467,pablo jimenez fernandez,"ibuprofeno-2,omeprazol3",2025-02-21,Dr. Javier Fernandez,Clinica Madrid Norte
FARM_ESP_2025_000468,Sergio Martinez,"ibuprofeno4,omeprazol1,paracetamol2",2025-08-07,Dra. Lucia Garcia,Centro Medico Barcelona
FARM_ESP_2025_000469,manuel martin jimenez,paracetamol4,2025-09-10,Dra. Marta Sanchez,Centro Medico Barcelona
FARM_ESP_2025_000470,Javier Diaz Ruiz,"bupropion3,amlodipino1,enalapril4",2025-07-13,Dr. Pablo Lopez,Centro Medico Barcelona
FARM_ESP_2025_000471,Alejandro Perez Hernandez,atorvastatina2,2025-04-29,Dra. Marta Sanchez,Clinica Madrid Norte
FARM_ESP_2025_000472,Carmen Hernndez Sanchez,"paracetamol1,amoxicilina3,ibuprofeno1",2025-12-25,Dr. Pablo Lopez,Centro Medico Barcelona
FARM_ESP_2025_000473,rafael perez gomez,"sulfatoferroso1,acidofolico3",2025-09-30,Dra. Marta Sanchez,Hospital Central Espana
FARM_ESP_2025_000474,ISABEL RODRIGUEZ RUIZ,"sulfatoferroso1,metformina4,orlistat1",2025-10-21,Dr. Javier Fernandez,Clinica Madrid Norte
FARM_ESP_2025_000475,Paula Fernandez Martin,losartan2,2025-07-17,Dr. Javier Fernandez,Centro Medico Barcelona
FARM_ESP_2025_000476,JAVIER LOPEZ MARTINEZ,"orlistat4,metformina3",2025-09-08,Dr. Javier Fernandez,Centro Medico Barcelona
FARM_ESP_2025_000477,ALEJANDRO LOPEZ,"orlistat3,amlodipino3",2025-03-03,Dra. Carmen Martin,Centro Medico Barcelona
FARM_ESP_2025_000478,javier martin martin,"bupropion3,vareniclina2",2025-11-10,Dr. Pablo Lopez,Centro Medico Barcelona
FARM_ESP_2025_000479,SARA GOMEZ GOMEZ,"atorvastatina1,paracetamol3,ibuprofeno2",2025-05-21,Dra. Lucia Garcia,Clinica Madrid Norte
FARM_ESP_2025_000480,J. GOMEZ GOMEZ,"omeprazol4,paracetamol4",2025-12-05,Dra. Marta Sanchez,Clinica Madrid Norte
FARM_ESP_2025_000481,David Rodriguez Jimenez,"paracetamol1,omeprazol1,ibuprofeno4",2025-05-25,Dra. Lucia Garcia,Hospital Central Espana
FARM_ESP_2025_000482,CLAUDIA GOMEZ HERNANDEZ,paracetamol1,2025-01-13,Dr. Javier Fernandez,Clinica Madrid Norte
FARM_ESP_2025_000483,javier sanchez diaz,"ibuprofeno3,paracetamol2,loratadina4",2025-08-19,Dr. Pablo Lopez,Centro Medico Barcelona
FARM_ESP_2025_000484,antonio ruiz,"atorvastatina2,rosuvastatina4",2025-06-28,Dr. Pablo Lopez,Clinica Madrid Norte
FARM_ESP_2025_000485,A. LOPEZ RUIZ,"metformina1,vareniclina4",2025-03-13,Dra. Lucia Garcia,Hospital Central Espana
FARM_ESP_2025_000486,paula garcia diaz,ketorolaco4,2025-05-11,Dra. Lucia Garcia,Hospital Central Espana
FARM_ESP_2025_000487,carmen garcia fernandez,diclofenaco4,2025-03-10,Dra. Carmen Martin,Hospital Central Espana
FARM_ESP_2025_000488,Irene Diaz Diaz,"diclofenaco3,omeprazol1",2025-06-17,Dra. Marta Sanchez,Centro Medico Barcelona
FARM_ESP_2025_000489,Alvaro Lopez Martin,"atorvastatina4,metformina4,orlistat3",2025-10-30,Dra. Carmen Martin,Clinica Madrid Norte
FARM_ESP_2025_000490,irene gomez gomez,"losartan3,enalapril2",2025-01-09,Dr. Pablo Lopez,Clinica Madrid Norte
FARM_ESP_2025_000491,SARA DIAZ RODRIGUEZ,"orlistat1,metformina2",2025-04-11,Dra. Carmen Martin,Centro Medico Barcelona
FARM_ESP_2025_000492,David Garcia Perez,"bupropion4,glibenclamida4,vareniclina3",2025-12-06,Dra. Carmen Martin,Clinica Madrid Norte
FARM_ESP_2025_000493,Lucia Perez Hernandez,orlistat1,2025-10-02,Dra. Lucia Garcia,Clinica Madrid Norte
FARM_ESP_2025_000494,alejandro perez martin,"amoxicilina4,diclofenaco3,ibuprofeno2",2025-01-31,Dra. Marta Sanchez,Centro Medico Barcelona
FARM_ESP_2025_000495,marta diaz perez,"ibuprofeno4,omeprazol2,paracetamol1",2025-08-18,Dra. Lucia Garcia,Clinica Madrid Norte
FARM_ESP_2025_000496,daniel martin rodriguez,"vareniclina3,glibenclamida3,bupropion2",2025-01-05,Dr. Javier Fernandez,Clinica Madrid Norte
FARM_ESP_2025_000497,Manuel Sanchez Martinez,"metformina1,glibenclamida1",2025-05-26,Dra. Carmen Martin,Hospital Central Espana
FARM_ESP_2025_000498,MARIA GARCIA PEREZ,"bupropion2,sulfatoferroso1,glibenclamida4",2025-06-04,Dra. Lucia Garcia,Clinica Madrid Norte
FARM_ESP_2025_000499,MARTA RUIZ,paracetamol2,2025-09-07,Dra. Lucia Garcia,Clinica Madrid Norte
FARM_ESP_2025_000500,sergio martin,losartan3,2025-07-24,Dra. Marta Sanchez,Clinica Madrid Norte
FARM_ESP_2025_000501,Irene Jimenez Hernandez,vareniclina1,2025-06-08,Dr. Pablo Lopez,Hospital Central Espana
FARM_ESP_2025_000502,paula perez fernandez,bupropion4,2025-08-30,Dra. Marta Sanchez,Clinica Madrid Norte
FARM_ESP_2025_000503,C. RODRIGUEZ PEREZ,vareniclina2,2025-07-29,Dra. Lucia Garcia,Centro Medico Barcelona
FARM_ESP_2025_000504,N. GARCIA MARTINEZ,"enalapril2,insulina1",2025-11-24,Dra. Carmen Martin,Clinica Madrid Norte
FARM_ESP_2025_000505,rafael ruiz ruiz,"amlodipino3,losartan2,enalapril1",2025-01-07,Dra. Marta Sanchez,Hospital Central Espana
FARM_ESP_2025_000506,Pablo Garcia,rosuvastatina1,2025-08-19,Dra. Marta Sanchez,Hospital Central Espana
FARM_ESP_2025_000507,ISABEL RUIZ JIMENEZ,"paracetamol4,ibuprofeno1,omeprazol4",2025-02-03,Dra. Carmen Martin,Centro Medico Barcelona
FARM_ESP_2025_000508,sergio rodriguez diaz,rosuvastatina2,2025-01-24,Dr. Javier Fernandez,Hospital Central Espana
FARM_ESP_2025_000509,SERGIO DIAZ RODRIGUEZ,metformina2,2025-10-05,Dra. Marta Sanchez,Centro Medico Barcelona
FARM_ESP_2025_000510,carmen garcia rodriguez,ibuprofeno1,2025-07-11,Dra. Marta Sanchez,Centro Medico Barcelona
FARM_ESP_2025_000511,LAURA DIAZ PEREZ,"acidofolico1,sulfatoferroso3",2025-07-13,Dr. Pablo Lopez,Hospital Central Espana
FARM_ESP_2025_000512,irene fernandez diaz,"atorvastatina3,rosuvastatina2",2025-10-21,Dr. Pablo Lopez,Centro Medico Barcelona
FARM_ESP_2025_000513,Elena Rodriguez Martinez,amlodipino2,2025-06-16,Dr. Pablo Lopez,Hospital Central Espana
FARM_ESP_2025_000514,Sara Perez Rodriguez,"atorvastatina3,rosuvastatina1",2025-06-28,Dra. Lucia Garcia,Centro Medico Barcelona
FARM_ESP_2025_000515,CARLOS HERNANDEZ DIAZ,"ibuprofeno4,paracetamol4",2025-12-01,Dr. Javier Fernandez,Clinica Madrid Norte
FARM_ESP_2025_000516,LUCIA LOPEZ JIMENEZ,"amlodipino3,losartan2,paracetamol2",2025-05-17,Dr. Pablo Lopez,Clinica Madrid Norte
FARM_ESP_2025_000517,alejandro lopez ruiz,glibenclamida-1,2025-04-05,Dr. Pablo Lopez,Centro Medico Barcelona
FARM_ESP_2025_000518,Nuria Gomez Gomez,"metformina1,insulina4,levotiroxina3",2025-08-30,Dra. Carmen Martin,Hospital Central Espana
FARM_ESP_2025_000519,antonio ruiz rodriguez,"bupropion3,vareniclina3",2025-05-11,Dr. Javier Fernandez,Hospital Central Espana
FARM_ESP_2025_000520,SARA RODRIGUEZ MARTIN,"insulina2,metformina1,glibenclamida4",2025-01-09,Dr. Pablo Lopez,Clinica Madrid Norte
FARM_ESP_2025_000521,CARLOS JIMENEZ,omeprazol1,2025-05-13,Dra. Marta Sanchez,Centro Medico Barcelona
FARM_ESP_2025_000522,RAFAEL MARTIN GOMEZ,"atorvastatina2,rosuvastatina2",2025-05-17,Dr. Pablo Lopez,Hospital Central Espana
FARM_ESP_2025_000523,c. gomez hernandez,rosuvastatina2,2025-08-01,Dr. Pablo Lopez,Hospital Central Espana
FARM_ESP_2025_000524,DANIEL DIAZ RUIZ,rosuvastatina1,2025-05-17,Dra. Marta Sanchez,Centro Medico Barcelona
FARM_ESP_2025_000525,Daniel Lopez Sanchez,sulfatoferroso4,2025-05-01,Dra. Carmen Martin,Hospital Central Espana
FARM_ESP_2025_000526,MANUEL RUIZ MARTIN,"omeprazol2,pregabalina1,ibuprofeno2",2025-09-07,Dr. Javier Fernandez,Clinica Madrid Norte
FARM_ESP_2025_000527,j. sanchez diaz,"vareniclina1,bupropion4",2025-11-05,Dra. Carmen Martin,Centro Medico Barcelona
FARM_ESP_2025_000528,daniel garcia rodriguez,ibuprofeno1,2025-11-03,Dra. Carmen Martin,Hospital Central Espana
FARM_ESP_2025_000529,CARMEN PEREZ HERNANDEZ,"omeprazol2,amlodipino2,paracetamol1",2025-06-14,Dra. Marta Sanchez,Centro Medico Barcelona
FARM_ESP_2025_000530,Carmen Jimenez Perez,sulfatoferroso1,2025-02-11,Dra. Lucia Garcia,Centro Medico Barcelona
FARM_ESP_2025_000531,Maria Rodriuez Diaz,metformina2,2025-05-27,Dra. Lucia Garcia,Hospital Central Espana
FARM_ESP_2025_000532,sara lopez jimenez,"metformina4,glibenclamida4,insulina3",2025-12-31,Dr. Pablo Lopez,Centro Medico Barcelona
FARM_ESP_2025_000533,nuria lopez,omeprazol1,2025-01-20,Dra. Lucia Garcia,Clinica Madrid Norte
FARM_ESP_2025_000534,Miguel Ruiz Fernandez,"bupropion4,vareniclina3",2025-07-07,Dr. Javier Fernandez,Centro Medico Barcelona
FARM_ESP_2025_000535,ALEJANDRO SANCHEZ RODRIGUEZ,omeprazol3,2025-10-01,Dr. Pablo Lopez,Centro Medico Barcelona
FARM_ESP_2025_000536,carmen gomez martinez,"rosuvastatina2,atorvastatina1",2025-01-04,Dra. Carmen Martin,Centro Medico Barcelona
FARM_ESP_2025_000537,isabel rodriguez diaz,ibuprofeno4,2025-04-01,Dra. Marta Sanchez,Hospital Central Espana
FARM_ESP_2025_000538,Lucia Garcia Rodriguez,"vareniclina3,bupropion1,sulfatoferroso1",2025-01-03,Dr. Javier Fernandez,Centro Medico Barcelona
FARM_ESP_2025_000539,ALVARO LOPEZ SANCHEZ,ibuprofeno1,2025-08-23,Dr. Pablo Lopez,Hospital Central Espana
FARM_ESP_2025_000540,Manuel Gomez Jimenez,"ketorolaco3,paracetamol4,ibuprofeno3",2025-09-14,Dra. Carmen Martin,Clinica Madrid Norte
FARM_ESP_2025_000541,Sergio Sanchez Garcia,"bupropion4,vareniclina1",2025-11-07,Dr. Pablo Lopez,Hospital Central Espana
FARM_ESP_2025_000542,Carlos Gomez Perez,"vareniclina2,bupropion1",2025-11-11,Dra. Carmen Martin,Centro Medico Barcelona
FARM_ESP_2025_000543,MANUEL GARCIA GARCIA,"ibuprofeno3,omeprazol2",2025-06-27,Dra. Lucia Garcia,Centro Medico Barcelona
FARM_ESP_2025_000544,Miguel Sanchez Ruiz,metformina4,2025-04-26,Dr. Javier Fernandez,Hospital Central Espana
FARM_ESP_2025_000545,Rafael Jimenez Martinez,rosuvastatina1,2025-03-05,Dr. Pablo Lopez,Centro Medico Barcelona
FARM_ESP_2025_000546,m. lopez lopez,paracetamol3,2025-01-27,Dra. Marta Sanchez,Centro Medico Barcelona
FARM_ESP_2025_000547,Maria Martin Fernandez,"ibuprofeno1,paracetamol3,omeprazol1",2025-01-18,Dr. Javier Fernandez,Clinica Madrid Norte
FARM_ESP_2025_000548,daniel perez jimenez,omeprazol2,2025-06-01,Dra. Marta Sanchez,Clinica Madrid Norte
FARM_ESP_2025_000549,Javier Perez Diaz,"paracetamol2,insulina3",2025-12-17,Dr. Pablo Lopez,Hospital Central Espana
FARM_ESP_2025_000550,ELENA DIAZ HERNANDEZ,diclofenaco4,2025-07-04,Dr. Javier Fernandez,Clinica Madrid Norte
FARM_ESP_2025_000551,ANTONIO RUIZ,"glibenclamida4,insulina2,metformina2",2025-08-09,Dra. Lucia Garcia,Centro Medico Barcelona
FARM_ESP_2025_000552,daniel gomez martinez,"omeprazol4,ibuprofeno1,paracetamol1",2025-10-16,Dra. Lucia Garcia,Hospital Central Espana
FARM_ESP_2025_000553,Manuel Fernandez Sanchez,metformina2,2025-01-28,Dra. Lucia Garcia,Centro Medico Barcelona
FARM_ESP_2025_000554,pablo hernandez fernandez,"atorvastatina2,rosuvastatina3",2025-01-05,Dr. Pablo Lopez,Centro Medico Barcelona
FARM_ESP_2025_000555,RAFAEL RUIZ GARCIA,"ibuprofeno1,naproxeno4",2025-07-14,Dr. Pablo Lopez,Clinica Madrid Norte
FARM_ESP_2025_000556,Maria Perez Fernandez,enalapril1,2025-07-11,Dra. Lucia Garcia,Hospital Central Espana
FARM_ESP_2025_000557,claudia ruiz martin,atorvastatina2,2025-08-08,Dra. Carmen Martin,Clinica Madrid Norte
FARM_ESP_2025_000558,Paula Gomez Lopez,insulina3,2025-02-13,Dra. Marta Sanchez,Clinica Madrid Norte
FARM_ESP_2025_000559,paula garcia,ibuprofeno3,2025-07-03,Dra. Lucia Garcia,Hospital Central Espana
FARM_ESP_2025_000560,carmen garcia fernandez,enalapril2,2025-03-14,Dra. Lucia Garcia,Clinica Madrid Norte
FARM_ESP_2025_000561,rafael jimenez martinez,"atorvastatina1,rosuvastatina4",2025-08-15,Dra. Lucia Garcia,Clinica Madrid Norte
FARM_ESP_2025_000562,A. Diaz Sanchez,acidofolico1,2025-10-25,Dra. Carmen Martin,Hospital Central Espana
FARM_ESP_2025_000563,CARMEN JIMENEZ RODRIGUEZ,metformina2,2025-07-13,Dr. Pablo Lopez,Clinica Madrid Norte
FARM_ESP_2025_000564,sergio lopez gomez,"atorvastatina2,rosuvastatina2",2025-01-27,Dra. Carmen Martin,Hospital Central Espana
FARM_ESP_2025_000565,javier sanchez fernandez,"paracetamol4,gabapentina3",2025-07-13,Dra. Lucia Garcia,Hospital Central Espana
FARM_ESP_2025_000566,claudia hernandez hernandez,"paracetamol2,loratadina3",2025-01-11,Dr. Javier Fernandez,Clinica Madrid Norte
FARM_ESP_2025_000567,alvaro diaz rodriguez,omeprazol2,2025-08-30,Dr. Pablo Lopez,Hospital Central Espana
FARM_ESP_2025_000568,nuria hernandez gomez,"insulina2,glibenclamida1",2025-02-03,Dra. Marta Sanchez,Hospital Central Espana
FARM_ESP_2025_000569,daniel lopez rodriguez,bupropion2,2025-05-04,Dra. Carmen Martin,Hospital Central Espana
FARM_ESP_2025_000570,MARTA RODRIGUEZ,"vareniclina2,rosuvastatina1",2025-09-15,Dra. Marta Sanchez,Hospital Central Espana
FARM_ESP_2025_000571,MARTA SANCHEZ GARCIA,"levotiroxina3,paracetamol3,metformina2",2025-05-08,Dra. Carmen Martin,Clinica Madrid Norte
FARM_ESP_2025_000572,lucia gomez fernandez,"orlistat2,metformina4",2025-12-11,Dra. Lucia Garcia,Hospital Central Espana
FARM_ESP_2025_000573,M. Sanchez Ruiz,amlodipino3,2025-04-11,Dr. Javier Fernandez,Hospital Central Espana
FARM_ESP_2025_000574,PAULA JIMENEZ LOPEZ,"enalapril4,losartan3",2025-09-13,Dr. Javier Fernandez,Hospital Central Espana
FARM_ESP_2025_000575,Marta Gomez Rodriguez,"orlistat2,metformina4",2025-01-14,Dra. Carmen Martin,Centro Medico Barcelona
FARM_ESP_2025_000576,M. MARTINEZ MARTINEZ,"insulina3,metformina3,omeprazol1",2025-06-10,Dra. Carmen Martin,Hospital Central Espana
FARM_ESP_2025_000577,CLAUDIA GARCIA SANCHEZ,"vareniclina3,bupropion1,rosuvastatina2",2025-10-04,Dr. Pablo Lopez,Hospital Central Espana
FARM_ESP_2025_000578,Elena Garcia Perez,"glibenclamida4,metformina1,sulfatoferroso1",2025-05-30,Dra. Marta Sanchez,Centro Medico Barcelona
FARM_ESP_2025_000579,C. RODRIGUEZ RODRIGUEZ,"atorvastatina3,omeprazol3,amlodipino2",2025-06-08,Dra. Carmen Martin,Clinica Madrid Norte
FARM_ESP_2025_000580,ALVARO GARCIA JIMENEZ,"acidofolico1,sulfatoferroso2",2025-07-12,Dra. Marta Sanchez,Centro Medico Barcelona
FARM_ESP_2025_000581,Elena Garcia Martinez,omeprazol3,2025-06-28,Dra. Marta Sanchez,Hospital Central Espana
FARM_ESP_2025_000582,IRENE MARTINEZ RUIZ,glibenclamida1,2025-08-07,Dra. Lucia Garcia,Centro Medico Barcelona
FARM_ESP_2025_000583,I. GARCIA MARTIN,"enalapril4,amlodipino3,losartan1",2025-04-22,Dra. Lucia Garcia,Clinica Madrid Norte
FARM_ESP_2025_000584,carlos perez garcia,paracetamol4,2025-03-30,Dr. Javier Fernandez,Hospital Central Espana
FARM_ESP_2025_000585,alejandro perez diaz,paracetamol4,2025-06-03,Dra. Lucia Garcia,Clinica Madrid Norte
FARM_ESP_2025_000586,rafael diaz martinez,"bupropion4,enalapril0,amlodipino2",2025-08-08,Dr. Pablo Lopez,Centro Medico Barcelona
FARM_ESP_2025_000587,Alejandro Ruiz Ruiz,"gabapentina3,omeprazol3,naproxeno4",2025-02-07,Dra. Lucia Garcia,Clinica Madrid Norte
FARM_ESP_2025_000588,Pablo Jimenez Lopez,vareniclina2,2025-08-05,Dra. Marta Sanchez,Hospital Central Espana
FARM_ESP_2025_000589,ANTONIO MARTINEZ SANCHEZ,bupropion4,2025-10-09,Dra. Lucia Garcia,Hospital Central Espana
FARM_ESP_2025_000590,Pablo Gomez Garcia,"vareniclina99,atorvastatina-2",2025-05-03,Dra. Lucia Garcia,Clinica Madrid Norte
FARM_ESP_2025_000591,Claudia Martin Fernandez,"acidofolico0,sulfatoferroso3",2025-03-04,Dra. Marta Sanchez,Centro Medico Barcelona
FARM_ESP_2025_000592,PAULA HERNANDEZ SANCHEZ,atorvastatina3,2025-01-08,Dr. Pablo Lopez,Hospital Central Espana
FARM_ESP_2025_000593,daniel lopez rodriguez,vareniclina2,2025-01-01,Dr. Javier Fernandez,Clinica Madrid Norte
FARM_ESP_2025_000594,CARMEN MARTINEZ JIMENEZ,"paracetamol4,omeprazol4",2025-08-26,Dra. Carmen Martin,Centro Medico Barcelona
FARM_ESP_2025_000595,L. MARTIN RUIZ,enalapril3,2025-07-18,Dra. Carmen Martin,Clinica Madrid Norte
FARM_ESP_2025_000596,javier rodriguez martin,rosuvastatina1,2025-10-03,Dr. Javier Fernandez,Centro Medico Barcelona
FARM_ESP_2025_000597,Marta Hernandez Rodriguez,metformina3,2025-09-12,Dra. Lucia Garcia,Hospital Central Espana
FARM_ESP_2025_000598,isabel garcia diaz,ibuprofeno1,2025-06-15,Dr. Pablo Lopez,Centro Medico Barcelona
FARM_ESP_2025_000599,A. Rodriguez Diaz,"paracetamol4,metformina3,ibuprofeno1",2025-08-17,Dra. Carmen Martin,Hospital Central Espana
FARM_ESP_2025_000600,ISABEL RUIZ GOMEZ,metformina2,2025-01-04,Dr. Pablo Lopez,Centro Medico Barcelona
FARM_ESP_2025_000601,MANUEL LOPEZ HERNANDEZ,bupropion3,2025-11-21,Dra. Marta Sanchez,Clinica Madrid Norte
FARM_ESP_2025_000602,Marta Martinez Gomez,"metformina4,orlistat1",2025-08-17,Dra. Lucia Garcia,Centro Medico Barcelona
FARM_ESP_2025_000603,C. HERNANDEZ SANCHEZ,losartan4,2025-08-19,Dr. Javier Fernandez,Clinica Madrid Norte
FARM_ESP_2025_000604,isabel martin fernandez,"rosuvastatina2,atorvastatina4",2025-12-05,Dra. Marta Sanchez,Hospital Central Espana
FARM_ESP_2025_000605,M. Jimenez Ruiz,"omeprazol3,insulina120",2025-02-15,Dra. Lucia Garcia,Clinica Madrid Norte
FARM_ESP_2025_000606,ALEJANDRO GARCIA GOMEZ,"orlistat2,metformina2",2025-10-24,Dr. Javier Fernandez,Hospital Central Espana
FARM_ESP_2025_000607,NURIA RUIZ PEREZ,"ibuprofeno2,paracetamol1",2025-06-24,Dr. Javier Fernandez,Centro Medico Barcelona
FARM_ESP_2025_000608,CARLOS MARTIN,"omeprazol3,atorvastatina1,losartan3",2025-07-02,Dra. Carmen Martin,Hospital Central Espana
FARM_ESP_2025_000609,nuria hernandez jimenez,ibuprofeno4,2025-01-01,Dr. Javier Fernandez,Clinica Madrid Norte
FARM_ESP_2025_000610,Irene Gomez Perez,"omeprazol4,losartan3",2025-07-16,Dra. Lucia Garcia,Clinica Madrid Norte
FARM_ESP_2025_000611,Miguel Rodriguez Hernandez,"metformina1,orlistat4,amlodipino2",2025-09-03,Dr. Pablo Lopez,Clinica Madrid Norte
FARM_ESP_2025_000612,alvaro garcia martin,"paracetamol3,ibuprofeno2,omeprazol1",2025-10-10,Dra. Lucia Garcia,Centro Medico Barcelona
FARM_ESP_2025_000613,RAFAEL RODRIGUEZ GOMEZ,acidofolico2,2025-01-02,Dr. Javier Fernandez,Centro Medico Barcelona
FARM_ESP_2025_000614,DANIEL GOMEZ LOPEZ,"vareniclina2,bupropion4",2025-06-04,Dra. Carmen Martin,Hospital Central Espana
FARM_ESP_2025_000615,antonio perez hernandez,ibuprofeno1,2025-05-24,Dr. Pablo Lopez,Hospital Central Espana
FARM_ESP_2025_000616,N. PEREZ DIAZ,"orlistat1,atorvastatina4,rosuvastatina4",2025-12-28,Dra. Lucia Garcia,Centro Medico Barcelona
FARM_ESP_2025_000617,DANIEL LOPEZ SANCHEZ,"sulfatoferroso2,acidofolico2",2025-01-13,Dra. Lucia Garcia,Centro Medico Barcelona
FARM_ESP_2025_000618,Maria Ruiz Sanchez,"omeprazol4,atorvastatina1,paracetamol2",2025-10-14,Dra. Lucia Garcia,Centro Medico Barcelona
FARM_ESP_2025_000619,rafael jimenez garcia,"atorvastatina2,rosuvastatina4",2025-09-25,Dr. Pablo Lopez,Centro Medico Barcelona
FARM_ESP_2025_000620,David Hernandez Hernandez,"orlistat1,glibenclamida4,metformina4",2025-03-07,Dra. Marta Sanchez,Hospital Central Espana
FARM_ESP_2025_000621,CARMEN GOMEZ HERNANDEZ,"metformina4,ibuprofeno4,omeprazol4",2025-06-04,Dr. Javier Fernandez,Clinica Madrid Norte
FARM_ESP_2025_000622,J. Fernandez Sanchez,ketorolaco2,2025-03-10,Dr. Pablo Lopez,Clinica Madrid Norte
FARM_ESP_2025_000623,LAURA MARTINEZ RODRIGUEZ,"atorvastatina2,rosuvastatina1",2025-10-08,Dra. Carmen Martin,Clinica Madrid Norte
FARM_ESP_2025_000624,carlos garcia lopez,"enalapril4,amlodipino3,losartan4",2025-10-03,Dra. Carmen Martin,Clinica Madrid Norte
FARM_ESP_2025_000625,PABLO MARTIN GARCIA,"diclofenaco1,amoxicilina1,paracetamol4",2025-01-23,Dr. Javier Fernandez,Centro Medico Barcelona
FARM_ESP_2025_000626,lucia jimenez gomez,"ibuprofeno3,paracetamol1,gabapentina1",2025-07-01,Dra. Lucia Garcia,Centro Medico Barcelona
FARM_ESP_2025_000627,Antonio Sanchez Perez,"glibenclamida3,orlistat2,metformina-2",2025-11-23,Dra. Carmen Martin,Centro Medico Barcelona
FARM_ESP_2025_000628,isabel jimenez martin,amlodipino2,2025-05-22,Dra. Marta Sanchez,Clinica Madrid Norte
FARM_ESP_2025_000629,MARTA GARCIA DIAZ,"orlistat2,metformina4",2025-07-21,Dra. Carmen Martin,Hospital Central Espana
FARM_ESP_2025_000630,Claudia Rodriguez,"rosuvastatina4,atorvastatina99",2025-03-29,Dra. Lucia Garcia,Hospital Central Espana
FARM_ESP_2025_000631,Isabel Garcia Garcia,paracetamol2,2025-07-12,Dra. Marta Sanchez,Clinica Madrid Norte
FARM_ESP_2025_000632,CLAUDIA HERNANDEZ LOPEZ,"ibuprofeno1,paracetamol3",2025-04-20,Dra. Carmen Martin,Clinica Madrid Norte
FARM_ESP_2025_000633,laura lopez sanchez,rosuvastatina2,2025-11-03,Dr. Javier Fernandez,Clinica Madrid Norte
FARM_ESP_2025_000634,DANIEL MARTINEZ GARCIA,"paracetamol2,ketorolaco3",2025-01-27,Dra. Marta Sanchez,Centro Medico Barcelona
FARM_ESP_2025_000635,L. Jimenez Perez,omeprazol4,2025-10-11,Dr. Javier Fernandez,Clinica Madrid Norte
FARM_ESP_2025_000636,elena rodriguez martin,"ketorolaco2,omeprazol2,paracetamol1",2025-09-05,Dra. Carmen Martin,Clinica Madrid Norte
FARM_ESP_2025_000637,Sara Perez,"orlistat4,losartan2",2025-01-04,Dra. Carmen Martin,Hospital Central Espana
FARM_ESP_2025_000638,CARLOS MARTINEZ RODRIGUEZ,"metformina2,acidofolico4,sulfatoferroso1",2025-08-24,Dra. Marta Sanchez,Centro Medico Barcelona
FARM_ESP_2025_000639,David Lopez Jimenez,"vareniclina2,bupropion2",2025-02-07,Dra. Marta Sanchez,Centro Medico Barcelona
FARM_ESP_2025_000640,MARTA DIAZ GARCIA,"rosuvastatina4,insulina3,atorvastatina2",2025-06-18,Dra. Marta Sanchez,Clinica Madrid Norte
FARM_ESP_2025_000641,SERGIO HERNANDEZ MARTINEZ,"amlodipino1,enalapril1,rosuvastatina1",2025-07-12,Dra. Lucia Garcia,Hospital Central Espana
FARM_ESP_2025_000642,maria diaz gomez,paracetamol1,2025-01-07,Dra. Carmen Martin,Centro Medico Barcelona
FARM_ESP_2025_000643,CLAUDIA GARCIA SANCHEZ,"rosuvastatina3,atorvastatina2",2025-03-12,Dr. Pablo Lopez,Clinica Madrid Norte
FARM_ESP_2025_000644,RAFAEL FERNANDEZ,"paracetamol4,omeprazol3",2025-07-01,Dra. Carmen Martin,Hospital Central Espana
FARM_ESP_2025_000645,Elena Martin Diaz,"losartan4,amlodipino2,enalapril1",2025-06-15,Dra. Marta Sanchez,Clinica Madrid Norte
FARM_ESP_2025_000646,Irene Martinez Perez,pregabalina4,2025-01-29,Dra. Marta Sanchez,Hospital Central Espana
FARM_ESP_2025_000647,carlos diaz perez,metformina4,2025-07-08,Dr. Pablo Lopez,Hospital Central Espana
FARM_ESP_2025_000648,marta fernandez garcia,omeprazol2,2025-02-07,Dra. Marta Sanchez,Hospital Central Espana
FARM_ESP_2025_000649,manuel jimenez gomez,"atorvastatina2,losartan3",2025-09-05,Dra. Marta Sanchez,Centro Medico Barcelona
FARM_ESP_2025_000650,maria rodriguez sanchez,"ibuprofeno3,ketorolaco1,omeprazol4",2025-04-16,Dr. Pablo Lopez,Centro Medico Barcelona
FARM_ESP_2025_000651,David Fernandez Ruiz,"enalapril1,amlodipino1,losartan1",2025-02-23,Dra. Marta Sanchez,Clinica Madrid Norte
FARM_ESP_2025_000652,C. Sanchez Fernandez,amlodipino1,2025-01-07,Dr. Javier Fernandez,Centro Medico Barcelona
FARM_ESP_2025_000653,javier perez martinez,"glibenclamida1,vareniclina4",2025-09-26,Dr. Pablo Lopez,Centro Medico Barcelona
FARM_ESP_2025_000654,nuria hernandez sanchez,losartan2,2025-03-16,Dra. Carmen Martin,Centro Medico Barcelona
FARM_ESP_2025_000655,alejandro hernandez diaz,vareniclina1,2025-06-27,Dr. Pablo Lopez,Centro Medico Barcelona
FARM_ESP_2025_000656,D. Lopez Diaz,insulina3,2025-12-26,Dra. Marta Sanchez,Clinica Madrid Norte
FARM_ESP_2025_000657,Miguel Hernandez Perez,enalapril1,2025-05-22,Dra. Lucia Garcia,Hospital Central Espana
FARM_ESP_2025_000658,SERGIO HERNANDEZ DIAZ,"vareniclina2,bupropion1",2025-03-22,Dra. Lucia Garcia,Clinica Madrid Norte
FARM_ESP_2025_000659,alvaro lopez hernandez,"metformina3,glibenclamida3",2025-12-09,Dr. Javier Fernandez,Clinica Madrid Norte
FARM_ESP_2025_000660,laura perez ruiz,vareniclina1,2025-05-09,Dr. Javier Fernandez,Centro Medico Barcelona
FARM_ESP_2025_000661,PAULA RUIZ MARTIN,"atorvastatina1,rosuvastatina1",2025-08-18,Dra. Carmen Martin,Hospital Central Espana
FARM_ESP_2025_000662,rafael lopez perez,glibenclamida1,2025-05-23,Dra. Marta Sanchez,Clinica Madrid Norte
FARM_ESP_2025_000663,ISABEL SANCHEZ RODRIGUEZ,"metformina1,orlistat120",2025-08-03,Dra. Marta Sanchez,Clinica Madrid Norte
FARM_ESP_2025_000664,NURIA FERNANDEZ DIAZ,"paracetamol3,ibuprofeno1",2025-04-08,Dra. Lucia Garcia,Clinica Madrid Norte
FARM_ESP_2025_000665,Rafael Diaz Martinez,"bupropion3,losartan4",2025-04-22,Dr. Pablo Lopez,Centro Medico Barcelona
FARM_ESP_2025_000666,irene garcia martinez,"acidofolico1,sulfatoferroso2",2025-06-04,Dra. Marta Sanchez,Hospital Central Espana
FARM_ESP_2025_000667,sara diaz ruiz,"rosuvastatina4,sulfatoferroso4",2025-08-04,Dra. Carmen Martin,Centro Medico Barcelona
FARM_ESP_2025_000668,manuel sanchez,"atorvastatina2,rosuvastatina2",2025-03-20,Dra. Marta Sanchez,Centro Medico Barcelona
FARM_ESP_2025_000669,Javier Lopez Martinez,"orlistat1,metformina2",2025-01-12,Dr. Pablo Lopez,Hospital Central Espana
FARM_ESP_2025_000670,carlos lopez lopez,"glibenclamida3,insulina3",2025-03-30,Dr. Pablo Lopez,Hospital Central Espana
FARM_ESP_2025_000671,sergio martinez perez,"ibuprofeno2,paracetamol2,omeprazol1",2025-05-22,Dr. Javier Fernandez,Centro Medico Barcelona
FARM_ESP_2025_000672,pablo perez rodriguez,"rosuvastatina3,atorvastatina3",2025-11-24,Dra. Marta Sanchez,Hospital Central Espana
FARM_ESP_2025_000673,alejandro gomez perez,"amlodipino4,omeprazol2,atorvastatina1",2025-06-21,Dr. Pablo Lopez,Centro Medico Barcelona
FARM_ESP_2025_000674,alejandro diaz garcia,metformina2,2025-01-23,Dra. Marta Sanchez,Clinica Madrid Norte
FARM_ESP_2025_000675,javier gomez gomez,atorvastatina2,2025-03-27,Dra. Lucia Garcia,Clinica Madrid Norte
FARM_ESP_2025_000676,Paula Martin Fernandez,paracetamol3,2025-05-28,Dra. Marta Sanchez,Hospital Central Espana
FARM_ESP_2025_000677,laura diaz martinez,"ibuprofeno2,paracetamol1,omeprazol1",2025-07-27,Dr. Pablo Lopez,Hospital Central Espana
FARM_ESP_2025_000678,MARTA LOPEZ JIMENEZ,"atorvastatina4,rosuvastatina3",2025-02-26,Dr. Pablo Lopez,Clinica Madrid Norte
FARM_ESP_2025_000679,carlos jimenez diaz,"vareniclina2,bupropion1",2025-11-21,Dra. Marta Sanchez,Centro Medico Barcelona
FARM_ESP_2025_000680,MIGUEL LOPEZ,enalapril1,2025-01-28,Dra. Carmen Martin,Clinica Madrid Norte
FARM_ESP_2025_000681,CLAUDIA RODRIGUEZ DIAZ,"rosuvastatina2,atorvastatina4",2025-06-27,Dr. Javier Fernandez,Clinica Madrid Norte
FARM_ESP_2025_000682,MARIA RUIZ SANCHEZ,"bupropion1,vareniclina3",2025-10-20,Dr. Javier Fernandez,Hospital Central Espana
FARM_ESP_2025_000683,Daniel Perez Perez,metformina3,2025-09-20,Dra. Lucia Garcia,Clinica Madrid Norte
FARM_ESP_2025_000684,David Lopez Ruiz,losartan2,2025-03-19,Dra. Marta Sanchez,Hospital Central Espana
FARM_ESP_2025_000685,LAURA FERNANDEZ RODRIGUEZ,levotiroxina4,2025-02-16,Dra. Marta Sanchez,Hospital Central Espana
FARM_ESP_2025_000686,lucia ruiz hernandez,"enalapril4,losartan2,amlodipino4",2025-06-19,Dra. Marta Sanchez,Clinica Madrid Norte
FARM_ESP_2025_000687,p. lopez lopez,ibuprofeno3,2025-02-28,Dra. Lucia Garcia,Clinica Madrid Norte
FARM_ESP_2025_000688,SARA GOMEZ GARCIA,"ketorolaco2,omeprazol4",2025-08-03,Dr. Pablo Lopez,Centro Medico Barcelona
FARM_ESP_2025_000689,Elena Hernandez Martinez,"atorvastatina3,vareniclina3,rosuvastatina3",2025-06-24,Dr. Javier Fernandez,Centro Medico Barcelona
FARM_ESP_2025_000690,isabel martin martin,"ibuprofeno2,paracetamol4,omeprazol3",2025-09-29,Dr. Pablo Lopez,Clinica Madrid Norte
FARM_ESP_2025_000691,miguel martinez sanchez,acidofolico1,2025-09-30,Dr. Javier Fernandez,Clinica Madrid Norte
FARM_ESP_2025_000692,R. GOMEZ GARCIA,bupropion1,2025-01-19,Dr. Pablo Lopez,Centro Medico Barcelona
FARM_ESP_2025_000693,nuria diaz rodriguez,paracetamol4,2025-11-19,Dra. Lucia Garcia,Hospital Central Espana
FARM_ESP_2025_000694,elena garcia diaz,"vareniclina1,bupropion2",2025-10-18,Dr. Pablo Lopez,Clinica Madrid Norte
FARM_ESP_2025_000695,ISABEL GARCIA DIAZ,ibuprofeno1,2025-03-15,Dra. Marta Sanchez,Centro Medico Barcelona
FARM_ESP_2025_000696,Javier Gmez Diaz,"omeprazol4,amlodipino4,atorvastatina1",2025-07-04,Dr. Javier Fernandez,Hospital Central Espana
FARM_ESP_2025_000697,DANIEL MARTINEZ RUIZ,metformina2,2025-04-08,Dra. Marta Sanchez,Centro Medico Barcelona
FARM_ESP_2025_000698,Alvaro Fernandez Rodriguez,"ibuprofeno3,paracetamol2,ketorolaco1",2025-03-12,Dra. Lucia Garcia,Centro Medico Barcelona
FARM_ESP_2025_000699,MIGUEL RODRIGUEZ GOMEZ,"enalapril1,amlodipino3",2025-02-12,Dra. Lucia Garcia,Centro Medico Barcelona
FARM_ESP_2025_000700,carmen fernandez fernandez,"levotiroxina2,insulina3,paracetamol1",2025-08-08,Dra. Marta Sanchez,Centro Medico Barcelona
FARM_ESP_2025_000701,PABLO SANCHEZ HERNANDEZ,ibuprofeno1,2025-08-08,Dr. Javier Fernandez,Clinica Madrid Norte
FARM_ESP_2025_000702,MANUEL SANCHEZ LOPEZ,paracetamol4,2025-01-01,Dr. Javier Fernandez,Centro Medico Barcelona
FARM_ESP_2025_000703,Sergio Perez Sanchez,enalapril1,2025-06-03,Dr. Javier Fernandez,Centro Medico Barcelona
FARM_ESP_2025_000704,ALVARO LOPEZ,"orlistat2,metformina2",2025-11-11,Dra. Marta Sanchez,Hospital Central Espana
FARM_ESP_2025_000705,PAULA LOPEZ RODRIGUEZ,"enalapril1,amlodipino1,losartan3",2025-10-18,Dra. Lucia Garcia,Centro Medico Barcelona
FARM_ESP_2025_000706,manuel diaz martinez,"omeprazol2,amoxicilina4,paracetamol2",2025-04-19,Dra. Lucia Garcia,Hospital Central Espana
FARM_ESP_2025_000707,Nuria Rodriguez Rodriguez,"insulina3,glibenclamida4,metformina1",2025-11-23,Dra. Carmen Martin,Centro Medico Barcelona
FARM_ESP_2025_000708,NURIA RODRIGUEZ,omeprazol3,2025-08-07,Dra. Lucia Garcia,Centro Medico Barcelona
FARM_ESP_2025_000709,alejandro hernandez diaz,"glibenclamida3,insulina4",2025-09-05,Dr. Pablo Lopez,Clinica Madrid Norte
FARM_ESP_2025_000710,Sergio Garcia Perez,paracetamol2,2025-12-13,Dra. Marta Sanchez,Clinica Madrid Norte
FARM_ESP_2025_000711,RAFAEL DIAZ RODRIGUEZ,"metformina4,rosuvastatina4",2025-07-24,Dra. Carmen Martin,Clinica Madrid Norte
FARM_ESP_2025_000712,PABLO FERNANDEZ MARTINEZ,vareniclina3,2025-03-10,Dra. Lucia Garcia,Hospital Central Espana
FARM_ESP_2025_000713,carmen hernandez jimenez,"amlodipino1,omeprazol4,ibuprofeno3",2025-12-09,Dr. Pablo Lopez,Centro Medico Barcelona
FARM_ESP_2025_000714,sara ruiz rodriguez,"vareniclina3,bupropion1",2025-11-17,Dr. Pablo Lopez,Hospital Central Espana
FARM_ESP_2025_000715,PABLO SANCHEZ GARCIA,ibuprofeno4,2025-02-09,Dr. Javier Fernandez,Centro Medico Barcelona
FARM_ESP_2025_000716,CLAUDIA HERNANDEZ RODRIGUEZ,enalapril4,2025-12-03,Dra. Carmen Martin,Clinica Madrid Norte
FARM_ESP_2025_000717,IRENE MARTIN PEREZ,"vareniclina1,bupropion3",2025-06-03,Dra. Lucia Garcia,Clinica Madrid Norte
FARM_ESP_2025_000718,Paula Hernandez Martin,"bupropion-1,vareniclina4",2025-11-22,Dr. Javier Fernandez,Hospital Central Espana
FARM_ESP_2025_000719,ALVARO GARCIA SANCHEZ,"losartan1,amlodipino1",2025-09-23,Dr. Pablo Lopez,Clinica Madrid Norte
FARM_ESP_2025_000720,carlos hernandez diaz,atorvastatina1,2025-11-27,Dra. Lucia Garcia,Clinica Madrid Norte
FARM_ESP_2025_000721,a. sanchez martin,vareniclina4,2025-12-07,Dra. Marta Sanchez,Hospital Central Espana
FARM_ESP_2025_000722,RAFAEL JIMENEZ DIAZ,metformina2,2025-04-08,Dra. Lucia Garcia,Clinica Madrid Norte
FARM_ESP_2025_000723,PAULA DIAZ JIMENEZ,"vareniclina1,bupropion2",2025-09-06,Dr. Pablo Lopez,Centro Medico Barcelona
FARM_ESP_2025_000724,Nuria Hernandez Ruiz,"metformina3,losartan2",2025-08-11,Dra. Marta Sanchez,Hospital Central Espana
FARM_ESP_2025_000725,DANIEL HERNANDEZ HERNANDEZ,ibuprofeno2,2025-04-11,Dra. Lucia Garcia,Clinica Madrid Norte
FARM_ESP_2025_000726,paula martin lopez,"rosuvastatina4,insulina3",2025-09-30,Dra. Carmen Martin,Clinica Madrid Norte
FARM_ESP_2025_000727,Irene Lopez Sanchez,"metformina4,orlistat3",2025-05-09,Dra. Lucia Garcia,Hospital Central Espana
FARM_ESP_2025_000728,antonio diaz martinez,"ibuprofeno2,paracetamol4,atorvastatina-1",2025-03-14,Dra. Lucia Garcia,Clinica Madrid Norte
FARM_ESP_2025_000729,irene lopez martin,losartan3,2025-06-30,Dr. Javier Fernandez,Clinica Madrid Norte
FARM_ESP_2025_000730,Marta Diaz,"omeprazol1,ketorolaco3,paracetamol1",2025-11-04,Dra. Lucia Garcia,Clinica Madrid Norte
FARM_ESP_2025_000731,e. martinez sanchez,"paracetamol2,ibuprofeno1,loratadina3",2025-08-25,Dr. Pablo Lopez,Hospital Central Espana
FARM_ESP_2025_000732,ALEJANDRO RODRIGUEZ MARTINEZ,bupropion4,2025-01-16,Dra. Marta Sanchez,Hospital Central Espana
FARM_ESP_2025_000733,DANIEL HERNANDEZ HERNANDEZ,metformina1,2025-07-12,Dr. Pablo Lopez,Hospital Central Espana
FARM_ESP_2025_000734,Maria Diaz Perez,diclofenaco3,2025-04-01,Dra. Lucia Garcia,Clinica Madrid Norte
FARM_ESP_2025_000735,elena martinez ruiz,metformina2,2025-09-18,Dr. Pablo Lopez,Hospital Central Espana
FARM_ESP_2025_000736,Pablo Garcia,"atorvastatina1,rosuvastatina3",2025-11-02,Dra. Marta Sanchez,Clinica Madrid Norte
FARM_ESP_2025_000737,LAURA JIMENEZ RUIZ,vareniclina1,2025-09-06,Dr. Pablo Lopez,Clinica Madrid Norte
FARM_ESP_2025_000738,Alvaro Martinez Fernandez,"omeprazol1,paracetamol3,ibuprofeno2",2025-01-14,Dra. Carmen Martin,Hospital Central Espana
FARM_ESP_2025_000739,LAURA SANCHEZ GARCIA,omeprazol4,2025-08-20,Dra. Carmen Martin,Clinica Madrid Norte
FARM_ESP_2025_000740,carmen garcia garcia,"vareniclina2,atorvastatina2",2025-06-16,Dra. Lucia Garcia,Clinica Madrid Norte
FARM_ESP_2025_000741,antonio ruiz hernandez,ibuprofeno2,2025-12-29,Dra. Marta Sanchez,Clinica Madrid Norte
FARM_ESP_2025_000742,DANIEL MARTIN GARCIA,"omeprazol1,insulina3",2025-06-07,Dra. Carmen Martin,Centro Medico Barcelona
FARM_ESP_2025_000743,Carlos Sanchez Diaz,"rosuvastatina3,atorvastatina4",2025-02-12,Dr. Javier Fernandez,Hospital Central Espana
FARM_ESP_2025_000744,Pablo Martin,"metformina1,orlistat4",2025-01-15,Dr. Pablo Lopez,Centro Medico Barcelona
FARM_ESP_2025_000745,NURIA RUIZ MARTIN,"ibuprofeno4,amlodipino4",2025-08-30,Dr. Pablo Lopez,Clinica Madrid Norte
FARM_ESP_2025_000746,Laura Rodriguez Ruiz,vareniclina4,2025-07-05,Dr. Pablo Lopez,Clinica Madrid Norte
FARM_ESP_2025_000747,antonio hernandez rodriguez,"paracetamol3,omeprazol2",2025-09-24,Dra. Marta Sanchez,Centro Medico Barcelona
FARM_ESP_2025_000748,claudia sanchez gomez,"vareniclina3,atorvastatina3,losartan1",2025-02-04,Dr. Javier Fernandez,Clinica Madrid Norte
FARM_ESP_2025_000749,Carlos Martin Perez,"ibuprofeno4,paracetamol3,ketorolaco4",2025-01-26,Dra. Carmen Martin,Centro Medico Barcelona
FARM_ESP_2025_000750,MANUEL DIAZ LOPEZ,"atorvastatina2,rosuvastatina2",2025-10-15,Dr. Pablo Lopez,Centro Medico Barcelona
FARM_ESP_2025_000751,IRENE PEREZ RUIZ,"omeprazol1,losartan1,paracetamol4",2025-07-03,Dr. Pablo Lopez,Clinica Madrid Norte
FARM_ESP_2025_000752,Lucia Lopez Hernandez,"metformina1,losartan2",2025-07-10,Dra. Lucia Garcia,Hospital Central Espana
FARM_ESP_2025_000753,Miguel Gomz Sanchez,"paracetamol4,ibuprofeno4",2025-11-18,Dra. Marta Sanchez,Hospital Central Espana
FARM_ESP_2025_000754,Rafael Jimenez Diaz,"metformina3,glibenclamida2,insulina4",2025-07-12,Dr. Pablo Lopez,Centro Medico Barcelona
FARM_ESP_2025_000755,Claudia Lopez Martin,"bupropion3,vareniclina3",2025-05-21,Dr. Pablo Lopez,Hospital Central Espana
FARM_ESP_2025_000756,MARTA GOMEZ MARTINEZ,bupropion3,2025-02-10,Dra. Carmen Martin,Hospital Central Espana
FARM_ESP_2025_000757,SARA LOPEZ RUIZ,"losartan4,atorvastatina3",2025-08-10,Dra. Carmen Martin,Hospital Central Espana
FARM_ESP_2025_000758,nuria perez sanchez,"bupropion4,vareniclina1",2025-09-23,Dra. Lucia Garcia,Centro Medico Barcelona
FARM_ESP_2025_000759,L. JIMENEZ RUIZ,atorvastatina3,2025-08-08,Dr. Javier Fernandez,Hospital Central Espana
FARM_ESP_2025_000760,Sara Hernandez Fernandez,"metformina2,glibenclamida1",2025-12-09,Dr. Javier Fernandez,Hospital Central Espana
FARM_ESP_2025_000761,javier jimenez lopez,vareniclina3,2025-05-28,Dra. Carmen Martin,Clinica Madrid Norte
FARM_ESP_2025_000762,sergio diaz fernandez,"paracetamol1,omeprazol2,ketorolaco1",2025-03-23,Dra. Carmen Martin,Clinica Madrid Norte
FARM_ESP_2025_000763,MANUEL HERNANDEZ PEREZ,"orlistat1,atorvastatina1,amlodipino4",2025-12-25,Dra. Carmen Martin,Centro Medico Barcelona
FARM_ESP_2025_000764,Marta Ruiz Sanchez,"bupropion1,rosuvastatina1,vareniclina0",2025-01-20,Dra. Carmen Martin,Hospital Central Espana
FARM_ESP_2025_000765,Carmen Perez Jimenez,"amlodipino4,enalapril1",2025-03-11,Dr. Pablo Lopez,Centro Medico Barcelona
FARM_ESP_2025_000766,paula lopez lopez,vareniclina-2,2025-03-22,Dra. Carmen Martin,Clinica Madrid Norte
FARM_ESP_2025_000767,Daniel Sanchez Hernandez,"paracetamol4,ibuprofeno3",2025-09-24,Dr. Pablo Lopez,Hospital Central Espana
FARM_ESP_2025_000768,MANUEL JIMEEZ LOPEZ,"sulfatoferroso3,acidofolico4",2025-06-23,Dra. Carmen Martin,Clinica Madrid Norte
FARM_ESP_2025_000769,Elena Fernandez Jimenez,enalapril3,2025-09-02,Dr. Pablo Lopez,Centro Medico Barcelona
FARM_ESP_2025_000770,irene perez lopez,paracetamol4,2025-02-14,Dra. Lucia Garcia,Clinica Madrid Norte
FARM_ESP_2025_000771,Miguel Lopez Lopez,atorvastatina1,2025-07-31,Dr. Pablo Lopez,Centro Medico Barcelona
FARM_ESP_2025_000772,SERGIO FERNANDEZ FERNANDEZ,"rosuvastatina4,vareniclina3,atorvastatina1",2025-02-15,Dr. Javier Fernandez,Centro Medico Barcelona
FARM_ESP_2025_000773,Isabel Rodriguez Hernandez,"losartan1,amlodipino3,enalapril4",2025-05-07,Dra. Carmen Martin,Hospital Central Espana
FARM_ESP_2025_000774,Pablo Perez Martin,omeprazol1,2025-03-07,Dr. Pablo Lopez,Hospital Central Espana
FARM_ESP_2025_000775,NURIA DIAZ RODRIGUEZ,"ibuprofeno3,paracetamol3,omeprazol3",2025-11-08,Dr. Pablo Lopez,Hospital Central Espana
FARM_ESP_2025_000776,SARA MARTIN,"bupropion2,vareniclina1",2025-11-30,Dra. Lucia Garcia,Centro Medico Barcelona
FARM_ESP_2025_000777,R. Fernandez Lopez,"insulina3,orlistat2,bupropion4",2025-01-29,Dr. Javier Fernandez,Clinica Madrid Norte
FARM_ESP_2025_000778,M. Sanchez Fernandez,"ketorolaco2,ibuprofeno3,omeprazol1",2025-04-13,Dr. Pablo Lopez,Clinica Madrid Norte
FARM_ESP_2025_000779,RAFAEL JIMENEZ MARTINEZ,rosuvastatina4,2025-10-20,Dra. Carmen Martin,Clinica Madrid Norte
FARM_ESP_2025_000780,MARTA JIMENEZ,vareniclina2,2025-03-18,Dra. Lucia Garcia,Clinica Madrid Norte
FARM_ESP_2025_000781,JAVIER RODRIGUEZ GOMEZ,bupropion3,2025-05-30,Dra. Carmen Martin,Clinica Madrid Norte
FARM_ESP_2025_000782,david jimenez martin,rosuvastatina2,2025-10-22,Dra. Lucia Garcia,Hospital Central Espana
FARM_ESP_2025_000783,antonio ruiz ruiz,ibuprofeno1,2025-02-08,Dra. Lucia Garcia,Hospital Central Espana
FARM_ESP_2025_000784,manuel ruiz lopez,rosuvastatina3,2025-05-26,Dr. Pablo Lopez,Clinica Madrid Norte
FARM_ESP_2025_000785,DANIEL RUIZ FERNANDEZ,omeprazol4,2025-06-18,Dr. Pablo Lopez,Centro Medico Barcelona
FARM_ESP_2025_000786,l. fernandez garcia,"losartan3,enalapril3",2025-12-30,Dra. Carmen Martin,Hospital Central Espana
FARM_ESP_2025_000787,MIGUEL PEREZ GARCIA,"ibuprofeno4,omeprazol4",2025-08-08,Dra. Marta Sanchez,Clinica Madrid Norte
FARM_ESP_2025_000788,rafael fernandez garcia,insulina3,2025-04-04,Dra. Lucia Garcia,Clinica Madrid Norte
FARM_ESP_2025_000789,Antonio Perez Martin,"ibuprofeno2,omeprazol4",2025-06-30,Dra. Carmen Martin,Hospital Central Espana
FARM_ESP_2025_000790,I. PEREZ GOMEZ,"vareniclina2,bupropion3",2025-12-24,Dra. Carmen Martin,Centro Medico Barcelona
FARM_ESP_2025_000791,alvaro ruiz,"paracetamol1,losartan2",2025-01-26,Dra. Carmen Martin,Clinica Madrid Norte
FARM_ESP_2025_000792,antonio perez hernandez,diclofenaco4,2025-06-08,Dra. Marta Sanchez,Clinica Madrid Norte
FARM_ESP_2025_000793,nuria hernandez,"ibuprofeno4,omeprazol1,paracetamol2",2025-11-29,Dr. Javier Fernandez,Hospital Central Espana
FARM_ESP_2025_000794,Irene Martin Fernandez,"ketorolaco2,ibuprofeno2",2025-12-09,Dra. Carmen Martin,Centro Medico Barcelona
FARM_ESP_2025_000795,marta lopez fernandez,"enalapril4,losartan1",2025-10-18,Dra. Lucia Garcia,Hospital Central Espana
FARM_ESP_2025_000796,PAULA MARTIN MARTIN,"omeprazol1,losartan3,ibuprofeno2",2025-02-22,Dra. Marta Sanchez,Centro Medico Barcelona
FARM_ESP_2025_000797,pablo jimenez lopez,"glibenclamida3,insulina4",2025-09-21,Dr. Pablo Lopez,Hospital Central Espana
FARM_ESP_2025_000798,miguel fernandez,orlistat1,2025-04-27,Dra. Lucia Garcia,Hospital Central Espana
FARM_ESP_2025_000799,carlos lopez fernandez,metformina4,2025-07-21,Dra. Lucia Garcia,Hospital Central Espana
FARM_ESP_2025_000800,Carmen Jienez Jimenez,vareniclina1,2025-03-05,Dra. Carmen Martin,Centro Medico Barcelona
FARM_ESP_2025_000801,I. SANCHEZ LOPEZ,amlodipino3,2025-02-20,Dr. Javier Fernandez,Clinica Madrid Norte
FARM_ESP_2025_000802,m. lopez garcia,"gabapentina1,pregabalina4,omeprazol3",2025-12-21,Dra. Lucia Garcia,Clinica Madrid Norte
FARM_ESP_2025_000803,ANTONIO PEREZ RUIZ,"rosuvastatina3,atorvastatina3",2025-05-18,Dra. Marta Sanchez,Centro Medico Barcelona
FARM_ESP_2025_000804,MANUEL MARTINEZ RUIZ,"amoxicilina4,ibuprofeno2,diclofenaco3",2025-01-15,Dra. Carmen Martin,Hospital Central Espana
FARM_ESP_2025_000805,NURIA SANCHEZ FERNANDEZ,rosuvastatina4,2025-09-23,Dr. Pablo Lopez,Clinica Madrid Norte
FARM_ESP_2025_000806,elena gomez garcia,rosuvastatina3,2025-04-11,Dra. Carmen Martin,Clinica Madrid Norte
FARM_ESP_2025_000807,marta gomez martin,"bupropion1,vareniclina1",2025-03-21,Dra. Lucia Garcia,Hospital Central Espana
FARM_ESP_2025_000808,Alvaro Martinez Fernandez,rosuvastatina2,2025-08-10,Dr. Javier Fernandez,Hospital Central Espana
FARM_ESP_2025_000809,ANTONIO FERNANEZ DIAZ,"rosuvastatina3,atorvastatina2",2025-10-27,Dra. Carmen Martin,Hospital Central Espana
FARM_ESP_2025_000810,Miguel Gomez Sanchez,"atorvastatina3,rosuvastatina-2",2025-05-07,Dr. Pablo Lopez,Centro Medico Barcelona
FARM_ESP_2025_000811,Claudia Loez Garcia,losartan3,2025-12-13,Dr. Javier Fernandez,Centro Medico Barcelona
FARM_ESP_2025_000812,David Martinez,insulina1,2025-08-01,Dra. Marta Sanchez,Clinica Madrid Norte
FARM_ESP_2025_000813,Sergio Perez Garcia,"losartan2,amlodipino3,enalapril3",2025-10-20,Dr. Javier Fernandez,Centro Medico Barcelona
FARM_ESP_2025_000814,Claudia Ruiz Hernandez,"rosuvastatina3,orlistat4,atorvastatina3",2025-06-03,Dr. Pablo Lopez,Centro Medico Barcelona
FARM_ESP_2025_000815,DANIEL LOPEZ MARTINEZ,omeprazol3,2025-01-20,Dr. Javier Fernandez,Clinica Madrid Norte
FARM_ESP_2025_000816,rafael ruiz diaz,"omeprazol1,amlodipino4",2025-04-18,Dr. Pablo Lopez,Centro Medico Barcelona
FARM_ESP_2025_000817,CARMEN GOMEZ RODRIGUEZ,"acidofolico0,metformina1",2025-08-18,Dra. Lucia Garcia,Hospital Central Espana
FARM_ESP_2025_000818,CARMEN GARCIA JIMENEZ,"metformina1,orlistat3",2025-02-18,Dr. Javier Fernandez,Centro Medico Barcelona
FARM_ESP_2025_000819,Laura Ruiz Jimenez,atorvastatina1,2025-05-18,Dra. Marta Sanchez,Clinica Madrid Norte
FARM_ESP_2025_000820,LAURA RUIZ PEREZ,"paracetamol1,atorvastatina3",2025-12-28,Dra. Lucia Garcia,Clinica Madrid Norte
FARM_ESP_2025_000821,Javier Diaz Ruiz,"losartan1,amlodipino1,enalapril1",2025-04-18,Dra. Lucia Garcia,Clinica Madrid Norte
FARM_ESP_2025_000822,DAVID GARCIA PEREZ,"insulina1,glibenclamida2",2025-03-25,Dr. Pablo Lopez,Centro Medico Barcelona
FARM_ESP_2025_000823,laura rodriguez ruiz,"vareniclina3,bupropion4",2025-06-10,Dra. Carmen Martin,Clinica Madrid Norte
FARM_ESP_2025_000824,laura rodriguez martinez,"diclofenaco3,paracetamol2",2025-10-13,Dra. Lucia Garcia,Clinica Madrid Norte
FARM_ESP_2025_000825,claudia gomez martin,"glibenclamida3,atorvastatina3,insulina4",2025-08-28,Dr. Pablo Lopez,Centro Medico Barcelona
FARM_ESP_2025_000826,david sanchez fernandez,"omeprazol1,amoxicilina4",2025-09-29,Dra. Marta Sanchez,Clinica Madrid Norte
FARM_ESP_2025_000827,CARLOS MARTINEZ RODRIGUEZ,omeprazol3,2025-10-03,Dra. Lucia Garcia,Centro Medico Barcelona
FARM_ESP_2025_000828,ISABEL PEREZ LOPEZ,bupropion1,2025-06-02,Dra. Marta Sanchez,Centro Medico Barcelona
FARM_ESP_2025_000829,Alejandro Sanchez Diaz,"amlodipino3,atorvastatina1",2025-05-31,Dr. Pablo Lopez,Hospital Central Espana
FARM_ESP_2025_000830,Daniel Martin Martin,"omeprazol4,paracetamol1,gabapentina2",2025-01-17,Dra. Carmen Martin,Clinica Madrid Norte
FARM_ESP_2025_000831,Sergio Ruiz Fernandez,"omeprazol1,amoxicilina1",2025-07-03,Dr. Javier Fernandez,Centro Medico Barcelona
FARM_ESP_2025_000832,Elena Martin Lopez,metformina4,2025-09-06,Dr. Pablo Lopez,Clinica Madrid Norte
FARM_ESP_2025_000833,carlos sanchez rodriguez,omeprazol4,2025-05-03,Dra. Marta Sanchez,Clinica Madrid Norte
FARM_ESP_2025_000834,CARMEN RUIZ RODRIGUEZ,"insulina2,glibenclamida4,metformina4",2025-08-24,Dra. Marta Sanchez,Hospital Central Espana
FARM_ESP_2025_000835,carlos lpez lopez,atorvastatina2,2025-11-25,Dra. Carmen Martin,Clinica Madrid Norte
FARM_ESP_2025_000836,ALVARO RODRIGUEZ DIAZ,"vareniclina4,bupropion3",2025-07-11,Dra. Carmen Martin,Clinica Madrid Norte
FARM_ESP_2025_000837,DAVID MARTIN GARCIA,metformina3,2025-03-31,Dra. Lucia Garcia,Hospital Central Espana
FARM_ESP_2025_000838,PAULA LOPEZ LOPEZ,rosuvastatina2,2025-08-28,Dra. Lucia Garcia,Hospital Central Espana
FARM_ESP_2025_000839,DAVID RODRIGUEZ MARTINEZ,"enalapril3,insulina2",2025-10-25,Dra. Marta Sanchez,Clinica Madrid Norte
FARM_ESP_2025_000840,MANUEL JIMENEZ PEREZ,"diclofenaco1,ibuprofeno3",2025-09-12,Dr. Javier Fernandez,Centro Medico Barcelona
FARM_ESP_2025_000841,alvaro martinez lopez,ibuprofeno3,2025-06-15,Dra. Carmen Martin,Hospital Central Espana
FARM_ESP_2025_000842,CARMEN DIAZ,amoxicilina4,2025-06-05,Dr. Javier Fernandez,Centro Medico Barcelona
FARM_ESP_2025_000843,A. Gomez Garcia,"insulina2,glibenclamida1,vareniclina2",2025-09-10,Dra. Marta Sanchez,Centro Medico Barcelona
FARM_ESP_2025_000844,Marta Garcia Diaz,"bupropion1,vareniclina3",2025-03-23,Dra. Marta Sanchez,Centro Medico Barcelona
FARM_ESP_2025_000845,PAULA FERNANDEZ SANCHEZ,"ibuprofeno1,atorvastatina3,omeprazol3",2025-12-11,Dr. Javier Fernandez,Centro Medico Barcelona
FARM_ESP_2025_000846,Miguel Martin Garcia,acidofolico2,2025-03-14,Dra. Carmen Martin,Clinica Madrid Norte
FARM_ESP_2025_000847,LUCIA SANCHEZ,"amlodipino4,enalapril4",2025-07-08,Dra. Lucia Garcia,Centro Medico Barcelona
FARM_ESP_2025_000848,alvaro sanchez martin,"vareniclina2,bupropion3",2025-12-22,Dr. Pablo Lopez,Centro Medico Barcelona
FARM_ESP_2025_000849,daniel jimenez diaz,"sulfatoferroso2,orlistat1",2025-04-10,Dr. Pablo Lopez,Clinica Madrid Norte
FARM_ESP_2025_000850,nuria sanchez garcia,"orlistat2,metformina2",2025-04-11,Dra. Carmen Martin,Clinica Madrid Norte
FARM_ESP_2025_000851,LAURA DIAZ MARTINEZ,"orlistat2,glibenclamida3,insulina1",2025-04-01,Dr. Javier Fernandez,Centro Medico Barcelona
FARM_ESP_2025_000852,LAURA GOMEZ JIMENEZ,"insulina4,paracetamol2",2025-02-28,Dr. Javier Fernandez,Centro Medico Barcelona
FARM_ESP_2025_000853,N. HERNANDEZ JIMENEZ,metformina4,2025-03-13,Dr. Pablo Lopez,Hospital Central Espana
FARM_ESP_2025_000854,DAVID PEREZ RUIZ,"rosuvastatina3,atorvastatina4",2025-11-28,Dr. Pablo Lopez,Hospital Central Espana
FARM_ESP_2025_000855,j. diaz ruiz,"amlodipino2,bupropion2,losartan2",2025-10-19,Dr. Javier Fernandez,Clinica Madrid Norte
FARM_ESP_2025_000856,Elena Hernandez Rodriguez,"atorvastatina4,rosuvastatina3,vareniclina3",2025-02-12,Dr. Javier Fernandez,Centro Medico Barcelona
FARM_ESP_2025_000857,SERGIO MARTINEZ RODRIGUEZ,"paracetamol2,atorvastatina4",2025-08-03,Dra. Lucia Garcia,Hospital Central Espana
FARM_ESP_2025_000858,MIGUEL RODRIGUEZ MARTINEZ,"atorvastatina2,rosuvastatina3",2025-12-18,Dra. Marta Sanchez,Hospital Central Espana
FARM_ESP_2025_000859,CLAUDIA GOMEZ GOMEZ,"amlodipino1,losartan2",2025-02-19,Dra. Carmen Martin,Hospital Central Espana
FARM_ESP_2025_000860,antonio jimenez martin,"paracetamol3,levotiroxina4,omeprazol3",2025-06-05,Dra. Carmen Martin,Centro Medico Barcelona
FARM_ESP_2025_000861,SARA RODRIGUEZ LOPEZ,acidofolico2,2025-01-13,Dr. Pablo Lopez,Hospital Central Espana
FARM_ESP_2025_000862,MANUEL RODRIGUEZ JIMENEZ,ibuprofeno1,2025-08-17,Dr. Pablo Lopez,Hospital Central Espana
FARM_ESP_2025_000863,d. martin hernandez,paracetamol2,2025-05-15,Dr. Javier Fernandez,Hospital Central Espana
FARM_ESP_2025_000864,CARMEN MARTINEZ PEREZ,"metformina2,orlistat3",2025-10-02,Dr. Pablo Lopez,Centro Medico Barcelona
FARM_ESP_2025_000865,Paula Martinez Gomez,"rosuvastatina4,atorvastatina2",2025-02-15,Dra. Carmen Martin,Centro Medico Barcelona
FARM_ESP_2025_000866,sergio rodriguez perez,"omeprazol3,ibuprofeno2",2025-06-26,Dra. Carmen Martin,Clinica Madrid Norte
FARM_ESP_2025_000867,javier martin hernandez,"omeprazol2,insulina1",2025-07-27,Dra. Marta Sanchez,Hospital Central Espana
FARM_ESP_2025_000868,Sara Garcia Hernandez,paracetamol2,2025-04-10,Dra. Lucia Garcia,Clinica Madrid Norte
FARM_ESP_2025_000869,CARMEN SANCHEZ,atorvastatina2,2025-09-02,Dra. Marta Sanchez,Centro Medico Barcelona
FARM_ESP_2025_000870,Antonio Garcia Hernandez,"paracetamol2,omeprazol1",2025-01-24,Dra. Carmen Martin,Hospital Central Espana
FARM_ESP_2025_000871,CLAUDIA DIAZ FERNANDEZ,"insulina1,glibenclamida1,amlodipino4",2025-07-22,Dr. Pablo Lopez,Hospital Central Espana
FARM_ESP_2025_000872,alvaro hernandez martinez,"ibuprofeno3,paracetamol4",2025-03-29,Dra. Lucia Garcia,Hospital Central Espana
FARM_ESP_2025_000873,ANTONIO DIAZ GOMEZ,"gabapentina4,omeprazol3",2025-04-18,Dr. Javier Fernandez,Hospital Central Espana
FARM_ESP_2025_000874,DANIEL PEREZ GARCIA,atorvastatina1,2025-09-05,Dr. Pablo Lopez,Centro Medico Barcelona
FARM_ESP_2025_000875,Manuel Hernandez Martinez,"omeprazol2,paracetamol4,ibuprofeno4",2025-05-01,Dr. Pablo Lopez,Clinica Madrid Norte
FARM_ESP_2025_000876,carmen martin jimenez,"acidofolico4,sulfatoferroso3",2025-11-05,Dra. Lucia Garcia,Clinica Madrid Norte
FARM_ESP_2025_000877,MARTA PEREZ FERNANDEZ,enalapril1,2025-02-17,Dr. Pablo Lopez,Clinica Madrid Norte
FARM_ESP_2025_000878,antonio martin gomez,"insulina4,levotiroxina3",2025-02-08,Dr. Pablo Lopez,Clinica Madrid Norte
FARM_ESP_2025_000879,LAURA DIAZ MARTINEZ,"insulina2,metformina2,orlistat4",2025-04-30,Dr. Pablo Lopez,Centro Medico Barcelona
FARM_ESP_2025_000880,pablo martin gomez,"atorvastatina1,rosuvastatina2",2025-10-08,Dra. Marta Sanchez,Hospital Central Espana
FARM_ESP_2025_000881,SERGIO PEREZ RODRIGUEZ,"omeprazol2,ketorolaco1",2025-08-04,Dr. Javier Fernandez,Centro Medico Barcelona
FARM_ESP_2025_000882,Alvaro Sanchez Ruiz,vareniclina0,2025-06-11,Dra. Marta Sanchez,Clinica Madrid Norte
FARM_ESP_2025_000883,p. hernandez martinez,ketorolaco3,2025-11-11,Dra. Lucia Garcia,Clinica Madrid Norte
FARM_ESP_2025_000884,s. hernandez ruiz,"bupropion3,vareniclina2",2025-08-01,Dra. Lucia Garcia,Clinica Madrid Norte
FARM_ESP_2025_000885,MARTA RODRIGUEZ,ibuprofeno1,2025-09-10,Dra. Lucia Garcia,Hospital Central Espana
FARM_ESP_2025_000886,Carmen Grcia Ruiz,"insulina4,metformina2,glibenclamida4",2025-08-05,Dra. Marta Sanchez,Clinica Madrid Norte
FARM_ESP_2025_000887,ISABEL DIAZ MARTINEZ,orlistat2,2025-03-24,Dra. Carmen Martin,Hospital Central Espana
FARM_ESP_2025_000888,Daniel Rodriguez Fernandez,"paracetamol3,metformina3",2025-02-15,Dra. Marta Sanchez,Centro Medico Barcelona
FARM_ESP_2025_000889,marta ruiz perez,atorvastatina2,2025-05-17,Dr. Pablo Lopez,Clinica Madrid Norte
FARM_ESP_2025_000890,Pablo Martin Lopez,paracetamol2,2025-04-24,Dra. Carmen Martin,Clinica Madrid Norte
FARM_ESP_2025_000891,sergio gomez,"metformina1,glibenclamida2",2025-03-04,Dra. Lucia Garcia,Hospital Central Espana
FARM_ESP_2025_000892,Carlos Fernandez Jimenez,"glibenclamida1,metformina2,insulina3",2025-05-08,Dra. Lucia Garcia,Centro Medico Barcelona
FARM_ESP_2025_000893,Lucia Ruiz,"vareniclina4,bupropion1,acidofolico2",2025-04-03,Dra. Carmen Martin,Clinica Madrid Norte
FARM_ESP_2025_000894,marta jimenez gomez,"vareniclina3,orlistat4,metformina3",2025-11-17,Dra. Marta Sanchez,Centro Medico Barcelona
FARM_ESP_2025_000895,Marta Martinez Rodriguez,"glibenclamida3,metformina1,insulina4",2025-03-28,Dra. Lucia Garcia,Hospital Central Espana
FARM_ESP_2025_000896,irene gomez martinez,orlistat4,2025-10-22,Dra. Lucia Garcia,Centro Medico Barcelona
FARM_ESP_2025_000897,m. perez lopez,"ibuprofeno1,paracetamol3",2025-03-23,Dr. Javier Fernandez,Hospital Central Espana
FARM_ESP_2025_000898,Marta Jimenez Martinez,"ibuprofeno2,paracetamol1",2025-05-05,Dra. Marta Sanchez,Clinica Madrid Norte
FARM_ESP_2025_000899,Alejandro Lopez Rodriguez,"atorvastatina4,rosuvastatina3",2025-07-02,Dr. Javier Fernandez,Centro Medico Barcelona
FARM_ESP_2025_000900,MIGUEL MARTINEZ FERNANDEZ,omeprazol2,2025-10-21,Dr. Javier Fernandez,Centro Medico Barcelona
FARM_ESP_2025_000901,PAULA JIMENEZ RUIZ,metformina1,2025-09-03,Dr. Pablo Lopez,Clinica Madrid Norte
FARM_ESP_2025_000902,antonio fernandez,"atorvastatina2,rosuvastatina3",2025-08-05,Dra. Carmen Martin,Centro Medico Barcelona
FARM_ESP_2025_000903,Rafael Jimenez Perez,"paracetamol4,ibuprofeno1",2025-12-10,Dra. Carmen Martin,Centro Medico Barcelona
FARM_ESP_2025_000904,ANTONIO JIMENEZ GARCIA,"glibenclamida2,metformina2",2025-08-17,Dra. Marta Sanchez,Centro Medico Barcelona
FARM_ESP_2025_000905,Lucia Gomez,"vareniclina4,bupropion2",2025-10-31,Dra. Marta Sanchez,Centro Medico Barcelona
FARM_ESP_2025_000906,pablo lopez garcia,"orlistat4,metformina2",2025-08-24,Dra. Lucia Garcia,Clinica Madrid Norte
FARM_ESP_2025_000907,Miguel Gomez Fernandez,losartan3,2025-03-18,Dra. Lucia Garcia,Hospital Central Espana
FARM_ESP_2025_000908,david garcia perez,amlodipino2,2025-02-24,Dra. Carmen Martin,Clinica Madrid Norte
FARM_ESP_2025_000909,Irene Perez Garcia,"losartan3,amlodipino4,enalapril4",2025-10-07,Dr. Pablo Lopez,Centro Medico Barcelona
FARM_ESP_2025_000910,Alvaro Sanchez Sanchez,orlistat1,2025-10-22,Dra. Marta Sanchez,Centro Medico Barcelona
FARM_ESP_2025_000911,ALVARO PERZ LOPEZ,"ibuprofeno2,atorvastatina1,amlodipino2",2025-03-21,Dra. Carmen Martin,Clinica Madrid Norte
FARM_ESP_2025_000912,SERGIO GARCIA PEREZ,"omeprazol1,paracetamol4",2025-04-12,Dr. Javier Fernandez,Clinica Madrid Norte
FARM_ESP_2025_000913,MARTA RUIZ LOPEZ,"paracetamol2,omeprazol3,gabapentina2",2025-07-25,Dr. Javier Fernandez,Centro Medico Barcelona
FARM_ESP_2025_000914,Sergio Sanchez Hernandez,"orlistat3,metformina4",2025-11-30,Dra. Carmen Martin,Hospital Central Espana
FARM_ESP_2025_000915,pablo martinez,sulfatoferroso4,2025-04-09,Dra. Marta Sanchez,Centro Medico Barcelona
FARM_ESP_2025_000916,claudia rodriguez fernandez,"insulina2,atorvastatina2",2025-12-11,Dr. Javier Fernandez,Centro Medico Barcelona
FARM_ESP_2025_000917,marta fernandez lopez,"orlistat3,metformina3",2025-04-13,Dra. Lucia Garcia,Hospital Central Espana
