left_index,right_index,left_id_consulta,right_id_consulta,left_id_consulta_original,right_id_consulta_original,left_record_key,right_record_key,left_name,right_name,left_dob,right_dob,left_sex,right_sex,blocking_passes,full_name_score,birth_date_score,sex_score,last_names_score,contact_score,total_score,classification
929,2750,SGM_M_ESP_2903_30,SGM_M_ESP_1704_84,SGM_M_ESP_2903_30,SGM_M_ESP_1704_84,transacciones|transacciones_espana_2023.csv|930,transacciones|transacciones_espana_2024.csv|1084,sergio gomez,sergio gomez,1995-10-07,1995-10-07,M,M,birthdate_country | birthdate_lastname_soundex_country | birthdate_name_lastname_soundex_country,1.0,1.0,1.0,0.5,0.0,0.85,manual_review_score
1997,4784,SGD_M_ESP_1409_31,SGD_M_ESP_3007_51,SGD_M_ESP_1409_31,SGD_M_ESP_3007_51,transacciones|transacciones_espana_2024.csv|331,transacciones|transacciones_espana_2025.csv|1451,sergio garcia,sergio garcia diaz,2006-02-02,2006-02-02,M,M,birthdate_country | birthdate_lastname_soundex_country | birthdate_name_lastname_soundex_country,0.9444,1.0,1.0,0.5,0.0,0.8278,manual_review_score
67,4597,MMS_M_ESP_2208_68,MMS_M_ESP_1011_64,MMS_M_ESP_2208_68,MMS_M_ESP_1011_64,transacciones|transacciones_espana_2023.csv|68,transacciones|transacciones_espana_2025.csv|1264,miguel martinez sanchez,miguel martinez,1967-01-27,1967-01-27,M,M,birthdate_country | birthdate_lastname_soundex_country | birthdate_name_lastname_soundex_country,0.9304,1.0,1.0,0.5,0.0,0.8222,manual_review_score
2920,3032,MMH_F_ESP_3107_54,MMH_F_ESP_1306_66,MMH_F_ESP_3107_54,MMH_F_ESP_1306_66,transacciones|transacciones_espana_2024.csv|1254,transacciones|transacciones_espana_2024.csv|1366,marta martin hernandez,marta martin,1957-06-03,1957-06-03,F,F,birthdate_country | birthdate_lastname_soundex_country | birthdate_name_lastname_soundex_country,0.9091,1.0,1.0,0.5,0.0,0.8136,manual_review_score
75,3032,MMH_F_ESP_2706_76,MMH_F_ESP_1306_66,MMH_F_ESP_2706_76,MMH_F_ESP_1306_66,transacciones|transacciones_espana_2023.csv|76,transacciones|transacciones_espana_2024.csv|1366,marta martin hernandez,marta martin,1957-06-03,1957-06-03,F,F,birthdate_country | birthdate_lastname_soundex_country | birthdate_name_lastname_soundex_country,0.9091,1.0,1.0,0.5,0.0,0.8136,manual_review_score
155,2494,MGF_F_ESP_2208_56,MGF_F_ESP_0403_28,MGF_F_ESP_2208_56,MGF_F_ESP_0403_28,transacciones|transacciones_espana_2023.csv|156,transacciones|transacciones_espana_2024.csv|828,marta garcia fernandez,marta garcia,1941-10-10,1941-10-10,F,F,birthdate_country | birthdate_lastname_soundex_country | birthdate_name_lastname_soundex_country,0.9091,1.0,1.0,0.5,0.0,0.8136,manual_review_score
88,4138,ISR_F_ESP_2602_89,ISR_F_ESP_0108_05,ISR_F_ESP_2602_89,ISR_F_ESP_0108_05,transacciones|transacciones_espana_2023.csv|89,transacciones|transacciones_espana_2025.csv|805,irene sachez ruiz,irene sanchez,2015-11-04,2015-11-04,F,F,birthdate_country,0.9258,1.0,1.0,0.481,0.0,0.8184,manual_review_score
145,4681,CRR_F_ESP_2207_46,CRR_F_ESP_2803_48,CRR_F_ESP_2207_46,CRR_F_ESP_2803_48,transacciones|transacciones_espana_2023.csv|146,transacciones|transacciones_espana_2025.csv|1348,carmen rodriguez rodriguez,carmen rodriguez,1974-04-03,1974-04-03,F,F,birthdate_country | birthdate_lastname_soundex_country | birthdate_name_lastname_soundex_country,0.9231,1.0,1.0,0.5,0.0,0.8192,manual_review_score
179,4371,SRG_M_ESP_2201_80,SRG_M_ESP_0402_38,SRG_M_ESP_2201_80,SRG_M_ESP_0402_38,transacciones|transacciones_espana_2023.csv|180,transacciones|transacciones_espana_2025.csv|1038,sergio ruiz garcia,sergio ruiz,2015-08-28,2015-08-28,M,M,birthdate_country | birthdate_lastname_soundex_country | birthdate_name_lastname_soundex_country,0.9222,1.0,1.0,0.5,0.0,0.8189,manual_review_score
4371,4565,SRG_M_ESP_0402_38,SRG_M_ESP_0204_32,SRG_M_ESP_0402_38,SRG_M_ESP_0204_32,transacciones|transacciones_espana_2025.csv|1038,transacciones|transacciones_espana_2025.csv|1232,sergio ruiz,sergio riz garcia,2015-08-28,2015-08-28,M,M,birthdate_country | birthdate_lastname_soundex_country | birthdate_name_lastname_soundex_country,0.8995,1.0,1.0,0.4625,0.0,0.806,manual_review_score
184,743,NLR_F_ESP_2105_85,NLR_F_ESP_2911_44,NLR_F_ESP_2105_85,NLR_F_ESP_2911_44,transacciones|transacciones_espana_2023.csv|185,transacciones|transacciones_espana_2023.csv|744,nuria lopez ruiz,nuria lopez,1972-05-11,1972-05-11,F,F,birthdate_country | birthdate_lastname_soundex_country | birthdate_name_lastname_soundex_country,0.9375,1.0,1.0,0.5,0.0,0.825,manual_review_score
743,1594,NLR_F_ESP_2911_44,NLR_F_ESP_0810_95,NLR_F_ESP_2911_44,NLR_F_ESP_0810_95,transacciones|transacciones_espana_2023.csv|744,transacciones|transacciones_espana_2023.csv|1595,nuria lopez,nuria lopez ruiz,1972-05-11,1972-05-11,F,F,birthdate_country | birthdate_lastname_soundex_country | birthdate_name_lastname_soundex_country,0.9375,1.0,1.0,0.5,0.0,0.825,manual_review_score
550,2296,MGR_M_ESP_2904_51,MGR_M_ESP_1602_30,MGR_M_ESP_2904_51,MGR_M_ESP_1602_30,transacciones|transacciones_espana_2023.csv|551,transacciones|transacciones_espana_2024.csv|630,manuel garcia rodriguez,manuel garcia,1936-07-02,1936-07-02,M,M,birthdate_country | birthdate_lastname_soundex_country | birthdate_name_lastname_soundex_country,0.913,1.0,1.0,0.5,0.0,0.8152,manual_review_score
2296,4644,MGR_M_ESP_1602_30,MGR_M_ESP_2604_11,MGR_M_ESP_1602_30,MGR_M_ESP_2604_11,transacciones|transacciones_espana_2024.csv|630,transacciones|transacciones_espana_2025.csv|1311,manuel garcia,manuel garcia rodriguez,1936-07-02,1936-07-02,M,M,birthdate_country | birthdate_lastname_soundex_country | birthdate_name_lastname_soundex_country,0.913,1.0,1.0,0.5,0.0,0.8152,manual_review_score
199,1489,MFF_F_ESP_2212_00,MSM_F_ESP_1711_90,MFF_F_ESP_2212_00,MSM_F_ESP_1711_90,transacciones|transacciones_espana_2023.csv|200,transacciones|transacciones_espana_2023.csv|1490,maria fernandez fernandez,marta sanchez martin,2005-05-25,2005-05-25,F,F,birthdate_country,0.7345,1.0,1.0,0.5443,0.0,0.7482,manual_review_score
199,2680,MFF_F_ESP_2212_00,MSM_F_ESP_0510_14,MFF_F_ESP_2212_00,MSM_F_ESP_0510_14,transacciones|transacciones_espana_2023.csv|200,transacciones|transacciones_espana_2024.csv|1014,maria fernandez fernandez,marta sanchez martin,2005-05-25,2005-05-25,F,F,birthdate_country,0.7345,1.0,1.0,0.5443,0.0,0.7482,manual_review_score
199,4791,MFF_F_ESP_2212_00,MSM_F_ESP_2409_58,MFF_F_ESP_2212_00,MSM_F_ESP_2409_58,transacciones|transacciones_espana_2023.csv|200,transacciones|transacciones_espana_2025.csv|1458,maria fernandez fernandez,marta sanchez martin,2005-05-25,2005-05-25,F,F,birthdate_country,0.7345,1.0,1.0,0.5443,0.0,0.7482,manual_review_score
199,2142,MFF_F_ESP_2212_00,MSM_F_ESP_2410_76,MFF_F_ESP_2212_00,MSM_F_ESP_2410_76,transacciones|transacciones_espana_2023.csv|200,transacciones|transacciones_espana_2024.csv|476,maria fernandez fernandez,marta sanchez martin,2005-05-25,2005-05-25,F,F,birthdate_country,0.7345,1.0,1.0,0.5443,0.0,0.7482,manual_review_score
205,649,MRL_F_ESP_0111_06,MLR_F_ESP_1205_50,MRL_F_ESP_0111_06,MLR_F_ESP_1205_50,transacciones|transacciones_espana_2023.csv|206,transacciones|transacciones_espana_2023.csv|650,marta ruiz lopez,maria lopez rodriguez,1972-02-14,1972-02-14,F,F,birthdate_country,0.8097,1.0,1.0,0.4602,0.0,0.7699,manual_review_score
649,2404,MLR_F_ESP_1205_50,MRL_F_ESP_2402_38,MLR_F_ESP_1205_50,MRL_F_ESP_2402_38,transacciones|transacciones_espana_2023.csv|650,transacciones|transacciones_espana_2024.csv|738,maria lopez rodriguez,marta ruiz lopez,1972-02-14,1972-02-14,F,F,birthdate_country,0.8097,1.0,1.0,0.4602,0.0,0.7699,manual_review_score
649,3239,MLR_F_ESP_1205_50,MRL_F_ESP_0205_73,MLR_F_ESP_1205_50,MRL_F_ESP_0205_73,transacciones|transacciones_espana_2023.csv|650,transacciones|transacciones_espana_2024.csv|1573,maria lopez rodriguez,marta ruiz lopez,1972-02-14,1972-02-14,F,F,birthdate_country,0.8097,1.0,1.0,0.4602,0.0,0.7699,manual_review_score
649,4994,MLR_F_ESP_1205_50,MRL_F_ESP_2507_61,MLR_F_ESP_1205_50,MRL_F_ESP_2507_61,transacciones|transacciones_espana_2023.csv|650,transacciones|transacciones_espana_2025.csv|1661,maria lopez rodriguez,marta ruiz lopez,1972-02-14,1972-02-14,F,F,birthdate_country,0.8097,1.0,1.0,0.4602,0.0,0.7699,manual_review_score
489,676,MHR_F_ESP_2604_90,MHR_F_ESP_0309_77,MHR_F_ESP_2604_90,MHR_F_ESP_0309_77,transacciones|transacciones_espana_2023.csv|490,transacciones|transacciones_espana_2023.csv|677,maria hernandez rodriguez,maria hernandez,1951-11-16,1951-11-16,F,F,birthdate_country | birthdate_lastname_soundex_country | birthdate_name_lastname_soundex_country,0.92,1.0,1.0,0.5,0.0,0.818,manual_review_score
225,2758,MHR_F_ESP_1902_26,MHR_F_ESP_2010_92,MHR_F_ESP_1902_26,MHR_F_ESP_2010_92,transacciones|transacciones_espana_2023.csv|226,transacciones|transacciones_espana_2024.csv|1092,maria hernandez rodriguez,maria hernandez,1951-11-16,1951-11-16,F,F,birthdate_country | birthdate_lastname_soundex_country | birthdate_name_lastname_soundex_country,0.92,1.0,1.0,0.5,0.0,0.818,manual_review_score
676,2758,MHR_F_ESP_0309_77,MHR_F_ESP_2010_92,MHR_F_ESP_0309_77,MHR_F_ESP_2010_92,transacciones|transacciones_espana_2023.csv|677,transacciones|transacciones_espana_2024.csv|1092,maria hernandez,maria hernandez,1951-11-16,1951-11-16,F,F,birthdate_country | birthdate_lastname_soundex_country | birthdate_name_lastname_soundex_country,1.0,1.0,1.0,0.5,0.0,0.85,manual_review_score
252,4532,PPR_M_ESP_0410_53,PPR_M_ESP_2411_99,PPR_M_ESP_0410_53,PPR_M_ESP_2411_99,transacciones|transacciones_espana_2023.csv|253,transacciones|transacciones_espana_2025.csv|1199,pablo perez,pablo perez rodriguez,1978-05-26,1978-05-26,M,M,birthdate_country | birthdate_lastname_soundex_country | birthdate_name_lastname_soundex_country,0.9048,1.0,1.0,0.5,0.0,0.8119,manual_review_score
1930,4807,JDR_M_ESP_1611_64,JDR_M_ESP_1804_74,JDR_M_ESP_1611_64,JDR_M_ESP_1804_74,transacciones|transacciones_espana_2024.csv|264,transacciones|transacciones_espana_2025.csv|1474,javier diaz,javier diaz ruiz,1945-08-27,1945-08-27,M,M,birthdate_country | birthdate_lastname_soundex_country | birthdate_name_lastname_soundex_country,0.9375,1.0,1.0,0.5,0.0,0.825,manual_review_score
1930,4173,JDR_M_ESP_1611_64,JDR_M_ESP_1307_40,JDR_M_ESP_1611_64,JDR_M_ESP_1307_40,transacciones|transacciones_espana_2024.csv|264,transacciones|transacciones_espana_2025.csv|840,javier diaz,javier diaz ruiz,1945-08-27,1945-08-27,M,M,birthdate_country | birthdate_lastname_soundex_country | birthdate_name_lastname_soundex_country,0.9375,1.0,1.0,0.5,0.0,0.825,manual_review_score
291,3702,ALS_M_ESP_2707_92,ALD_M_ESP_0303_69,ALS_M_ESP_2707_92,ALD_M_ESP_0303_69,transacciones|transacciones_espana_2023.csv|292,transacciones|transacciones_espana_2025.csv|369,alejandro lopez sanchez,alejandro lopez,1956-07-10,1956-07-10,M,M,birthdate_country | birthdate_lastname_soundex_country | birthdate_name_lastname_soundex_country,0.9304,1.0,1.0,0.5,0.0,0.8222,manual_review_score
293,4914,DPG_M_ESP_2610_94,DPG_M_ESP_0509_81,DPG_M_ESP_2610_94,DPG_M_ESP_0509_81,transacciones|transacciones_espana_2023.csv|294,transacciones|transacciones_espana_2025.csv|1581,daniel peez garcia,daniel perez garcia,1949-03-02,1949-03-02,M,M,birthdate_country,0.9561,1.0,1.0,0.9733,0.0,0.8798,manual_review_score
293,4078,DPG_M_ESP_2610_94,DPG_M_ESP_2811_45,DPG_M_ESP_2610_94,DPG_M_ESP_2811_45,transacciones|transacciones_espana_2023.csv|294,transacciones|transacciones_espana_2025.csv|745,daniel peez garcia,daniel perez garcia,1949-03-02,1949-03-02,M,M,birthdate_country,0.9561,1.0,1.0,0.9733,0.0,0.8798,manual_review_score
295,3021,MMH_F_ESP_0503_96,MMH_F_ESP_0304_55,MMH_F_ESP_0503_96,MMH_F_ESP_0304_55,transacciones|transacciones_espana_2023.csv|296,transacciones|transacciones_espana_2024.csv|1355,maria martin,maria martin hernandez,1972-02-20,1972-02-20,F,F,birthdate_country | birthdate_lastname_soundex_country | birthdate_name_lastname_soundex_country,0.9091,1.0,1.0,0.5,0.0,0.8136,manual_review_score
299,476,DSP_M_ESP_3103_00,DSP_M_ESP_1105_77,DSP_M_ESP_3103_00,DSP_M_ESP_1105_77,transacciones|transacciones_espana_2023.csv|300,transacciones|transacciones_espana_2023.csv|477,daniel sanchez perez,daniel sanchez,1962-07-05,1962-07-05,M,M,birthdate_country | birthdate_lastname_soundex_country | birthdate_name_lastname_soundex_country,0.94,1.0,1.0,0.5,0.0,0.826,manual_review_score
301,4025,MRF_F_ESP_0407_02,SRP_F_ESP_2304_92,MRF_F_ESP_0407_02,SRP_F_ESP_2304_92,transacciones|transacciones_espana_2023.csv|302,transacciones|transacciones_espana_2025.csv|692,marta rodriguez fernandez,sara ruiz perez,1982-10-07,1982-10-07,F,F,birthdate_country,0.7443,1.0,1.0,0.5787,0.0,0.7556,manual_review_score
3528,3798,MRF_F_ESP_2601_95,SRP_F_ESP_0804_65,MRF_F_ESP_2601_95,SRP_F_ESP_0804_65,transacciones|transacciones_espana_2025.csv|195,transacciones|transacciones_espana_2025.csv|465,marta rodriguez fernandez,sara ruiz perez,1982-10-07,1982-10-07,F,F,birthdate_country,0.7443,1.0,1.0,0.5787,0.0,0.7556,manual_review_score
3528,4025,MRF_F_ESP_2601_95,SRP_F_ESP_2304_92,MRF_F_ESP_2601_95,SRP_F_ESP_2304_92,transacciones|transacciones_espana_2025.csv|195,transacciones|transacciones_espana_2025.csv|692,marta rodriguez fernandez,sara ruiz perez,1982-10-07,1982-10-07,F,F,birthdate_country,0.7443,1.0,1.0,0.5787,0.0,0.7556,manual_review_score
301,3798,MRF_F_ESP_0407_02,SRP_F_ESP_0804_65,MRF_F_ESP_0407_02,SRP_F_ESP_0804_65,transacciones|transacciones_espana_2023.csv|302,transacciones|transacciones_espana_2025.csv|465,marta rodriguez fernandez,sara ruiz perez,1982-10-07,1982-10-07,F,F,birthdate_country,0.7443,1.0,1.0,0.5787,0.0,0.7556,manual_review_score
989,2391,MPS_M_ESP_1406_90,MPS_M_ESP_2011_25,MPS_M_ESP_1406_90,MPS_M_ESP_2011_25,transacciones|transacciones_espana_2023.csv|990,transacciones|transacciones_espana_2024.csv|725,miguel prez sanchez,miguel perez sanchez,1992-06-22,1992-06-22,M,M,birthdate_country | birthdate_lastname_soundex_country | birthdate_name_lastname_soundex_country,0.9374,1.0,1.0,0.9325,0.0,0.8682,manual_review_score
1733,4755,SGF_F_ESP_1412_67,SGF_F_ESP_2702_22,SGF_F_ESP_1412_67,SGF_F_ESP_2702_22,transacciones|transacciones_espana_2024.csv|67,transacciones|transacciones_espana_2025.csv|1422,sara gomez fernandez,sara gomez,1940-01-26,1940-01-26,F,F,birthdate_country | birthdate_lastname_soundex_country | birthdate_name_lastname_soundex_country,0.9,1.0,1.0,0.5,0.0,0.81,manual_review_score
379,4755,SGF_F_ESP_1807_80,SGF_F_ESP_2702_22,SGF_F_ESP_1807_80,SGF_F_ESP_2702_22,transacciones|transacciones_espana_2023.csv|380,transacciones|transacciones_espana_2025.csv|1422,sara gomez fernandez,sara gomez,1940-01-26,1940-01-26,F,F,birthdate_country | birthdate_lastname_soundex_country | birthdate_name_lastname_soundex_country,0.9,1.0,1.0,0.5,0.0,0.81,manual_review_score
1131,4755,SGF_F_ESP_0908_32,SGF_F_ESP_2702_22,SGF_F_ESP_0908_32,SGF_F_ESP_2702_22,transacciones|transacciones_espana_2023.csv|1132,transacciones|transacciones_espana_2025.csv|1422,sara gomez fernandez,sara gomez,1940-01-26,1940-01-26,F,F,birthdate_country | birthdate_lastname_soundex_country | birthdate_name_lastname_soundex_country,0.9,1.0,1.0,0.5,0.0,0.81,manual_review_score
389,3513,ARG_M_ESP_0112_90,ARG_M_ESP_1105_80,ARG_M_ESP_0112_90,ARG_M_ESP_1105_80,transacciones|transacciones_espana_2023.csv|390,transacciones|transacciones_espana_2025.csv|180,alejandro ruiz,alejandro ruiz gomez,1953-01-22,1953-01-22,M,M,birthdate_country | birthdate_lastname_soundex_country | birthdate_name_lastname_soundex_country,0.94,1.0,1.0,0.5,0.0,0.826,manual_review_score
405,3727,JDG_M_ESP_0805_06,JDG_M_ESP_3011_94,JDG_M_ESP_0805_06,JDG_M_ESP_3011_94,transacciones|transacciones_espana_2023.csv|406,transacciones|transacciones_espana_2025.csv|394,javier diaz,javier diaz gomez,2002-04-21,2002-04-21,M,M,birthdate_country | birthdate_lastname_soundex_country | birthdate_name_lastname_soundex_country,0.9294,1.0,1.0,0.5,0.0,0.8218,manual_review_score
407,4667,MGS_M_ESP_1902_08,MGS_M_ESP_1811_34,MGS_M_ESP_1902_08,MGS_M_ESP_1811_34,transacciones|transacciones_espana_2023.csv|408,transacciones|transacciones_espana_2025.csv|1334,miguel gomez sanchez,miguel gomz sanchez,1986-03-20,1986-03-20,M,M,birthdate_country | birthdate_lastname_soundex_country | birthdate_name_lastname_soundex_country,0.9479,1.0,1.0,0.9767,0.0,0.8768,manual_review_score
408,2154,MHR_M_ESP_2412_09,MGJ_M_ESP_1806_88,MHR_M_ESP_2412_09,MGJ_M_ESP_1806_88,transacciones|transacciones_espana_2023.csv|409,transacciones|transacciones_espana_2024.csv|488,manuel hernandez ruiz,manuel gomez jimenez,1961-12-21,1961-12-21,M,M,birthdate_country,0.8448,1.0,1.0,0.4507,0.0,0.783,manual_review_score
408,4290,MHR_M_ESP_2412_09,MGJ_M_ESP_1409_57,MHR_M_ESP_2412_09,MGJ_M_ESP_1409_57,transacciones|transacciones_espana_2023.csv|409,transacciones|transacciones_espana_2025.csv|957,manuel hernandez ruiz,manuel gomez jimenez,1961-12-21,1961-12-21,M,M,birthdate_country,0.8448,1.0,1.0,0.4507,0.0,0.783,manual_review_score
408,2468,MHR_M_ESP_2412_09,MGJ_M_ESP_2608_02,MHR_M_ESP_2412_09,MGJ_M_ESP_2608_02,transacciones|transacciones_espana_2023.csv|409,transacciones|transacciones_espana_2024.csv|802,manuel hernandez ruiz,manuel gomez jimenez,1961-12-21,1961-12-21,M,M,birthdate_country,0.8448,1.0,1.0,0.4507,0.0,0.783,manual_review_score
408,4897,MHR_M_ESP_2412_09,MGJ_M_ESP_2406_64,MHR_M_ESP_2412_09,MGJ_M_ESP_2406_64,transacciones|transacciones_espana_2023.csv|409,transacciones|transacciones_espana_2025.csv|1564,manuel hernandez ruiz,manuel gomez jimenez,1961-12-21,1961-12-21,M,M,birthdate_country,0.8448,1.0,1.0,0.4507,0.0,0.783,manual_review_score
408,1287,MHR_M_ESP_2412_09,MGJ_M_ESP_0211_88,MHR_M_ESP_2412_09,MGJ_M_ESP_0211_88,transacciones|transacciones_espana_2023.csv|409,transacciones|transacciones_espana_2023.csv|1288,manuel hernandez ruiz,manuel gomez jimenez,1961-12-21,1961-12-21,M,M,birthdate_country,0.8448,1.0,1.0,0.4507,0.0,0.783,manual_review_score
3364,4004,APR_M_ESP_0710_31,APR_M_ESP_2804_71,APR_M_ESP_0710_31,APR_M_ESP_2804_71,transacciones|transacciones_espana_2025.csv|31,transacciones|transacciones_espana_2025.csv|671,antonio perez,antonio perez ruiz,1958-06-05,1958-06-05,M,M,birthdate_country | birthdate_lastname_soundex_country | birthdate_name_lastname_soundex_country,0.9444,1.0,1.0,0.5,0.0,0.8278,manual_review_score
445,3353,PSJ_M_ESP_2812_46,PSJ_M_ESP_0308_20,PSJ_M_ESP_2812_46,PSJ_M_ESP_0308_20,transacciones|transacciones_espana_2023.csv|446,transacciones|transacciones_espana_2025.csv|20,pablo sanchez,pablo sanchez jimenez,2002-11-03,2002-11-03,M,M,birthdate_country | birthdate_lastname_soundex_country | birthdate_name_lastname_soundex_country,0.9238,1.0,1.0,0.5,0.0,0.8195,manual_review_score
446,3248,MLL_M_ESP_2611_47,MLL_M_ESP_0705_82,MLL_M_ESP_2611_47,MLL_M_ESP_0705_82,transacciones|transacciones_espana_2023.csv|447,transacciones|transacciones_espana_2024.csv|1582,manuel lopez lopez,manuel lpez lopez,1949-03-29,1949-03-29,M,M,birthdate_country | birthdate_lastname_soundex_country | birthdate_name_lastname_soundex_country,0.9536,1.0,1.0,0.97,0.0,0.8784,manual_review_score
460,1802,ADG_M_ESP_2402_61,ADG_M_ESP_3005_36,ADG_M_ESP_2402_61,ADG_M_ESP_3005_36,transacciones|transacciones_espana_2023.csv|461,transacciones|transacciones_espana_2024.csv|136,alvaro diaz gomez,alvaro diaz,1960-11-16,1960-11-16,M,M,birthdate_country | birthdate_lastname_soundex_country | birthdate_name_lastname_soundex_country,0.9294,1.0,1.0,0.5,0.0,0.8218,manual_review_score
573,873,JGG_M_ESP_2710_74,JGG_M_ESP_1910_74,JGG_M_ESP_2710_74,JGG_M_ESP_1910_74,transacciones|transacciones_espana_2023.csv|574,transacciones|transacciones_espana_2023.csv|874,javier gomez,javier gomez gomez,1998-02-23,1998-02-23,M,M,birthdate_country | birthdate_lastname_soundex_country | birthdate_name_lastname_soundex_country,0.9333,1.0,1.0,0.5,0.0,0.8233,manual_review_score
3268,4230,MRJ_F_ESP_2705_02,MRJ_F_ESP_0709_97,MRJ_F_ESP_2705_02,MRJ_F_ESP_0709_97,transacciones|transacciones_espana_2024.csv|1602,transacciones|transacciones_espana_2025.csv|897,marta ruiz jimenez,marta ruiz,2006-08-16,2006-08-16,F,F,birthdate_country | birthdate_lastname_soundex_country | birthdate_name_lastname_soundex_country,0.9111,1.0,1.0,0.5,0.0,0.8144,manual_review_score
614,3016,LLF_F_ESP_2204_15,LLF_F_ESP_2504_50,LLF_F_ESP_2204_15,LLF_F_ESP_2504_50,transacciones|transacciones_espana_2023.csv|615,transacciones|transacciones_espana_2024.csv|1350,l lopez fernandez,laura lpez fernandez,1990-10-16,1990-10-16,F,F,birthdate_country | birthdate_lastname_soundex_country,0.8286,1.0,1.0,0.97,0.0,0.8284,manual_review_score
652,1070,DSM_M_ESP_2801_53,DSM_M_ESP_0710_71,DSM_M_ESP_2801_53,DSM_M_ESP_0710_71,transacciones|transacciones_espana_2023.csv|653,transacciones|transacciones_espana_2023.csv|1071,david sanchez,david sanchez martin,1945-02-23,1945-02-23,M,M,birthdate_country | birthdate_lastname_soundex_country | birthdate_name_lastname_soundex_country,0.93,1.0,1.0,0.5,0.0,0.822,manual_review_score
2134,3380,CMM_F_ESP_1603_68,CMM_F_ESP_1012_47,CMM_F_ESP_1603_68,CMM_F_ESP_1012_47,transacciones|transacciones_espana_2024.csv|468,transacciones|transacciones_espana_2025.csv|47,carmen martin,carmen martin martinez,1967-01-02,1967-01-02,F,F,birthdate_country | birthdate_lastname_soundex_country | birthdate_name_lastname_soundex_country,0.9182,1.0,1.0,0.5,0.0,0.8173,manual_review_score
2173,3314,ASD_M_ESP_1110_07,ASD_M_ESP_3012_48,ASD_M_ESP_1110_07,ASD_M_ESP_3012_48,transacciones|transacciones_espana_2024.csv|507,transacciones|transacciones_espana_2024.csv|1648,alvaro sanchez,alvaro sanchez diaz,1979-04-29,1979-04-29,M,M,birthdate_country | birthdate_lastname_soundex_country | birthdate_name_lastname_soundex_country,0.9474,1.0,1.0,0.5,0.0,0.8289,manual_review_score
1198,4386,MSH_F_ESP_0509_99,MSH_F_ESP_2808_53,MSH_F_ESP_0509_99,MSH_F_ESP_2808_53,transacciones|transacciones_espana_2023.csv|1199,transacciones|transacciones_espana_2025.csv|1053,maria sanchez hernandez,maria sanchez,1957-05-16,1957-05-16,F,F,birthdate_country | birthdate_lastname_soundex_country | birthdate_name_lastname_soundex_country,0.913,1.0,1.0,0.5,0.0,0.8152,manual_review_score
796,4386,MSH_F_ESP_2208_97,MSH_F_ESP_2808_53,MSH_F_ESP_2208_97,MSH_F_ESP_2808_53,transacciones|transacciones_espana_2023.csv|797,transacciones|transacciones_espana_2025.csv|1053,maria sanchez hernandez,maria sanchez,1957-05-16,1957-05-16,F,F,birthdate_country | birthdate_lastname_soundex_country | birthdate_name_lastname_soundex_country,0.913,1.0,1.0,0.5,0.0,0.8152,manual_review_score
856,4861,LSM_F_ESP_1007_57,LSM_F_ESP_0807_28,LSM_F_ESP_1007_57,LSM_F_ESP_0807_28,transacciones|transacciones_espana_2023.csv|857,transacciones|transacciones_espana_2025.csv|1528,lucia sanchez martinez,lucia sanchez,1940-12-30,1940-12-30,F,F,birthdate_country | birthdate_lastname_soundex_country | birthdate_name_lastname_soundex_country,0.9182,1.0,1.0,0.5,0.0,0.8173,manual_review_score
1297,3310,PPJ_F_ESP_1410_98,PPJ_F_ESP_0808_44,PPJ_F_ESP_1410_98,PPJ_F_ESP_0808_44,transacciones|transacciones_espana_2023.csv|1298,transacciones|transacciones_espana_2024.csv|1644,paula perez,paula perez jimenez,2019-07-10,2019-07-10,F,F,birthdate_country | birthdate_lastname_soundex_country | birthdate_name_lastname_soundex_country,0.9158,1.0,1.0,0.5,0.0,0.8163,manual_review_score
1725,2864,DPJ_M_ESP_1011_59,DPJ_M_ESP_1702_98,DPJ_M_ESP_1011_59,DPJ_M_ESP_1702_98,transacciones|transacciones_espana_2024.csv|59,transacciones|transacciones_espana_2024.csv|1198,d perez jimenez,daniel peez jimenez,1965-08-14,1965-08-14,M,M,birthdate_country,0.7725,1.0,1.0,0.9733,0.0,0.8063,manual_review_score
1004,1963,CGD_F_ESP_2804_05,CGD_F_ESP_2410_97,CGD_F_ESP_2804_05,CGD_F_ESP_2410_97,transacciones|transacciones_espana_2023.csv|1005,transacciones|transacciones_espana_2024.csv|297,carmen gomez,carmen gomez diaz,2012-10-02,2012-10-02,F,F,birthdate_country | birthdate_lastname_soundex_country | birthdate_name_lastname_soundex_country,0.9412,1.0,1.0,0.5,0.0,0.8265,manual_review_score
2613,3140,NRH_F_ESP_2906_47,CRG_F_ESP_2902_74,NRH_F_ESP_2906_47,CRG_F_ESP_2902_74,transacciones|transacciones_espana_2024.csv|947,transacciones|transacciones_espana_2024.csv|1474,nuria rodriguez hernandez,claudia rodriguez gomez,1977-03-26,1977-03-26,F,F,birthdate_country | birthdate_lastname_soundex_country,0.7369,1.0,1.0,0.7185,0.0,0.7666,manual_review_score
1779,2613,CRG_F_ESP_2909_13,NRH_F_ESP_2906_47,CRG_F_ESP_2909_13,NRH_F_ESP_2906_47,transacciones|transacciones_espana_2024.csv|113,transacciones|transacciones_espana_2024.csv|947,claudia rodriguez gomez,nuria rodriguez hernandez,1977-03-26,1977-03-26,F,F,birthdate_country | birthdate_lastname_soundex_country,0.7369,1.0,1.0,0.7185,0.0,0.7666,manual_review_score
3140,4438,CRG_F_ESP_2902_74,NRH_F_ESP_2308_05,CRG_F_ESP_2902_74,NRH_F_ESP_2308_05,transacciones|transacciones_espana_2024.csv|1474,transacciones|transacciones_espana_2025.csv|1105,claudia rodriguez gomez,nuria rodriguez hernandez,1977-03-26,1977-03-26,F,F,birthdate_country | birthdate_lastname_soundex_country,0.7369,1.0,1.0,0.7185,0.0,0.7666,manual_review_score
1779,4438,CRG_F_ESP_2909_13,NRH_F_ESP_2308_05,CRG_F_ESP_2909_13,NRH_F_ESP_2308_05,transacciones|transacciones_espana_2024.csv|113,transacciones|transacciones_espana_2025.csv|1105,claudia rodriguez gomez,nuria rodriguez hernandez,1977-03-26,1977-03-26,F,F,birthdate_country | birthdate_lastname_soundex_country,0.7369,1.0,1.0,0.7185,0.0,0.7666,manual_review_score
1120,3140,NRH_F_ESP_0910_21,CRG_F_ESP_2902_74,NRH_F_ESP_0910_21,CRG_F_ESP_2902_74,transacciones|transacciones_espana_2023.csv|1121,transacciones|transacciones_espana_2024.csv|1474,nuria rodriguez hernandez,claudia rodriguez gomez,1977-03-26,1977-03-26,F,F,birthdate_country | birthdate_lastname_soundex_country,0.7369,1.0,1.0,0.7185,0.0,0.7666,manual_review_score
1779,3231,CRG_F_ESP_2909_13,NRH_F_ESP_1405_65,CRG_F_ESP_2909_13,NRH_F_ESP_1405_65,transacciones|transacciones_espana_2024.csv|113,transacciones|transacciones_espana_2024.csv|1565,claudia rodriguez gomez,nuria rodriguez hernandez,1977-03-26,1977-03-26,F,F,birthdate_country | birthdate_lastname_soundex_country,0.7369,1.0,1.0,0.7185,0.0,0.7666,manual_review_score
3140,3231,CRG_F_ESP_2902_74,NRH_F_ESP_1405_65,CRG_F_ESP_2902_74,NRH_F_ESP_1405_65,transacciones|transacciones_espana_2024.csv|1474,transacciones|transacciones_espana_2024.csv|1565,claudia rodriguez gomez,nuria rodriguez hernandez,1977-03-26,1977-03-26,F,F,birthdate_country | birthdate_lastname_soundex_country,0.7369,1.0,1.0,0.7185,0.0,0.7666,manual_review_score
1120,1779,NRH_F_ESP_0910_21,CRG_F_ESP_2909_13,NRH_F_ESP_0910_21,CRG_F_ESP_2909_13,transacciones|transacciones_espana_2023.csv|1121,transacciones|transacciones_espana_2024.csv|113,nuria rodriguez hernandez,claudia rodriguez gomez,1977-03-26,1977-03-26,F,F,birthdate_country | birthdate_lastname_soundex_country,0.7369,1.0,1.0,0.7185,0.0,0.7666,manual_review_score
1125,3877,ILS_F_ESP_0908_26,ILF_F_ESP_2810_44,ILS_F_ESP_0908_26,ILF_F_ESP_2810_44,transacciones|transacciones_espana_2023.csv|1126,transacciones|transacciones_espana_2025.csv|544,i lopez sanchez,isabel lopez fernandez,1981-12-23,1981-12-23,F,F,birthdate_country | birthdate_lastname_soundex_country,0.7219,1.0,1.0,0.7943,0.0,0.7682,manual_review_score
2163,3877,ILS_F_ESP_2206_97,ILF_F_ESP_2810_44,ILS_F_ESP_2206_97,ILF_F_ESP_2810_44,transacciones|transacciones_espana_2024.csv|497,transacciones|transacciones_espana_2025.csv|544,isabel lopez sanchez,isabel lopez fernandez,1981-12-23,1981-12-23,F,F,birthdate_country | birthdate_lastname_soundex_country | birthdate_name_lastname_soundex_country,0.9128,1.0,1.0,0.7943,0.0,0.8445,manual_review_score
1587,2767,DSG_M_ESP_2705_88,DSG_M_ESP_3011_01,DSG_M_ESP_2705_88,DSG_M_ESP_3011_01,transacciones|transacciones_espana_2023.csv|1588,transacciones|transacciones_espana_2024.csv|1101,daniel sanchez gomez,daniel sanchez,2024-08-18,2024-08-18,M,M,birthdate_country | birthdate_lastname_soundex_country | birthdate_name_lastname_soundex_country,0.94,1.0,1.0,0.5,0.0,0.826,manual_review_score
3475,3950,CGG_M_ESP_1603_42,CGG_M_ESP_1609_17,CGG_M_ESP_1603_42,CGG_M_ESP_1609_17,transacciones|transacciones_espana_2025.csv|142,transacciones|transacciones_espana_2025.csv|617,carlos gomez gomez,carlos gomez,1958-12-15,1958-12-15,M,M,birthdate_country | birthdate_lastname_soundex_country | birthdate_name_lastname_soundex_country,0.9333,1.0,1.0,0.5,0.0,0.8233,manual_review_score
1339,3211,MFM_M_ESP_2604_40,MFM_M_ESP_2705_45,MFM_M_ESP_2604_40,MFM_M_ESP_2705_45,transacciones|transacciones_espana_2023.csv|1340,transacciones|transacciones_espana_2024.csv|1545,manuel fernandez martinez,manuel fernandez,1983-05-27,1983-05-27,M,M,birthdate_country | birthdate_lastname_soundex_country | birthdate_name_lastname_soundex_country,0.928,1.0,1.0,0.5,0.0,0.8212,manual_review_score
1355,3341,CGF_F_ESP_0704_56,CGF_F_ESP_0708_08,CGF_F_ESP_0704_56,CGF_F_ESP_0708_08,transacciones|transacciones_espana_2023.csv|1356,transacciones|transacciones_espana_2025.csv|8,claudia gomez,claudia gomez fernandez,1984-08-01,1984-08-01,F,F,birthdate_country | birthdate_lastname_soundex_country | birthdate_name_lastname_soundex_country,0.913,1.0,1.0,0.5,0.0,0.8152,manual_review_score
1394,3773,DFL_M_ESP_0209_95,DFL_M_ESP_0509_40,DFL_M_ESP_0209_95,DFL_M_ESP_0509_40,transacciones|transacciones_espana_2023.csv|1395,transacciones|transacciones_espana_2025.csv|440,daniel fernandez,daniel fernandez lopez,1952-03-23,1952-03-23,M,M,birthdate_country | birthdate_lastname_soundex_country | birthdate_name_lastname_soundex_country,0.9455,1.0,1.0,0.5,0.0,0.8282,manual_review_score
1767,3191,CSJ_F_ESP_1712_01,CSJ_F_ESP_1001_25,CSJ_F_ESP_1712_01,CSJ_F_ESP_1001_25,transacciones|transacciones_espana_2024.csv|101,transacciones|transacciones_espana_2024.csv|1525,carmen sanchez jimenez,carmen sanchez,1965-08-21,1965-08-21,F,F,birthdate_country | birthdate_lastname_soundex_country | birthdate_name_lastname_soundex_country,0.9273,1.0,1.0,0.5,0.0,0.8209,manual_review_score
1432,1767,CSJ_F_ESP_0912_33,CSJ_F_ESP_1712_01,CSJ_F_ESP_0912_33,CSJ_F_ESP_1712_01,transacciones|transacciones_espana_2023.csv|1433,transacciones|transacciones_espana_2024.csv|101,carmen sanchez,carmen sanchez jimenez,1965-08-21,1965-08-21,F,F,birthdate_country | birthdate_lastname_soundex_country | birthdate_name_lastname_soundex_country,0.9273,1.0,1.0,0.5,0.0,0.8209,manual_review_score
1438,1917,MLG_M_ESP_0809_39,MLG_M_ESP_0208_51,MLG_M_ESP_0809_39,MLG_M_ESP_0208_51,transacciones|transacciones_espana_2023.csv|1439,transacciones|transacciones_espana_2024.csv|251,miguel lopez,miguel lopez garcia,1958-11-28,1958-11-28,M,M,birthdate_country | birthdate_lastname_soundex_country | birthdate_name_lastname_soundex_country,0.9263,1.0,1.0,0.5,0.0,0.8205,manual_review_score
1483,4235,PMR_F_ESP_2105_84,PMR_F_ESP_2810_02,PMR_F_ESP_2105_84,PMR_F_ESP_2810_02,transacciones|transacciones_espana_2023.csv|1484,transacciones|transacciones_espana_2025.csv|902,paula martinez,paula martinez ruiz,1941-08-26,1941-08-26,F,F,birthdate_country | birthdate_lastname_soundex_country | birthdate_name_lastname_soundex_country,0.9474,1.0,1.0,0.5,0.0,0.8289,manual_review_score
2019,3249,CHP_F_ESP_2108_53,CHP_F_ESP_1007_83,CHP_F_ESP_2108_53,CHP_F_ESP_1007_83,transacciones|transacciones_espana_2024.csv|353,transacciones|transacciones_espana_2024.csv|1583,carmen hernandez,c hernandez perez,1940-02-20,1940-02-20,F,F,birthdate_country | birthdate_lastname_soundex_country,0.7578,1.0,1.0,0.5,0.0,0.7531,manual_review_score
2019,3315,CHP_F_ESP_2108_53,CHP_F_ESP_0712_49,CHP_F_ESP_2108_53,CHP_F_ESP_0712_49,transacciones|transacciones_espana_2024.csv|353,transacciones|transacciones_espana_2024.csv|1649,carmen hernandez,carmen hernandez perez,1940-02-20,1940-02-20,F,F,birthdate_country | birthdate_lastname_soundex_country | birthdate_name_lastname_soundex_country,0.9455,1.0,1.0,0.5,0.0,0.8282,manual_review_score
1566,2257,JLJ_M_ESP_0405_67,JLJ_M_ESP_1902_91,JLJ_M_ESP_0405_67,JLJ_M_ESP_1902_91,transacciones|transacciones_espana_2023.csv|1567,transacciones|transacciones_espana_2024.csv|591,javier lopez,javier lopez jimenez,1972-03-27,1972-03-27,M,M,birthdate_country | birthdate_lastname_soundex_country | birthdate_name_lastname_soundex_country,0.92,1.0,1.0,0.5,0.0,0.818,manual_review_score
1586,4475,SPG_F_ESP_1204_87,SPG_F_ESP_0401_42,SPG_F_ESP_1204_87,SPG_F_ESP_0401_42,transacciones|transacciones_espana_2023.csv|1587,transacciones|transacciones_espana_2025.csv|1142,sara perez gomez,sara perez,1976-04-05,1976-04-05,F,F,birthdate_country | birthdate_lastname_soundex_country | birthdate_name_lastname_soundex_country,0.925,1.0,1.0,0.5,0.0,0.82,manual_review_score
1603,3865,DSH_M_ESP_2508_04,DSH_M_ESP_2008_32,DSH_M_ESP_2508_04,DSH_M_ESP_2008_32,transacciones|transacciones_espana_2023.csv|1604,transacciones|transacciones_espana_2025.csv|532,d sanchez hernandez,daniel snchez hernandez,1990-10-03,1990-10-03,M,M,birthdate_country | birthdate_lastname_soundex_country,0.8215,1.0,1.0,0.9786,0.0,0.8265,manual_review_score
1610,4947,SMJ_M_ESP_0608_11,CFJ_M_ESP_0805_14,SMJ_M_ESP_0608_11,CFJ_M_ESP_0805_14,transacciones|transacciones_espana_2023.csv|1611,transacciones|transacciones_espana_2025.csv|1614,sergio martin jimenez,carlos fernandez jimenez,1972-10-04,1972-10-04,M,M,birthdate_country,0.6845,1.0,1.0,0.75,0.0,0.7488,manual_review_score
1614,1699,RGG_M_ESP_0511_15,RLG_M_ESP_0403_33,RGG_M_ESP_0511_15,RLG_M_ESP_0403_33,transacciones|transacciones_espana_2023.csv|1615,transacciones|transacciones_espana_2024.csv|33,rafael gomez gomez,rafael lopez gomez,1944-08-12,1944-08-12,M,M,birthdate_country,0.9181,1.0,1.0,0.8667,0.0,0.8539,manual_review_score
1614,3433,RGG_M_ESP_0511_15,RLG_M_ESP_1511_00,RGG_M_ESP_0511_15,RLG_M_ESP_1511_00,transacciones|transacciones_espana_2023.csv|1615,transacciones|transacciones_espana_2025.csv|100,rafael gomez gomez,rafael lopez,1944-08-12,1944-08-12,M,M,birthdate_country,0.8778,1.0,1.0,0.3667,0.0,0.7878,manual_review_score
3433,3823,RLG_M_ESP_1511_00,RGG_M_ESP_0408_90,RLG_M_ESP_1511_00,RGG_M_ESP_0408_90,transacciones|transacciones_espana_2025.csv|100,transacciones|transacciones_espana_2025.csv|490,rafael lopez,rafael gomez gomez,1944-08-12,1944-08-12,M,M,birthdate_country,0.8778,1.0,1.0,0.3667,0.0,0.7878,manual_review_score
1699,3823,RLG_M_ESP_0403_33,RGG_M_ESP_0408_90,RLG_M_ESP_0403_33,RGG_M_ESP_0408_90,transacciones|transacciones_espana_2024.csv|33,transacciones|transacciones_espana_2025.csv|490,rafael lopez gomez,rafael gomez gomez,1944-08-12,1944-08-12,M,M,birthdate_country,0.9181,1.0,1.0,0.8667,0.0,0.8539,manual_review_score
1681,3767,APG_M_ESP_3009_15,APG_M_ESP_0809_34,APG_M_ESP_3009_15,APG_M_ESP_0809_34,transacciones|transacciones_espana_2024.csv|15,transacciones|transacciones_espana_2025.csv|434,alvaro perez,alvaro perez gomez,1954-03-09,1954-03-09,M,M,birthdate_country | birthdate_lastname_soundex_country | birthdate_name_lastname_soundex_country,0.9333,1.0,1.0,0.5,0.0,0.8233,manual_review_score
1741,4669,CLM_F_ESP_0602_75,CLM_F_ESP_2105_36,CLM_F_ESP_0602_75,CLM_F_ESP_2105_36,transacciones|transacciones_espana_2024.csv|75,transacciones|transacciones_espana_2025.csv|1336,claudia lopez,claudia lopez martin,1942-07-19,1942-07-19,F,F,birthdate_country | birthdate_lastname_soundex_country | birthdate_name_lastname_soundex_country,0.93,1.0,1.0,0.5,0.0,0.822,manual_review_score
1776,2729,MRS_F_ESP_0301_10,MRS_F_ESP_1708_63,MRS_F_ESP_0301_10,MRS_F_ESP_1708_63,transacciones|transacciones_espana_2024.csv|110,transacciones|transacciones_espana_2024.csv|1063,marta ruiz,marta ruiz sanchez,2024-06-11,2024-06-11,F,F,birthdate_country | birthdate_lastname_soundex_country | birthdate_name_lastname_soundex_country,0.9111,1.0,1.0,0.5,0.0,0.8144,manual_review_score
1776,2010,MRS_F_ESP_0301_10,MRS_F_ESP_1103_44,MRS_F_ESP_0301_10,MRS_F_ESP_1103_44,transacciones|transacciones_espana_2024.csv|110,transacciones|transacciones_espana_2024.csv|344,marta ruiz,marta ruiz sanchez,2024-06-11,2024-06-11,F,F,birthdate_country | birthdate_lastname_soundex_country | birthdate_name_lastname_soundex_country,0.9111,1.0,1.0,0.5,0.0,0.8144,manual_review_score
1824,2161,NLP_F_ESP_0104_58,NLP_F_ESP_1504_95,NLP_F_ESP_0104_58,NLP_F_ESP_1504_95,transacciones|transacciones_espana_2024.csv|158,transacciones|transacciones_espana_2024.csv|495,nuria lopez,nuria lopez perez,1974-04-28,1974-04-28,F,F,birthdate_country | birthdate_lastname_soundex_country | birthdate_name_lastname_soundex_country,0.9294,1.0,1.0,0.5,0.0,0.8218,manual_review_score
1852,2341,CFM_M_ESP_1401_86,CFM_M_ESP_2112_75,CFM_M_ESP_1401_86,CFM_M_ESP_2112_75,transacciones|transacciones_espana_2024.csv|186,transacciones|transacciones_espana_2024.csv|675,carlos fernandez,carlos fernandez martinez,2009-09-28,2009-09-28,M,M,birthdate_country | birthdate_lastname_soundex_country | birthdate_name_lastname_soundex_country,0.928,1.0,1.0,0.5,0.0,0.8212,manual_review_score
1932,2944,NLS_F_ESP_0801_66,NLS_F_ESP_1701_78,NLS_F_ESP_0801_66,NLS_F_ESP_1701_78,transacciones|transacciones_espana_2024.csv|266,transacciones|transacciones_espana_2024.csv|1278,nuria lopez sanchez,nuria lopz sanchez,1975-08-12,1975-08-12,F,F,birthdate_country | birthdate_lastname_soundex_country | birthdate_name_lastname_soundex_country,0.945,1.0,1.0,0.9767,0.0,0.8757,manual_review_score
1938,2032,CGG_F_ESP_0205_72,CGG_F_ESP_1603_66,CGG_F_ESP_0205_72,CGG_F_ESP_1603_66,transacciones|transacciones_espana_2024.csv|272,transacciones|transacciones_espana_2024.csv|366,carmen gomez,carmen gomez garcia,2023-01-22,2023-01-22,F,F,birthdate_country | birthdate_lastname_soundex_country | birthdate_name_lastname_soundex_country,0.9263,1.0,1.0,0.5,0.0,0.8205,manual_review_score
2079,4175,CPS_M_ESP_2012_13,CPS_M_ESP_2912_42,CPS_M_ESP_2012_13,CPS_M_ESP_2912_42,transacciones|transacciones_espana_2024.csv|413,transacciones|transacciones_espana_2025.csv|842,carlos perez sanchez,carlos perez,2002-02-02,2002-02-02,M,M,birthdate_country | birthdate_lastname_soundex_country | birthdate_name_lastname_soundex_country,0.92,1.0,1.0,0.5,0.0,0.818,manual_review_score
2294,4183,ALD_M_ESP_0401_28,ALS_M_ESP_0303_50,ALD_M_ESP_0401_28,ALS_M_ESP_0303_50,transacciones|transacciones_espana_2024.csv|628,transacciones|transacciones_espana_2025.csv|850,alejandro lopez diaz,alejandro lopez,2011-10-14,2011-10-14,M,M,birthdate_country | birthdate_lastname_soundex_country | birthdate_name_lastname_soundex_country,0.95,1.0,1.0,0.5,0.0,0.83,manual_review_score
2358,3031,CSR_M_ESP_3108_92,CSR_M_ESP_2206_65,CSR_M_ESP_3108_92,CSR_M_ESP_2206_65,transacciones|transacciones_espana_2024.csv|692,transacciones|transacciones_espana_2024.csv|1365,carlos sanchez,carlos sanchez,1961-02-18,1961-02-18,M,M,birthdate_country | birthdate_lastname_soundex_country | birthdate_name_lastname_soundex_country,1.0,1.0,1.0,0.5,0.0,0.85,manual_review_score
4710,4764,SFF_M_ESP_1502_77,SFF_M_ESP_1411_31,SFF_M_ESP_1502_77,SFF_M_ESP_1411_31,transacciones|transacciones_espana_2025.csv|1377,transacciones|transacciones_espana_2025.csv|1431,sergio fernandez fernandez,sergio fernandez,1982-02-03,1982-02-03,M,M,birthdate_country | birthdate_lastname_soundex_country | birthdate_name_lastname_soundex_country,0.9231,1.0,1.0,0.5,0.0,0.8192,manual_review_score
3929,4131,APG_M_ESP_0606_96,APG_M_ESP_0310_98,APG_M_ESP_0606_96,APG_M_ESP_0310_98,transacciones|transacciones_espana_2025.csv|596,transacciones|transacciones_espana_2025.csv|798,alvaro perez garcia,alvaro perez,1988-10-04,1988-10-04,M,M,birthdate_country | birthdate_lastname_soundex_country | birthdate_name_lastname_soundex_country,0.9263,1.0,1.0,0.5,0.0,0.8205,manual_review_score
3811,4309,ARP_M_ESP_2906_78,ARP_M_ESP_0908_76,ARP_M_ESP_2906_78,ARP_M_ESP_0908_76,transacciones|transacciones_espana_2025.csv|478,transacciones|transacciones_espana_2025.csv|976,antonio ruiz perez,antonio ruiz,1988-03-20,1988-03-20,M,M,birthdate_country | birthdate_lastname_soundex_country | birthdate_name_lastname_soundex_country,0.9333,1.0,1.0,0.5,0.0,0.8233,manual_review_score
5374,9270,JJA_M_USA_1208_75,JWB_M_USA_0902_37,JJA_M_USA_1208_75,JWB_M_USA_0902_37,transacciones|transacciones_estados_unidos_2023.csv|375,transacciones|transacciones_estados_unidos_2025.csv|937,joseph jones anderson,joseph wilson brown,2004-11-20,2004-11-20,M,M,birthdate_country,0.8378,1.0,1.0,0.4194,0.0,0.7771,manual_review_score
7014,9270,JJA_M_USA_1006_48,JWB_M_USA_0902_37,JJA_M_USA_1006_48,JWB_M_USA_0902_37,transacciones|transacciones_estados_unidos_2024.csv|348,transacciones|transacciones_estados_unidos_2025.csv|937,joseph jones anderson,joseph wilson brown,2004-11-20,2004-11-20,M,M,birthdate_country,0.8378,1.0,1.0,0.4194,0.0,0.7771,manual_review_score
5017,9270,JJA_M_USA_0210_18,JWB_M_USA_0902_37,JJA_M_USA_0210_18,JWB_M_USA_0902_37,transacciones|transacciones_estados_unidos_2023.csv|18,transacciones|transacciones_estados_unidos_2025.csv|937,joseph jones anderson,joseph wilson brown,2004-11-20,2004-11-20,M,M,birthdate_country,0.8378,1.0,1.0,0.4194,0.0,0.7771,manual_review_score
5041,5489,CAM_M_USA_0101_42,CAM_M_USA_0608_90,CAM_M_USA_0101_42,CAM_M_USA_0608_90,transacciones|transacciones_estados_unidos_2023.csv|42,transacciones|transacciones_estados_unidos_2023.csv|490,charles anderson martinez,charles anderson,1951-11-25,1951-11-25,M,M,birthdate_country | birthdate_lastname_soundex_country | birthdate_name_lastname_soundex_country,0.928,1.0,1.0,0.5,0.0,0.8212,manual_review_score
7369,8576,SMW_F_USA_0405_03,SMW_F_USA_3001_43,SMW_F_USA_0405_03,SMW_F_USA_3001_43,transacciones|transacciones_estados_unidos_2024.csv|703,transacciones|transacciones_estados_unidos_2025.csv|243,sarah miller,sarah miller williams,2018-10-05,2018-10-05,F,F,birthdate_country | birthdate_lastname_soundex_country | birthdate_name_lastname_soundex_country,0.9143,1.0,1.0,0.5,0.0,0.8157,manual_review_score
7369,8508,SMW_F_USA_0405_03,SMW_F_USA_1702_75,SMW_F_USA_0405_03,SMW_F_USA_1702_75,transacciones|transacciones_estados_unidos_2024.csv|703,transacciones|transacciones_estados_unidos_2025.csv|175,sarah miller,sarah miller williams,2018-10-05,2018-10-05,F,F,birthdate_country | birthdate_lastname_soundex_country | birthdate_name_lastname_soundex_country,0.9143,1.0,1.0,0.5,0.0,0.8157,manual_review_score
7255,7369,SMW_F_USA_0410_89,SMW_F_USA_0405_03,SMW_F_USA_0410_89,SMW_F_USA_0405_03,transacciones|transacciones_estados_unidos_2024.csv|589,transacciones|transacciones_estados_unidos_2024.csv|703,sarah miller williams,sarah miller,2018-10-05,2018-10-05,F,F,birthdate_country | birthdate_lastname_soundex_country | birthdate_name_lastname_soundex_country,0.9143,1.0,1.0,0.5,0.0,0.8157,manual_review_score
5142,8075,RDR_M_USA_1012_43,RDR_M_USA_2706_09,RDR_M_USA_1012_43,RDR_M_USA_2706_09,transacciones|transacciones_estados_unidos_2023.csv|143,transacciones|transacciones_estados_unidos_2024.csv|1409,robert davis,robert davis rodriguez,1992-12-29,1992-12-29,M,M,birthdate_country | birthdate_lastname_soundex_country | birthdate_name_lastname_soundex_country,0.9091,1.0,1.0,0.5,0.0,0.8136,manual_review_score
5667,6426,SGM_F_USA_1811_68,SGM_F_USA_3009_27,SGM_F_USA_1811_68,SGM_F_USA_3009_27,transacciones|transacciones_estados_unidos_2023.csv|668,transacciones|transacciones_estados_unidos_2023.csv|1427,susan garcia moore,susan gacia moore,1977-01-31,1977-01-31,F,F,birthdate_country,0.9536,1.0,1.0,0.9778,0.0,0.8792,manual_review_score
5103,5528,JWM_F_USA_2903_04,JWM_F_USA_0103_29,JWM_F_USA_2903_04,JWM_F_USA_0103_29,transacciones|transacciones_estados_unidos_2023.csv|104,transacciones|transacciones_estados_unidos_2023.csv|529,jessica wilson martinez,jessica wilson,1967-11-07,1967-11-07,F,F,birthdate_country | birthdate_lastname_soundex_country | birthdate_name_lastname_soundex_country,0.9217,1.0,1.0,0.5,0.0,0.8187,manual_review_score
5101,6345,PWM_F_USA_0507_02,PWM_F_USA_0703_46,PWM_F_USA_0507_02,PWM_F_USA_0703_46,transacciones|transacciones_estados_unidos_2023.csv|102,transacciones|transacciones_estados_unidos_2023.csv|1346,patricia wilson,patricia wilson martinez,1989-06-29,1989-06-29,F,F,birthdate_country | birthdate_lastname_soundex_country | birthdate_name_lastname_soundex_country,0.925,1.0,1.0,0.5,0.0,0.82,manual_review_score
5136,7575,MWW_M_USA_2711_37,MWW_M_USA_2001_09,MWW_M_USA_2711_37,MWW_M_USA_2001_09,transacciones|transacciones_estados_unidos_2023.csv|137,transacciones|transacciones_estados_unidos_2024.csv|909,michael wilson,michael wilson wilson,1985-09-14,1985-09-14,M,M,birthdate_country | birthdate_lastname_soundex_country | birthdate_name_lastname_soundex_country,0.9333,1.0,1.0,0.5,0.0,0.8233,manual_review_score
8480,9868,NWT_F_USA_2307_47,NWT_F_USA_0610_35,NWT_F_USA_2307_47,NWT_F_USA_0610_35,transacciones|transacciones_estados_unidos_2025.csv|147,transacciones|transacciones_estados_unidos_2025.csv|1535,nancy williams,nancy williams taylor,1995-11-25,1995-11-25,F,F,birthdate_country | birthdate_lastname_soundex_country | birthdate_name_lastname_soundex_country,0.9333,1.0,1.0,0.5,0.0,0.8233,manual_review_score
7322,8480,NWT_F_USA_2105_56,NWT_F_USA_2307_47,NWT_F_USA_2105_56,NWT_F_USA_2307_47,transacciones|transacciones_estados_unidos_2024.csv|656,transacciones|transacciones_estados_unidos_2025.csv|147,nancy williams taylor,nancy williams,1995-11-25,1995-11-25,F,F,birthdate_country | birthdate_lastname_soundex_country | birthdate_name_lastname_soundex_country,0.9333,1.0,1.0,0.5,0.0,0.8233,manual_review_score
5169,9574,JTG_M_USA_3110_70,JTG_M_USA_0601_41,JTG_M_USA_3110_70,JTG_M_USA_0601_41,transacciones|transacciones_estados_unidos_2023.csv|170,transacciones|transacciones_estados_unidos_2025.csv|1241,john taylor garcia,john tylor garcia,1980-11-20,1980-11-20,M,M,birthdate_country | birthdate_lastname_soundex_country | birthdate_name_lastname_soundex_country,0.9301,1.0,1.0,0.975,0.0,0.8695,manual_review_score
5582,9671,SWR_F_USA_0707_83,SWR_F_USA_0710_38,SWR_F_USA_0707_83,SWR_F_USA_0710_38,transacciones|transacciones_estados_unidos_2023.csv|583,transacciones|transacciones_estados_unidos_2025.csv|1338,susan williams,susan williams rodriguez,2005-02-03,2005-02-03,F,F,birthdate_country | birthdate_lastname_soundex_country | birthdate_name_lastname_soundex_country,0.9167,1.0,1.0,0.5,0.0,0.8167,manual_review_score
5201,9866,SST_F_USA_2603_02,SST_F_USA_1001_33,SST_F_USA_2603_02,SST_F_USA_1001_33,transacciones|transacciones_estados_unidos_2023.csv|202,transacciones|transacciones_estados_unidos_2025.csv|1533,sarah smith,sarah smith taylor,1976-10-18,1976-10-18,F,F,birthdate_country | birthdate_lastname_soundex_country | birthdate_name_lastname_soundex_country,0.9222,1.0,1.0,0.5,0.0,0.8189,manual_review_score
8635,9554,EGM_F_USA_1001_02,EGM_F_USA_0204_21,EGM_F_USA_1001_02,EGM_F_USA_0204_21,transacciones|transacciones_estados_unidos_2025.csv|302,transacciones|transacciones_estados_unidos_2025.csv|1221,elizabeth garcia,elizabeth garcia miller,1979-09-30,1979-09-30,F,F,birthdate_country | birthdate_lastname_soundex_country | birthdate_name_lastname_soundex_country,0.9391,1.0,1.0,0.5,0.0,0.8257,manual_review_score
5776,9688,GBR_M_USA_2910_77,GBR_M_USA_2411_55,GBR_M_USA_2910_77,GBR_M_USA_2411_55,transacciones|transacciones_estados_unidos_2023.csv|777,transacciones|transacciones_estados_unidos_2025.csv|1355,george brown rodriguez,george brown,1993-03-23,1993-03-23,M,M,birthdate_country | birthdate_lastname_soundex_country | birthdate_name_lastname_soundex_country,0.9091,1.0,1.0,0.5,0.0,0.8136,manual_review_score
6367,8723,MTD_M_USA_2011_68,MTD_M_USA_1603_90,MTD_M_USA_2011_68,MTD_M_USA_1603_90,transacciones|transacciones_estados_unidos_2023.csv|1368,transacciones|transacciones_estados_unidos_2025.csv|390,michael taylor,michael taylor davis,1935-05-04,1935-05-04,M,M,birthdate_country | birthdate_lastname_soundex_country | birthdate_name_lastname_soundex_country,0.94,1.0,1.0,0.5,0.0,0.826,manual_review_score
5276,7681,DMG_M_USA_0208_77,DMG_M_USA_0211_15,DMG_M_USA_0208_77,DMG_M_USA_0211_15,transacciones|transacciones_estados_unidos_2023.csv|277,transacciones|transacciones_estados_unidos_2024.csv|1015,david miler garcia,d miller garcia,1954-07-26,1954-07-26,M,M,birthdate_country | birthdate_lastname_soundex_country,0.7848,1.0,1.0,0.9806,0.0,0.812,manual_review_score
6227,8920,LMM_F_USA_1301_28,LMD_F_USA_2109_87,LMM_F_USA_1301_28,LMD_F_USA_2109_87,transacciones|transacciones_estados_unidos_2023.csv|1228,transacciones|transacciones_estados_unidos_2025.csv|587,laura miller miller,laura martinez,1941-11-04,1941-11-04,F,F,birthdate_country,0.8281,1.0,1.0,0.3375,0.0,0.765,manual_review_score
5278,6227,LMD_F_USA_2110_79,LMM_F_USA_1301_28,LMD_F_USA_2110_79,LMM_F_USA_1301_28,transacciones|transacciones_estados_unidos_2023.csv|279,transacciones|transacciones_estados_unidos_2023.csv|1228,laura martinez davis,laura miller miller,1941-11-04,1941-11-04,F,F,birthdate_country,0.8296,1.0,1.0,0.5653,0.0,0.7884,manual_review_score
5315,7608,RWW_M_USA_1206_16,RWW_M_USA_1004_42,RWW_M_USA_1206_16,RWW_M_USA_1004_42,transacciones|transacciones_estados_unidos_2023.csv|316,transacciones|transacciones_estados_unidos_2024.csv|942,robert wilson wilson,robert wilson,1982-11-13,1982-11-13,M,M,birthdate_country | birthdate_lastname_soundex_country | birthdate_name_lastname_soundex_country,0.93,1.0,1.0,0.5,0.0,0.822,manual_review_score
6554,7321,STJ_F_USA_2909_55,STJ_F_USA_2206_55,STJ_F_USA_2909_55,STJ_F_USA_2206_55,transacciones|transacciones_estados_unidos_2023.csv|1555,transacciones|transacciones_estados_unidos_2024.csv|655,s taylor jones,sarah taylr jones,1984-10-07,1984-10-07,F,F,birthdate_country | birthdate_lastname_soundex_country,0.8157,1.0,1.0,0.9833,0.0,0.8246,manual_review_score
5383,9483,TJM_M_USA_0512_84,TJM_M_USA_1605_50,TJM_M_USA_0512_84,TJM_M_USA_1605_50,transacciones|transacciones_estados_unidos_2023.csv|384,transacciones|transacciones_estados_unidos_2025.csv|1150,thomas johnson,thomas johnson miller,1986-09-13,1986-09-13,M,M,birthdate_country | birthdate_lastname_soundex_country | birthdate_name_lastname_soundex_country,0.9333,1.0,1.0,0.5,0.0,0.8233,manual_review_score
7308,9755,KWW_F_USA_2003_42,KWW_F_USA_1208_22,KWW_F_USA_2003_42,KWW_F_USA_1208_22,transacciones|transacciones_estados_unidos_2024.csv|642,transacciones|transacciones_estados_unidos_2025.csv|1422,karen wilson williams,karen wilson,2004-07-21,2004-07-21,F,F,birthdate_country | birthdate_lastname_soundex_country | birthdate_name_lastname_soundex_country,0.9143,1.0,1.0,0.5,0.0,0.8157,manual_review_score
5452,6795,SMW_F_USA_0402_53,SMW_F_USA_1606_29,SMW_F_USA_0402_53,SMW_F_USA_1606_29,transacciones|transacciones_estados_unidos_2023.csv|453,transacciones|transacciones_estados_unidos_2024.csv|129,sarah martinez williams,sarah martinez,1953-09-02,1953-09-02,F,F,birthdate_country | birthdate_lastname_soundex_country | birthdate_name_lastname_soundex_country,0.9217,1.0,1.0,0.5,0.0,0.8187,manual_review_score
5498,9079,DWW_M_USA_1204_99,DWW_M_USA_1505_46,DWW_M_USA_1204_99,DWW_M_USA_1505_46,transacciones|transacciones_estados_unidos_2023.csv|499,transacciones|transacciones_estados_unidos_2025.csv|746,daniel williams,daniel williams wilson,1997-12-06,1997-12-06,M,M,birthdate_country | birthdate_lastname_soundex_country | birthdate_name_lastname_soundex_country,0.9364,1.0,1.0,0.5,0.0,0.8245,manual_review_score
5498,7498,DWW_M_USA_1204_99,DWW_M_USA_2703_32,DWW_M_USA_1204_99,DWW_M_USA_2703_32,transacciones|transacciones_estados_unidos_2023.csv|499,transacciones|transacciones_estados_unidos_2024.csv|832,daniel williams,daniel williams wilson,1997-12-06,1997-12-06,M,M,birthdate_country | birthdate_lastname_soundex_country | birthdate_name_lastname_soundex_country,0.9364,1.0,1.0,0.5,0.0,0.8245,manual_review_score
5529,8022,DTM_M_USA_0209_30,DTM_M_USA_2904_56,DTM_M_USA_0209_30,DTM_M_USA_2904_56,transacciones|transacciones_estados_unidos_2023.csv|530,transacciones|transacciones_estados_unidos_2024.csv|1356,david taylor,david taylor moore,1990-10-10,1990-10-10,M,M,birthdate_country | birthdate_lastname_soundex_country | birthdate_name_lastname_soundex_country,0.9333,1.0,1.0,0.5,0.0,0.8233,manual_review_score
9213,9638,JBM_F_USA_2107_80,JBM_F_USA_2601_05,JBM_F_USA_2107_80,JBM_F_USA_2601_05,transacciones|transacciones_estados_unidos_2025.csv|880,transacciones|transacciones_estados_unidos_2025.csv|1305,jessica brown martinez,jessica brown,1964-01-21,1964-01-21,F,F,birthdate_country | birthdate_lastname_soundex_country | birthdate_name_lastname_soundex_country,0.9182,1.0,1.0,0.5,0.0,0.8173,manual_review_score
8265,9160,NTW_F_USA_1007_99,NTW_F_USA_1506_27,NTW_F_USA_1007_99,NTW_F_USA_1506_27,transacciones|transacciones_estados_unidos_2024.csv|1599,transacciones|transacciones_estados_unidos_2025.csv|827,nancy taylor,nancy taylor wilson,1964-04-11,1964-04-11,F,F,birthdate_country | birthdate_lastname_soundex_country | birthdate_name_lastname_soundex_country,0.9263,1.0,1.0,0.5,0.0,0.8205,manual_review_score
6839,9113,EDW_F_USA_0509_73,EDW_F_USA_1312_80,EDW_F_USA_0509_73,EDW_F_USA_1312_80,transacciones|transacciones_estados_unidos_2024.csv|173,transacciones|transacciones_estados_unidos_2025.csv|780,elizabeth davis,elizabeth davis wilson,1976-11-08,1976-11-08,F,F,birthdate_country | birthdate_lastname_soundex_country | birthdate_name_lastname_soundex_country,0.9364,1.0,1.0,0.5,0.0,0.8245,manual_review_score
5580,6839,EDW_F_USA_1312_81,EDW_F_USA_0509_73,EDW_F_USA_1312_81,EDW_F_USA_0509_73,transacciones|transacciones_estados_unidos_2023.csv|581,transacciones|transacciones_estados_unidos_2024.csv|173,elizabeth davis wilson,elizabeth davis,1976-11-08,1976-11-08,F,F,birthdate_country | birthdate_lastname_soundex_country | birthdate_name_lastname_soundex_country,0.9364,1.0,1.0,0.5,0.0,0.8245,manual_review_score
6962,8177,JMB_M_USA_0706_96,JMB_M_USA_0710_11,JMB_M_USA_0706_96,JMB_M_USA_0710_11,transacciones|transacciones_estados_unidos_2024.csv|296,transacciones|transacciones_estados_unidos_2024.csv|1511,joseph more brown,joseph moore brown,2008-12-21,2008-12-21,M,M,birthdate_country | birthdate_lastname_soundex_country | birthdate_name_lastname_soundex_country,0.9536,1.0,1.0,0.9733,0.0,0.8788,manual_review_score
6962,7568,JMB_M_USA_0706_96,JMB_M_USA_0208_02,JMB_M_USA_0706_96,JMB_M_USA_0208_02,transacciones|transacciones_estados_unidos_2024.csv|296,transacciones|transacciones_estados_unidos_2024.csv|902,joseph more brown,joseph moore,2008-12-21,2008-12-21,M,M,birthdate_country | birthdate_lastname_soundex_country | birthdate_name_lastname_soundex_country,0.9245,1.0,1.0,0.4733,0.0,0.8171,manual_review_score
5584,7568,JMB_M_USA_1108_85,JMB_M_USA_0208_02,JMB_M_USA_1108_85,JMB_M_USA_0208_02,transacciones|transacciones_estados_unidos_2023.csv|585,transacciones|transacciones_estados_unidos_2024.csv|902,joseph moore brown,joseph moore,2008-12-21,2008-12-21,M,M,birthdate_country | birthdate_lastname_soundex_country | birthdate_name_lastname_soundex_country,0.9333,1.0,1.0,0.5,0.0,0.8233,manual_review_score
5686,5902,CSR_M_USA_1205_87,CSR_M_USA_1104_03,CSR_M_USA_1205_87,CSR_M_USA_1104_03,transacciones|transacciones_estados_unidos_2023.csv|687,transacciones|transacciones_estados_unidos_2023.csv|903,charles smith,charles smith rodriguez,1942-04-17,1942-04-17,M,M,birthdate_country | birthdate_lastname_soundex_country | birthdate_name_lastname_soundex_country,0.913,1.0,1.0,0.5,0.0,0.8152,manual_review_score
5719,9393,EMT_F_USA_0310_20,EMT_F_USA_0304_60,EMT_F_USA_0310_20,EMT_F_USA_0304_60,transacciones|transacciones_estados_unidos_2023.csv|720,transacciones|transacciones_estados_unidos_2025.csv|1060,emily moore taylor,emily mooe taylor,2002-11-02,2002-11-02,F,F,birthdate_country,0.9418,1.0,1.0,0.9767,0.0,0.8744,manual_review_score
5766,7571,CMT_M_USA_2601_67,CMT_M_USA_1205_05,CMT_M_USA_2601_67,CMT_M_USA_1205_05,transacciones|transacciones_estados_unidos_2023.csv|767,transacciones|transacciones_estados_unidos_2024.csv|905,charles moore taylor,charles moore,1969-12-30,1969-12-30,M,M,birthdate_country | birthdate_lastname_soundex_country | birthdate_name_lastname_soundex_country,0.93,1.0,1.0,0.5,0.0,0.822,manual_review_score
8008,9288,JWM_M_USA_2503_42,JWM_M_USA_0806_55,JWM_M_USA_2503_42,JWM_M_USA_0806_55,transacciones|transacciones_estados_unidos_2024.csv|1342,transacciones|transacciones_estados_unidos_2025.csv|955,james williams,james williams martinez,1990-03-30,1990-03-30,M,M,birthdate_country | birthdate_lastname_soundex_country | birthdate_name_lastname_soundex_country,0.9217,1.0,1.0,0.5,0.0,0.8187,manual_review_score
5782,7650,GJA_M_USA_3105_83,GJA_M_USA_1902_84,GJA_M_USA_3105_83,GJA_M_USA_1902_84,transacciones|transacciones_estados_unidos_2023.csv|783,transacciones|transacciones_estados_unidos_2024.csv|984,george jhnson anderson,george johnson anderson,1994-09-15,1994-09-15,M,M,birthdate_country | birthdate_lastname_soundex_country | birthdate_name_lastname_soundex_country,0.9368,1.0,1.0,0.9786,0.0,0.8726,manual_review_score
5782,9629,GJA_M_USA_3105_83,GJA_M_USA_2102_96,GJA_M_USA_3105_83,GJA_M_USA_2102_96,transacciones|transacciones_estados_unidos_2023.csv|783,transacciones|transacciones_estados_unidos_2025.csv|1296,george jhnson anderson,george johnson anderson,1994-09-15,1994-09-15,M,M,birthdate_country | birthdate_lastname_soundex_country | birthdate_name_lastname_soundex_country,0.9368,1.0,1.0,0.9786,0.0,0.8726,manual_review_score
5809,5976,RMM_M_USA_0901_10,RMM_M_USA_1801_77,RMM_M_USA_0901_10,RMM_M_USA_1801_77,transacciones|transacciones_estados_unidos_2023.csv|810,transacciones|transacciones_estados_unidos_2023.csv|977,robert martinez,robert martinez martinez,1997-07-18,1997-07-18,M,M,birthdate_country | birthdate_lastname_soundex_country | birthdate_name_lastname_soundex_country,0.925,1.0,1.0,0.5,0.0,0.82,manual_review_score
5857,7541,TJD_M_USA_3108_58,TJD_M_USA_2402_75,TJD_M_USA_3108_58,TJD_M_USA_2402_75,transacciones|transacciones_estados_unidos_2023.csv|858,transacciones|transacciones_estados_unidos_2024.csv|875,thomas jones,t jones davis,1962-04-23,1962-04-23,M,M,birthdate_country | birthdate_lastname_soundex_country,0.7327,1.0,1.0,0.5,0.0,0.7431,manual_review_score
5869,6841,JTG_M_USA_0511_70,JTG_M_USA_1407_75,JTG_M_USA_0511_70,JTG_M_USA_1407_75,transacciones|transacciones_estados_unidos_2023.csv|870,transacciones|transacciones_estados_unidos_2024.csv|175,john taylor garcia,john taylor,1963-03-03,1963-03-03,M,M,birthdate_country | birthdate_lastname_soundex_country | birthdate_name_lastname_soundex_country,0.9222,1.0,1.0,0.5,0.0,0.8189,manual_review_score
5906,8277,SMJ_F_USA_0610_07,SMJ_F_USA_0811_11,SMJ_F_USA_0610_07,SMJ_F_USA_0811_11,transacciones|transacciones_estados_unidos_2023.csv|907,transacciones|transacciones_estados_unidos_2024.csv|1611,sarah miller,sarah miller jones,1965-03-12,1965-03-12,F,F,birthdate_country | birthdate_lastname_soundex_country | birthdate_name_lastname_soundex_country,0.9333,1.0,1.0,0.5,0.0,0.8233,manual_review_score
5957,8527,MTA_M_USA_1501_58,MTA_M_USA_1302_94,MTA_M_USA_1501_58,MTA_M_USA_1302_94,transacciones|transacciones_estados_unidos_2023.csv|958,transacciones|transacciones_estados_unidos_2025.csv|194,michael taylor,michael taylor anderson,2012-12-07,2012-12-07,M,M,birthdate_country | birthdate_lastname_soundex_country | birthdate_name_lastname_soundex_country,0.9217,1.0,1.0,0.5,0.0,0.8187,manual_review_score
5957,8915,MTA_M_USA_1501_58,MTA_M_USA_1210_82,MTA_M_USA_1501_58,MTA_M_USA_1210_82,transacciones|transacciones_estados_unidos_2023.csv|958,transacciones|transacciones_estados_unidos_2025.csv|582,michael taylor,michael taylor,2012-12-07,2012-12-07,M,M,birthdate_country | birthdate_lastname_soundex_country | birthdate_name_lastname_soundex_country,1.0,1.0,1.0,0.5,0.0,0.85,manual_review_score
5995,9431,KBD_F_USA_0709_96,KBD_F_USA_0712_98,KBD_F_USA_0709_96,KBD_F_USA_0712_98,transacciones|transacciones_estados_unidos_2023.csv|996,transacciones|transacciones_estados_unidos_2025.csv|1098,karen brown davis,karen brown,1987-03-11,1987-03-11,F,F,birthdate_country | birthdate_lastname_soundex_country | birthdate_name_lastname_soundex_country,0.9294,1.0,1.0,0.5,0.0,0.8218,manual_review_score
6898,8034,EBB_F_USA_1201_32,EBB_F_USA_2403_68,EBB_F_USA_1201_32,EBB_F_USA_2403_68,transacciones|transacciones_estados_unidos_2024.csv|232,transacciones|transacciones_estados_unidos_2024.csv|1368,elizabeth brown,elizabeth brown brown,1950-03-16,1950-03-16,F,F,birthdate_country | birthdate_lastname_soundex_country | birthdate_name_lastname_soundex_country,0.9429,1.0,1.0,0.5,0.0,0.8271,manual_review_score
9238,9486,CRJ_M_USA_0601_05,CRJ_M_USA_0906_53,CRJ_M_USA_0601_05,CRJ_M_USA_0906_53,transacciones|transacciones_estados_unidos_2025.csv|905,transacciones|transacciones_estados_unidos_2025.csv|1153,charles rodriguez johnson,charles rodriguez,1960-04-28,1960-04-28,M,M,birthdate_country | birthdate_lastname_soundex_country | birthdate_name_lastname_soundex_country,0.936,1.0,1.0,0.5,0.0,0.8244,manual_review_score
6092,9403,JTJ_M_USA_1608_93,JTJ_M_USA_1604_70,JTJ_M_USA_1608_93,JTJ_M_USA_1604_70,transacciones|transacciones_estados_unidos_2023.csv|1093,transacciones|transacciones_estados_unidos_2025.csv|1070,james taylor,james taylor johnson,1995-07-09,1995-07-09,M,M,birthdate_country | birthdate_lastname_soundex_country | birthdate_name_lastname_soundex_country,0.92,1.0,1.0,0.5,0.0,0.818,manual_review_score
6100,9893,GWD_M_USA_1106_01,GWD_M_USA_2110_60,GWD_M_USA_1106_01,GWD_M_USA_2110_60,transacciones|transacciones_estados_unidos_2023.csv|1101,transacciones|transacciones_estados_unidos_2025.csv|1560,george wilson davis,george wlson davis,2017-07-22,2017-07-22,M,M,birthdate_country | birthdate_lastname_soundex_country | birthdate_name_lastname_soundex_country,0.945,1.0,1.0,0.975,0.0,0.8755,manual_review_score
6256,8625,LGW_F_USA_1808_57,LGW_F_USA_2711_92,LGW_F_USA_1808_57,LGW_F_USA_2711_92,transacciones|transacciones_estados_unidos_2023.csv|1257,transacciones|transacciones_estados_unidos_2025.csv|292,linda grcia williams,linda garcia williams,1990-01-29,1990-01-29,F,F,birthdate_country | birthdate_lastname_soundex_country | birthdate_name_lastname_soundex_country,0.9405,1.0,1.0,0.975,0.0,0.8737,manual_review_score
6147,8792,SMW_F_USA_1409_48,SMW_F_USA_1310_59,SMW_F_USA_1409_48,SMW_F_USA_1310_59,transacciones|transacciones_estados_unidos_2023.csv|1148,transacciones|transacciones_estados_unidos_2025.csv|459,sarah miller williams,sarah miller,1955-09-16,1955-09-16,F,F,birthdate_country | birthdate_lastname_soundex_country | birthdate_name_lastname_soundex_country,0.9143,1.0,1.0,0.5,0.0,0.8157,manual_review_score
6173,9961,JRJ_F_USA_0306_74,JJJ_F_USA_0606_28,JRJ_F_USA_0306_74,JJJ_F_USA_0606_28,transacciones|transacciones_estados_unidos_2023.csv|1174,transacciones|transacciones_estados_unidos_2025.csv|1628,jennifer rodriguez johnson,jessica johnson johnson,1992-09-28,1992-09-28,F,F,birthdate_country,0.7055,1.0,1.0,0.709,0.0,0.7531,manual_review_score
6173,9730,JRJ_F_USA_0306_74,JJJ_F_USA_0904_97,JRJ_F_USA_0306_74,JJJ_F_USA_0904_97,transacciones|transacciones_estados_unidos_2023.csv|1174,transacciones|transacciones_estados_unidos_2025.csv|1397,jennifer rodriguez johnson,jessica johnson johnson,1992-09-28,1992-09-28,F,F,birthdate_country,0.7055,1.0,1.0,0.709,0.0,0.7531,manual_review_score
8182,9650,MJM_M_USA_0204_16,MJM_M_USA_0109_17,MJM_M_USA_0204_16,MJM_M_USA_0109_17,transacciones|transacciones_estados_unidos_2024.csv|1516,transacciones|transacciones_estados_unidos_2025.csv|1317,michael jones miller,michael jones,1961-06-22,1961-06-22,M,M,birthdate_country | birthdate_lastname_soundex_country | birthdate_name_lastname_soundex_country,0.93,1.0,1.0,0.5,0.0,0.822,manual_review_score
6640,8446,JBM_M_USA_3009_41,JBM_M_USA_2004_13,JBM_M_USA_3009_41,JBM_M_USA_2004_13,transacciones|transacciones_estados_unidos_2023.csv|1641,transacciones|transacciones_estados_unidos_2025.csv|113,james brown,james brown martinez,1956-05-10,1956-05-10,M,M,birthdate_country | birthdate_lastname_soundex_country | birthdate_name_lastname_soundex_country,0.91,1.0,1.0,0.5,0.0,0.814,manual_review_score
6325,8060,LMW_F_USA_1503_26,LMW_F_USA_2211_94,LMW_F_USA_1503_26,LMW_F_USA_2211_94,transacciones|transacciones_estados_unidos_2023.csv|1326,transacciones|transacciones_estados_unidos_2024.csv|1394,laura miller,laura miller wilson,1967-04-06,1967-04-06,F,F,birthdate_country | birthdate_lastname_soundex_country | birthdate_name_lastname_soundex_country,0.9263,1.0,1.0,0.5,0.0,0.8205,manual_review_score
7842,8514,DSM_M_USA_2306_76,DSM_M_USA_1504_81,DSM_M_USA_2306_76,DSM_M_USA_1504_81,transacciones|transacciones_estados_unidos_2024.csv|1176,transacciones|transacciones_estados_unidos_2025.csv|181,david smith miller,david smith,1970-04-22,1970-04-22,M,M,birthdate_country | birthdate_lastname_soundex_country | birthdate_name_lastname_soundex_country,0.9222,1.0,1.0,0.5,0.0,0.8189,manual_review_score
6883,8514,DSM_M_USA_2603_17,DSM_M_USA_1504_81,DSM_M_USA_2603_17,DSM_M_USA_1504_81,transacciones|transacciones_estados_unidos_2024.csv|217,transacciones|transacciones_estados_unidos_2025.csv|181,david smith miller,david smith,1970-04-22,1970-04-22,M,M,birthdate_country | birthdate_lastname_soundex_country | birthdate_name_lastname_soundex_country,0.9222,1.0,1.0,0.5,0.0,0.8189,manual_review_score
6332,8514,DSM_M_USA_0707_33,DSM_M_USA_1504_81,DSM_M_USA_0707_33,DSM_M_USA_1504_81,transacciones|transacciones_estados_unidos_2023.csv|1333,transacciones|transacciones_estados_unidos_2025.csv|181,david smith miller,david smith,1970-04-22,1970-04-22,M,M,birthdate_country | birthdate_lastname_soundex_country | birthdate_name_lastname_soundex_country,0.9222,1.0,1.0,0.5,0.0,0.8189,manual_review_score
7180,7258,WTD_M_USA_0302_14,WTD_M_USA_1907_92,WTD_M_USA_0302_14,WTD_M_USA_1907_92,transacciones|transacciones_estados_unidos_2024.csv|514,transacciones|transacciones_estados_unidos_2024.csv|592,william taylor davis,william taylor,1978-10-06,1978-10-06,M,M,birthdate_country | birthdate_lastname_soundex_country | birthdate_name_lastname_soundex_country,0.94,1.0,1.0,0.5,0.0,0.826,manual_review_score
6443,8269,PJW_F_USA_0506_44,PJW_F_USA_1408_03,PJW_F_USA_0506_44,PJW_F_USA_1408_03,transacciones|transacciones_estados_unidos_2023.csv|1444,transacciones|transacciones_estados_unidos_2024.csv|1603,p johnson wilson,patricia jhnson wilson,2007-03-14,2007-03-14,F,F,birthdate_country | birthdate_lastname_soundex_country,0.8258,1.0,1.0,0.9786,0.0,0.8282,manual_review_score
6588,8269,PJW_F_USA_2301_89,PJW_F_USA_1408_03,PJW_F_USA_2301_89,PJW_F_USA_1408_03,transacciones|transacciones_estados_unidos_2023.csv|1589,transacciones|transacciones_estados_unidos_2024.csv|1603,p johnson wilson,patricia jhnson wilson,2007-03-14,2007-03-14,F,F,birthdate_country | birthdate_lastname_soundex_country,0.8258,1.0,1.0,0.9786,0.0,0.8282,manual_review_score
6444,8973,JWS_F_USA_2806_45,JWS_F_USA_0610_40,JWS_F_USA_2806_45,JWS_F_USA_0610_40,transacciones|transacciones_estados_unidos_2023.csv|1445,transacciones|transacciones_estados_unidos_2025.csv|640,jessica williams smith,jessica williams,1991-12-18,1991-12-18,F,F,birthdate_country | birthdate_lastname_soundex_country | birthdate_name_lastname_soundex_country,0.9455,1.0,1.0,0.5,0.0,0.8282,manual_review_score
6489,7019,JJM_M_USA_1807_90,JJM_M_USA_0603_53,JJM_M_USA_1807_90,JJM_M_USA_0603_53,transacciones|transacciones_estados_unidos_2023.csv|1490,transacciones|transacciones_estados_unidos_2024.csv|353,john jones,john jones miller,1978-11-06,1978-11-06,M,M,birthdate_country | birthdate_lastname_soundex_country | birthdate_name_lastname_soundex_country,0.9176,1.0,1.0,0.5,0.0,0.8171,manual_review_score
6518,7855,CJJ_M_USA_2208_19,CJJ_M_USA_0512_89,CJJ_M_USA_2208_19,CJJ_M_USA_0512_89,transacciones|transacciones_estados_unidos_2023.csv|1519,transacciones|transacciones_estados_unidos_2024.csv|1189,charles jones,charles jones jones,1947-05-28,1947-05-28,M,M,birthdate_country | birthdate_lastname_soundex_country | birthdate_name_lastname_soundex_country,0.9368,1.0,1.0,0.5,0.0,0.8247,manual_review_score
6574,7760,RTJ_M_USA_2001_75,RTJ_M_USA_1601_94,RTJ_M_USA_2001_75,RTJ_M_USA_1601_94,transacciones|transacciones_estados_unidos_2023.csv|1575,transacciones|transacciones_estados_unidos_2024.csv|1094,robert taylor jones,robert taylor,1978-06-12,1978-06-12,M,M,birthdate_country | birthdate_lastname_soundex_country | birthdate_name_lastname_soundex_country,0.9368,1.0,1.0,0.5,0.0,0.8247,manual_review_score
6596,7914,JBG_M_USA_0405_97,JBG_M_USA_0606_48,JBG_M_USA_0405_97,JBG_M_USA_0606_48,transacciones|transacciones_estados_unidos_2023.csv|1597,transacciones|transacciones_estados_unidos_2024.csv|1248,joseph brown,joseph brown garcia,1974-09-06,1974-09-06,M,M,birthdate_country | birthdate_lastname_soundex_country | birthdate_name_lastname_soundex_country,0.9263,1.0,1.0,0.5,0.0,0.8205,manual_review_score
6625,6947,GWM_M_USA_2410_26,GWM_M_USA_0303_81,GWM_M_USA_2410_26,GWM_M_USA_0303_81,transacciones|transacciones_estados_unidos_2023.csv|1626,transacciones|transacciones_estados_unidos_2024.csv|281,george wilson moore,george wilson,1955-05-17,1955-05-17,M,M,birthdate_country | birthdate_lastname_soundex_country | birthdate_name_lastname_soundex_country,0.9368,1.0,1.0,0.5,0.0,0.8247,manual_review_score
6947,8103,GWM_M_USA_0303_81,GWM_M_USA_0203_37,GWM_M_USA_0303_81,GWM_M_USA_0203_37,transacciones|transacciones_estados_unidos_2024.csv|281,transacciones|transacciones_estados_unidos_2024.csv|1437,george wilson,george wilson moore,1955-05-17,1955-05-17,M,M,birthdate_country | birthdate_lastname_soundex_country | birthdate_name_lastname_soundex_country,0.9368,1.0,1.0,0.5,0.0,0.8247,manual_review_score
6706,7564,EDD_F_USA_0612_40,EDD_F_USA_2710_98,EDD_F_USA_0612_40,EDD_F_USA_2710_98,transacciones|transacciones_estados_unidos_2024.csv|40,transacciones|transacciones_estados_unidos_2024.csv|898,emily davis,emily davis davis,1947-03-26,1947-03-26,F,F,birthdate_country | birthdate_lastname_soundex_country | birthdate_name_lastname_soundex_country,0.9294,1.0,1.0,0.5,0.0,0.8218,manual_review_score
8258,9531,LWT_F_USA_1308_92,LWT_F_USA_1508_98,LWT_F_USA_1308_92,LWT_F_USA_1508_98,transacciones|transacciones_estados_unidos_2024.csv|1592,transacciones|transacciones_estados_unidos_2025.csv|1198,laura williams taylor,laura williams,2004-09-16,2004-09-16,F,F,birthdate_country | birthdate_lastname_soundex_country | birthdate_name_lastname_soundex_country,0.9333,1.0,1.0,0.5,0.0,0.8233,manual_review_score
6714,7771,JTM_M_USA_2402_48,JTM_M_USA_2804_05,JTM_M_USA_2402_48,JTM_M_USA_2804_05,transacciones|transacciones_estados_unidos_2024.csv|48,transacciones|transacciones_estados_unidos_2024.csv|1105,john taylor miller,john taylor,1972-07-14,1972-07-14,M,M,birthdate_country | birthdate_lastname_soundex_country | birthdate_name_lastname_soundex_country,0.9222,1.0,1.0,0.5,0.0,0.8189,manual_review_score
6715,7031,JWW_M_USA_0710_49,JWW_M_USA_2301_65,JWW_M_USA_0710_49,JWW_M_USA_2301_65,transacciones|transacciones_estados_unidos_2024.csv|49,transacciones|transacciones_estados_unidos_2024.csv|365,joseph wilson,joseph wilson wilson,2001-02-22,2001-02-22,M,M,birthdate_country | birthdate_lastname_soundex_country | birthdate_name_lastname_soundex_country,0.93,1.0,1.0,0.5,0.0,0.822,manual_review_score
9082,9790,AMJ_M_USA_2504_49,AMJ_M_USA_2008_57,AMJ_M_USA_2504_49,AMJ_M_USA_2008_57,transacciones|transacciones_estados_unidos_2025.csv|749,transacciones|transacciones_estados_unidos_2025.csv|1457,anthony moore johnson,anthony moore,1963-05-04,1963-05-04,M,M,birthdate_country | birthdate_lastname_soundex_country | birthdate_name_lastname_soundex_country,0.9238,1.0,1.0,0.5,0.0,0.8195,manual_review_score
7174,9790,AMJ_M_USA_0806_08,AMJ_M_USA_2008_57,AMJ_M_USA_0806_08,AMJ_M_USA_2008_57,transacciones|transacciones_estados_unidos_2024.csv|508,transacciones|transacciones_estados_unidos_2025.csv|1457,anthony moore johnson,anthony moore,1963-05-04,1963-05-04,M,M,birthdate_country | birthdate_lastname_soundex_country | birthdate_name_lastname_soundex_country,0.9238,1.0,1.0,0.5,0.0,0.8195,manual_review_score
6843,9790,AMJ_M_USA_1807_77,AMJ_M_USA_2008_57,AMJ_M_USA_1807_77,AMJ_M_USA_2008_57,transacciones|transacciones_estados_unidos_2024.csv|177,transacciones|transacciones_estados_unidos_2025.csv|1457,anthony moore johnson,anthony moore,1963-05-04,1963-05-04,M,M,birthdate_country | birthdate_lastname_soundex_country | birthdate_name_lastname_soundex_country,0.9238,1.0,1.0,0.5,0.0,0.8195,manual_review_score
6922,9020,MJS_F_USA_2907_56,MJS_F_USA_0308_87,MJS_F_USA_2907_56,MJS_F_USA_0308_87,transacciones|transacciones_estados_unidos_2024.csv|256,transacciones|transacciones_estados_unidos_2025.csv|687,mary jones smith,mary jones,1971-12-07,1971-12-07,F,F,birthdate_country | birthdate_lastname_soundex_country | birthdate_name_lastname_soundex_country,0.925,1.0,1.0,0.5,0.0,0.82,manual_review_score
7738,7965,DWM_M_USA_2703_72,DWM_M_USA_1512_99,DWM_M_USA_2703_72,DWM_M_USA_1512_99,transacciones|transacciones_estados_unidos_2024.csv|1072,transacciones|transacciones_estados_unidos_2024.csv|1299,david williams miller,david williams,1940-06-11,1940-06-11,M,M,birthdate_country | birthdate_lastname_soundex_country | birthdate_name_lastname_soundex_country,0.9333,1.0,1.0,0.5,0.0,0.8233,manual_review_score
6934,7965,DWM_M_USA_0412_68,DWM_M_USA_1512_99,DWM_M_USA_0412_68,DWM_M_USA_1512_99,transacciones|transacciones_estados_unidos_2024.csv|268,transacciones|transacciones_estados_unidos_2024.csv|1299,david williams miller,david williams,1940-06-11,1940-06-11,M,M,birthdate_country | birthdate_lastname_soundex_country | birthdate_name_lastname_soundex_country,0.9333,1.0,1.0,0.5,0.0,0.8233,manual_review_score
6971,9546,EWM_F_USA_0707_05,EWM_F_USA_2908_13,EWM_F_USA_0707_05,EWM_F_USA_2908_13,transacciones|transacciones_estados_unidos_2024.csv|305,transacciones|transacciones_estados_unidos_2025.csv|1213,e wilson moore,emily wlson moore,1981-10-17,1981-10-17,F,F,birthdate_country | birthdate_lastname_soundex_country,0.9042,1.0,1.0,0.975,0.0,0.8592,manual_review_score
6975,9886,LJW_F_USA_0407_09,LJW_F_USA_2109_53,LJW_F_USA_0407_09,LJW_F_USA_2109_53,transacciones|transacciones_estados_unidos_2024.csv|309,transacciones|transacciones_estados_unidos_2025.csv|1553,linda jones wilson,linda jones,1936-08-28,1936-08-28,F,F,birthdate_country | birthdate_lastname_soundex_country | birthdate_name_lastname_soundex_country,0.9222,1.0,1.0,0.5,0.0,0.8189,manual_review_score
7033,9942,LMM_F_USA_1007_67,LMM_F_USA_0407_09,LMM_F_USA_1007_67,LMM_F_USA_0407_09,transacciones|transacciones_estados_unidos_2024.csv|367,transacciones|transacciones_estados_unidos_2025.csv|1609,laura more miller,l moore miller,2005-12-01,2005-12-01,F,F,birthdate_country | birthdate_lastname_soundex_country,0.7926,1.0,1.0,0.9733,0.0,0.8144,manual_review_score
7447,8485,DJM_M_USA_3108_81,DJM_M_USA_1901_52,DJM_M_USA_3108_81,DJM_M_USA_1901_52,transacciones|transacciones_estados_unidos_2024.csv|781,transacciones|transacciones_estados_unidos_2025.csv|152,daniel johnson,daniel johnson moore,1978-09-20,1978-09-20,M,M,birthdate_country | birthdate_lastname_soundex_country | birthdate_name_lastname_soundex_country,0.94,1.0,1.0,0.5,0.0,0.826,manual_review_score
9305,9338,RSB_M_USA_1711_72,RSB_M_USA_1603_05,RSB_M_USA_1711_72,RSB_M_USA_1603_05,transacciones|transacciones_estados_unidos_2025.csv|972,transacciones|transacciones_estados_unidos_2025.csv|1005,robert smih brown,robert smith,2013-04-03,2013-04-03,M,M,birthdate_country,0.9127,1.0,1.0,0.4767,0.0,0.8128,manual_review_score
7066,8981,EMW_F_USA_2211_00,EMW_F_USA_1901_48,EMW_F_USA_2211_00,EMW_F_USA_1901_48,transacciones|transacciones_estados_unidos_2024.csv|400,transacciones|transacciones_estados_unidos_2025.csv|648,emily matinez williams,emily martinez,1962-03-16,1962-03-16,F,F,birthdate_country,0.9039,1.0,1.0,0.4833,0.0,0.8099,manual_review_score
7132,9264,KGM_F_USA_1904_66,LGB_F_USA_0811_31,KGM_F_USA_1904_66,LGB_F_USA_0811_31,transacciones|transacciones_estados_unidos_2024.csv|466,transacciones|transacciones_estados_unidos_2025.csv|931,karen garcia moore,laura garcia brown,1961-08-11,1961-08-11,F,F,birthdate_country | birthdate_lastname_soundex_country,0.6667,1.0,1.0,0.7333,0.0,0.74,manual_review_score
7132,8319,KGM_F_USA_1904_66,LGB_F_USA_2106_53,KGM_F_USA_1904_66,LGB_F_USA_2106_53,transacciones|transacciones_estados_unidos_2024.csv|466,transacciones|transacciones_estados_unidos_2024.csv|1653,karen garcia moore,laura garcia brown,1961-08-11,1961-08-11,F,F,birthdate_country | birthdate_lastname_soundex_country,0.6667,1.0,1.0,0.7333,0.0,0.74,manual_review_score
8319,8408,LGB_F_USA_2106_53,KGM_F_USA_3108_75,LGB_F_USA_2106_53,KGM_F_USA_3108_75,transacciones|transacciones_estados_unidos_2024.csv|1653,transacciones|transacciones_estados_unidos_2025.csv|75,laura garcia brown,karen garcia moore,1961-08-11,1961-08-11,F,F,birthdate_country | birthdate_lastname_soundex_country,0.6667,1.0,1.0,0.7333,0.0,0.74,manual_review_score
8408,9264,KGM_F_USA_3108_75,LGB_F_USA_0811_31,KGM_F_USA_3108_75,LGB_F_USA_0811_31,transacciones|transacciones_estados_unidos_2025.csv|75,transacciones|transacciones_estados_unidos_2025.csv|931,karen garcia moore,laura garcia brown,1961-08-11,1961-08-11,F,F,birthdate_country | birthdate_lastname_soundex_country,0.6667,1.0,1.0,0.7333,0.0,0.74,manual_review_score
7233,9000,DMM_M_USA_1001_67,DMM_M_USA_0301_67,DMM_M_USA_1001_67,DMM_M_USA_0301_67,transacciones|transacciones_estados_unidos_2024.csv|567,transacciones|transacciones_estados_unidos_2025.csv|667,daniel moore moore,daniel moore,1953-08-01,1953-08-01,M,M,birthdate_country | birthdate_lastname_soundex_country | birthdate_name_lastname_soundex_country,0.9333,1.0,1.0,0.5,0.0,0.8233,manual_review_score
8219,9472,LSM_F_USA_1111_53,LSM_F_USA_0506_39,LSM_F_USA_1111_53,LSM_F_USA_0506_39,transacciones|transacciones_estados_unidos_2024.csv|1553,transacciones|transacciones_estados_unidos_2025.csv|1139,linda smith,linda smith miller,1967-07-16,1967-07-16,F,F,birthdate_country | birthdate_lastname_soundex_country | birthdate_name_lastname_soundex_country,0.9222,1.0,1.0,0.5,0.0,0.8189,manual_review_score
7269,8219,LSM_F_USA_1307_03,LSM_F_USA_1111_53,LSM_F_USA_1307_03,LSM_F_USA_1111_53,transacciones|transacciones_estados_unidos_2024.csv|603,transacciones|transacciones_estados_unidos_2024.csv|1553,linda smith miller,linda smith,1967-07-16,1967-07-16,F,F,birthdate_country | birthdate_lastname_soundex_country | birthdate_name_lastname_soundex_country,0.9222,1.0,1.0,0.5,0.0,0.8189,manual_review_score
9196,9518,JJB_M_USA_0210_63,JJM_M_USA_2111_85,JJB_M_USA_0210_63,JJM_M_USA_2111_85,transacciones|transacciones_estados_unidos_2025.csv|863,transacciones|transacciones_estados_unidos_2025.csv|1185,james johnson brown,john jones moore,1983-05-28,1983-05-28,M,M,birthdate_country,0.7336,1.0,1.0,0.6495,0.0,0.7584,manual_review_score
7357,9196,JJM_M_USA_1802_91,JJB_M_USA_0210_63,JJM_M_USA_1802_91,JJB_M_USA_0210_63,transacciones|transacciones_estados_unidos_2024.csv|691,transacciones|transacciones_estados_unidos_2025.csv|863,john jones moore,james johnson brown,1983-05-28,1983-05-28,M,M,birthdate_country,0.7336,1.0,1.0,0.6495,0.0,0.7584,manual_review_score
7451,8668,SJA_F_USA_1906_85,SJA_F_USA_0303_35,SJA_F_USA_1906_85,SJA_F_USA_0303_35,transacciones|transacciones_estados_unidos_2024.csv|785,transacciones|transacciones_estados_unidos_2025.csv|335,susan johnson anderson,susan johnson,1971-05-19,1971-05-19,F,F,birthdate_country | birthdate_lastname_soundex_country | birthdate_name_lastname_soundex_country,0.9182,1.0,1.0,0.5,0.0,0.8173,manual_review_score
7501,9396,CJM_M_USA_2403_35,CJM_M_USA_1103_63,CJM_M_USA_2403_35,CJM_M_USA_1103_63,transacciones|transacciones_estados_unidos_2024.csv|835,transacciones|transacciones_estados_unidos_2025.csv|1063,charles jones,charles jones martinez,1962-12-21,1962-12-21,M,M,birthdate_country | birthdate_lastname_soundex_country | birthdate_name_lastname_soundex_country,0.9182,1.0,1.0,0.5,0.0,0.8173,manual_review_score
7718,8381,DWB_M_USA_0203_52,DWB_M_USA_1109_48,DWB_M_USA_0203_52,DWB_M_USA_1109_48,transacciones|transacciones_estados_unidos_2024.csv|1052,transacciones|transacciones_estados_unidos_2025.csv|48,david williams,david williams brown,1981-04-26,1981-04-26,M,M,birthdate_country | birthdate_lastname_soundex_country | birthdate_name_lastname_soundex_country,0.94,1.0,1.0,0.5,0.0,0.826,manual_review_score
7781,8751,KDJ_F_USA_1801_15,KDJ_F_USA_1710_18,KDJ_F_USA_1801_15,KDJ_F_USA_1710_18,transacciones|transacciones_estados_unidos_2024.csv|1115,transacciones|transacciones_estados_unidos_2025.csv|418,karen davis,karen davis johnson,1989-08-29,1989-08-29,F,F,birthdate_country | birthdate_lastname_soundex_country | birthdate_name_lastname_soundex_country,0.9158,1.0,1.0,0.5,0.0,0.8163,manual_review_score
8059,8334,MAJ_F_USA_1211_93,MAJ_F_USA_1612_01,MAJ_F_USA_1211_93,MAJ_F_USA_1612_01,transacciones|transacciones_estados_unidos_2024.csv|1393,transacciones|transacciones_estados_unidos_2025.csv|1,mary anderson johnson,mary anderson,1938-01-28,1938-01-28,F,F,birthdate_country | birthdate_lastname_soundex_country | birthdate_name_lastname_soundex_country,0.9238,1.0,1.0,0.5,0.0,0.8195,manual_review_score
9765,9972,TJT_M_USA_1006_32,TJT_M_USA_1809_39,TJT_M_USA_1006_32,TJT_M_USA_1809_39,transacciones|transacciones_estados_unidos_2025.csv|1432,transacciones|transacciones_estados_unidos_2025.csv|1639,t johnson taylor,thomas johnsn taylor,1981-02-04,1981-02-04,M,M,birthdate_country | birthdate_lastname_soundex_country,0.865,1.0,1.0,0.9857,0.0,0.8446,manual_review_score
8731,9911,KGR_F_USA_3009_98,KGR_F_USA_1805_78,KGR_F_USA_3009_98,KGR_F_USA_1805_78,transacciones|transacciones_estados_unidos_2025.csv|398,transacciones|transacciones_estados_unidos_2025.csv|1578,karen garcia,karen garcia rodriguez,1997-12-18,1997-12-18,F,F,birthdate_country | birthdate_lastname_soundex_country | birthdate_name_lastname_soundex_country,0.9091,1.0,1.0,0.5,0.0,0.8136,manual_review_score
8914,9986,JAW_F_USA_0904_81,JAW_F_USA_2108_53,JAW_F_USA_0904_81,JAW_F_USA_2108_53,transacciones|transacciones_estados_unidos_2025.csv|581,transacciones|transacciones_estados_unidos_2025.csv|1653,jessica anderson,jessica anderson williams,1988-02-28,1988-02-28,F,F,birthdate_country | birthdate_lastname_soundex_country | birthdate_name_lastname_soundex_country,0.928,1.0,1.0,0.5,0.0,0.8212,manual_review_score
9581,9813,AMM_M_USA_2801_48,AMM_M_USA_1605_80,AMM_M_USA_2801_48,AMM_M_USA_1605_80,transacciones|transacciones_estados_unidos_2025.csv|1248,transacciones|transacciones_estados_unidos_2025.csv|1480,anthony moore martinez,anthony moore,1961-01-05,1961-01-05,M,M,birthdate_country | birthdate_lastname_soundex_country | birthdate_name_lastname_soundex_country,0.9182,1.0,1.0,0.5,0.0,0.8173,manual_review_score
9584,9813,AMM_M_USA_2802_51,AMM_M_USA_1605_80,AMM_M_USA_2802_51,AMM_M_USA_1605_80,transacciones|transacciones_estados_unidos_2025.csv|1251,transacciones|transacciones_estados_unidos_2025.csv|1480,anthony moore martinez,anthony moore,1961-01-05,1961-01-05,M,M,birthdate_country | birthdate_lastname_soundex_country | birthdate_name_lastname_soundex_country,0.9182,1.0,1.0,0.5,0.0,0.8173,manual_review_score
9617,9842,RJJ_M_USA_1309_84,RJD_M_USA_1701_09,RJJ_M_USA_1309_84,RJD_M_USA_1701_09,transacciones|transacciones_estados_unidos_2025.csv|1284,transacciones|transacciones_estados_unidos_2025.csv|1509,robert jones,robert jones davis,1943-08-26,1943-08-26,M,M,birthdate_country | birthdate_lastname_soundex_country | birthdate_name_lastname_soundex_country,0.9333,1.0,1.0,0.5,0.0,0.8233,manual_review_score
10035,14135,MRM_M_MEX_3003_36,MPS_M_MEX_0609_02,MRM_M_MEX_3003_36,MPS_M_MEX_0609_02,transacciones|transacciones_mexico_2023.csv|36,transacciones|transacciones_mexico_2025.csv|802,miguel rodriguez martinez,miguel perez sanchez,1985-02-13,1985-02-13,M,M,birthdate_country,0.8567,1.0,1.0,0.5638,0.0,0.799,manual_review_score
10035,13254,MRM_M_MEX_3003_36,MPS_M_MEX_2211_88,MRM_M_MEX_3003_36,MPS_M_MEX_2211_88,transacciones|transacciones_mexico_2023.csv|36,transacciones|transacciones_mexico_2024.csv|1588,miguel rodriguez martinez,miguel perez sanchez,1985-02-13,1985-02-13,M,M,birthdate_country,0.8567,1.0,1.0,0.5638,0.0,0.799,manual_review_score
11749,14135,MRM_M_MEX_2503_83,MPS_M_MEX_0609_02,MRM_M_MEX_2503_83,MPS_M_MEX_0609_02,transacciones|transacciones_mexico_2024.csv|83,transacciones|transacciones_mexico_2025.csv|802,miguel rodriguez martinez,miguel perez sanchez,1985-02-13,1985-02-13,M,M,birthdate_country,0.8567,1.0,1.0,0.5638,0.0,0.799,manual_review_score
11749,13254,MRM_M_MEX_2503_83,MPS_M_MEX_2211_88,MRM_M_MEX_2503_83,MPS_M_MEX_2211_88,transacciones|transacciones_mexico_2024.csv|83,transacciones|transacciones_mexico_2024.csv|1588,miguel rodriguez martinez,miguel perez sanchez,1985-02-13,1985-02-13,M,M,birthdate_country,0.8567,1.0,1.0,0.5638,0.0,0.799,manual_review_score
10049,13111,LCR_F_MEX_2109_50,LCR_F_MEX_0203_45,LCR_F_MEX_2109_50,LCR_F_MEX_0203_45,transacciones|transacciones_mexico_2023.csv|50,transacciones|transacciones_mexico_2024.csv|1445,lucia castillo,lucia castillo rodriguez,1967-12-15,1967-12-15,F,F,birthdate_country | birthdate_lastname_soundex_country | birthdate_name_lastname_soundex_country,0.9167,1.0,1.0,0.5,0.0,0.8167,manual_review_score
10049,10605,LCR_F_MEX_2109_50,LCR_F_MEX_1705_06,LCR_F_MEX_2109_50,LCR_F_MEX_1705_06,transacciones|transacciones_mexico_2023.csv|50,transacciones|transacciones_mexico_2023.csv|606,lucia castillo,lucia castillo,1967-12-15,1967-12-15,F,F,birthdate_country | birthdate_lastname_soundex_country | birthdate_name_lastname_soundex_country,1.0,1.0,1.0,0.5,0.0,0.85,manual_review_score
10055,14788,GRC_F_MEX_0410_56,GRC_F_MEX_1108_55,GRC_F_MEX_0410_56,GRC_F_MEX_1108_55,transacciones|transacciones_mexico_2023.csv|56,transacciones|transacciones_mexico_2025.csv|1455,g ramirez castillo,gabriela ramiez castillo,1977-08-11,1977-08-11,F,F,birthdate_country,0.8083,1.0,1.0,0.9857,0.0,0.8219,manual_review_score
11914,14785,MPS_F_MEX_0110_48,MPS_F_MEX_0807_52,MPS_F_MEX_0110_48,MPS_F_MEX_0807_52,transacciones|transacciones_mexico_2024.csv|248,transacciones|transacciones_mexico_2025.csv|1452,maria perez,maria perez sanchez,1999-06-09,1999-06-09,F,F,birthdate_country | birthdate_lastname_soundex_country | birthdate_name_lastname_soundex_country,0.9158,1.0,1.0,0.5,0.0,0.8163,manual_review_score
10107,14000,MGL_F_MEX_1803_08,MGL_F_MEX_1512_67,MGL_F_MEX_1803_08,MGL_F_MEX_1512_67,transacciones|transacciones_mexico_2023.csv|108,transacciones|transacciones_mexico_2025.csv|667,maria gonzalez lopez,maria gonzalez,1976-06-06,1976-06-06,F,F,birthdate_country | birthdate_lastname_soundex_country | birthdate_name_lastname_soundex_country,0.94,1.0,1.0,0.5,0.0,0.826,manual_review_score
10138,12755,CGC_F_MEX_2603_39,CGC_F_MEX_0107_89,CGC_F_MEX_2603_39,CGC_F_MEX_0107_89,transacciones|transacciones_mexico_2023.csv|139,transacciones|transacciones_mexico_2024.csv|1089,carmen gonzalez castillo,carmen gonzalez,1988-06-18,1988-06-18,F,F,birthdate_country | birthdate_lastname_soundex_country | birthdate_name_lastname_soundex_country,0.925,1.0,1.0,0.5,0.0,0.82,manual_review_score
10808,11602,RVR_M_MEX_1809_09,RVR_M_MEX_0810_03,RVR_M_MEX_1809_09,RVR_M_MEX_0810_03,transacciones|transacciones_mexico_2023.csv|809,transacciones|transacciones_mexico_2023.csv|1603,ricardo vargas rodriguez,ricardo vargas,1937-09-16,1937-09-16,M,M,birthdate_country | birthdate_lastname_soundex_country | birthdate_name_lastname_soundex_country,0.9167,1.0,1.0,0.5,0.0,0.8167,manual_review_score
10159,12913,MRR_F_MEX_0901_60,MRR_F_MEX_0304_47,MRR_F_MEX_0901_60,MRR_F_MEX_0304_47,transacciones|transacciones_mexico_2023.csv|160,transacciones|transacciones_mexico_2024.csv|1247,maria ramirz ramirez,maria ramirez ramirez,1940-07-12,1940-07-12,F,F,birthdate_country | birthdate_lastname_soundex_country | birthdate_name_lastname_soundex_country,0.9505,1.0,1.0,0.9857,0.0,0.8788,manual_review_score
12036,14188,PRT_F_MEX_2411_70,VRL_F_MEX_0409_55,PRT_F_MEX_2411_70,VRL_F_MEX_0409_55,transacciones|transacciones_mexico_2024.csv|370,transacciones|transacciones_mexico_2025.csv|855,patricia ramirez torres,valeria ramirez lopez,1973-07-27,1973-07-27,F,F,birthdate_country | birthdate_lastname_soundex_country,0.7222,1.0,1.0,0.7889,0.0,0.7678,manual_review_score
10179,12036,VRL_F_MEX_0502_80,PRT_F_MEX_2411_70,VRL_F_MEX_0502_80,PRT_F_MEX_2411_70,transacciones|transacciones_mexico_2023.csv|180,transacciones|transacciones_mexico_2024.csv|370,valeria ramirez lopez,patricia ramirez torres,1973-07-27,1973-07-27,F,F,birthdate_country | birthdate_lastname_soundex_country,0.7222,1.0,1.0,0.7889,0.0,0.7678,manual_review_score
10179,14315,VRL_F_MEX_0502_80,PRT_F_MEX_1201_82,VRL_F_MEX_0502_80,PRT_F_MEX_1201_82,transacciones|transacciones_mexico_2023.csv|180,transacciones|transacciones_mexico_2025.csv|982,valeria ramirez lopez,patricia rmirez torres,1973-07-27,1973-07-27,F,F,birthdate_country | birthdate_lastname_soundex_country,0.6724,1.0,1.0,0.7675,0.0,0.7457,manual_review_score
13569,14188,PRT_F_MEX_1511_36,VRL_F_MEX_0409_55,PRT_F_MEX_1511_36,VRL_F_MEX_0409_55,transacciones|transacciones_mexico_2025.csv|236,transacciones|transacciones_mexico_2025.csv|855,patricia ramirez torres,valeria ramirez lopez,1973-07-27,1973-07-27,F,F,birthdate_country | birthdate_lastname_soundex_country,0.7222,1.0,1.0,0.7889,0.0,0.7678,manual_review_score
10179,13569,VRL_F_MEX_0502_80,PRT_F_MEX_1511_36,VRL_F_MEX_0502_80,PRT_F_MEX_1511_36,transacciones|transacciones_mexico_2023.csv|180,transacciones|transacciones_mexico_2025.csv|236,valeria ramirez lopez,patricia ramirez torres,1973-07-27,1973-07-27,F,F,birthdate_country | birthdate_lastname_soundex_country,0.7222,1.0,1.0,0.7889,0.0,0.7678,manual_review_score
14188,14315,VRL_F_MEX_0409_55,PRT_F_MEX_1201_82,VRL_F_MEX_0409_55,PRT_F_MEX_1201_82,transacciones|transacciones_mexico_2025.csv|855,transacciones|transacciones_mexico_2025.csv|982,valeria ramirez lopez,patricia rmirez torres,1973-07-27,1973-07-27,F,F,birthdate_country | birthdate_lastname_soundex_country,0.6724,1.0,1.0,0.7675,0.0,0.7457,manual_review_score
10184,14466,CSL_M_MEX_1502_85,CSL_M_MEX_3011_33,CSL_M_MEX_1502_85,CSL_M_MEX_3011_33,transacciones|transacciones_mexico_2023.csv|185,transacciones|transacciones_mexico_2025.csv|1133,carlos sanchez,carlos sanchez lopez,1987-11-28,1987-11-28,M,M,birthdate_country | birthdate_lastname_soundex_country | birthdate_name_lastname_soundex_country,0.94,1.0,1.0,0.5,0.0,0.826,manual_review_score
10188,13621,MMH_F_MEX_2806_89,MMH_F_MEX_2304_88,MMH_F_MEX_2806_89,MMH_F_MEX_2304_88,transacciones|transacciones_mexico_2023.csv|189,transacciones|transacciones_mexico_2025.csv|288,maria martinez hernandez,maria martinez,2006-04-06,2006-04-06,F,F,birthdate_country | birthdate_lastname_soundex_country | birthdate_name_lastname_soundex_country,0.9167,1.0,1.0,0.5,0.0,0.8167,manual_review_score
11561,13621,MMH_F_MEX_0508_62,MMH_F_MEX_2304_88,MMH_F_MEX_0508_62,MMH_F_MEX_2304_88,transacciones|transacciones_mexico_2023.csv|1562,transacciones|transacciones_mexico_2025.csv|288,maria martinez hernandez,maria martinez,2006-04-06,2006-04-06,F,F,birthdate_country | birthdate_lastname_soundex_country | birthdate_name_lastname_soundex_country,0.9167,1.0,1.0,0.5,0.0,0.8167,manual_review_score
10192,13382,JGF_M_MEX_3011_93,JGF_M_MEX_1309_49,JGF_M_MEX_3011_93,JGF_M_MEX_1309_49,transacciones|transacciones_mexico_2023.csv|193,transacciones|transacciones_mexico_2025.csv|49,jose gonzalez,jose gonzalez flores,1973-12-06,1973-12-06,M,M,birthdate_country | birthdate_lastname_soundex_country | birthdate_name_lastname_soundex_country,0.93,1.0,1.0,0.5,0.0,0.822,manual_review_score
10223,12901,LRL_F_MEX_0205_24,LRL_F_MEX_0601_35,LRL_F_MEX_0205_24,LRL_F_MEX_0601_35,transacciones|transacciones_mexico_2023.csv|224,transacciones|transacciones_mexico_2024.csv|1235,lucia rodriguez lopez,lucia rodriguez,1995-11-14,1995-11-14,F,F,birthdate_country | birthdate_lastname_soundex_country | birthdate_name_lastname_soundex_country,0.9429,1.0,1.0,0.5,0.0,0.8271,manual_review_score
11764,12901,LRL_F_MEX_2812_98,LRL_F_MEX_0601_35,LRL_F_MEX_2812_98,LRL_F_MEX_0601_35,transacciones|transacciones_mexico_2024.csv|98,transacciones|transacciones_mexico_2024.csv|1235,lucia rodriguez lopez,lucia rodriguez,1995-11-14,1995-11-14,F,F,birthdate_country | birthdate_lastname_soundex_country | birthdate_name_lastname_soundex_country,0.9429,1.0,1.0,0.5,0.0,0.8271,manual_review_score
10346,11805,VCG_F_MEX_1207_47,VCG_F_MEX_1008_39,VCG_F_MEX_1207_47,VCG_F_MEX_1008_39,transacciones|transacciones_mexico_2023.csv|347,transacciones|transacciones_mexico_2024.csv|139,v cruz garcia,valeria crz garcia,1956-02-01,1956-02-01,F,F,birthdate_country | birthdate_lastname_soundex_country,0.7519,1.0,1.0,0.9667,0.0,0.7974,manual_review_score
10994,12083,LHC_M_MEX_2708_95,LHC_M_MEX_3007_17,LHC_M_MEX_2708_95,LHC_M_MEX_3007_17,transacciones|transacciones_mexico_2023.csv|995,transacciones|transacciones_mexico_2024.csv|417,luis hernandez cruz,luis hernandez,1988-10-22,1988-10-22,M,M,birthdate_country | birthdate_lastname_soundex_country | birthdate_name_lastname_soundex_country,0.9474,1.0,1.0,0.5,0.0,0.8289,manual_review_score
11545,14458,ERF_M_MEX_2208_46,ERF_M_MEX_2001_25,ERF_M_MEX_2208_46,ERF_M_MEX_2001_25,transacciones|transacciones_mexico_2023.csv|1546,transacciones|transacciones_mexico_2025.csv|1125,eduardo rodriguez flores,eduardo rodriguez,1976-06-02,1976-06-02,M,M,birthdate_country | birthdate_lastname_soundex_country | birthdate_name_lastname_soundex_country,0.9417,1.0,1.0,0.5,0.0,0.8267,manual_review_score
13133,14383,RGG_M_MEX_0311_67,RGG_M_MEX_2911_50,RGG_M_MEX_0311_67,RGG_M_MEX_2911_50,transacciones|transacciones_mexico_2024.csv|1467,transacciones|transacciones_mexico_2025.csv|1050,ricardo gonzalez,ricardo gonalez gonzalez,2010-08-25,2010-08-25,M,M,birthdate_country,0.9083,1.0,1.0,0.4521,0.0,0.8085,manual_review_score
10468,13133,RGG_M_MEX_2702_69,RGG_M_MEX_0311_67,RGG_M_MEX_2702_69,RGG_M_MEX_0311_67,transacciones|transacciones_mexico_2023.csv|469,transacciones|transacciones_mexico_2024.csv|1467,ricardo gonzalez gonzalez,ricardo gonzalez,2010-08-25,2010-08-25,M,M,birthdate_country | birthdate_lastname_soundex_country | birthdate_name_lastname_soundex_country,0.928,1.0,1.0,0.5,0.0,0.8212,manual_review_score
10485,11495,SFP_F_MEX_0109_86,SFP_F_MEX_1905_96,SFP_F_MEX_0109_86,SFP_F_MEX_1905_96,transacciones|transacciones_mexico_2023.csv|486,transacciones|transacciones_mexico_2023.csv|1496,s flores perez,sofia flores,1986-06-27,1986-06-27,F,F,birthdate_country | birthdate_lastname_soundex_country,0.7339,1.0,1.0,0.5,0.0,0.7436,manual_review_score
11495,14937,SFP_F_MEX_1905_96,SFP_F_MEX_0507_04,SFP_F_MEX_1905_96,SFP_F_MEX_0507_04,transacciones|transacciones_mexico_2023.csv|1496,transacciones|transacciones_mexico_2025.csv|1604,sofia flores,sofia flores perez,1986-06-27,1986-06-27,F,F,birthdate_country | birthdate_lastname_soundex_country | birthdate_name_lastname_soundex_country,0.9333,1.0,1.0,0.5,0.0,0.8233,manual_review_score
10508,12179,DRC_M_MEX_2007_09,DRC_M_MEX_2504_13,DRC_M_MEX_2007_09,DRC_M_MEX_2504_13,transacciones|transacciones_mexico_2023.csv|509,transacciones|transacciones_mexico_2024.csv|513,daniel rodriguez cruz,daniel rodriguez,1981-05-22,1981-05-22,M,M,birthdate_country | birthdate_lastname_soundex_country | birthdate_name_lastname_soundex_country,0.9524,1.0,1.0,0.5,0.0,0.831,manual_review_score
12179,12880,DRC_M_MEX_2504_13,DRC_M_MEX_2211_14,DRC_M_MEX_2504_13,DRC_M_MEX_2211_14,transacciones|transacciones_mexico_2024.csv|513,transacciones|transacciones_mexico_2024.csv|1214,daniel rodriguez,daniel rodriguez cruz,1981-05-22,1981-05-22,M,M,birthdate_country | birthdate_lastname_soundex_country | birthdate_name_lastname_soundex_country,0.9524,1.0,1.0,0.5,0.0,0.831,manual_review_score
11939,14079,VTM_F_MEX_0604_73,VTM_F_MEX_2907_46,VTM_F_MEX_0604_73,VTM_F_MEX_2907_46,transacciones|transacciones_mexico_2024.csv|273,transacciones|transacciones_mexico_2025.csv|746,valeria torres,valeria torres martinez,2011-11-12,2011-11-12,F,F,birthdate_country | birthdate_lastname_soundex_country | birthdate_name_lastname_soundex_country,0.9217,1.0,1.0,0.5,0.0,0.8187,manual_review_score
11515,12603,VRL_F_MEX_0309_16,VRL_F_MEX_2610_37,VRL_F_MEX_0309_16,VRL_F_MEX_2610_37,transacciones|transacciones_mexico_2023.csv|1516,transacciones|transacciones_mexico_2024.csv|937,valeria rodriguez lopez,valeria rodriguez,1971-10-17,1971-10-17,F,F,birthdate_country | birthdate_lastname_soundex_country | birthdate_name_lastname_soundex_country,0.9478,1.0,1.0,0.5,0.0,0.8291,manual_review_score
10545,11389,APT_F_MEX_0108_46,APT_F_MEX_1205_90,APT_F_MEX_0108_46,APT_F_MEX_1205_90,transacciones|transacciones_mexico_2023.csv|546,transacciones|transacciones_mexico_2023.csv|1390,ana perez torres,ana perez,2000-03-06,2000-03-06,F,F,birthdate_country | birthdate_lastname_soundex_country | birthdate_name_lastname_soundex_country,0.9125,1.0,1.0,0.5,0.0,0.815,manual_review_score
10549,12583,LMC_F_MEX_3112_50,LMC_F_MEX_1809_17,LMC_F_MEX_3112_50,LMC_F_MEX_1809_17,transacciones|transacciones_mexico_2023.csv|550,transacciones|transacciones_mexico_2024.csv|917,laura martinez,laura martinez castillo,1943-08-18,1943-08-18,F,F,birthdate_country | birthdate_lastname_soundex_country | birthdate_name_lastname_soundex_country,0.9217,1.0,1.0,0.5,0.0,0.8187,manual_review_score
10549,12538,LMC_F_MEX_3112_50,LMC_F_MEX_2212_72,LMC_F_MEX_3112_50,LMC_F_MEX_2212_72,transacciones|transacciones_mexico_2023.csv|550,transacciones|transacciones_mexico_2024.csv|872,laura martinez,laura martinez castillo,1943-08-18,1943-08-18,F,F,birthdate_country | birthdate_lastname_soundex_country | birthdate_name_lastname_soundex_country,0.9217,1.0,1.0,0.5,0.0,0.8187,manual_review_score
10621,11284,RCF_M_MEX_1601_22,RCF_M_MEX_1105_85,RCF_M_MEX_1601_22,RCF_M_MEX_1105_85,transacciones|transacciones_mexico_2023.csv|622,transacciones|transacciones_mexico_2023.csv|1285,ricardo cruz flores,ricardo cruz,1998-09-17,1998-09-17,M,M,birthdate_country | birthdate_lastname_soundex_country | birthdate_name_lastname_soundex_country,0.9263,1.0,1.0,0.5,0.0,0.8205,manual_review_score
10651,10836,FMT_F_MEX_0608_52,FMT_F_MEX_2301_37,FMT_F_MEX_0608_52,FMT_F_MEX_2301_37,transacciones|transacciones_mexico_2023.csv|652,transacciones|transacciones_mexico_2023.csv|837,fernanda martinez,fernanda martinez torres,1996-01-22,1996-01-22,F,F,birthdate_country | birthdate_lastname_soundex_country | birthdate_name_lastname_soundex_country,0.9417,1.0,1.0,0.5,0.0,0.8267,manual_review_score
10651,11928,FMT_F_MEX_0608_52,FMT_F_MEX_2210_62,FMT_F_MEX_0608_52,FMT_F_MEX_2210_62,transacciones|transacciones_mexico_2023.csv|652,transacciones|transacciones_mexico_2024.csv|262,fernanda martinez,fernanda martinez torres,1996-01-22,1996-01-22,F,F,birthdate_country | birthdate_lastname_soundex_country | birthdate_name_lastname_soundex_country,0.9417,1.0,1.0,0.5,0.0,0.8267,manual_review_score
10725,13816,EGP_F_MEX_2006_26,EGP_F_MEX_0904_83,EGP_F_MEX_2006_26,EGP_F_MEX_0904_83,transacciones|transacciones_mexico_2023.csv|726,transacciones|transacciones_mexico_2025.csv|483,elena garcia,elena garcia,1968-09-03,1968-09-03,F,F,birthdate_country | birthdate_lastname_soundex_country | birthdate_name_lastname_soundex_country,1.0,1.0,1.0,0.5,0.0,0.85,manual_review_score
11842,13816,EGP_F_MEX_2808_76,EGP_F_MEX_0904_83,EGP_F_MEX_2808_76,EGP_F_MEX_0904_83,transacciones|transacciones_mexico_2024.csv|176,transacciones|transacciones_mexico_2025.csv|483,elena garcia,elena garcia,1968-09-03,1968-09-03,F,F,birthdate_country | birthdate_lastname_soundex_country | birthdate_name_lastname_soundex_country,1.0,1.0,1.0,0.5,0.0,0.85,manual_review_score
10738,11275,JMH_M_MEX_0711_39,JMH_M_MEX_0706_76,JMH_M_MEX_0711_39,JMH_M_MEX_0706_76,transacciones|transacciones_mexico_2023.csv|739,transacciones|transacciones_mexico_2023.csv|1276,jose martinez,jose martinez hernandez,1934-12-05,1934-12-05,M,M,birthdate_country | birthdate_lastname_soundex_country | birthdate_name_lastname_soundex_country,0.913,1.0,1.0,0.5,0.0,0.8152,manual_review_score
11822,12807,LCG_M_MEX_1108_56,LCG_M_MEX_2306_41,LCG_M_MEX_1108_56,LCG_M_MEX_2306_41,transacciones|transacciones_mexico_2024.csv|156,transacciones|transacciones_mexico_2024.csv|1141,luis cruz garcia,luis cuz garcia,1973-05-07,1973-05-07,M,M,birthdate_country,0.9475,1.0,1.0,0.9625,0.0,0.8753,manual_review_score
10755,14047,GCS_F_MEX_2408_56,GCS_F_MEX_2109_14,GCS_F_MEX_2408_56,GCS_F_MEX_2109_14,transacciones|transacciones_mexico_2023.csv|756,transacciones|transacciones_mexico_2025.csv|714,gabriela castillo sanchez,gabriela castillo,1961-08-05,1961-08-05,F,F,birthdate_country | birthdate_lastname_soundex_country | birthdate_name_lastname_soundex_country,0.936,1.0,1.0,0.5,0.0,0.8244,manual_review_score
10764,14496,MSR_F_MEX_2403_65,MSR_F_MEX_0707_63,MSR_F_MEX_2403_65,MSR_F_MEX_0707_63,transacciones|transacciones_mexico_2023.csv|765,transacciones|transacciones_mexico_2025.csv|1163,maria sanchez,maria sanchez ramirez,2013-10-18,2013-10-18,F,F,birthdate_country | birthdate_lastname_soundex_country | birthdate_name_lastname_soundex_country,0.9238,1.0,1.0,0.5,0.0,0.8195,manual_review_score
10765,14933,FMC_F_MEX_2608_66,FMC_F_MEX_2102_00,FMC_F_MEX_2608_66,FMC_F_MEX_2102_00,transacciones|transacciones_mexico_2023.csv|766,transacciones|transacciones_mexico_2025.csv|1600,fernanda martinez castillo,fernanda martinez,1987-06-25,1987-06-25,F,F,birthdate_country | birthdate_lastname_soundex_country | birthdate_name_lastname_soundex_country,0.9308,1.0,1.0,0.5,0.0,0.8223,manual_review_score
10771,13823,MFC_F_MEX_2109_72,MFC_F_MEX_2005_90,MFC_F_MEX_2109_72,MFC_F_MEX_2005_90,transacciones|transacciones_mexico_2023.csv|772,transacciones|transacciones_mexico_2025.csv|490,maria flores cruz,maria flores,1984-10-02,1984-10-02,F,F,birthdate_country | birthdate_lastname_soundex_country | birthdate_name_lastname_soundex_country,0.9412,1.0,1.0,0.5,0.0,0.8265,manual_review_score
11627,14313,JGR_M_MEX_2608_28,JGR_M_MEX_1107_80,JGR_M_MEX_2608_28,JGR_M_MEX_1107_80,transacciones|transacciones_mexico_2023.csv|1628,transacciones|transacciones_mexico_2025.csv|980,jorge gonzalez ramirez,jorge gonzalez,1973-06-19,1973-06-19,M,M,birthdate_country | birthdate_lastname_soundex_country | birthdate_name_lastname_soundex_country,0.9273,1.0,1.0,0.5,0.0,0.8209,manual_review_score
10779,11627,JGR_M_MEX_1905_80,JGR_M_MEX_2608_28,JGR_M_MEX_1905_80,JGR_M_MEX_2608_28,transacciones|transacciones_mexico_2023.csv|780,transacciones|transacciones_mexico_2023.csv|1628,jorge gonzalez,jorge gonzalez ramirez,1973-06-19,1973-06-19,M,M,birthdate_country | birthdate_lastname_soundex_country | birthdate_name_lastname_soundex_country,0.9273,1.0,1.0,0.5,0.0,0.8209,manual_review_score
10817,13072,SSS_F_MEX_1603_18,SSS_F_MEX_1606_06,SSS_F_MEX_1603_18,SSS_F_MEX_1606_06,transacciones|transacciones_mexico_2023.csv|818,transacciones|transacciones_mexico_2024.csv|1406,sofia sanchez,sofia sanchez sanchez,2005-10-22,2005-10-22,F,F,birthdate_country | birthdate_lastname_soundex_country | birthdate_name_lastname_soundex_country,0.9238,1.0,1.0,0.5,0.0,0.8195,manual_review_score
10872,12485,ECP_M_MEX_2212_73,ECP_M_MEX_2012_19,ECP_M_MEX_2212_73,ECP_M_MEX_2012_19,transacciones|transacciones_mexico_2023.csv|873,transacciones|transacciones_mexico_2024.csv|819,eduardo cruz,eduardo cruz perez,1998-02-12,1998-02-12,M,M,birthdate_country | birthdate_lastname_soundex_country | birthdate_name_lastname_soundex_country,0.9333,1.0,1.0,0.5,0.0,0.8233,manual_review_score
11660,12195,CGC_M_MEX_0203_61,CGC_M_MEX_2306_29,CGC_M_MEX_0203_61,CGC_M_MEX_2306_29,transacciones|transacciones_mexico_2023.csv|1661,transacciones|transacciones_mexico_2024.csv|529,carlos gonzalez castillo,carlos gonzalez,1998-11-15,1998-11-15,M,M,birthdate_country | birthdate_lastname_soundex_country | birthdate_name_lastname_soundex_country,0.925,1.0,1.0,0.5,0.0,0.82,manual_review_score
10968,12744,VFS_F_MEX_0506_69,VFS_F_MEX_1408_78,VFS_F_MEX_0506_69,VFS_F_MEX_1408_78,transacciones|transacciones_mexico_2023.csv|969,transacciones|transacciones_mexico_2024.csv|1078,valeria flores,valeria flores sanchez,1973-12-18,1973-12-18,F,F,birthdate_country | birthdate_lastname_soundex_country | birthdate_name_lastname_soundex_country,0.9273,1.0,1.0,0.5,0.0,0.8209,manual_review_score
10968,11469,VFS_F_MEX_0506_69,VFS_F_MEX_2007_70,VFS_F_MEX_0506_69,VFS_F_MEX_2007_70,transacciones|transacciones_mexico_2023.csv|969,transacciones|transacciones_mexico_2023.csv|1470,valeria flores,valeria flores sanchez,1973-12-18,1973-12-18,F,F,birthdate_country | birthdate_lastname_soundex_country | birthdate_name_lastname_soundex_country,0.9273,1.0,1.0,0.5,0.0,0.8209,manual_review_score
10978,11282,DGC_M_MEX_0208_79,DGC_M_MEX_2111_83,DGC_M_MEX_0208_79,DGC_M_MEX_2111_83,transacciones|transacciones_mexico_2023.csv|979,transacciones|transacciones_mexico_2023.csv|1283,daniel gonzalez cruz,daniel gonzalez,1955-03-06,1955-03-06,M,M,birthdate_country | birthdate_lastname_soundex_country | birthdate_name_lastname_soundex_country,0.95,1.0,1.0,0.5,0.0,0.83,manual_review_score
11282,14281,DGC_M_MEX_2111_83,DGC_M_MEX_3004_48,DGC_M_MEX_2111_83,DGC_M_MEX_3004_48,transacciones|transacciones_mexico_2023.csv|1283,transacciones|transacciones_mexico_2025.csv|948,daniel gonzalez,daniel gonzalez cruz,1955-03-06,1955-03-06,M,M,birthdate_country | birthdate_lastname_soundex_country | birthdate_name_lastname_soundex_country,0.95,1.0,1.0,0.5,0.0,0.83,manual_review_score
11976,14839,JRV_M_MEX_2910_10,JRV_M_MEX_2611_06,JRV_M_MEX_2910_10,JRV_M_MEX_2611_06,transacciones|transacciones_mexico_2024.csv|310,transacciones|transacciones_mexico_2025.csv|1506,jose ramirez,jose ramirez vargas,1972-02-28,1972-02-28,M,M,birthdate_country | birthdate_lastname_soundex_country | birthdate_name_lastname_soundex_country,0.9263,1.0,1.0,0.5,0.0,0.8205,manual_review_score
11976,14603,JRV_M_MEX_2910_10,JRV_M_MEX_2111_70,JRV_M_MEX_2910_10,JRV_M_MEX_2111_70,transacciones|transacciones_mexico_2024.csv|310,transacciones|transacciones_mexico_2025.csv|1270,jose ramirez,jose ramirez,1972-02-28,1972-02-28,M,M,birthdate_country | birthdate_lastname_soundex_country | birthdate_name_lastname_soundex_country,1.0,1.0,1.0,0.5,0.0,0.85,manual_review_score
11442,13280,JHT_M_MEX_2805_43,JHT_M_MEX_2404_14,JHT_M_MEX_2805_43,JHT_M_MEX_2404_14,transacciones|transacciones_mexico_2023.csv|1443,transacciones|transacciones_mexico_2024.csv|1614,jorge hernandez torres,jorge hernandez,2000-07-18,2000-07-18,M,M,birthdate_country | birthdate_lastname_soundex_country | birthdate_name_lastname_soundex_country,0.9364,1.0,1.0,0.5,0.0,0.8245,manual_review_score
11144,11442,JHT_M_MEX_0804_45,JHT_M_MEX_2805_43,JHT_M_MEX_0804_45,JHT_M_MEX_2805_43,transacciones|transacciones_mexico_2023.csv|1145,transacciones|transacciones_mexico_2023.csv|1443,jorge hrnandez torres,jorge hernandez torres,2000-07-18,2000-07-18,M,M,birthdate_country | birthdate_lastname_soundex_country | birthdate_name_lastname_soundex_country,0.9338,1.0,1.0,0.9833,0.0,0.8718,manual_review_score
12112,14694,MSC_M_MEX_0710_46,MSC_M_MEX_0908_61,MSC_M_MEX_0710_46,MSC_M_MEX_0908_61,transacciones|transacciones_mexico_2024.csv|446,transacciones|transacciones_mexico_2025.csv|1361,manuel snchez castillo,manuel sanchez castillo,1971-09-22,1971-09-22,M,M,birthdate_country | birthdate_lastname_soundex_country | birthdate_name_lastname_soundex_country,0.9549,1.0,1.0,0.9786,0.0,0.8798,manual_review_score
11187,11506,MTR_M_MEX_0601_88,CFR_M_MEX_3105_07,MTR_M_MEX_0601_88,CFR_M_MEX_3105_07,transacciones|transacciones_mexico_2023.csv|1188,transacciones|transacciones_mexico_2023.csv|1507,m torres ramirez,carlos flores ramirez,1993-11-29,1993-11-29,M,M,birthdate_country,0.752,1.0,1.0,0.8889,0.0,0.7897,manual_review_score
13785,14786,MTR_M_MEX_0902_52,CFR_M_MEX_1703_53,MTR_M_MEX_0902_52,CFR_M_MEX_1703_53,transacciones|transacciones_mexico_2025.csv|452,transacciones|transacciones_mexico_2025.csv|1453,manuel torres ramirez,carlos flores ramirez,1993-11-29,1993-11-29,M,M,birthdate_country,0.7371,1.0,1.0,0.8889,0.0,0.7837,manual_review_score
11506,13785,CFR_M_MEX_3105_07,MTR_M_MEX_0902_52,CFR_M_MEX_3105_07,MTR_M_MEX_0902_52,transacciones|transacciones_mexico_2023.csv|1507,transacciones|transacciones_mexico_2025.csv|452,carlos flores ramirez,manuel torres ramirez,1993-11-29,1993-11-29,M,M,birthdate_country,0.7371,1.0,1.0,0.8889,0.0,0.7837,manual_review_score
11187,13743,MTR_M_MEX_0601_88,CFR_M_MEX_1409_10,MTR_M_MEX_0601_88,CFR_M_MEX_1409_10,transacciones|transacciones_mexico_2023.csv|1188,transacciones|transacciones_mexico_2025.csv|410,m torres ramirez,carlos flores ramirez,1993-11-29,1993-11-29,M,M,birthdate_country,0.752,1.0,1.0,0.8889,0.0,0.7897,manual_review_score
13892,14786,MTR_M_MEX_1801_59,CFR_M_MEX_1703_53,MTR_M_MEX_1801_59,CFR_M_MEX_1703_53,transacciones|transacciones_mexico_2025.csv|559,transacciones|transacciones_mexico_2025.csv|1453,m torres ramirez,carlos flores ramirez,1993-11-29,1993-11-29,M,M,birthdate_country,0.752,1.0,1.0,0.8889,0.0,0.7897,manual_review_score
13743,13892,CFR_M_MEX_1409_10,MTR_M_MEX_1801_59,CFR_M_MEX_1409_10,MTR_M_MEX_1801_59,transacciones|transacciones_mexico_2025.csv|410,transacciones|transacciones_mexico_2025.csv|559,carlos flores ramirez,m torres ramirez,1993-11-29,1993-11-29,M,M,birthdate_country,0.752,1.0,1.0,0.8889,0.0,0.7897,manual_review_score
11187,14786,MTR_M_MEX_0601_88,CFR_M_MEX_1703_53,MTR_M_MEX_0601_88,CFR_M_MEX_1703_53,transacciones|transacciones_mexico_2023.csv|1188,transacciones|transacciones_mexico_2025.csv|1453,m torres ramirez,carlos flores ramirez,1993-11-29,1993-11-29,M,M,birthdate_country,0.752,1.0,1.0,0.8889,0.0,0.7897,manual_review_score
11506,13892,CFR_M_MEX_3105_07,MTR_M_MEX_1801_59,CFR_M_MEX_3105_07,MTR_M_MEX_1801_59,transacciones|transacciones_mexico_2023.csv|1507,transacciones|transacciones_mexico_2025.csv|559,carlos flores ramirez,m torres ramirez,1993-11-29,1993-11-29,M,M,birthdate_country,0.752,1.0,1.0,0.8889,0.0,0.7897,manual_review_score
13743,13785,CFR_M_MEX_1409_10,MTR_M_MEX_0902_52,CFR_M_MEX_1409_10,MTR_M_MEX_0902_52,transacciones|transacciones_mexico_2025.csv|410,transacciones|transacciones_mexico_2025.csv|452,carlos flores ramirez,manuel torres ramirez,1993-11-29,1993-11-29,M,M,birthdate_country,0.7371,1.0,1.0,0.8889,0.0,0.7837,manual_review_score
11191,12930,ARV_M_MEX_2608_92,ARV_M_MEX_0210_64,ARV_M_MEX_2608_92,ARV_M_MEX_0210_64,transacciones|transacciones_mexico_2023.csv|1192,transacciones|transacciones_mexico_2024.csv|1264,alejandro ramirez,alejandro ramirez vargas,1991-06-14,1991-06-14,M,M,birthdate_country | birthdate_lastname_soundex_country | birthdate_name_lastname_soundex_country,0.9417,1.0,1.0,0.5,0.0,0.8267,manual_review_score
11281,12698,LTG_F_MEX_2910_82,MCG_F_MEX_2812_32,LTG_F_MEX_2910_82,MCG_F_MEX_2812_32,transacciones|transacciones_mexico_2023.csv|1282,transacciones|transacciones_mexico_2024.csv|1032,l torres gonzalez,m castillo gonzalez,1969-10-27,1969-10-27,F,F,birthdate_country,0.7344,1.0,1.0,0.6806,0.0,0.7618,manual_review_score
12698,14359,MCG_F_MEX_2812_32,LTG_F_MEX_0302_26,MCG_F_MEX_2812_32,LTG_F_MEX_0302_26,transacciones|transacciones_mexico_2024.csv|1032,transacciones|transacciones_mexico_2025.csv|1026,m castillo gonzalez,lucia torres gonzalez,1969-10-27,1969-10-27,F,F,birthdate_country,0.7642,1.0,1.0,0.6806,0.0,0.7737,manual_review_score
13975,14359,MCG_F_MEX_0907_42,LTG_F_MEX_0302_26,MCG_F_MEX_0907_42,LTG_F_MEX_0302_26,transacciones|transacciones_mexico_2025.csv|642,transacciones|transacciones_mexico_2025.csv|1026,maria castillo gonzalez,lucia torres gonzalez,1969-10-27,1969-10-27,F,F,birthdate_country,0.7123,1.0,1.0,0.6806,0.0,0.753,manual_review_score
12185,14121,FGP_F_MEX_2504_19,FMG_F_MEX_2805_88,FGP_F_MEX_2504_19,FMG_F_MEX_2805_88,transacciones|transacciones_mexico_2024.csv|519,transacciones|transacciones_mexico_2025.csv|788,fernanda garcia perez,fernanda martinez gonzalez,1998-11-28,1998-11-28,F,F,birthdate_country,0.8654,1.0,1.0,0.5042,0.0,0.7966,manual_review_score
12814,14814,FMG_F_MEX_2412_48,FGP_F_MEX_3112_81,FMG_F_MEX_2412_48,FGP_F_MEX_3112_81,transacciones|transacciones_mexico_2024.csv|1148,transacciones|transacciones_mexico_2025.csv|1481,fernanda martinez gonzalez,fernanda garcia perez,1998-11-28,1998-11-28,F,F,birthdate_country,0.8654,1.0,1.0,0.5042,0.0,0.7966,manual_review_score
14121,14814,FMG_F_MEX_2805_88,FGP_F_MEX_3112_81,FMG_F_MEX_2805_88,FGP_F_MEX_3112_81,transacciones|transacciones_mexico_2025.csv|788,transacciones|transacciones_mexico_2025.csv|1481,fernanda martinez gonzalez,fernanda garcia perez,1998-11-28,1998-11-28,F,F,birthdate_country,0.8654,1.0,1.0,0.5042,0.0,0.7966,manual_review_score
13137,14814,FMG_F_MEX_1701_71,FGP_F_MEX_3112_81,FMG_F_MEX_1701_71,FGP_F_MEX_3112_81,transacciones|transacciones_mexico_2024.csv|1471,transacciones|transacciones_mexico_2025.csv|1481,fernanda martinez gonzalez,fernanda garcia perez,1998-11-28,1998-11-28,F,F,birthdate_country,0.8654,1.0,1.0,0.5042,0.0,0.7966,manual_review_score
12789,14814,FMG_F_MEX_0809_23,FGP_F_MEX_3112_81,FMG_F_MEX_0809_23,FGP_F_MEX_3112_81,transacciones|transacciones_mexico_2024.csv|1123,transacciones|transacciones_mexico_2025.csv|1481,fernanda martinez gonzalez,fernanda garcia perez,1998-11-28,1998-11-28,F,F,birthdate_country,0.8654,1.0,1.0,0.5042,0.0,0.7966,manual_review_score
12185,12814,FGP_F_MEX_2504_19,FMG_F_MEX_2412_48,FGP_F_MEX_2504_19,FMG_F_MEX_2412_48,transacciones|transacciones_mexico_2024.csv|519,transacciones|transacciones_mexico_2024.csv|1148,fernanda garcia perez,fernanda martinez gonzalez,1998-11-28,1998-11-28,F,F,birthdate_country,0.8654,1.0,1.0,0.5042,0.0,0.7966,manual_review_score
11287,12185,FMG_F_MEX_2602_88,FGP_F_MEX_2504_19,FMG_F_MEX_2602_88,FGP_F_MEX_2504_19,transacciones|transacciones_mexico_2023.csv|1288,transacciones|transacciones_mexico_2024.csv|519,fernanda martinez gonzalez,fernanda garcia perez,1998-11-28,1998-11-28,F,F,birthdate_country,0.8654,1.0,1.0,0.5042,0.0,0.7966,manual_review_score
12185,13137,FGP_F_MEX_2504_19,FMG_F_MEX_1701_71,FGP_F_MEX_2504_19,FMG_F_MEX_1701_71,transacciones|transacciones_mexico_2024.csv|519,transacciones|transacciones_mexico_2024.csv|1471,fernanda garcia perez,fernanda martinez gonzalez,1998-11-28,1998-11-28,F,F,birthdate_country,0.8654,1.0,1.0,0.5042,0.0,0.7966,manual_review_score
12185,12789,FGP_F_MEX_2504_19,FMG_F_MEX_0809_23,FGP_F_MEX_2504_19,FMG_F_MEX_0809_23,transacciones|transacciones_mexico_2024.csv|519,transacciones|transacciones_mexico_2024.csv|1123,fernanda garcia perez,fernanda martinez gonzalez,1998-11-28,1998-11-28,F,F,birthdate_country,0.8654,1.0,1.0,0.5042,0.0,0.7966,manual_review_score
11287,14814,FMG_F_MEX_2602_88,FGP_F_MEX_3112_81,FMG_F_MEX_2602_88,FGP_F_MEX_3112_81,transacciones|transacciones_mexico_2023.csv|1288,transacciones|transacciones_mexico_2025.csv|1481,fernanda martinez gonzalez,fernanda garcia perez,1998-11-28,1998-11-28,F,F,birthdate_country,0.8654,1.0,1.0,0.5042,0.0,0.7966,manual_review_score
14391,14457,FVG_F_MEX_2105_58,FVG_F_MEX_2604_24,FVG_F_MEX_2105_58,FVG_F_MEX_2604_24,transacciones|transacciones_mexico_2025.csv|1058,transacciones|transacciones_mexico_2025.csv|1124,fernanda vrgas gonzalez,f vargas gonzalez,1974-12-31,1974-12-31,F,F,birthdate_country | birthdate_lastname_soundex_country,0.8159,1.0,1.0,0.945,0.0,0.8208,manual_review_score
11443,14391,FVG_F_MEX_1605_44,FVG_F_MEX_2105_58,FVG_F_MEX_1605_44,FVG_F_MEX_2105_58,transacciones|transacciones_mexico_2023.csv|1444,transacciones|transacciones_mexico_2025.csv|1058,fernanda vargas gonzalez,fernanda vrgas gonzalez,1974-12-31,1974-12-31,F,F,birthdate_country | birthdate_lastname_soundex_country | birthdate_name_lastname_soundex_country,0.9482,1.0,1.0,0.945,0.0,0.8738,manual_review_score
12696,14391,FVG_F_MEX_1401_30,FVG_F_MEX_2105_58,FVG_F_MEX_1401_30,FVG_F_MEX_2105_58,transacciones|transacciones_mexico_2024.csv|1030,transacciones|transacciones_mexico_2025.csv|1058,fernanda vargas gonzalez,fernanda vrgas gonzalez,1974-12-31,1974-12-31,F,F,birthdate_country | birthdate_lastname_soundex_country | birthdate_name_lastname_soundex_country,0.9482,1.0,1.0,0.945,0.0,0.8738,manual_review_score
12446,13048,APR_M_MEX_2809_80,APR_M_MEX_1405_82,APR_M_MEX_2809_80,APR_M_MEX_1405_82,transacciones|transacciones_mexico_2024.csv|780,transacciones|transacciones_mexico_2024.csv|1382,alejandro perez ramirez,alejandro perez,2000-09-28,2000-09-28,M,M,birthdate_country | birthdate_lastname_soundex_country | birthdate_name_lastname_soundex_country,0.9304,1.0,1.0,0.5,0.0,0.8222,manual_review_score
11494,13048,APR_M_MEX_2502_95,APR_M_MEX_1405_82,APR_M_MEX_2502_95,APR_M_MEX_1405_82,transacciones|transacciones_mexico_2023.csv|1495,transacciones|transacciones_mexico_2024.csv|1382,alejandro perez ramirez,alejandro perez,2000-09-28,2000-09-28,M,M,birthdate_country | birthdate_lastname_soundex_country | birthdate_name_lastname_soundex_country,0.9304,1.0,1.0,0.5,0.0,0.8222,manual_review_score
13048,13149,APR_M_MEX_1405_82,APR_M_MEX_0401_83,APR_M_MEX_1405_82,APR_M_MEX_0401_83,transacciones|transacciones_mexico_2024.csv|1382,transacciones|transacciones_mexico_2024.csv|1483,alejandro perez,alejandro perez ramirez,2000-09-28,2000-09-28,M,M,birthdate_country | birthdate_lastname_soundex_country | birthdate_name_lastname_soundex_country,0.9304,1.0,1.0,0.5,0.0,0.8222,manual_review_score
11566,11880,JLC_M_MEX_1209_67,JLM_M_MEX_3006_14,JLC_M_MEX_1209_67,JLM_M_MEX_3006_14,transacciones|transacciones_mexico_2023.csv|1567,transacciones|transacciones_mexico_2024.csv|214,jose lopez,jose lopez martinez,2003-08-08,2003-08-08,M,M,birthdate_country | birthdate_lastname_soundex_country | birthdate_name_lastname_soundex_country,0.9053,1.0,1.0,0.5,0.0,0.8121,manual_review_score
11763,13083,LGR_F_MEX_0206_97,LGR_F_MEX_2606_17,LGR_F_MEX_0206_97,LGR_F_MEX_2606_17,transacciones|transacciones_mexico_2024.csv|97,transacciones|transacciones_mexico_2024.csv|1417,lucia garcia rodriguez,lucia gacia rodriguez,2019-11-30,2019-11-30,F,F,birthdate_country,0.9528,1.0,1.0,0.9778,0.0,0.8789,manual_review_score
11828,14160,GMC_F_MEX_0404_62,GMC_F_MEX_1010_27,GMC_F_MEX_0404_62,GMC_F_MEX_1010_27,transacciones|transacciones_mexico_2024.csv|162,transacciones|transacciones_mexico_2025.csv|827,gabriela martinez,gabriela martinez cruz,1969-09-20,1969-09-20,F,F,birthdate_country | birthdate_lastname_soundex_country | birthdate_name_lastname_soundex_country,0.9545,1.0,1.0,0.5,0.0,0.8318,manual_review_score
11887,12896,VGM_F_MEX_2006_21,VGM_F_MEX_1506_30,VGM_F_MEX_2006_21,VGM_F_MEX_1506_30,transacciones|transacciones_mexico_2024.csv|221,transacciones|transacciones_mexico_2024.csv|1230,valeria gonzalez,valeria gonzalez martinez,1958-07-15,1958-07-15,F,F,birthdate_country | birthdate_lastname_soundex_country | birthdate_name_lastname_soundex_country,0.928,1.0,1.0,0.5,0.0,0.8212,manual_review_score
12082,13904,LMG_F_MEX_0812_16,LMG_F_MEX_0402_71,LMG_F_MEX_0812_16,LMG_F_MEX_0402_71,transacciones|transacciones_mexico_2024.csv|416,transacciones|transacciones_mexico_2025.csv|571,lucia martinez,lucia martinez garcia,2009-01-25,2009-01-25,F,F,birthdate_country | birthdate_lastname_soundex_country | birthdate_name_lastname_soundex_country,0.9333,1.0,1.0,0.5,0.0,0.8233,manual_review_score
12263,12536,LLC_F_MEX_1807_97,LLC_F_MEX_0810_70,LLC_F_MEX_1807_97,LLC_F_MEX_0810_70,transacciones|transacciones_mexico_2024.csv|597,transacciones|transacciones_mexico_2024.csv|870,laura lopez,laura lopez cruz,1967-11-03,1967-11-03,F,F,birthdate_country | birthdate_lastname_soundex_country | birthdate_name_lastname_soundex_country,0.9375,1.0,1.0,0.5,0.0,0.825,manual_review_score
12263,14918,LLC_F_MEX_1807_97,LLC_F_MEX_3110_85,LLC_F_MEX_1807_97,LLC_F_MEX_3110_85,transacciones|transacciones_mexico_2024.csv|597,transacciones|transacciones_mexico_2025.csv|1585,laura lopez,laura lopez cruz,1967-11-03,1967-11-03,F,F,birthdate_country | birthdate_lastname_soundex_country | birthdate_name_lastname_soundex_country,0.9375,1.0,1.0,0.5,0.0,0.825,manual_review_score
12588,13116,VPL_F_MEX_2002_22,VPL_F_MEX_1802_50,VPL_F_MEX_2002_22,VPL_F_MEX_1802_50,transacciones|transacciones_mexico_2024.csv|922,transacciones|transacciones_mexico_2024.csv|1450,valeria perez lopez,valeria perez,1939-10-05,1939-10-05,F,F,birthdate_country | birthdate_lastname_soundex_country | birthdate_name_lastname_soundex_country,0.9368,1.0,1.0,0.5,0.0,0.8247,manual_review_score
13008,14902,LSC_F_MEX_1201_42,LSC_F_MEX_0705_69,LSC_F_MEX_1201_42,LSC_F_MEX_0705_69,transacciones|transacciones_mexico_2024.csv|1342,transacciones|transacciones_mexico_2025.csv|1569,lucia sanchez cruz,lucia sanchez,1949-02-04,1949-02-04,F,F,birthdate_country | birthdate_lastname_soundex_country | birthdate_name_lastname_soundex_country,0.9444,1.0,1.0,0.5,0.0,0.8278,manual_review_score
13979,14875,JFG_M_MEX_2411_46,JFG_M_MEX_1601_42,JFG_M_MEX_2411_46,JFG_M_MEX_1601_42,transacciones|transacciones_mexico_2025.csv|646,transacciones|transacciones_mexico_2025.csv|1542,jorge flores,jorge flores gonzalez,2001-02-19,2001-02-19,M,M,birthdate_country | birthdate_lastname_soundex_country | birthdate_name_lastname_soundex_country,0.9143,1.0,1.0,0.5,0.0,0.8157,manual_review_score
13826,14205,FVS_F_MEX_1208_93,FVS_F_MEX_1804_72,FVS_F_MEX_1208_93,FVS_F_MEX_1804_72,transacciones|transacciones_mexico_2025.csv|493,transacciones|transacciones_mexico_2025.csv|872,fernanda vargas,fernanda vargas sanchez,1965-08-23,1965-08-23,F,F,birthdate_country | birthdate_lastname_soundex_country | birthdate_name_lastname_soundex_country,0.9304,1.0,1.0,0.5,0.0,0.8222,manual_review_score
14591,14699,FRS_M_MEX_2001_58,FRS_M_MEX_2811_66,FRS_M_MEX_2001_58,FRS_M_MEX_2811_66,transacciones|transacciones_mexico_2025.csv|1258,transacciones|transacciones_mexico_2025.csv|1366,fernando rodriguez,fernando rodriguez sanchez,1948-02-29,1948-02-29,M,M,birthdate_country | birthdate_lastname_soundex_country | birthdate_name_lastname_soundex_country,0.9385,1.0,1.0,0.5,0.0,0.8254,manual_review_score
291,4183,ALS_M_ESP_2707_92,ALS_M_ESP_0303_50,ALS_M_ESP_2707_92,ALS_M_ESP_0303_50,transacciones|transacciones_espana_2023.csv|292,transacciones|transacciones_espana_2025.csv|850,alejandro lopez sanchez,alejandro lopez,1956-07-10,2011-10-14,M,M,phone_country,0.9304,0.0,1.0,0.5,1.0,0.6222,manual_review_dob_conflict
901,1187,DMR_M_ESP_2102_02,DMR_M_ESP_0509_88,DMR_M_ESP_2102_02,DMR_M_ESP_0509_88,transacciones|transacciones_espana_2023.csv|902,transacciones|transacciones_espana_2023.csv|1188,daniel martinez rodriguez,d martinez rodriguez,2010-09-30,1970-08-16,M,M,phone_country,0.805,0.0,1.0,1.0,1.0,0.622,manual_review_dob_conflict
2907,3748,NHG_F_ESP_2408_41,NHG_F_ESP_0502_15,NHG_F_ESP_2408_41,NHG_F_ESP_0502_15,transacciones|transacciones_espana_2024.csv|1241,transacciones|transacciones_espana_2025.csv|415,n hernandez gomez,nuria hernandez gomez,1997-02-20,2000-04-30,F,F,email_exact | phone_country,0.8899,0.0,1.0,1.0,1.0,0.656,manual_review_dob_conflict
5528,6436,JWM_F_USA_0103_29,JWM_F_USA_2503_37,JWM_F_USA_0103_29,JWM_F_USA_2503_37,transacciones|transacciones_estados_unidos_2023.csv|529,transacciones|transacciones_estados_unidos_2023.csv|1437,jessica wilson,jessica wilson martinez,1967-11-07,1948-05-17,F,F,email_exact | phone_country,0.9217,0.0,1.0,0.5,1.0,0.6187,manual_review_dob_conflict
6518,7587,CJJ_M_USA_2208_19,CJJ_M_USA_0212_21,CJJ_M_USA_2208_19,CJJ_M_USA_0212_21,transacciones|transacciones_estados_unidos_2023.csv|1519,transacciones|transacciones_estados_unidos_2024.csv|921,charles jones,charles jones jones,1947-05-28,2011-09-15,M,M,email_exact | phone_country,0.9368,0.0,1.0,0.5,1.0,0.6247,manual_review_dob_conflict
8904,9096,EDW_F_USA_0112_71,EDW_F_USA_1412_63,EDW_F_USA_0112_71,EDW_F_USA_1412_63,transacciones|transacciones_estados_unidos_2025.csv|571,transacciones|transacciones_estados_unidos_2025.csv|763,e davis wilson,elizabeth davis wilson,1976-11-08,1985-02-07,F,F,email_exact | phone_country,0.8052,0.0,1.0,1.0,1.0,0.6221,manual_review_dob_conflict
6839,9096,EDW_F_USA_0509_73,EDW_F_USA_1412_63,EDW_F_USA_0509_73,EDW_F_USA_1412_63,transacciones|transacciones_estados_unidos_2024.csv|173,transacciones|transacciones_estados_unidos_2025.csv|763,elizabeth davis,elizabeth davis wilson,1976-11-08,1985-02-07,F,F,phone_country,0.9364,0.0,1.0,0.5,1.0,0.6245,manual_review_dob_conflict
12901,13121,LRL_F_MEX_0601_35,LRL_F_MEX_2812_55,LRL_F_MEX_0601_35,LRL_F_MEX_2812_55,transacciones|transacciones_mexico_2024.csv|1235,transacciones|transacciones_mexico_2024.csv|1455,lucia rodriguez,lucia rodriguez lopez,1995-11-14,1968-12-18,F,F,phone_country,0.9429,0.0,1.0,0.5,1.0,0.6271,manual_review_dob_conflict
380,4238,RRR_M_ESP_2806_81,RRR_M_ESP_0701_05,RRR_M_ESP_2806_81,RRR_M_ESP_0701_05,transacciones|transacciones_espana_2023.csv|381,transacciones|transacciones_espana_2025.csv|905,r ruiz ruiz,rafael ruiz ruiz,1991-05-20,2013-05-10,M,M,email_exact,0.9062,0.0,1.0,1.0,1.0,0.6625,manual_review_dob_conflict
1187,2703,DMR_M_ESP_0509_88,DMR_M_ESP_1104_37,DMR_M_ESP_0509_88,DMR_M_ESP_1104_37,transacciones|transacciones_espana_2023.csv|1188,transacciones|transacciones_espana_2024.csv|1037,d martinez rodriguez,daniel martinez rodriguez,1970-08-16,2010-09-30,M,M,email_exact,0.805,0.0,1.0,1.0,1.0,0.622,manual_review_dob_conflict
2294,3702,ALD_M_ESP_0401_28,ALD_M_ESP_0303_69,ALD_M_ESP_0401_28,ALD_M_ESP_0303_69,transacciones|transacciones_espana_2024.csv|628,transacciones|transacciones_espana_2025.csv|369,alejandro lopez diaz,alejandro lopez,2011-10-14,1956-07-10,M,M,email_exact,0.95,0.0,1.0,0.5,1.0,0.63,manual_review_dob_conflict
5169,6841,JTG_M_USA_3110_70,JTG_M_USA_1407_75,JTG_M_USA_3110_70,JTG_M_USA_1407_75,transacciones|transacciones_estados_unidos_2023.csv|170,transacciones|transacciones_estados_unidos_2024.csv|175,john taylor garcia,john taylor,1980-11-20,1963-03-03,M,M,email_exact,0.9222,0.0,1.0,0.5,1.0,0.6189,manual_review_dob_conflict
5869,9574,JTG_M_USA_0511_70,JTG_M_USA_0601_41,JTG_M_USA_0511_70,JTG_M_USA_0601_41,transacciones|transacciones_estados_unidos_2023.csv|870,transacciones|transacciones_estados_unidos_2025.csv|1241,john taylor garcia,john tylor garcia,1963-03-03,1980-11-20,M,M,email_exact,0.9301,0.0,1.0,0.975,1.0,0.6695,manual_review_dob_conflict
6054,9113,EDW_F_USA_2101_55,EDW_F_USA_1312_80,EDW_F_USA_2101_55,EDW_F_USA_1312_80,transacciones|transacciones_estados_unidos_2023.csv|1055,transacciones|transacciones_estados_unidos_2025.csv|780,e davis wilson,elizabeth davis wilson,1985-02-07,1976-11-08,F,F,email_exact,0.8052,0.0,1.0,1.0,1.0,0.6221,manual_review_dob_conflict
9098,9842,RJD_M_USA_1109_65,RJD_M_USA_1701_09,RJD_M_USA_1109_65,RJD_M_USA_1701_09,transacciones|transacciones_estados_unidos_2025.csv|765,transacciones|transacciones_estados_unidos_2025.csv|1509,robert jones,robert jones davis,1990-07-18,1943-08-26,M,M,email_exact,0.9333,0.0,1.0,0.5,1.0,0.6233,manual_review_dob_conflict
